driver_id,season,event,driver,constructor,team,grid,v02_XW,v02_XP,regulation_era,race_distance_laps,wet_fraction,track_temperature,air_temperature,wind_speed,circuit_id,overtake_index,weather_source,round,date,source,observed_winner,position,status,positions_gained,overtake_proxy_raw,circuit_history_races,overtake_source,status_class,observed_performance,rating_eligible,pre_rating,season_reversion_delta,driver_expected_from_rating,driver_score_raw_revised,car_score_raw_revised,team_score_raw_revised,XdW_score_revised,XcW_score_revised,XtW_score_revised,car_effective_prior_races,XW,XP,expected_position,XW_simulated,XW_lower_95,XW_upper_95,XdW_score,XcW_score,XtW_score,XdW_probability_contribution,XcW_probability_contribution,XtW_probability_contribution,XdP_performance_contribution,XcP_performance_contribution,XtP_performance_contribution,XP_neutral_baseline,XW_neutral_baseline,XW_with_neutral_driver,XW_with_neutral_car,XW_with_neutral_team,driver_direct_uplift,car_direct_uplift,team_direct_uplift,driver_above_car_expectation,analysis_mode,neutral_reference,data_quality,model_confidence,decomposition_error,xp_decomposition_error,XW_raw_revised,XP_raw_revised,XW_neutral_revised,XP_neutral_revised,xw_calibration_shrinkage,xp_calibration_shrinkage,xw_calibration_adjustment,xp_calibration_adjustment,win_surprise,performance_surprise,raw_rating_delta,field_centering_adjustment,rating_delta,teammate_rating_delta,post_rating,model_version,car_prior_scope,rating_update_method,driver_name_key,driver_id_f1db,constructor_id_f1db,entrant_id,car_model_id,car_model_candidates,car_identity_resolution,model_entity_id,reason_retired_f1db,status_class_f1db,qualifying_position,qualifying_position_text,qualifying_eligible,qualifying_laps,qualifying_time,f1db_joined,clean_pass_proxy_eligible,clean_grid_rank,clean_finish_rank,clean_positions_gained,car_fit_eligible,field_performance,relative_performance,current_car_score_raw,constructor_prior_z_x,prior_weight_total_x,car_suitability_score_v6,expected_car_win_v6,car_model_scope_v6,car_prior_scope_v6,qualifying_rating_carried_v6,pre_qualifying_rating_v6,pre_session_strength,qualifying_delta_v6,pre_race_rating_v6,post_event_rating_v6,layout_key,straight_demand,altitude_demand,top_three_straight_share,straight_600_1000_track_share,straight_over_1000_track_share,radius_under_50_distance_share,radius_50_90_distance_share,radius_90_150_distance_share,radius_150_250_distance_share,radius_250_450_distance_share,steady_long_turn_distance_share,opposite_direction_links_per_km,same_direction_links_per_km,multi_turn_complexes_per_km,multi_apex_turns_per_km,tightening_turns_per_km,approach_severity_per_km,top_three_turning_share,current_car_score_raw_v7_6,constructor_prior_z_y,prior_weight_total_y,car_suitability_score_v7_6,expected_car_win_v7_6,car_model_scope_v7_6,car_prior_scope_v7_6,shape_topology_quality,car_suitability_model_branch_v7_6,car_suitability_score_v6_baseline,expected_car_win_v6_baseline,car_model_scope_v6_baseline,retrospective_pre_race_rating,driver_context_adjustment,result_order,finish_position_text,gap_laps,winner_race_time_seconds,winner_race_laps,cumulative_gap_share,cumulative_gap_reliability,cumulative_gap_quality,race_completion_fraction_v7_4,race_completion_reliability_v7_4,race_completion_quality_v7_4,pairwise_pre_race_strength_v7_4,field_xw_v7_4,margin_comparison_count,margin_comparison_weight,weighted_pair_gap_residual,same_car_margin_comparisons,eligible_timed_field_size,margin_race_completion_reliability,mean_pair_gap_residual_score,margin_pair_coverage,margin_field_depth_factor,raw_pairwise_margin_performance_adjustment,crossfit_car_margin_component,crossfit_car_margin_effective_rows,crossfit_car_margin_other_drivers,driver_margin_adjustment_before_centering,pairwise_margin_performance_adjustment,observed_performance_position_only,gap_adjusted_observed_performance,pairwise_margin_model,event_index,season_rounds,calendar_reference_rounds,calendar_k_multiplier,effective_race_k,effective_qualifying_k,effective_max_race_delta,effective_max_qualifying_delta,scheduled_race_k_budget,scheduled_qualifying_k_budget,retrospective_pre_qualifying_rating,retrospective_debut_anchor,inactivity_seasons,return_uncertainty_multiplier,driver_context_prior_samples,retrospective_qualifying_delta,retrospective_driver_expected_from_rating,retrospective_expected_performance,retrospective_performance_residual,retrospective_race_delta,retrospective_post_rating,retrospective_rating,debut_rating_frozen,rating_history_scope
ascari,1952,German Grand Prix,Alberto Ascari,Ferrari,Ferrari,1,0.645525608134589,0.9838904657797647,1950-1960_front_engine,18,0.0,19.78,19.78,5.279999999999999,nurburgring,0.6615384615384615,open_meteo_era5_air_temperature_track_proxy,6,1952-08-03,jolpica_cross_fitted_xw_xp,1.0,1,Finished,0.0,3.909090909090909,1,prior_same_circuit_grid_movement,finished,1.0847299247442148,True,1617.7646330302098,0.0,0.6123532802363845,4.879203067774523,0.9584968838044305,1.307889518464369,2.1956413804985355,1.1981211047555382,0.19618342776965536,3.8947015037508166,0.19175656045736866,0.782287420748891,7.3136647982821605,0.48,0.34151798961597934,0.6184820103840206,2.1956413804985355,1.1981211047555382,0.19618342776965536,0.2647021557595889,0.051588694475920065,0.013443165145240972,0.1625990394360149,0.06025300690125255,0.010492063010730504,0.7239513934118914,0.07634965507410613,0.09192845187454815,0.3151027756066027,0.3882261891324577,0.3141552185803079,0.09098089484825334,0.01785748132239834,0.3141552185803079,cross_fitted,season_grid_average,example_precomputed_capabilities,0.7322002405538759,0.0,2.7755575615628914e-17,0.40608367045485605,0.9572955027598894,0.07634965507410613,0.7239513934118914,0.6499999999999999,0.7499999999999999,-0.21432710999748739,-0.17500808201099838,0.8082434395426313,0.21771257925110898,23.316668975543116,-1.7877616660882012,21.528907309454915,0.0,1639.2935403396648,revised_v3_parallel,prior_similar_races_current_season_only,field_centered_bounded_no_teammate_term,albertoascari,alberto-ascari,ferrari,scuderia-ferrari,,ferrari-375s|ferrari-500,ambiguous_chassis_constructor_fallback,constructor:ferrari,,finished,1.0,1,True,,10:04.400,True,True,1.0,1.0,0.0,True,0.6482758620689656,0.3517241379310344,0.12539496029635525,0.0,0.0,0.5602564097489028,0.18868038580071828,full_same_season_static_retrospective_baseline_plus_shape_distributions_v9,constructor_lineage_regulation_and_stability_shrunk,19.865204523173684,1637.6298375533834,1723.0590445213304,1.8522380920957422,1639.4820756454792,1661.0109829549342,ec7d5a1f033fd71d,0.43202941293690966,0.2476,0.10697062691801841,0.08176238491889522,0.0,0.020757465404224327,0.253823743627094,0.22032046613255646,0.28514202476329203,0.2199563000728332,0.2229285401139851,2.104340201665936,0.0,0.789127575624726,0.43840420868040336,1.0960105217010083,1.6121984363332573,0.10396265725625532,0.13939740545065402,0.0,0.0,0.5602564097489028,0.18868038580071828,full_same_season_static_retrospective_baseline_plus_shape_distributions_v9,constructor_lineage_regulation_and_stability_shrunk,high,baseline_plus_shape_distributions_v9,1.3022536497951798,0.19781835010715276,full_same_season_static_retrospective,1682.1359455650493,0.1830095837537462,1,1,,11173.3,18.0,0.0,1.0,winner_origin,,1.0,scheduled_distance_unavailable_assume_full,1749.8595775667652,0.08294897979079995,11.0,13.7,3.7341651801674454,3.0,12.0,1.0,0.2725668014720763,1.0,0.7608859102526822,0.08295689553709715,0.01589588211840326,16.556518918182782,8,0.06706101341869389,0.08472992474421492,1.0,1.0847299247442148,all_field_expected_seconds_gap_residual_same_car_crossfit_v7_4,17,7,16.0,2.2857142857142856,54.857142857142854,13.714285714285714,64.0,20.57142857142857,384.0,96.0,1678.2385317414182,1500.0,0,1.0,12,3.8974138236310227,0.6900049352433533,0.9063887401986084,0.17834118454560643,6.249092374900045,1688.3850379399494,1688.3850379399494,1582.561372671197,retrospective_first_five_backcast_previous_season_anchor_frozen_v7_5
farina,1952,German Grand Prix,Nino Farina,Ferrari,Ferrari,2,0.2004674210276145,0.9499007506859424,1950-1960_front_engine,18,0.0,19.78,19.78,5.279999999999999,nurburgring,0.6615384615384615,open_meteo_era5_air_temperature_track_proxy,6,1952-08-03,jolpica_cross_fitted_xw_xp,0.0,2,Finished,0.0,3.909090909090909,1,prior_same_circuit_grid_movement,finished,1.052522912553489,True,1537.7529954896231,0.0,0.5346963732787837,1.4831566130444318,0.9584968838044305,1.307889518464369,0.6674204758699943,1.1981211047555382,0.19618342776965536,3.8947015037508166,0.08254724596733204,0.7498598203173179,8.25406521079778,0.08,0.0048013617144565535,0.15519863828554345,0.6674204758699943,1.1981211047555382,0.19618342776965536,0.018367975178664633,0.008656040553556316,0.005180640126216328,0.06326388230291465,0.08175459352989567,0.013214328763342957,0.7103016191682795,0.07127561641687898,0.0858190789106787,0.09643025438079808,0.10042392518159926,0.017661193364637548,0.0070500178945181735,0.0030563470937169934,0.017661193364637548,cross_fitted,season_grid_average,example_precomputed_capabilities,0.7322002405538759,0.0,2.7755575615628914e-17,0.10348027227531625,0.8685344237644328,0.07127561641687898,0.7103016191682795,0.6499999999999999,0.7499999999999999,-0.020933026307984215,-0.11867460344711489,-0.08254724596733204,0.21565742106199248,1.900699675899896,-1.7877616660882016,0.11293800981169433,0.0,1537.8659334994347,revised_v3_parallel,prior_similar_races_current_season_only,field_centered_bounded_no_teammate_term,ninofarina,nino-farina,ferrari,scuderia-ferrari,,ferrari-375s|ferrari-500,ambiguous_chassis_constructor_fallback,constructor:ferrari,,finished,2.0,2,True,,10:07.300,True,True,2.0,2.0,0.0,True,0.6482758620689656,0.3172413793103448,0.12539496029635525,0.0,0.0,0.5602564097489028,0.18868038580071828,full_same_season_static_retrospective_baseline_plus_shape_distributions_v9,constructor_lineage_regulation_and_stability_shrunk,33.296725876084444,1571.0497213657075,1665.0730973350023,1.991432483763858,1573.0411538494714,1573.154091859283,ec7d5a1f033fd71d,0.43202941293690966,0.2476,0.10697062691801841,0.08176238491889522,0.0,0.020757465404224327,0.253823743627094,0.22032046613255646,0.28514202476329203,0.2199563000728332,0.2229285401139851,2.104340201665936,0.0,0.789127575624726,0.43840420868040336,1.0960105217010083,1.6121984363332573,0.10396265725625532,0.13939740545065402,0.0,0.0,0.5602564097489028,0.18868038580071828,full_same_season_static_retrospective_baseline_plus_shape_distributions_v9,constructor_lineage_regulation_and_stability_shrunk,high,baseline_plus_shape_distributions_v9,1.3022536497951798,0.19781835010715276,full_same_season_static_retrospective,1624.339695347607,0.161677298702003,2,2,,11173.3,18.0,0.0012619369389526818,1.0,exact_seconds,,1.0,scheduled_distance_unavailable_assume_full,1695.1584108691336,0.06721097917682249,11.0,13.7,3.9939695058975824,3.0,12.0,1.0,0.2915306208684367,1.0,0.7608859102526822,0.08872861673040401,0.019391856881746387,16.556518918182782,8,0.06933675984865763,0.08700567117417866,0.9655172413793104,1.052522912553489,all_field_expected_seconds_gap_residual_same_car_crossfit_v7_4,17,7,16.0,2.2857142857142856,54.857142857142854,13.714285714285714,64.0,20.57142857142857,384.0,96.0,1620.2525845550902,1500.0,0,1.0,13,4.087110792516722,0.6390774971581492,0.8372029237550151,0.2153199887984738,8.277643922485911,1632.6173392700928,1632.6173392700928,1498.257113006922,retrospective_first_five_backcast_previous_season_anchor_frozen_v7_5
fischer,1952,German Grand Prix,Rudi Fischer,Ferrari,Ferrari,6,0.02139748905068947,0.8195629791942806,1950-1960_front_engine,18,0.0,19.78,19.78,5.279999999999999,nurburgring,0.6615384615384615,open_meteo_era5_air_temperature_track_proxy,6,1952-08-03,jolpica_cross_fitted_xw_xp,0.0,3,Finished,3.0,3.909090909090909,1,prior_same_circuit_grid_movement,finished,0.9487477764312456,True,1491.332661028979,0.0,0.4886692737062295,-0.48712692467829777,0.9584968838044305,1.307889518464369,-0.219207116105234,1.1981211047555382,0.19618342776965536,3.8947015037508166,0.048138770384685094,0.6804301853590016,10.267524624588955,0.02,0.0,0.05880602015151773,-0.219207116105234,1.1981211047555382,0.19618342776965536,-0.023171682403864476,0.0030508505703386625,0.0029892988759003362,-0.030143676585215752,0.12498780958023692,0.016700128759277694,0.6525441199204268,0.054134806919854006,0.06518076588347992,0.0383469166069003,0.03622403921649721,-0.028177491921251387,-0.0013436426446717734,0.0007792347457313206,-0.028177491921251387,cross_fitted,season_grid_average,example_precomputed_capabilities,0.7322002405538759,0.0,1.3877787807814457e-17,0.03700327396222853,0.7640883816747257,0.054134806919854006,0.6525441199204268,0.6499999999999999,0.7499999999999999,0.011135496422456564,-0.08365819631572413,-0.048138770384685094,0.2506042973996191,3.3555468639607016,-1.7877616660882016,1.5677851978725,0.0,1492.9004462268515,revised_v3_parallel,prior_similar_races_current_season_only,field_centered_bounded_no_teammate_term,rudifischer,rudi-fischer,ferrari,ecurie-espadon,,ferrari-212|ferrari-500,ambiguous_chassis_constructor_fallback,constructor:ferrari,,finished,6.0,6,True,,10:41.900,True,True,4.0,3.0,1.0,True,0.6482758620689656,0.28275862068965507,0.12539496029635525,0.0,0.0,0.5602564097489028,0.18868038580071828,full_same_season_static_retrospective_baseline_plus_shape_distributions_v9,constructor_lineage_regulation_and_stability_shrunk,-0.4316143306270626,1490.9010466983518,1514.8350220957095,1.6103375464097924,1492.5113842447615,1494.079169442634,ec7d5a1f033fd71d,0.43202941293690966,0.2476,0.10697062691801841,0.08176238491889522,0.0,0.020757465404224327,0.253823743627094,0.22032046613255646,0.28514202476329203,0.2199563000728332,0.2229285401139851,2.104340201665936,0.0,0.789127575624726,0.43840420868040336,1.0960105217010083,1.6121984363332573,0.10396265725625532,0.13939740545065402,0.0,0.0,0.5602564097489028,0.18868038580071828,full_same_season_static_retrospective_baseline_plus_shape_distributions_v9,constructor_lineage_regulation_and_stability_shrunk,high,baseline_plus_shape_distributions_v9,1.3022536497951798,0.19781835010715276,full_same_season_static_retrospective,1474.124004400151,0.10820249286545099,3,3,,11173.3,18.0,0.03849355159174103,1.0,exact_seconds,,1.0,scheduled_distance_unavailable_assume_full,1581.8249592177297,0.04346424837900893,11.0,13.7,1.3492813948918623,3.0,12.0,1.0,0.09848769305780017,1.0,0.7608859102526822,0.029975159192388422,0.02993077684528453,17.35647455976682,8,4.43823471038933e-05,0.01771329367262493,0.9310344827586207,0.9487477764312456,all_field_expected_seconds_gap_residual_same_car_crossfit_v7_4,17,7,16.0,2.2857142857142856,54.857142857142854,13.714285714285714,64.0,20.57142857142857,384.0,96.0,1470.0145093157973,1495.388948458163,0,1.0,5,4.109495084353813,0.49513211116512873,0.6447261731133397,0.30402160331790595,13.14356106183762,1487.2675654619886,1487.2675654619886,1469.599687862811,retrospective_first_five_backcast_previous_season_anchor_frozen_v7_5
taruffi,1952,German Grand Prix,Piero Taruffi,Ferrari,Ferrari,5,0.04397582127708252,0.8742066504519704,1950-1960_front_engine,18,0.0,19.78,19.78,5.279999999999999,nurburgring,0.6615384615384615,open_meteo_era5_air_temperature_track_proxy,6,1952-08-03,jolpica_cross_fitted_xw_xp,0.0,4,+1 Lap,1.0,3.909090909090909,1,prior_same_circuit_grid_movement,finished,0.8976356159880654,True,1506.6399217925411,0.0,0.5038630666622108,0.16258067093684103,0.9584968838044305,1.307889518464369,0.07316130192157846,1.1981211047555382,0.19618342776965536,3.8947015037508166,0.05547760504600575,0.7005000044887209,9.685499869827096,0.06,0.0,0.12582799404508693,0.07316130192157846,1.1981211047555382,0.19618342776965536,-0.014642383184654042,0.004024264731072754,0.003443822075452758,0.005419884244234156,0.11118303683949668,0.01571134743151646,0.667421437359909,0.05798860877835072,0.06982091832868736,0.05084676524817028,0.04960178069224386,-0.019006605928465176,-3.2452847948089e-05,0.0012125317079783315,-0.019006605928465176,cross_fitted,season_grid_average,example_precomputed_capabilities,0.7322002405538759,-1.734723475976807e-18,0.0,0.05081431240022219,0.7997357058751563,0.05798860877835072,0.667421437359909,0.6499999999999999,0.7499999999999999,0.004663292645783558,-0.09923570138643545,-0.05547760504600575,0.1960517196492102,2.197468432581646,-1.7877616660882016,0.4097067664934442,0.0,1507.0496285590345,revised_v3_parallel,prior_similar_races_current_season_only,field_centered_bounded_no_teammate_term,pierotaruffi,piero-taruffi,ferrari,scuderia-ferrari,,ferrari-375s|ferrari-500,ambiguous_chassis_constructor_fallback,constructor:ferrari,,finished,5.0,5,True,,10:26.300,True,True,3.0,4.0,-1.0,True,0.6482758620689656,0.24827586206896546,0.12539496029635525,0.0,0.0,0.5602564097489028,0.18868038580071828,full_same_season_static_retrospective_baseline_plus_shape_distributions_v9,constructor_lineage_regulation_and_stability_shrunk,13.199419198381857,1519.839340990923,1598.7346385074338,1.653163577749271,1521.492504568672,1521.9022113351655,ec7d5a1f033fd71d,0.43202941293690966,0.2476,0.10697062691801841,0.08176238491889522,0.0,0.020757465404224327,0.253823743627094,0.22032046613255646,0.28514202476329203,0.2199563000728332,0.2229285401139851,2.104340201665936,0.0,0.789127575624726,0.43840420868040336,1.0960105217010083,1.6121984363332573,0.10396265725625532,0.13939740545065402,0.0,0.0,0.5602564097489028,0.18868038580071828,full_same_season_static_retrospective_baseline_plus_shape_distributions_v9,constructor_lineage_regulation_and_stability_shrunk,high,baseline_plus_shape_distributions_v9,1.3022536497951798,0.19781835010715276,full_same_season_static_retrospective,1557.4003466537151,0.18071344669870568,4,4,1.0,11173.3,18.0,0.05555555555555555,0.7,lap_equivalent,,1.0,scheduled_distance_unavailable_assume_full,1634.2761123486753,0.05317955022457503,10.0,11.2,0.26020979055801186,3.0,12.0,1.0,0.023233017014108202,0.9090909090909091,0.7608859102526822,0.006742000824854928,0.023327020300241568,16.774211955455165,8,-0.01658501947538664,0.001083891850134397,0.896551724137931,0.8976356159880654,all_field_expected_seconds_gap_residual_same_car_crossfit_v7_4,17,7,16.0,2.2857142857142856,54.857142857142854,13.714285714285714,64.0,20.57142857142857,384.0,96.0,1553.9141257275217,1500.0,0,1.0,7,3.4862209261934445,0.5763230543691268,0.7963478380822443,0.10128777790582111,2.022162639231823,1559.4225092929469,1559.4225092929469,1498.0006597446968,retrospective_first_five_backcast_previous_season_anchor_frozen_v7_5
behra,1952,German Grand Prix,Jean Behra,Gordini,Gordini,11,0.0025275884312512403,0.5641192180862621,1950-1960_front_engine,18,0.0,19.78,19.78,5.279999999999999,nurburgring,0.6615384615384615,open_meteo_era5_air_temperature_track_proxy,6,1952-08-03,jolpica_cross_fitted_xw_xp,0.0,5,+1 Lap,6.0,3.909090909090909,1,prior_same_circuit_grid_movement,finished,0.9484976494153401,True,1477.1362212975093,0.0,0.4745946621563062,-1.089686381049764,1.8407358592241891,0.5608008042799696,-0.49035887147239376,2.3009198240302364,0.08412012064199544,3.0590736329029378,0.04242053932702238,0.6305250226578882,11.714774342921242,0.04,0.0,0.09431711332536,-0.49035887147239376,2.3009198240302364,0.08412012064199544,-0.04205186364586684,0.05427227603984178,-0.0006864010605088759,-0.06695495462986223,0.2840994807810727,0.005909301226002278,0.574761565813585,0.03838363536030925,0.11654040821598932,0.020967891475949747,0.05227940027120139,-0.06662276152221401,0.028949755217825564,-0.0023617535774260803,-0.06662276152221401,cross_fitted,season_grid_average,example_precomputed_capabilities,0.7255477556117655,3.469446951953614e-18,2.7755575615628914e-17,0.04991764669377531,0.7978153931907978,0.03838363536030925,0.574761565813585,0.6499999999999999,0.7499999999999999,-0.0074971073667529295,-0.16729037053290952,-0.04242053932702238,0.2315439428593531,3.1496980276198183,-1.7877616660882016,1.3619363615316167,0.0,1478.498157659041,revised_v3_parallel,prior_similar_races_current_season_only,field_centered_bounded_no_teammate_term,jeanbehra,jean-behra,gordini,equipe-gordini,,gordini-t15|gordini-t16|gordini-t16s,ambiguous_chassis_constructor_fallback,constructor:gordini,,finished,11.0,11,True,,,True,True,6.0,5.0,1.0,True,0.6482758620689656,0.21379310344827573,-0.09257133631206776,0.0,0.0,-0.33933066158842684,0.01443716418214157,full_same_season_static_retrospective_baseline_plus_shape_distributions_v9,constructor_lineage_regulation_and_stability_shrunk,5.821850805316952,1482.9580721028262,1455.0851138764308,1.442043737230671,1484.400115840057,1485.7620522015886,ec7d5a1f033fd71d,0.43202941293690966,0.2476,0.10697062691801841,0.08176238491889522,0.0,0.020757465404224327,0.253823743627094,0.22032046613255646,0.28514202476329203,0.2199563000728332,0.2229285401139851,2.104340201665936,0.0,0.789127575624726,0.43840420868040336,1.0960105217010083,1.6121984363332573,0.10396265725625532,-0.08442886684059618,0.0,0.0,-0.33933066158842684,0.01443716418214157,full_same_season_static_retrospective_baseline_plus_shape_distributions_v9,constructor_lineage_regulation_and_stability_shrunk,high,baseline_plus_shape_distributions_v9,-0.47802618933685925,0.0012224234952194512,full_same_season_static_retrospective,1484.7741096933175,0.0,5,5,1.0,11173.3,18.0,0.05555555555555555,0.7,lap_equivalent,,1.0,scheduled_distance_unavailable_assume_full,1466.158477132356,0.02785653639625866,10.0,7.0,1.7307993676579658,0.0,12.0,1.0,0.24725705252256655,0.9090909090909091,0.7608859102526822,0.07175164771093033,0.00299187513835255,5.392668301097489,4,0.06875977257257777,0.08642868389809881,0.8620689655172413,0.9484976494153401,all_field_expected_seconds_gap_residual_same_car_crossfit_v7_4,17,7,16.0,2.2857142857142856,54.857142857142854,13.714285714285714,64.0,20.57142857142857,384.0,96.0,1482.2315668035048,1493.1101281223268,0,1.0,3,2.5425428898126614,0.5055897564428029,0.47690178515753995,0.47159586425780015,22.336206233397526,1507.110315926715,1507.110315926715,1481.55953053135,retrospective_first_five_backcast_previous_season_anchor_frozen_v7_5
laurent,1952,German Grand Prix,Roger Laurent,Ferrari,Ferrari,17,0.015339544079123914,0.7895463251561418,1950-1960_front_engine,18,0.0,19.78,19.78,5.279999999999999,nurburgring,0.6615384615384615,open_meteo_era5_air_temperature_track_proxy,6,1952-08-03,jolpica_cross_fitted_xw_xp,0.0,6,+2 Laps,11.0,3.909090909090909,1,prior_same_circuit_grid_movement,finished,0.8280563962454308,True,1502.0588233236153,0.0,0.49931546761381074,-0.03186133390618159,0.9584968838044305,1.307889518464369,-0.014337600257781715,1.1981211047555382,0.19618342776965536,3.8947015037508166,0.023748345779207914,0.5307494538227099,14.608265839141414,0.0,0.0,0.0,-0.014337600257781715,1.1981211047555382,0.19618342776965536,-0.007859617385376487,0.0016473939579433466,0.001473857788500371,0.001217695632279673,0.1914803411140684,0.02058649095191562,0.47742832189814394,0.02540677375283438,0.03059090936243254,0.020899562721552724,0.02019254197764896,-0.009922501248530929,-0.00023115460765111423,0.0004758661362526499,-0.009922501248530929,cross_fitted,season_grid_average,example_precomputed_capabilities,0.7322002405538759,0.0,2.7755575615628914e-17,0.02066840811390161,0.6907128495964077,0.02540677375283438,0.47742832189814394,0.6499999999999999,0.7499999999999999,0.0030799376653063044,-0.15996339577369778,-0.023748345779207914,0.29683675307384183,4.773101256628163,-1.7877616660882016,2.985339590539961,0.0,1505.0441629141553,revised_v3_parallel,prior_similar_races_current_season_only,field_centered_bounded_no_teammate_term,rogerlaurent,roger-laurent,ferrari,ecurie-francorchamps,ferrari-500,ferrari-500,exact_chassis,ferrari-500,,finished,17.0,17,True,,,True,True,9.0,6.0,3.0,True,0.6482758620689656,0.17931034482758612,0.15031457645473215,0.0,0.0,0.6041339482983905,0.2138808103767601,full_same_season_static_retrospective_baseline_plus_shape_distributions_v9,constructor_lineage_regulation_and_stability_shrunk,-2.357221921075262,1499.70160140254,1505.278215640982,-0.8078952855240672,1498.893706117016,1501.879045707556,ec7d5a1f033fd71d,0.43202941293690966,0.2476,0.10697062691801841,0.08176238491889522,0.0,0.020757465404224327,0.253823743627094,0.22032046613255646,0.28514202476329203,0.2199563000728332,0.2229285401139851,2.104340201665936,0.0,0.789127575624726,0.43840420868040336,1.0960105217010083,1.6121984363332573,0.10396265725625532,0.15031457645473215,0.0,0.0,0.6041339482983905,0.2138808103767601,full_same_season_static_retrospective_baseline_plus_shape_distributions_v9,constructor_lineage_regulation_and_stability_shrunk,high,baseline_plus_shape_distributions_v9,1.5057892006393876,0.3538522068454731,full_same_season_static_retrospective,1455.9823251949495,0.0,6,6,2.0,11173.3,18.0,0.1111111111111111,0.7,lap_equivalent,,1.0,scheduled_distance_unavailable_assume_full,1522.2501976503504,0.034563735500322046,9.0,6.3,-0.28998486502966087,0.0,12.0,1.0,-0.04602934365550172,0.8181818181818182,0.7608859102526822,-0.012671826785168656,0.0045268951914732266,1.2255578880798368,2,-0.017198721976641882,0.00047018934887915406,0.8275862068965517,0.8280563962454308,all_field_expected_seconds_gap_residual_same_car_crossfit_v7_4,17,7,16.0,2.2857142857142856,54.857142857142854,13.714285714285714,64.0,20.57142857142857,384.0,96.0,1456.9474997771106,1493.1101281223268,0,1.0,1,-0.9651745821612215,0.4773294536858898,0.5223292439657576,0.3057271522796732,13.237122604883133,1469.2194477998326,1469.2194477998326,1466.5511081755833,retrospective_first_five_backcast_previous_season_anchor_frozen_v7_5
riess,1952,German Grand Prix,Fritz Riess,Veritas,Veritas,12,0.001241964168729732,0.44467148861693545,1950-1960_front_engine,18,0.0,19.78,19.78,5.279999999999999,nurburgring,0.6615384615384615,open_meteo_era5_air_temperature_track_proxy,6,1952-08-03,jolpica_cross_fitted_xw_xp,0.0,7,+2 Laps,5.0,3.909090909090909,1,prior_same_circuit_grid_movement,finished,0.7983026225639753,True,1500.0,0.0,0.49727168300178176,-0.11924686761098574,-1.0166835429516832,-0.9139264482991383,-0.05366109042494358,-1.270854428689604,-0.13708896724487074,1.4843491850629902,0.02418231574065199,0.5077895964089858,15.274101704139412,0.0,0.0,0.0,-0.05366109042494358,-1.270854428689604,-0.13708896724487074,-0.005097903556633139,-0.026268740152811103,-0.0019202801737081188,-0.00036418905595599527,-0.19045181491732183,-0.012834740429057124,0.5587022825095695,0.03583273909975532,0.003841314180350326,0.023650201025177467,0.0030261946817087657,-0.0012954989637473722,-0.021104385808574513,-0.0004803794651058119,-0.0012954989637473722,cross_fitted,season_grid_average,example_precomputed_capabilities,0.7048333152779276,-6.938893903907228e-18,0.0,0.0025458152166029538,0.3550515381072346,0.03583273909975532,0.5587022825095695,0.6499999999999999,0.7499999999999999,0.021636500524049036,0.1527380583017512,-0.02418231574065199,0.2853138518668763,4.555273755828125,-1.7877616660882016,2.7675120897399235,0.0,1502.76751208974,revised_v3_parallel,prior_similar_races_current_season_only,field_centered_bounded_no_teammate_term,fritzriess,fritz-riess,veritas,fritz-riess,veritas-rs,veritas-rs,exact_chassis,veritas-rs,,finished,12.0,12,True,,,True,True,7.0,7.0,0.0,True,0.6482758620689656,0.1448275862068965,0.1448275862068965,0.0,0.0,0.5820810166341217,0.20082030893577377,full_same_season_static_retrospective_baseline_plus_shape_distributions_v9,constructor_lineage_regulation_and_stability_shrunk,0.0,1500.0,1503.6766094530565,0.24513076849267149,1500.2451307684926,1503.0126428582325,ec7d5a1f033fd71d,0.43202941293690966,0.2476,0.10697062691801841,0.08176238491889522,0.0,0.020757465404224327,0.253823743627094,0.22032046613255646,0.28514202476329203,0.2199563000728332,0.2229285401139851,2.104340201665936,0.0,0.789127575624726,0.43840420868040336,1.0960105217010083,1.6121984363332573,0.10396265725625532,0.1448275862068965,0.0,0.0,0.5820810166341217,0.20082030893577377,full_same_season_static_retrospective_baseline_plus_shape_distributions_v9,constructor_lineage_regulation_and_stability_shrunk,high,baseline_plus_shape_distributions_v9,1.4609731980383762,0.3113238253254752,full_same_season_static_retrospective,1458.5308431143183,0.0,7,7,2.0,11173.3,18.0,0.1111111111111111,0.7,lap_equivalent,,1.0,scheduled_distance_unavailable_assume_full,1518.8570710891477,0.03411559252972077,9.0,6.3,-0.28536019889258135,0.0,12.0,1.0,-0.04529526966548911,0.8181818181818182,0.7608859102526822,-0.012469737037407816,0.0,0.0,0,-0.012469737037407816,0.00519917428811322,0.7931034482758621,0.7983026225639753,all_field_expected_seconds_gap_residual_same_car_crossfit_v7_4,17,7,16.0,2.2857142857142856,54.857142857142854,13.714285714285714,64.0,20.57142857142857,384.0,96.0,1457.1101281223268,1493.1101281223268,0,1.0,0,1.4207149919915267,0.47982827997536764,0.5230911980076023,0.27521142455637304,11.563116969776384,1470.0939600840945,1470.0939600840945,1457.1101281223268,retrospective_first_five_backcast_previous_season_anchor_frozen_v7_5
ulmen,1952,German Grand Prix,Toni Ulmen,Veritas,Veritas,15,0.0010104405674440826,0.408391144842982,1950-1960_front_engine,18,0.0,19.78,19.78,5.279999999999999,nurburgring,0.6615384615384615,open_meteo_era5_air_temperature_track_proxy,6,1952-08-03,jolpica_cross_fitted_xw_xp,0.0,8,+2 Laps,7.0,3.909090909090909,1,prior_same_circuit_grid_movement,finished,0.8176885917941966,True,1500.0,0.0,0.49727168300178176,-0.11924686761098574,-1.0166835429516832,-0.9139264482991383,-0.05366109042494358,-1.270854428689604,-0.13708896724487074,1.4843491850629902,0.019674313844406665,0.46246173738472346,16.58860961584302,0.0,0.0,0.0,-0.05366109042494358,-1.270854428689604,-0.13708896724487074,-0.0041475661635296,-0.0213717926606494,-0.001562306737365701,0.00046525547587133987,-0.17824844746625512,-0.012435683679430432,0.5100164563021771,0.02915289679094731,0.0031252267801687547,0.01924139451501945,0.002462059653870325,-0.0010539955507661482,-0.01717016328561684,-0.00039082842446771853,-0.0010539955507661482,cross_fitted,season_grid_average,example_precomputed_capabilities,0.7048333152779276,0.0,0.0,0.0020712312294026065,0.31979758063236285,0.02915289679094731,0.5100164563021771,0.6499999999999999,0.7499999999999999,0.017603082615004057,0.1426641567523606,-0.019674313844406665,0.2961589522704489,4.858677608602321,-1.7877616660882016,3.070915942514119,0.0,1503.0709159425141,revised_v3_parallel,prior_similar_races_current_season_only,field_centered_bounded_no_teammate_term,toniulmen,toni-ulmen,veritas,toni-ulmen,veritas-meteor,veritas-meteor,exact_chassis,veritas-meteor,,finished,15.0,15,True,,,True,True,8.0,8.0,0.0,True,0.6482758620689656,0.11034482758620678,-0.003247582557927453,0.0,0.0,-0.013052459178744754,0.036672573637593554,full_same_season_static_retrospective_baseline_plus_shape_distributions_v9,constructor_lineage_regulation_and_stability_shrunk,-1.486719412146222,1498.5132805878538,1465.4062347379288,0.1896136317718419,1498.7028942196257,1501.7738101621399,ec7d5a1f033fd71d,0.43202941293690966,0.2476,0.10697062691801841,0.08176238491889522,0.0,0.020757465404224327,0.253823743627094,0.22032046613255646,0.28514202476329203,0.2199563000728332,0.2229285401139851,2.104340201665936,0.0,0.789127575624726,0.43840420868040336,1.0960105217010083,1.6121984363332573,0.10396265725625532,-0.003247582557927453,0.0,0.0,-0.013052459178744754,0.036672573637593554,full_same_season_static_retrospective_baseline_plus_shape_distributions_v9,constructor_lineage_regulation_and_stability_shrunk,high,baseline_plus_shape_distributions_v9,0.25154200739115545,0.009828790863776613,full_same_season_static_retrospective,1466.96360464573,0.0,8,8,2.0,11173.3,18.0,0.1111111111111111,0.7,lap_equivalent,,1.0,scheduled_distance_unavailable_assume_full,1477.6337713364787,0.029113540808215408,9.0,7.699999999999999,0.4357771713563442,1.0,12.0,1.0,0.056594437838486264,0.8181818181818182,0.7608859102526822,0.01558038538764986,-0.025818605425853295,2.05849052777397,2,0.04139899081350316,0.05906790213902419,0.7586206896551724,0.8176885917941966,all_field_expected_seconds_gap_residual_same_car_crossfit_v7_4,17,7,16.0,2.2857142857142856,54.857142857142854,13.714285714285714,64.0,20.57142857142857,384.0,96.0,1466.4504314722283,1493.1101281223268,0,1.0,0,0.5131731735015898,0.4881022047044196,0.4849662771256369,0.3327223146685597,14.718000084502055,1481.681604730232,1481.681604730232,1469.6797581467363,retrospective_first_five_backcast_previous_season_anchor_frozen_v7_5
niedermayr,1952,German Grand Prix,Helmut Niedermayr,AFM,AFM,22,0.0003685704807351849,0.23939721529801866,1950-1960_front_engine,18,0.0,19.78,19.78,5.279999999999999,nurburgring,0.6615384615384615,open_meteo_era5_air_temperature_track_proxy,6,1952-08-03,jolpica_cross_fitted_xw_xp,0.0,9,+3 Laps,13.0,3.909090909090909,1,prior_same_circuit_grid_movement,finished,0.6613083567100908,True,1500.0,0.0,0.49727168300178176,-0.11924686761098574,-0.8631060646998152,-2.2199423638240487,-0.05366109042494358,-1.078882580874769,-0.3329913545736073,0.994818200266846,0.0121907977770192,0.36108362980840736,19.528574735556187,0.0,0.0,0.0,-0.05366109042494358,-1.078882580874769,-0.3329913545736073,-0.0025217348078920465,-0.012249306948046313,-0.0018677306236185968,0.0019274962533764317,-0.11465276639390712,-0.0317677041294943,0.3972068733759136,0.018014368109864135,0.0020766479758916544,0.010623944602004155,0.001806440190458054,-0.0007010522455844766,-0.009248348871696977,-0.00043084446015087606,-0.0007010522455844766,cross_fitted,season_grid_average,example_precomputed_capabilities,0.6937963120308803,-3.469446951953614e-18,0.0,0.0013755957303071779,0.2527138991058886,0.018014368109864135,0.3972068733759136,0.6499999999999999,0.7499999999999999,0.010815202046712023,0.10836973070251876,-0.0121907977770192,0.3630543012260754,6.242398275420896,-1.7877616660882012,4.454636609332695,0.0,1504.4546366093327,revised_v3_parallel,prior_similar_races_current_season_only,field_centered_bounded_no_teammate_term,helmutniedermayr,helmut-niedermayr,afm,helmut-niedermayr,afm-6,afm-6,exact_chassis,afm-6,,finished,22.0,22,True,,,True,True,10.0,9.0,1.0,True,0.6482758620689656,0.07586206896551717,0.07586206896551717,0.0,0.0,0.3048995801416826,0.09096397612791135,full_same_season_static_retrospective_baseline_plus_shape_distributions_v9,constructor_lineage_regulation_and_stability_shrunk,0.0,1500.0,1481.5020945336614,-1.5664889240399889,1498.43351107596,1502.8881476852928,ec7d5a1f033fd71d,0.43202941293690966,0.2476,0.10697062691801841,0.08176238491889522,0.0,0.020757465404224327,0.253823743627094,0.22032046613255646,0.28514202476329203,0.2199563000728332,0.2229285401139851,2.104340201665936,0.0,0.789127575624726,0.43840420868040336,1.0960105217010083,1.6121984363332573,0.10396265725625532,0.07586206896551717,0.0,0.0,0.3048995801416826,0.09096397612791135,full_same_season_static_retrospective_baseline_plus_shape_distributions_v9,constructor_lineage_regulation_and_stability_shrunk,high,baseline_plus_shape_distributions_v9,0.8976846444841013,0.06226738305065732,full_same_season_static_retrospective,1454.0978995089044,0.0,9,9,3.0,11173.3,18.0,0.16666666666666666,0.7,lap_equivalent,,1.0,scheduled_distance_unavailable_assume_full,1492.2505536734309,0.030797138487803667,10.0,7.0,-1.9417913386687138,0.0,12.0,1.0,-0.2773987626669591,0.9090909090909091,0.7608859102526822,-0.08049848564991305,0.0,0.0,0,-0.08049848564991305,-0.06282957432439201,0.7241379310344828,0.6613083567100908,all_field_expected_seconds_gap_residual_same_car_crossfit_v7_4,17,7,16.0,2.2857142857142856,54.857142857142854,13.714285714285714,64.0,20.57142857142857,384.0,96.0,1457.1101281223268,1493.1101281223268,0,1.0,0,-3.012228613422469,0.47548239993532426,0.49720301927630856,0.16410533743378225,5.468154476194262,1459.5660539850987,1459.5660539850987,1457.1101281223268,retrospective_first_five_backcast_previous_season_anchor_frozen_v7_5
claes,1952,German Grand Prix,Johnny Claes,HWM,HWM,32,0.00011714592376100003,0.10022732418904996,1950-1960_front_engine,18,0.0,19.78,19.78,5.279999999999999,nurburgring,0.6615384615384615,open_meteo_era5_air_temperature_track_proxy,6,1952-08-03,jolpica_cross_fitted_xw_xp,0.0,10,+3 Laps,22.0,3.909090909090909,1,prior_same_circuit_grid_movement,finished,0.6428285316596163,True,1474.175680662764,0.0,0.4716635388312388,-1.2153447707010312,-0.2131098542188733,0.5679141388041689,-0.5469051468154641,-0.2663873177735916,0.08518712082062532,3.0590736329029378,0.006326120712207146,0.24941981282503245,22.76682542807406,0.0,0.0,0.0,-0.5469051468154641,-0.2663873177735916,0.08518712082062532,-0.0029071796496447162,-0.004944682681285339,5.091765124177325e-05,-0.05563535221946505,0.03021636948042038,0.010856615340628848,0.2530604046746364,0.009056451350098044,0.002688508344226094,0.004751565269919463,0.0013344981846361908,-0.0014330016738163314,-0.0034960585995097004,-7.899151422642841e-05,-0.0014330016738163314,cross_fitted,season_grid_average,example_precomputed_capabilities,0.7255477556117655,0.0,0.0,0.0012555066704097624,0.2384980372762206,0.009056451350098044,0.2530604046746364,0.6499999999999999,0.7499999999999999,0.0050706140417973835,0.010921775548811852,-0.006326120712207146,0.4402353595887607,7.772409575504722,-1.787761666088202,5.98464790941652,0.0,1480.1603285721806,revised_v3_parallel,prior_similar_races_current_season_only,field_centered_bounded_no_teammate_term,johnnyclaes,johnny-claes,hwm,hw-motors,,hwm-51|hwm-52,ambiguous_chassis_constructor_fallback,constructor:hwm,,finished,32.0,32,True,,,True,True,12.0,10.0,2.0,True,0.6482758620689656,0.04137931034482756,-0.034716883882267784,0.0,0.0,-0.1625983572426398,0.023920962555516758,full_same_season_static_retrospective_baseline_plus_shape_distributions_v9,constructor_lineage_regulation_and_stability_shrunk,-23.6244539141025,1450.5512267486615,1367.5502796691826,-2.9333871148425077,1447.617839633819,1453.6024875432354,ec7d5a1f033fd71d,0.43202941293690966,0.2476,0.10697062691801841,0.08176238491889522,0.0,0.020757465404224327,0.253823743627094,0.22032046613255646,0.28514202476329203,0.2199563000728332,0.2229285401139851,2.104340201665936,0.0,0.789127575624726,0.43840420868040336,1.0960105217010083,1.6121984363332573,0.10396265725625532,-0.04045609962824157,0.0,0.0,-0.1625983572426398,0.023920962555516758,full_same_season_static_retrospective_baseline_plus_shape_distributions_v9,constructor_lineage_regulation_and_stability_shrunk,high,baseline_plus_shape_distributions_v9,-0.005489302361938185,0.004715904589177437,full_same_season_static_retrospective,1374.3181167604585,0.02249539795990397,10,10,3.0,11173.3,18.0,0.16666666666666666,0.7,lap_equivalent,,1.0,scheduled_distance_unavailable_assume_full,1384.8111220676055,0.02037264758120158,10.0,7.0,-1.80417972717734,0.0,12.0,1.0,-0.2577399610253343,0.9090909090909091,0.7608859102526822,-0.07479368817126406,-0.010298136091566169,5.447212410172249,6,-0.06449555207969788,-0.04682664075417685,0.6896551724137931,0.6428285316596163,all_field_expected_seconds_gap_residual_same_car_crossfit_v7_4,17,7,16.0,2.2857142857142856,54.857142857142854,13.714285714285714,64.0,20.57142857142857,384.0,96.0,1380.5581482485939,1500.0,0,1.0,12,-6.240031488135492,0.39839914379427677,0.4074387895066032,0.23538974215301306,9.378613249363493,1383.696730009822,1383.696730009822,1480.2471133875429,retrospective_first_five_backcast_previous_season_anchor_frozen_v7_5
klenk,1952,German Grand Prix,Hans Klenk,Veritas,Veritas,8,0.0016352097057433655,0.49232124809296784,1950-1960_front_engine,18,0.0,19.78,19.78,5.279999999999999,nurburgring,0.6615384615384615,open_meteo_era5_air_temperature_track_proxy,6,1952-08-03,jolpica_cross_fitted_xw_xp,0.0,11,+4 Laps,-3.0,3.909090909090909,1,prior_same_circuit_grid_movement,finished,0.5405499742776373,True,1500.0,0.0,0.49727168300178176,-0.11924686761098574,-1.0166835429516832,-0.9139264482991383,-0.05366109042494358,-1.270854428689604,-0.13708896724487074,1.4843491850629902,0.03183920953767048,0.5671984265297327,13.551245630637752,0.0,0.0,0.0,-0.05366109042494358,-1.270854428689604,-0.13708896724487074,-0.0067120627024821865,-0.03458626258071597,-0.002528302230333814,-0.0016328618830379242,-0.20452878441311714,-0.013197639444007637,0.6220382479647735,0.04717852916740667,0.005057596981193887,0.031138610302023646,0.003984384605926562,-0.0017056953273191923,-0.02778670864814895,-0.0006324829520518676,-0.0017056953273191923,cross_fitted,season_grid_average,example_precomputed_capabilities,0.7048333152779276,-6.938893903907228e-18,-2.7755575615628914e-17,0.0033519016538746944,0.40267896222461075,0.04717852916740667,0.6220382479647735,0.6499999999999999,0.7499999999999999,0.028487307883795783,0.164519464305122,-0.03183920953767048,0.08797398726337069,0.8193907418365809,-1.7877616660882016,-0.9683709242516207,0.0,1499.0316290757485,revised_v3_parallel,prior_similar_races_current_season_only,field_centered_bounded_no_teammate_term,hansklenk,hans-klenk,veritas,hans-klenk,veritas-meteor,veritas-meteor,exact_chassis,veritas-meteor,,finished,8.0,8,True,,,True,True,5.0,11.0,-6.0,True,0.6482758620689656,0.006896551724137834,-0.003247582557927453,0.0,0.0,-0.013052459178744754,0.036672573637593554,full_same_season_static_retrospective_baseline_plus_shape_distributions_v9,constructor_lineage_regulation_and_stability_shrunk,0.0,1500.0,1456.0659313880274,1.6292706971532402,1501.6292706971533,1500.6608997729018,ec7d5a1f033fd71d,0.43202941293690966,0.2476,0.10697062691801841,0.08176238491889522,0.0,0.020757465404224327,0.253823743627094,0.22032046613255646,0.28514202476329203,0.2199563000728332,0.2229285401139851,2.104340201665936,0.0,0.789127575624726,0.43840420868040336,1.0960105217010083,1.6121984363332573,0.10396265725625532,-0.003247582557927453,0.0,0.0,-0.013052459178744754,0.036672573637593554,full_same_season_static_retrospective_baseline_plus_shape_distributions_v9,constructor_lineage_regulation_and_stability_shrunk,high,baseline_plus_shape_distributions_v9,0.25154200739115545,0.009828790863776613,full_same_season_static_retrospective,1461.0583092565828,0.0,11,11,4.0,11173.3,18.0,0.2222222222222222,0.7,lap_equivalent,,1.0,scheduled_distance_unavailable_assume_full,1473.776086737003,0.028684764764066263,10.0,8.399999999999999,-3.9242581906480924,1.0,12.0,1.0,-0.467173594124773,0.9090909090909091,0.7608859102526822,-0.13556933888642278,-0.00327798804543557,2.05849052777397,2,-0.1322913508409872,-0.11462243951546616,0.6551724137931034,0.5405499742776373,all_field_expected_seconds_gap_residual_same_car_crossfit_v7_4,17,7,16.0,2.2857142857142856,54.857142857142854,13.714285714285714,64.0,20.57142857142857,384.0,96.0,1457.1101281223268,1493.1101281223268,0,1.0,0,3.9481811342560253,0.4823073271633534,0.4792219583547375,0.06132801592289977,-0.1699157324027194,1460.8883935241802,1460.8883935241802,1457.1101281223268,retrospective_first_five_backcast_previous_season_anchor_frozen_v7_5
klodwig,1952,German Grand Prix,Ernst Klodwig,BMW,BMW,29,0.0010572624159226097,0.4163712355853573,1950-1960_front_engine,18,0.0,19.78,19.78,5.279999999999999,nurburgring,0.6615384615384615,open_meteo_era5_air_temperature_track_proxy,6,1952-08-03,jolpica_cross_fitted_xw_xp,0.0,12,+4 Laps,17.0,3.909090909090909,1,prior_same_circuit_grid_movement,finished,0.5032695786511805,True,1500.0,0.0,0.49727168300178176,-0.11924686761098574,-0.8631060646998152,-0.23990052776337345,-0.05366109042494358,-1.078882580874769,-0.035985079164506016,0.0,0.007580562641237551,0.2704902594640781,22.155782475541734,0.0,0.0,0.0,-0.05366109042494358,-1.078882580874769,-0.035985079164506016,-0.0016592193972664265,-0.0081778733075586,-0.0003086374181516755,0.002549493901418537,-0.09265010150581826,-0.00040921782862117506,0.29311771582233337,0.011131568184279397,0.0014894424512767656,0.007786494429085898,0.0011162485427338225,-0.0005036043899740708,-0.006800656367783203,-0.00013041048143112768,-0.0005036043899740708,cross_fitted,season_grid_average,example_precomputed_capabilities,0.6499999999999999,0.0,-1.3877787807814457e-17,0.0009858380613026949,0.20260789038931246,0.011131568184279397,0.29311771582233337,0.6499999999999999,0.7499999999999999,0.006594724579934856,0.06788236907476566,-0.007580562641237551,0.3501993957083357,6.121655619360341,-1.7877616660882012,4.33389395327214,0.0,1504.333893953272,revised_v3_parallel,prior_similar_races_current_season_only,field_centered_bounded_no_teammate_term,ernstklodwig,ernst-klodwig,heck,ernst-klodwig,heck,heck,exact_chassis,heck,,finished,29.0,29,True,,,True,True,11.0,12.0,-1.0,True,0.6482758620689656,-0.02758620689655178,-0.02758620689655178,0.0,0.0,-0.11087257459697582,0.027730783651903398,full_same_season_static_retrospective_baseline_plus_shape_distributions_v9,constructor_lineage_regulation_and_stability_shrunk,0.0,1500.0,1451.5997169378968,-2.6234263651989824,1497.376573634801,1501.710467588073,ec7d5a1f033fd71d,0.43202941293690966,0.2476,0.10697062691801841,0.08176238491889522,0.0,0.020757465404224327,0.253823743627094,0.22032046613255646,0.28514202476329203,0.2199563000728332,0.2229285401139851,2.104340201665936,0.0,0.789127575624726,0.43840420868040336,1.0960105217010083,1.6121984363332573,0.10396265725625532,-0.02758620689655178,0.0,0.0,-0.11087257459697582,0.027730783651903398,full_same_season_static_retrospective_baseline_plus_shape_distributions_v9,constructor_lineage_regulation_and_stability_shrunk,high,baseline_plus_shape_distributions_v9,0.05275181415268931,0.00556971530937282,full_same_season_static_retrospective,1454.5462161674764,0.0,12,12,4.0,11173.3,18.0,0.2222222222222222,0.7,lap_equivalent,,1.0,scheduled_distance_unavailable_assume_full,1474.5172712171554,0.028766653361451452,10.0,7.0,-3.2586280901128233,0.0,12.0,1.0,-0.4655182985875462,0.9090909090909091,0.7608859102526822,-0.1350889878467543,0.0,0.0,0,-0.1350889878467543,-0.11742007652123326,0.6206896551724138,0.5032695786511805,all_field_expected_seconds_gap_residual_same_car_crossfit_v7_4,17,7,16.0,2.2857142857142856,54.857142857142854,13.714285714285714,64.0,20.57142857142857,384.0,96.0,1460.469522905655,1493.1101281223268,0,1.0,0,-5.923306738178474,0.4759217741253324,0.46529701678135116,0.037972561869829335,-1.4511292118854402,1453.095086955591,1453.095086955591,1460.469522905655,retrospective_first_five_backcast_previous_season_anchor_frozen_v7_5
manzon,1952,German Grand Prix,Robert Manzon,Gordini,Gordini,4,0.02711432354194783,0.8390507064144951,1950-1960_front_engine,18,0.0,19.78,19.78,5.279999999999999,nurburgring,0.6615384615384615,open_meteo_era5_air_temperature_track_proxy,6,1952-08-03,jolpica_cross_fitted_xw_xp,0.0,13,Accident,-9.0,3.909090909090909,1,prior_same_circuit_grid_movement,driver_fault,0.0,True,1494.185369566588,0.0,0.4915001640584942,-0.3660454043730656,1.8407358592241891,0.5608008042799696,-0.16472043196787953,2.3009198240302364,0.08412012064199544,3.0590736329029378,0.0789543181775408,0.7299868665264615,8.830380870732617,0.16,0.05838198584896476,0.26161801415103525,-0.16472043196787953,2.3009198240302364,0.08412012064199544,-0.048616124309998114,0.09824489969407574,-0.0015214630838924423,-0.0246879727664836,0.21210213687624724,0.004454969177959066,0.6820195832045307,0.062116758872475954,0.18859892681082935,0.042957283689726865,0.11528110109553902,-0.07837485563816819,0.0672667874829343,-0.005057029922877862,-0.07837485563816819,cross_fitted,season_grid_average,example_precomputed_capabilities,0.7255477556117655,2.0816681711721685e-17,0.0,0.11022407117266116,0.8738887164922534,0.062116758872475954,0.6820195832045307,0.6499999999999999,0.7499999999999999,-0.03126975299512036,-0.14390184996579192,-0.0789543181775408,-0.7299868665264615,-15.034667233737286,-1.787761666088203,-16.82242889982549,0.0,1477.3629406667624,revised_v3_parallel,prior_similar_races_current_season_only,field_centered_bounded_no_teammate_term,robertmanzon,robert-manzon,gordini,equipe-gordini,,gordini-t15|gordini-t16|gordini-t16s,ambiguous_chassis_constructor_fallback,constructor:gordini,Accident,driver_fault,4.0,4,True,,10:25.300,True,False,,,,True,0.6482758620689656,-0.6482758620689656,-0.09257133631206776,0.0,0.0,-0.33933066158842684,0.01443716418214157,full_same_season_static_retrospective_baseline_plus_shape_distributions_v9,constructor_lineage_regulation_and_stability_shrunk,8.853646079116382,1503.0390156457042,1543.537524547689,2.7760070671903314,1505.8150227128945,1488.9925938130689,ec7d5a1f033fd71d,0.43202941293690966,0.2476,0.10697062691801841,0.08176238491889522,0.0,0.020757465404224327,0.253823743627094,0.22032046613255646,0.28514202476329203,0.2199563000728332,0.2229285401139851,2.104340201665936,0.0,0.789127575624726,0.43840420868040336,1.0960105217010083,1.6121984363332573,0.10396265725625532,-0.08442886684059618,0.0,0.0,-0.33933066158842684,0.01443716418214157,full_same_season_static_retrospective_baseline_plus_shape_distributions_v9,constructor_lineage_regulation_and_stability_shrunk,high,baseline_plus_shape_distributions_v9,-0.47802618933685925,0.0012224234952194512,full_same_season_static_retrospective,1575.3590636099761,0.15173024060999318,13,DNF,,11173.3,18.0,,0.0,unavailable,,1.0,scheduled_distance_unavailable_assume_full,1572.4005056287808,0.041916972872963205,0.0,0.0,0.0,0.0,,0.0,,0.0,0.0,0.0,0.009825194152078132,6.092712659513448,4,-0.009825194152078132,0.0,0.0,0.0,all_field_expected_seconds_gap_residual_same_car_crossfit_v7_4,17,7,16.0,2.2857142857142856,54.857142857142854,13.714285714285714,64.0,20.57142857142857,384.0,96.0,1570.683977474763,1500.0,0,1.0,6,4.675086135213097,0.5934722396857618,0.7164569090261617,-0.7164569090261617,-42.83697447246551,1532.5220891375106,1532.5220891375106,1529.472383535977,retrospective_first_five_backcast_previous_season_anchor_frozen_v7_5
heeks,1952,German Grand Prix,Willi Heeks,AFM,AFM,9,0.0009011141635716715,0.3882308084804181,1950-1960_front_engine,18,0.0,19.78,19.78,5.279999999999999,nurburgring,0.6615384615384615,open_meteo_era5_air_temperature_track_proxy,6,1952-08-03,jolpica_cross_fitted_xw_xp,0.0,14,Retired,-5.0,3.909090909090909,1,prior_same_circuit_grid_movement,other,0.5517241379310345,False,1500.0,0.0,0.49727168300178176,-0.11924686761098574,-0.8631060646998152,-2.2199423638240487,-0.05366109042494358,-1.078882580874769,-0.3329913545736073,0.994818200266846,0.029805155638611476,0.5556577818235553,13.885924327116896,0.0,0.0,0.0,-0.05366109042494358,-1.078882580874769,-0.3329913545736073,-0.006165363399777771,-0.029948204106861567,-0.004566395320976661,-0.0013214733109180956,-0.16684855323736128,-0.035024643707320786,0.6064564493874554,0.04404314262827708,0.005077175198881227,0.025974372485747573,0.0044165469736477,-0.0017139953982201568,-0.022611192685086504,-0.0010533671729866297,-0.0017139953982201568,cross_fitted,season_grid_average,example_precomputed_capabilities,0.6937963120308803,-6.938893903907228e-18,0.0,0.0033631798006610704,0.4032617791318552,0.04404314262827708,0.6064564493874554,0.6499999999999999,0.7499999999999999,0.026441975837950406,0.15239600269170012,-0.029805155638611476,-0.003933643892520822,0.0,0.0,0.0,0.0,1500.0,revised_v3_parallel,prior_similar_races_current_season_only,field_centered_bounded_no_teammate_term,williheeks,willi-heeks,afm,willi-heeks,afm-8,afm-8,exact_chassis,afm-8,Engine,mechanical,9.0,9,True,,,True,False,,,,False,0.6482758620689656,,0.0,0.0,0.0,0.0,0.038066015553825085,full_same_season_static_retrospective_baseline_plus_shape_distributions_v9,constructor_lineage_regulation_and_stability_shrunk,0.0,1500.0,1457.1101281223268,1.4100711849942897,1501.4100711849942,1501.4100711849942,ec7d5a1f033fd71d,0.43202941293690966,0.2476,0.10697062691801841,0.08176238491889522,0.0,0.020757465404224327,0.253823743627094,0.22032046613255646,0.28514202476329203,0.2199563000728332,0.2229285401139851,2.104340201665936,0.0,0.789127575624726,0.43840420868040336,1.0960105217010083,1.6121984363332573,0.10396265725625532,0.0,0.0,0.0,0.0,0.038066015553825085,full_same_season_static_retrospective_baseline_plus_shape_distributions_v9,constructor_lineage_regulation_and_stability_shrunk,high,baseline_plus_shape_distributions_v9,0.27806723557439966,0.010602632169068909,full_same_season_static_retrospective,1460.5714742897298,0.0,14,DNF,,11173.3,18.0,,0.0,unavailable,,1.0,scheduled_distance_unavailable_assume_full,1474.3333915762037,0.028746315931253725,0.0,0.0,0.0,0.0,,0.0,,0.0,0.0,0.0,0.0,0.0,0,0.0,0.0,0.5517241379310345,0.5517241379310345,all_field_expected_seconds_gap_residual_same_car_crossfit_v7_4,17,7,16.0,2.2857142857142856,54.857142857142854,13.714285714285714,64.0,20.57142857142857,384.0,96.0,1457.1101281223268,1493.1101281223268,0,1.0,0,3.461346167402926,0.4818297570835379,0.47976395144000666,0.07196018649102781,0.0,1460.5714742897298,1460.5714742897298,1457.1101281223268,retrospective_first_five_backcast_previous_season_anchor_frozen_v7_5
gaze,1952,German Grand Prix,Tony Gaze,HWM,HWM,14,0.00063932807957395,0.32859898992838704,1950-1960_front_engine,18,0.0,19.78,19.78,5.279999999999999,nurburgring,0.6615384615384615,open_meteo_era5_air_temperature_track_proxy,6,1952-08-03,jolpica_cross_fitted_xw_xp,0.0,15,Gearbox,-1.0,3.909090909090909,1,prior_same_circuit_grid_movement,mechanical,,False,1498.203088182101,0.0,0.4954879595146762,-0.19551572294522154,-0.2131098542188733,0.5679141388041689,-0.0879820753253497,-0.2663873177735916,0.08518712082062532,3.0590736329029378,0.022385348956118937,0.5200693813966477,14.917987939497216,0.0,0.0,0.0,-0.0879820753253497,-0.2663873177735916,0.08518712082062532,-0.005965648963104453,-0.01944677441781105,0.00014695791316997128,-0.006479377783554637,-0.028890415323789706,0.010444465307110748,0.5263007133467061,0.03122826186982987,0.009270456977810218,0.02284425301117387,0.006325575168687955,-0.003307660575725877,-0.01688145660908953,-0.00036277876660361415,-0.003307660575725877,cross_fitted,season_grid_average,example_precomputed_capabilities,0.7255477556117655,0.0,-3.469446951953614e-18,0.005962796402084341,0.5013753855464725,0.03122826186982987,0.5263007133467061,0.6499999999999999,0.7499999999999999,0.016422552554034596,0.01869399585017517,-0.022385348956118937,,0.0,0.0,0.0,0.0,1498.203088182101,revised_v3_parallel,prior_similar_races_current_season_only,field_centered_bounded_no_teammate_term,tonygaze,tony-gaze,hwm,tony-gaze,hwm-52,hwm-52,exact_chassis,hwm-52,Gearbox,mechanical,14.0,14,True,,,True,False,,,,False,0.6482758620689656,,-0.2222222222222222,0.0,0.0,-0.8931401842534145,0.002966826330822429,full_same_season_static_retrospective_baseline_plus_shape_distributions_v9,constructor_lineage_regulation_and_stability_shrunk,-1.5028312132620771,1496.700256968839,1363.6117445329683,1.2131676020290951,1497.913424570868,1497.913424570868,ec7d5a1f033fd71d,0.43202941293690966,0.2476,0.10697062691801841,0.08176238491889522,0.0,0.020757465404224327,0.253823743627094,0.22032046613255646,0.28514202476329203,0.2199563000728332,0.2229285401139851,2.104340201665936,0.0,0.789127575624726,0.43840420868040336,1.0960105217010083,1.6121984363332573,0.10396265725625532,-0.2222222222222222,0.0,0.0,-0.8931401842534145,0.002966826330822429,full_same_season_static_retrospective_baseline_plus_shape_distributions_v9,constructor_lineage_regulation_and_stability_shrunk,high,baseline_plus_shape_distributions_v9,-1.5369736592115966,5.93247411554606e-05,full_same_season_static_retrospective,1437.3855500334382,0.0,15,DNF,,11173.3,18.0,,0.0,unavailable,,1.0,scheduled_distance_unavailable_assume_full,1385.13403726832,0.020397965752539254,0.0,0.0,0.0,0.0,,0.0,,0.0,0.0,0.0,0.0,0.0,0,0.0,0.0,,,all_field_expected_seconds_gap_residual_same_car_crossfit_v7_4,17,7,16.0,2.2857142857142856,54.857142857142854,13.714285714285714,64.0,20.57142857142857,384.0,96.0,1435.0629592732414,1493.1101281223268,0,1.0,1,2.3225907601967886,0.4591324945465637,0.3892408731099752,,0.0,1437.3855500334382,1437.3855500334382,1452.1067308721856,retrospective_first_five_backcast_previous_season_anchor_frozen_v7_5
brudes,1952,German Grand Prix,Adolf Brudes,Veritas,Veritas,19,0.0007674434508239405,0.36011578044335224,1950-1960_front_engine,18,0.0,19.78,19.78,5.279999999999999,nurburgring,0.6615384615384615,open_meteo_era5_air_temperature_track_proxy,6,1952-08-03,jolpica_cross_fitted_xw_xp,0.0,16,Engine,3.0,3.909090909090909,1,prior_same_circuit_grid_movement,mechanical,,False,1500.0,0.0,0.49727168300178176,-0.11924686761098574,-1.0166835429516832,-0.9139264482991383,-0.05366109042494358,-1.270854428689604,-0.13708896724487074,1.4843491850629902,0.01494291084089936,0.4022971257122986,18.33338335434334,0.0,0.0,0.0,-0.05366109042494358,-1.270854428689604,-0.13708896724487074,-0.0031501333097811446,-0.016232169251943866,-0.0011865933657060697,0.0013699564117789125,-0.16047904710780528,-0.011744632984538185,0.44501055663243977,0.022142024415500238,0.0023736525452921625,0.014614102680599823,0.001869968029569639,-0.0008005240572230043,-0.013040974192530665,-0.00029683954150048065,-0.0008005240572230043,cross_fitted,season_grid_average,example_precomputed_capabilities,0.7048333152779276,0.0,0.0,0.0015731284880691582,0.2741568329518752,0.022142024415500238,0.44501055663243977,0.6499999999999999,0.7499999999999999,0.013369782352830203,0.12814029276042338,-0.01494291084089936,,0.0,0.0,0.0,0.0,1500.0,revised_v3_parallel,prior_similar_races_current_season_only,field_centered_bounded_no_teammate_term,adolfbrudes,adolf-brudes,veritas,adolf-brudes,veritas-rs,veritas-rs,exact_chassis,veritas-rs,Engine,mechanical,19.0,19,True,,,True,False,,,,False,0.6482758620689656,,0.1448275862068965,0.0,0.0,0.5820810166341217,0.20082030893577377,full_same_season_static_retrospective_baseline_plus_shape_distributions_v9,constructor_lineage_regulation_and_stability_shrunk,0.0,1500.0,1503.6766094530565,-1.2031450935762944,1498.7968549064237,1498.7968549064237,ec7d5a1f033fd71d,0.43202941293690966,0.2476,0.10697062691801841,0.08176238491889522,0.0,0.020757465404224327,0.253823743627094,0.22032046613255646,0.28514202476329203,0.2199563000728332,0.2229285401139851,2.104340201665936,0.0,0.789127575624726,0.43840420868040336,1.0960105217010083,1.6121984363332573,0.10396265725625532,0.1448275862068965,0.0,0.0,0.5820810166341217,0.20082030893577377,full_same_season_static_retrospective_baseline_plus_shape_distributions_v9,constructor_lineage_regulation_and_stability_shrunk,high,baseline_plus_shape_distributions_v9,1.4609731980383762,0.3113238253254752,full_same_season_static_retrospective,1455.2204982867322,0.0,17,DNF,,11173.3,18.0,,0.0,unavailable,,1.0,scheduled_distance_unavailable_assume_full,1515.5467262615616,0.033683983025157724,0.0,0.0,0.0,0.0,,0.0,,0.0,0.0,0.0,-0.0019689058480117606,1.5,1,0.0019689058480117606,0.0,,,all_field_expected_seconds_gap_residual_same_car_crossfit_v7_4,17,7,16.0,2.2857142857142856,54.857142857142854,13.714285714285714,64.0,20.57142857142857,384.0,96.0,1457.1101281223268,1493.1101281223268,0,1.0,0,-1.8896298355946801,0.4765826676551969,0.5198744174660926,,0.0,1455.2204982867322,1455.2204982867322,1457.1101281223268,retrospective_first_five_backcast_previous_season_anchor_frozen_v7_5
balsa,1952,German Grand Prix,Marcel Balsa,BMW,BMW,25,0.001392025476711276,0.4645761535181825,1950-1960_front_engine,18,0.0,19.78,19.78,5.279999999999999,nurburgring,0.6615384615384615,open_meteo_era5_air_temperature_track_proxy,6,1952-08-03,jolpica_cross_fitted_xw_xp,0.0,17,Retired,8.0,3.909090909090909,1,prior_same_circuit_grid_movement,other,0.4482758620689655,False,1500.0,0.0,0.49727168300178176,-0.11924686761098574,-0.8631060646998152,-0.23990052776337345,-0.05366109042494358,-1.078882580874769,-0.035985079164506016,0.0,0.009980810975106877,0.3241876353564642,20.598558574662537,0.0,0.0,0.0,-0.05366109042494358,-1.078882580874769,-0.035985079164506016,-0.002184581271086684,-0.010767249282671901,-0.00040636188581300654,0.002178443630641962,-0.10892955398298189,-0.0006484769710574052,0.35103753218731354,0.014656178328956933,0.001961047519563316,0.010251947346581355,0.001469688495898503,-0.0006630616301779742,-0.008953961457196014,-0.00017170260651316123,-0.0006630616301779742,cross_fitted,season_grid_average,example_precomputed_capabilities,0.6499999999999999,0.0,-2.7755575615628914e-17,0.0012979858893853418,0.24363794486391618,0.014656178328956933,0.35103753218731354,0.6499999999999999,0.7499999999999999,0.008682825085721536,0.08054969049254804,-0.009980810975106877,0.1240882267125013,0.0,0.0,0.0,0.0,1500.0,revised_v3_parallel,prior_similar_races_current_season_only,field_centered_bounded_no_teammate_term,marcelbalsa,marcel-balsa,balsa,marcel-balsa,balsa-special,balsa-special,exact_chassis,balsa-special,Engine,mechanical,25.0,25,True,,,True,False,,,,False,0.6482758620689656,,0.0,0.0,0.0,0.0,0.038066015553825085,full_same_season_static_retrospective_baseline_plus_shape_distributions_v9,constructor_lineage_regulation_and_stability_shrunk,0.0,1500.0,1457.1101281223268,-1.9002736425919171,1498.0997263574081,1498.0997263574081,ec7d5a1f033fd71d,0.43202941293690966,0.2476,0.10697062691801841,0.08176238491889522,0.0,0.020757465404224327,0.253823743627094,0.22032046613255646,0.28514202476329203,0.2199563000728332,0.2229285401139851,2.104340201665936,0.0,0.789127575624726,0.43840420868040336,1.0960105217010083,1.6121984363332573,0.10396265725625532,0.0,0.0,0.0,0.0,0.038066015553825085,full_same_season_static_retrospective_baseline_plus_shape_distributions_v9,constructor_lineage_regulation_and_stability_shrunk,high,baseline_plus_shape_distributions_v9,0.27806723557439966,0.010602632169068909,full_same_season_static_retrospective,1453.0049718266755,0.0,16,DNF,,11173.3,18.0,,0.0,unavailable,,1.0,scheduled_distance_unavailable_assume_full,1466.7668891131495,0.027921798303209,0.0,0.0,0.0,0.0,,0.0,,0.0,0.0,0.0,0.0,0.0,0,0.0,0.0,0.4482758620689655,0.4482758620689655,all_field_expected_seconds_gap_residual_same_car_crossfit_v7_4,17,7,16.0,2.2857142857142856,54.857142857142854,13.714285714285714,64.0,20.57142857142857,384.0,96.0,1457.1101281223268,1493.1101281223268,0,1.0,0,-4.10515629565126,0.47441141305716483,0.4724099754230008,-0.024134113354035258,0.0,1453.0049718266755,1453.0049718266755,1457.1101281223268,retrospective_first_five_backcast_previous_season_anchor_frozen_v7_5
bechem,1952,German Grand Prix,Günther Bechem,BMW,BMW,30,0.0009869989633370317,0.40425576794482987,1950-1960_front_engine,18,0.0,19.78,19.78,5.279999999999999,nurburgring,0.6615384615384615,open_meteo_era5_air_temperature_track_proxy,6,1952-08-03,jolpica_cross_fitted_xw_xp,0.0,18,Ignition,12.0,3.909090909090909,1,prior_same_circuit_grid_movement,other,0.4137931034482759,False,1500.0,0.0,0.49727168300178176,-0.11924686761098574,-0.8631060646998152,-0.23990052776337345,-0.05366109042494358,-1.078882580874769,-0.035985079164506016,0.0,0.007076774276406858,0.25779110344786993,22.52405800001177,0.02,0.0,0.05880602015151773,-0.05366109042494358,-1.078882580874769,-0.035985079164506016,-0.0015489511405941524,-0.007634388923036066,-0.0002881260197799556,0.002607173870609797,-0.08874962313093207,-0.0003635962738563343,0.2794176148314146,0.010391787405600419,0.0013904572159386612,0.007269020267622856,0.0010420649953241134,-0.0004701358937484163,-0.006348698945432611,-0.00012174367313386853,-0.0004701358937484163,cross_fitted,season_grid_average,example_precomputed_capabilities,0.6499999999999999,0.0,-1.3877787807814457e-17,0.0009203213221902448,0.19291156929723596,0.010391787405600419,0.2794176148314146,0.6499999999999999,0.7499999999999999,0.0061564529542166135,0.06487953415063397,-0.007076774276406858,0.15600200000040598,0.0,0.0,0.0,0.0,1500.0,revised_v3_parallel,prior_similar_races_current_season_only,field_centered_bounded_no_teammate_term,guntherbechem,karl-gunther-bechem,nacke,bernhard-nacke,nacke-hh48,nacke-hh48,exact_chassis,nacke-hh48,Ignition,other,30.0,30,True,,,True,,,,,False,0.6482758620689656,,0.0,0.0,0.0,0.0,0.038066015553825085,full_same_season_static_retrospective_baseline_plus_shape_distributions_v9,constructor_lineage_regulation_and_stability_shrunk,0.0,1500.0,1457.1101281223268,-2.9347564012126064,1497.0652435987874,1497.0652435987874,ec7d5a1f033fd71d,0.43202941293690966,0.2476,0.10697062691801841,0.08176238491889522,0.0,0.020757465404224327,0.253823743627094,0.22032046613255646,0.28514202476329203,0.2199563000728332,0.2229285401139851,2.104340201665936,0.0,0.789127575624726,0.43840420868040336,1.0960105217010083,1.6121984363332573,0.10396265725625532,0.0,0.0,0.0,0.0,0.038066015553825085,full_same_season_static_retrospective_baseline_plus_shape_distributions_v9,constructor_lineage_regulation_and_stability_shrunk,high,baseline_plus_shape_distributions_v9,0.27806723557439966,0.010602632169068909,full_same_season_static_retrospective,1450.6404398069712,0.0,18,DNF,,11173.3,18.0,,0.0,unavailable,,1.0,scheduled_distance_unavailable_assume_full,1464.402357093445,0.027669018762827954,0.0,0.0,0.0,0.0,,0.0,,0.0,0.0,0.0,0.0,0.0,0,0.0,0.0,0.4137931034482759,0.4137931034482759,all_field_expected_seconds_gap_residual_same_car_crossfit_v7_4,17,7,16.0,2.2857142857142856,54.857142857142854,13.714285714285714,64.0,20.57142857142857,384.0,96.0,1457.1101281223268,1493.1101281223268,0,1.0,0,-6.469688315355693,0.47209506816703584,0.4701138267237496,-0.05632072327547366,0.0,1450.6404398069712,1450.6404398069712,1457.1101281223268,retrospective_first_five_backcast_previous_season_anchor_frozen_v7_5
cantoni,1952,German Grand Prix,Eitel Cantoni,Maserati,Maserati,26,0.00026242648699304725,0.19081651899042215,1950-1960_front_engine,18,0.0,19.78,19.78,5.279999999999999,nurburgring,0.6615384615384615,open_meteo_era5_air_temperature_track_proxy,6,1952-08-03,jolpica_cross_fitted_xw_xp,0.0,19,Axle,7.0,3.909090909090909,1,prior_same_circuit_grid_movement,other,0.3793103448275862,False,1500.0,0.0,0.49727168300178176,-0.11924686761098574,0.5220570173045092,-0.24599022256499062,-0.05366109042494358,0.6525712716306364,-0.03689853338474859,2.569542648106794,0.010879779055965294,0.3753633887225721,19.114461727045413,0.0,0.0,0.0,-0.05366109042494358,0.6525712716306364,-0.03689853338474859,-0.0032354464187471003,-0.004061483352713882,-0.0007098709814697664,0.00030835036475025207,0.15982492507289545,-0.003181584022517383,0.33612546586879,0.013682159319491056,0.008654569923469814,0.009565602156573642,0.006457863510049468,-0.002979211356909507,-0.0038902435900133358,-0.0007825049434891616,-0.002979211356909507,cross_fitted,season_grid_average,example_precomputed_capabilities,0.7206064956914209,-1.734723475976807e-18,0.0,0.005675358566560307,0.4930771572839183,0.013682159319491056,0.33612546586879,0.6499999999999999,0.7499999999999999,0.005204420489404987,-0.11771376856134624,-0.010879779055965294,0.00394695610501411,0.0,0.0,0.0,0.0,1500.0,revised_v3_parallel,prior_similar_races_current_season_only,field_centered_bounded_no_teammate_term,eitelcantoni,eitel-cantoni,maserati,escuderia-bandeirantes,maserati-a6gcm,maserati-a6gcm,exact_chassis,maserati-a6gcm,Axle,other,26.0,26,True,,,True,False,,,,False,0.6482758620689656,,-0.15234524462634869,0.0,0.0,-0.5629039362475633,0.007621894365208592,full_same_season_static_retrospective_baseline_plus_shape_distributions_v9,constructor_lineage_regulation_and_stability_shrunk,-1.6140357472704134,1498.3859642527295,1402.3674005003124,-1.5285654912043718,1496.8573987615252,1496.8573987615252,ec7d5a1f033fd71d,0.43202941293690966,0.2476,0.10697062691801841,0.08176238491889522,0.0,0.020757465404224327,0.253823743627094,0.22032046613255646,0.28514202476329203,0.2199563000728332,0.2229285401139851,2.104340201665936,0.0,0.789127575624726,0.43840420868040336,1.0960105217010083,1.6121984363332573,0.10396265725625532,-0.14005613655725668,0.0,0.0,-0.5629039362475633,0.007621894365208592,full_same_season_static_retrospective_baseline_plus_shape_distributions_v9,constructor_lineage_regulation_and_stability_shrunk,high,baseline_plus_shape_distributions_v9,-0.9662405854790976,0.0003029877465010658,full_same_season_static_retrospective,1443.546275478123,0.0,19,DNF,,11173.3,18.0,,0.0,unavailable,,1.0,scheduled_distance_unavailable_assume_full,1414.451990637819,0.02283276434240104,0.0,0.0,0.0,0.0,,0.0,,0.0,0.0,0.0,-0.002831572803344237,3.6477885498198637,5,0.002831572803344237,0.0,0.3793103448275862,0.3793103448275862,all_field_expected_seconds_gap_residual_same_car_crossfit_v7_4,17,7,16.0,2.2857142857142856,54.857142857142854,13.714285714285714,64.0,20.57142857142857,384.0,96.0,1447.3997154001174,1493.1101281223268,0,1.0,0,-3.8534399219942737,0.46515219326593055,0.41992842914350303,-0.04061808431591685,0.0,1443.546275478123,1443.546275478123,1451.1949879645567,retrospective_first_five_backcast_previous_season_anchor_frozen_v7_5
krause,1952,German Grand Prix,Rudolf Krause,BMW,BMW,23,0.0015972738391629036,0.488307917654658,1950-1960_front_engine,18,0.0,19.78,19.78,5.279999999999999,nurburgring,0.6615384615384615,open_meteo_era5_air_temperature_track_proxy,6,1952-08-03,jolpica_cross_fitted_xw_xp,0.0,20,Retired,3.0,3.909090909090909,1,prior_same_circuit_grid_movement,other,0.3448275862068966,False,1500.0,0.0,0.49727168300178176,-0.11924686761098574,-0.8631060646998152,-0.23990052776337345,-0.05366109042494358,-1.078882580874769,-0.035985079164506016,0.0,0.0114524400098137,0.352535555756262,19.776468883068404,0.0,0.0,0.0,-0.05366109042494358,-1.078882580874769,-0.035985079164506016,-0.0025066886865287926,-0.012354835372402097,-0.00046627825445801324,0.001902588406549749,-0.11736028299242952,-0.000806232069419266,0.3816015374200868,0.016817170819499815,0.002250195813767763,0.01176355431069913,0.0016863879472690543,-0.0007608273076568524,-0.01027418580458822,-0.00019701944115814397,-0.0007608273076568524,cross_fitted,season_grid_average,example_precomputed_capabilities,0.6499999999999999,-1.734723475976807e-18,-1.3877787807814457e-17,0.0014893685061109104,0.26533761076478773,0.016817170819499815,0.3816015374200868,0.6499999999999999,0.7499999999999999,0.00996307150370279,0.08719794499147426,-0.0114524400098137,-0.007707969549365423,0.0,0.0,0.0,0.0,1500.0,revised_v3_parallel,prior_similar_races_current_season_only,field_centered_bounded_no_teammate_term,rudolfkrause,rudolf-krause,reif,rudolf-krause,reif,reif,exact_chassis,reif,Engine,mechanical,23.0,23,True,,,True,False,,,,False,0.6482758620689656,,0.0,0.0,0.0,0.0,0.038066015553825085,full_same_season_static_retrospective_baseline_plus_shape_distributions_v9,constructor_lineage_regulation_and_stability_shrunk,0.0,1500.0,1462.8607517625092,-1.486480539143641,1498.5135194608563,1498.5135194608563,ec7d5a1f033fd71d,0.43202941293690966,0.2476,0.10697062691801841,0.08176238491889522,0.0,0.020757465404224327,0.253823743627094,0.22032046613255646,0.28514202476329203,0.2199563000728332,0.2229285401139851,2.104340201665936,0.0,0.789127575624726,0.43840420868040336,1.0960105217010083,1.6121984363332573,0.10396265725625532,0.0,0.0,0.0,0.0,0.038066015553825085,full_same_season_static_retrospective_baseline_plus_shape_distributions_v9,constructor_lineage_regulation_and_stability_shrunk,high,baseline_plus_shape_distributions_v9,0.27806723557439966,0.010602632169068909,full_same_season_static_retrospective,1459.6246624189193,0.0,20,DNF,,11173.3,18.0,,0.0,unavailable,,1.0,scheduled_distance_unavailable_assume_full,1475.4193714342962,0.02886663595886258,0.0,0.0,0.0,0.0,,0.0,,0.0,0.0,0.0,0.0,0.0,0,0.0,0.0,0.3448275862068966,0.3448275862068966,all_field_expected_seconds_gap_residual_same_car_crossfit_v7_4,17,7,16.0,2.2857142857142856,54.857142857142854,13.714285714285714,64.0,20.57142857142857,384.0,96.0,1462.8607517625092,1493.1101281223268,0,1.0,0,-3.236089343589811,0.4809010461109022,0.4788432712253516,-0.134015685018455,0.0,1459.6246624189193,1459.6246624189193,1462.8607517625092,retrospective_first_five_backcast_previous_season_anchor_frozen_v7_5
schoeller,1952,German Grand Prix,Rudolf Schoeller,Ferrari,Ferrari,24,0.012560311557083367,0.7699921750389555,1950-1960_front_engine,18,0.0,19.78,19.78,5.279999999999999,nurburgring,0.6615384615384615,open_meteo_era5_air_temperature_track_proxy,6,1952-08-03,jolpica_cross_fitted_xw_xp,0.0,21,Suspension,3.0,3.909090909090909,1,prior_same_circuit_grid_movement,mechanical,,False,1500.0,0.0,0.49727168300178176,-0.11924686761098574,0.9584968838044305,1.307889518464369,-0.05366109042494358,1.1981211047555382,0.19618342776965536,3.8947015037508166,0.014527871544687774,0.4290016123850301,17.55895324083413,0.02,0.0,0.05880602015151773,-0.05366109042494358,1.1981211047555382,0.19618342776965536,-0.005238092360344419,0.0009888616133466278,0.0009016158424178195,-0.001812265395641277,0.2309391836746112,0.022064483587634853,0.36620376191837883,0.015699536761290763,0.018902955202773252,0.01254905014653613,0.012072188893108862,-0.006551033346062461,-0.00019712828982533862,0.0002797329636019287,-0.006551033346062461,cross_fitted,season_grid_average,example_precomputed_capabilities,0.7322002405538759,-4.336808689942018e-19,0.0,0.012351921856710791,0.6173951637849836,0.015699536761290763,0.36620376191837883,0.6499999999999999,0.7499999999999999,0.0021759496879769826,-0.1883935513999535,-0.014527871544687774,,0.0,0.0,0.0,0.0,1500.0,revised_v3_parallel,prior_similar_races_current_season_only,field_centered_bounded_no_teammate_term,rudolfschoeller,rudolf-schoeller,ferrari,ecurie-espadon,,ferrari-212|ferrari-500,ambiguous_chassis_constructor_fallback,constructor:ferrari,Suspension,mechanical,24.0,24,True,,,True,False,,,,False,0.6482758620689656,,0.12539496029635525,0.0,0.0,0.5602564097489028,0.18868038580071828,full_same_season_static_retrospective_baseline_plus_shape_distributions_v9,constructor_lineage_regulation_and_stability_shrunk,0.0,1500.0,1501.930640902239,-2.165662784331838,1497.8343372156683,1497.8343372156683,ec7d5a1f033fd71d,0.43202941293690966,0.2476,0.10697062691801841,0.08176238491889522,0.0,0.020757465404224327,0.253823743627094,0.22032046613255646,0.28514202476329203,0.2199563000728332,0.2229285401139851,2.104340201665936,0.0,0.789127575624726,0.43840420868040336,1.0960105217010083,1.6121984363332573,0.10396265725625532,0.13939740545065402,0.0,0.0,0.5602564097489028,0.18868038580071828,full_same_season_static_retrospective_baseline_plus_shape_distributions_v9,constructor_lineage_regulation_and_stability_shrunk,high,baseline_plus_shape_distributions_v9,1.3022536497951798,0.19781835010715276,full_same_season_static_retrospective,1452.879255422587,0.0,21,DNF,,11173.3,18.0,,0.0,unavailable,,1.0,scheduled_distance_unavailable_assume_full,1511.4595825511287,0.03315861823352013,0.0,0.0,0.0,0.0,,0.0,,0.0,0.0,0.0,0.025465164560056763,21.0982727871533,9,-0.025465164560056763,0.0,,,all_field_expected_seconds_gap_residual_same_car_crossfit_v7_4,17,7,16.0,2.2857142857142856,54.857142857142854,13.714285714285714,64.0,20.57142857142857,384.0,96.0,1457.1101281223268,1493.1101281223268,0,1.0,0,-4.230872699739766,0.47428823351027705,0.5159004766521542,,0.0,1452.879255422587,1452.879255422587,1457.1101281223268,retrospective_first_five_backcast_previous_season_anchor_frozen_v7_5
aston,1952,German Grand Prix,Bill Aston,Aston Butterworth,Aston Butterworth,21,0.0003948086384836214,0.24990217712273555,1950-1960_front_engine,18,0.0,19.78,19.78,5.279999999999999,nurburgring,0.6615384615384615,open_meteo_era5_air_temperature_track_proxy,6,1952-08-03,jolpica_cross_fitted_xw_xp,0.0,22,Oil pressure,-1.0,3.909090909090909,1,prior_same_circuit_grid_movement,mechanical,,False,1500.0,0.0,0.49727168300178176,-0.11924686761098574,-0.8631060646998152,-0.006428814012472411,-0.05366109042494358,-1.078882580874769,-0.0009643221018708616,1.1099374912728903,0.013151601226034709,0.38238787281706255,18.910751688305186,0.02,0.0,0.05880602015151773,-0.05366109042494358,-1.078882580874769,-0.0009643221018708616,-0.0028989368788795806,-0.014313455096437559,-0.0003452978302358056,0.001536407570307078,-0.12671770873028892,0.002754631481760731,0.41299454023661786,0.01929679265797824,0.002627751067224091,0.013772421265115273,0.0019350388307664414,-0.0008886482147987967,-0.012033318412689979,-0.00019593597834114697,-0.0008886482147987967,cross_fitted,season_grid_average,example_precomputed_capabilities,0.6967342117415154,-3.469446951953614e-18,-1.3877787807814457e-17,0.0017391028524252944,0.2905678705583967,0.01929679265797824,0.41299454023661786,0.6499999999999999,0.7499999999999999,0.011412498373609414,0.09182000225866582,-0.013151601226034709,,0.0,0.0,0.0,0.0,1500.0,revised_v3_parallel,prior_similar_races_current_season_only,field_centered_bounded_no_teammate_term,billaston,bill-aston,aston-butterworth,ws-aston,aston-butterworth-nb41,aston-butterworth-nb41,exact_chassis,aston-butterworth-nb41,Oil pressure,mechanical,21.0,21,True,,,True,False,,,,False,0.6482758620689656,,0.0,0.0,0.0,0.0,0.038066015553825085,full_same_season_static_retrospective_baseline_plus_shape_distributions_v9,constructor_lineage_regulation_and_stability_shrunk,-2.6539566276553597,1497.3460433723446,1451.4126557629627,-1.0573006373896392,1496.288742734955,1496.288742734955,ec7d5a1f033fd71d,0.43202941293690966,0.2476,0.10697062691801841,0.08176238491889522,0.0,0.020757465404224327,0.253823743627094,0.22032046613255646,0.28514202476329203,0.2199563000728332,0.2229285401139851,2.104340201665936,0.0,0.789127575624726,0.43840420868040336,1.0960105217010083,1.6121984363332573,0.10396265725625532,0.0,0.0,0.0,0.0,0.038066015553825085,full_same_season_static_retrospective_baseline_plus_shape_distributions_v9,constructor_lineage_regulation_and_stability_shrunk,high,baseline_plus_shape_distributions_v9,0.27806723557439966,0.010602632169068909,full_same_season_static_retrospective,1449.2750932049566,0.0,22,DNF,,11173.3,18.0,,0.0,unavailable,,1.0,scheduled_distance_unavailable_assume_full,1463.0027874396392,0.02752047768988502,0.0,0.0,0.0,0.0,,0.0,,0.0,0.0,0.0,0.0,0.0,0,0.0,0.0,,,all_field_expected_seconds_gap_residual_same_car_crossfit_v7_4,17,7,16.0,2.2857142857142856,54.857142857142854,13.714285714285714,64.0,20.57142857142857,384.0,96.0,1451.4126557629627,1493.1101281223268,0,1.0,0,-2.137562558006064,0.4707580221832396,0.46878845807351194,,0.0,1449.2750932049566,1449.2750932049566,1457.1101281223268,retrospective_first_five_backcast_previous_season_anchor_frozen_v7_5
trintignant,1952,German Grand Prix,Maurice Trintignant,Gordini,Gordini,3,0.0029116602112642517,0.5861259356568417,1950-1960_front_engine,18,0.0,19.78,19.78,5.279999999999999,nurburgring,0.6615384615384615,open_meteo_era5_air_temperature_track_proxy,6,1952-08-03,jolpica_cross_fitted_xw_xp,0.0,23,Accident,-20.0,3.909090909090909,1,prior_same_circuit_grid_movement,driver_fault,0.0,True,1497.1159802056354,0.0,0.49440887755526824,-0.24165737562058615,1.8407358592241891,0.5608008042799696,-0.10874581902926377,2.3009198240302364,0.08412012064199544,3.0590736329029378,0.08684243978191156,0.7432140132711331,8.446793615137139,0.08,0.0048013617144565535,0.15519863828554345,-0.10874581902926377,2.3009198240302364,0.08412012064199544,-0.04784251300498075,0.10757111749943521,-0.0017181701865855285,-0.018466463637911525,0.2018125337787543,0.004234169422361896,0.6963189533803319,0.0665387877741574,0.20202509263663734,0.0479190247044786,0.13023281910556772,-0.07747587055461098,0.07663019737754775,-0.005683597023541362,-0.07747587055461098,cross_fitted,season_grid_average,example_precomputed_capabilities,0.7255477556117655,2.0816681711721685e-17,2.7755575615628914e-17,0.12454922208202636,0.8838991929435366,0.0665387877741574,0.6963189533803319,0.6499999999999999,0.7499999999999999,-0.0377067823001148,-0.14068517967240346,-0.08684243978191156,-0.7432140132711331,-15.462070793646275,-1.787761666088203,-17.249832459734478,0.0,1479.866147745901,revised_v3_parallel,prior_similar_races_current_season_only,field_centered_bounded_no_teammate_term,mauricetrintignant,maurice-trintignant,gordini,equipe-gordini,,gordini-t15|gordini-t16|gordini-t16s,ambiguous_chassis_constructor_fallback,constructor:gordini,Accident,driver_fault,3.0,3,True,,10:19.100,True,False,,,,True,0.6482758620689656,-0.6482758620689656,-0.09257133631206776,0.0,0.0,-0.33933066158842684,0.01443716418214157,full_same_season_static_retrospective_baseline_plus_shape_distributions_v9,constructor_lineage_regulation_and_stability_shrunk,-0.7017696194125421,1496.414210586223,1444.785343887518,3.020740363292312,1499.4349509495153,1482.1851184897807,ec7d5a1f033fd71d,0.43202941293690966,0.2476,0.10697062691801841,0.08176238491889522,0.0,0.020757465404224327,0.253823743627094,0.22032046613255646,0.28514202476329203,0.2199563000728332,0.2229285401139851,2.104340201665936,0.0,0.789127575624726,0.43840420868040336,1.0960105217010083,1.6121984363332573,0.10396265725625532,-0.08442886684059618,0.0,0.0,-0.33933066158842684,0.01443716418214157,full_same_season_static_retrospective_baseline_plus_shape_distributions_v9,constructor_lineage_regulation_and_stability_shrunk,high,baseline_plus_shape_distributions_v9,-0.47802618933685925,0.0012224234952194512,full_same_season_static_retrospective,1478.3948073705717,0.0,28,DNF,,11173.3,18.0,,0.0,unavailable,,1.0,scheduled_distance_unavailable_assume_full,1448.5192915957543,0.026029346618228585,0.0,0.0,0.0,0.0,,0.0,,0.0,0.0,0.0,0.009391949986051362,7.233465791599075,4,-0.009391949986051362,0.0,0.0,0.0,all_field_expected_seconds_gap_residual_same_car_crossfit_v7_4,17,7,16.0,2.2857142857142856,54.857142857142854,13.714285714285714,64.0,20.57142857142857,384.0,96.0,1471.931796814592,1500.0,0,1.0,2,6.463010555979795,0.4993258648812877,0.47070405949081257,-0.47070405949081257,-29.35567529795494,1449.0391320726167,1449.0391320726167,1471.042854933691,retrospective_first_five_backcast_previous_season_anchor_frozen_v7_5
pietsch,1952,German Grand Prix,Paul Pietsch,Veritas,Veritas,7,0.00021211283115972346,0.16342503454572607,1950-1960_front_engine,18,0.0,19.78,19.78,5.279999999999999,nurburgring,0.6615384615384615,open_meteo_era5_air_temperature_track_proxy,6,1952-08-03,jolpica_cross_fitted_xw_xp,0.0,24,Gearbox,-17.0,3.909090909090909,1,prior_same_circuit_grid_movement,mechanical,,False,1485.1632467769614,0.7808817485808959,0.48254955013468687,-0.7489840499958184,-1.0166835429516832,-0.9139264482991383,-0.3370428224981183,-1.270854428689604,-0.13708896724487074,1.4843491850629902,0.03391351243758751,0.5745057004854477,13.339334685922017,0.0,0.0,0.0,-0.3370428224981183,-1.270854428689604,-0.13708896724487074,-0.01083991997387243,-0.034137301683577564,-0.0025188019096953358,-0.0388405840120241,-0.19984582620302827,-0.012926096365461121,0.6374088271305761,0.05053712068608837,0.005417642167547069,0.02725195732886996,0.0036079182692362708,-0.002376545048604033,-0.024210860209926924,-0.0005668211502932344,-0.002376545048604033,cross_fitted,season_grid_average,example_precomputed_capabilities,0.7048333152779276,-6.938893903907228e-18,0.0,0.0030410971189430364,0.38579632055006263,0.05053712068608837,0.6374088271305761,0.6499999999999999,0.7499999999999999,0.030872415318644472,0.18870937993538506,-0.03391351243758751,,0.0,0.0,0.0,0.0,1485.1632467769614,revised_v3_parallel,prior_similar_races_current_season_only,field_centered_bounded_no_teammate_term,paulpietsch,paul-pietsch,veritas,motor-presse-verlag,veritas-meteor,veritas-meteor,exact_chassis,veritas-meteor,Gearbox,mechanical,7.0,7,True,,10:56.300,True,False,,,,False,0.6482758620689656,,-0.003247582557927453,0.0,0.0,-0.013052459178744754,0.036672573637593554,full_same_season_static_retrospective_baseline_plus_shape_distributions_v9,constructor_lineage_regulation_and_stability_shrunk,-2.156915980570532,1483.0063307963908,1449.9260686686307,1.9346079816157078,1484.9409387780065,1484.9409387780065,ec7d5a1f033fd71d,0.43202941293690966,0.2476,0.10697062691801841,0.08176238491889522,0.0,0.020757465404224327,0.253823743627094,0.22032046613255646,0.28514202476329203,0.2199563000728332,0.2229285401139851,2.104340201665936,0.0,0.789127575624726,0.43840420868040336,1.0960105217010083,1.6121984363332573,0.10396265725625532,-0.003247582557927453,0.0,0.0,-0.013052459178744754,0.036672573637593554,full_same_season_static_retrospective_baseline_plus_shape_distributions_v9,constructor_lineage_regulation_and_stability_shrunk,high,baseline_plus_shape_distributions_v9,0.25154200739115545,0.009828790863776613,full_same_season_static_retrospective,1455.4732008045987,0.0,24,DNF,,11173.3,18.0,,0.0,unavailable,,1.0,scheduled_distance_unavailable_assume_full,1454.6888872644918,0.026654389112301714,0.0,0.0,0.0,0.0,,0.0,,0.0,0.0,0.0,-0.0204460625258061,3.55849052777397,3,0.0204460625258061,0.0,,,all_field_expected_seconds_gap_residual_same_car_crossfit_v7_4,17,7,16.0,2.2857142857142856,54.857142857142854,13.714285714285714,64.0,20.57142857142857,384.0,96.0,1450.9702654029302,1500.0,0,1.0,1,4.502935401668443,0.4768303710488761,0.47379331356385695,,0.0,1455.4732008045987,1455.4732008045987,1488.4335543644102,retrospective_first_five_backcast_previous_season_anchor_frozen_v7_5
bonetto,1952,German Grand Prix,Felice Bonetto,Maserati,Maserati,10,0.0008825147503535823,0.3845653125702351,1950-1960_front_engine,18,0.0,19.78,19.78,5.279999999999999,nurburgring,0.6615384615384615,open_meteo_era5_air_temperature_track_proxy,6,1952-08-03,jolpica_cross_fitted_xw_xp,0.0,25,Disqualified,-15.0,3.909090909090909,1,prior_same_circuit_grid_movement,driver_fault,0.0,True,1500.1453852193756,-0.007651853651395868,0.4974160043898183,-0.11307607828574225,0.5220570173045092,-0.24599022256499062,-0.05088423522858401,0.6525712716306364,-0.03689853338474859,2.569542648106794,0.032707720702949576,0.6091578051782742,12.334423649830047,0.0,0.0,0.0,-0.05088423522858401,0.6525712716306364,-0.03689853338474859,-0.009673164085989998,-0.012215131464737856,-0.0021357233888826114,-0.004916980355244238,0.0847552194504394,-0.005962008315674393,0.5906887474833941,0.04111612733181323,0.026007766074507492,0.028802882243363973,0.019448827291212535,-0.008915657682304727,-0.011710773851161208,-0.00235671889900977,-0.008915657682304727,cross_fitted,season_grid_average,example_precomputed_capabilities,0.7206064956914209,0.0,0.0,0.017092108392202765,0.6645649782629148,0.04111612733181323,0.5906887474833941,0.6499999999999999,0.7499999999999999,0.015615612310746811,-0.055407173084640604,-0.032707720702949576,-0.6091578051782742,-11.749825790079726,-1.7877616660882012,-13.537587456167927,0.0,1486.6077977632076,revised_v3_parallel,prior_similar_races_current_season_only,field_centered_bounded_no_teammate_term,felicebonetto,felice-bonetto,maserati,officine-alfieri-maserati,maserati-a6gcm,maserati-a6gcm,exact_chassis,maserati-a6gcm,Push start,driver_fault,10.0,10,True,,,True,False,,,,True,0.6482758620689656,-0.6482758620689656,-0.15234524462634869,0.0,0.0,-0.5629039362475633,0.007621894365208592,full_same_season_static_retrospective_baseline_plus_shape_distributions_v9,constructor_lineage_regulation_and_stability_shrunk,-0.2993406992149375,1499.8460445201606,1509.388034434103,1.7736315351927041,1501.6196760553532,1488.0820885991852,ec7d5a1f033fd71d,0.43202941293690966,0.2476,0.10697062691801841,0.08176238491889522,0.0,0.020757465404224327,0.253823743627094,0.22032046613255646,0.28514202476329203,0.2199563000728332,0.2229285401139851,2.104340201665936,0.0,0.789127575624726,0.43840420868040336,1.0960105217010083,1.6121984363332573,0.10396265725625532,-0.14005613655725668,0.0,0.0,-0.5629039362475633,0.007621894365208592,full_same_season_static_retrospective_baseline_plus_shape_distributions_v9,constructor_lineage_regulation_and_stability_shrunk,high,baseline_plus_shape_distributions_v9,-0.9662405854790976,0.0003029877465010658,full_same_season_static_retrospective,1556.7107436618203,0.0,30,DSQ,,11173.3,18.0,,0.0,unavailable,,1.0,scheduled_distance_unavailable_assume_full,1494.2896922179427,0.031039625183837703,0.0,0.0,0.0,0.0,,0.0,,0.0,0.0,0.0,-0.00859761416223623,3.6477885498198637,5,0.00859761416223623,0.0,0.0,0.0,all_field_expected_seconds_gap_residual_same_car_crossfit_v7_4,17,7,16.0,2.2857142857142856,54.857142857142854,13.714285714285714,64.0,20.57142857142857,384.0,96.0,1554.420349333908,1500.0,0,1.0,4,2.290394327912181,0.5756608291181663,0.5294804272703982,-0.5294804272703982,-32.57997890186363,1524.1307647599567,1524.1307647599567,1509.332656548554,retrospective_first_five_backcast_previous_season_anchor_frozen_v7_5
frere,1952,German Grand Prix,Paul Frère,HWM,HWM,13,0.0025151881099151623,0.5633413439830959,1950-1960_front_engine,18,0.0,19.78,19.78,5.279999999999999,nurburgring,0.6615384615384615,open_meteo_era5_air_temperature_track_proxy,6,1952-08-03,jolpica_cross_fitted_xw_xp,0.0,26,Gearbox,-13.0,3.909090909090909,1,prior_same_circuit_grid_movement,mechanical,,False,1503.9052892916661,0.0,0.5011484613283317,0.046510817912330464,-0.2131098542188733,0.5679141388041689,0.02092986806054871,-0.2663873177735916,0.08518712082062532,3.0590736329029378,0.024155413733657306,0.5382595890740869,14.39047191685148,0.0,0.0,0.0,0.02092986806054871,-0.2663873177735916,0.08518712082062532,-0.005131193027212889,-0.021577865834108464,0.00014918359069727473,0.00846371330354619,-0.035629943425724044,0.010048315427170735,0.5425390677478387,0.03345137007837573,0.009930411383542033,0.026478929436059413,0.007307385289202929,-0.0030389165757903833,-0.01958743462830776,-0.0004158904814512794,-0.0030389165757903833,cross_fitted,season_grid_average,example_precomputed_capabilities,0.7255477556117655,-3.469446951953614e-18,0.0,0.00689149480775165,0.5254211530528315,0.03345137007837573,0.5425390677478387,0.6499999999999999,0.7499999999999999,0.017263918925905654,0.01283843602125534,-0.024155413733657306,,0.0,0.0,0.0,0.0,1503.9052892916661,revised_v3_parallel,prior_similar_races_current_season_only,field_centered_bounded_no_teammate_term,paulfrere,paul-frere,hwm,hw-motors,,hwm-51|hwm-52,ambiguous_chassis_constructor_fallback,constructor:hwm,Gearbox,mechanical,13.0,13,True,,,True,False,,,,False,0.6482758620689656,,-0.034716883882267784,0.0,0.0,-0.1625983572426398,0.023920962555516758,full_same_season_static_retrospective_baseline_plus_shape_distributions_v9,constructor_lineage_regulation_and_stability_shrunk,1.0713495074961672,1504.9766387991624,1487.960190413167,0.6850818183644275,1505.6617206175267,1505.6617206175267,ec7d5a1f033fd71d,0.43202941293690966,0.2476,0.10697062691801841,0.08176238491889522,0.0,0.020757465404224327,0.253823743627094,0.22032046613255646,0.28514202476329203,0.2199563000728332,0.2229285401139851,2.104340201665936,0.0,0.789127575624726,0.43840420868040336,1.0960105217010083,1.6121984363332573,0.10396265725625532,-0.04045609962824157,0.0,0.0,-0.1625983572426398,0.023920962555516758,full_same_season_static_retrospective_baseline_plus_shape_distributions_v9,constructor_lineage_regulation_and_stability_shrunk,high,baseline_plus_shape_distributions_v9,-0.005489302361938185,0.004715904589177437,full_same_season_static_retrospective,1502.1256921192542,0.0,26,DNF,,11173.3,18.0,,0.0,unavailable,,1.0,scheduled_distance_unavailable_assume_full,1497.354665622503,0.03140769665336979,0.0,0.0,0.0,0.0,,0.0,,0.0,0.0,0.0,-0.020124394760238678,6.388721882398279,6,0.020124394760238678,0.0,,,all_field_expected_seconds_gap_residual_same_car_crossfit_v7_4,17,7,16.0,2.2857142857142856,54.857142857142854,13.714285714285714,64.0,20.57142857142857,384.0,96.0,1500.9680589925783,1493.1101281223268,0,1.0,1,1.1576331266759259,0.5226120337250435,0.5075502235410303,,0.0,1502.1256921192542,1502.1256921192542,1477.2975423365606,retrospective_first_five_backcast_previous_season_anchor_frozen_v7_5
helfrich,1952,German Grand Prix,Theo Helfrich,Veritas,Veritas,18,0.000822076969725285,0.372123899165888,1950-1960_front_engine,18,0.0,19.78,19.78,5.279999999999999,nurburgring,0.6615384615384615,open_meteo_era5_air_temperature_track_proxy,6,1952-08-03,jolpica_cross_fitted_xw_xp,0.0,27,Retired,-9.0,3.909090909090909,1,prior_same_circuit_grid_movement,other,0.10344827586206895,False,1500.0,0.0,0.49727168300178176,-0.11924686761098574,-1.0166835429516832,-0.9139264482991383,-0.05366109042494358,-1.270854428689604,-0.13708896724487074,1.4843491850629902,0.016006681469198925,0.4172317573228419,17.900279037637585,0.0,0.0,0.0,-0.05366109042494358,-1.270854428689604,-0.13708896724487074,-0.003374388096940912,-0.01738772087556353,-0.0012710657408418684,0.0011666831224862915,-0.16504013546266333,-0.011933553865997572,0.4611835088743856,0.023718292618870134,0.002542630456380223,0.015654465790311073,0.002003089152147097,-0.0008575125508564025,-0.013969347884787252,-0.0003179712466232767,-0.0008575125508564025,cross_fitted,season_grid_average,example_precomputed_capabilities,0.7048333152779276,-3.469446951953614e-18,0.0,0.0016851179055238203,0.28537650266821096,0.023718292618870134,0.4611835088743856,0.6499999999999999,0.7499999999999999,0.014321563563675104,0.13185525465463094,-0.016006681469198925,-0.31378348146077295,0.0,0.0,0.0,0.0,1500.0,revised_v3_parallel,prior_similar_races_current_season_only,field_centered_bounded_no_teammate_term,theohelfrich,theo-helfrich,veritas,theo-helfrich,veritas-rs,veritas-rs,exact_chassis,veritas-rs,Engine,mechanical,18.0,18,True,,,True,False,,,,False,0.6482758620689656,,0.1448275862068965,0.0,0.0,0.5820810166341217,0.20082030893577377,full_same_season_static_retrospective_baseline_plus_shape_distributions_v9,constructor_lineage_regulation_and_stability_shrunk,0.0,1500.0,1517.2205474383388,-0.9962485418521559,1499.003751458148,1499.003751458148,ec7d5a1f033fd71d,0.43202941293690966,0.2476,0.10697062691801841,0.08176238491889522,0.0,0.020757465404224327,0.253823743627094,0.22032046613255646,0.28514202476329203,0.2199563000728332,0.2229285401139851,2.104340201665936,0.0,0.789127575624726,0.43840420868040336,1.0960105217010083,1.6121984363332573,0.10396265725625532,0.1448275862068965,0.0,0.0,0.5820810166341217,0.20082030893577377,full_same_season_static_retrospective_baseline_plus_shape_distributions_v9,constructor_lineage_regulation_and_stability_shrunk,high,baseline_plus_shape_distributions_v9,1.4609731980383762,0.3113238253254752,full_same_season_static_retrospective,1469.0569514446915,0.0,25,DNF,,11173.3,18.0,,0.0,unavailable,,1.0,scheduled_distance_unavailable_assume_full,1525.0206964715335,0.03493400779653843,0.0,0.0,0.0,0.0,,0.0,,0.0,0.0,0.0,-0.0019689058480117606,1.5,1,0.0019689058480117606,0.0,0.10344827586206895,0.10344827586206895,all_field_expected_seconds_gap_residual_same_car_crossfit_v7_4,17,7,16.0,2.2857142857142856,54.857142857142854,13.714285714285714,64.0,20.57142857142857,384.0,96.0,1470.6540661076092,1493.1101281223268,0,1.0,0,-1.5971146629177257,0.4901571159935091,0.5333060306110324,-0.4298577547489635,0.0,1469.0569514446915,1469.0569514446915,1470.6540661076092,retrospective_first_five_backcast_previous_season_anchor_frozen_v7_5
peters,1952,German Grand Prix,Josef Peters,Veritas,Veritas,20,0.0007164407615133357,0.34817606143460234,1950-1960_front_engine,18,0.0,19.78,19.78,5.279999999999999,nurburgring,0.6615384615384615,open_meteo_era5_air_temperature_track_proxy,6,1952-08-03,jolpica_cross_fitted_xw_xp,0.0,28,Retired,-8.0,3.909090909090909,1,prior_same_circuit_grid_movement,other,0.06896551724137934,False,1500.0,0.0,0.49727168300178176,-0.11924686761098574,-1.0166835429516832,-0.9139264482991383,-0.05366109042494358,-1.270854428689604,-0.13708896724487074,1.4843491850629902,0.013949836187390723,0.38747575735235085,18.763203036781825,0.02,0.0,0.05880602015151773,-0.05366109042494358,-1.270854428689604,-0.13708896724487074,-0.002940782027529326,-0.015153413176424274,-0.001107734848242462,0.001557609197299405,-0.15586182622869485,-0.011545555619602974,0.42893820051510045,0.020670511705659346,0.0022159045533471067,0.013642879930869297,0.0017456938588401739,-0.0007473228998838238,-0.012174298277406013,-0.000277112205376891,-0.0007473228998838238,cross_fitted,season_grid_average,example_precomputed_capabilities,0.7048333152779276,0.0,0.0,0.0014685816534632829,0.263088427864102,0.020670511705659346,0.42893820051510045,0.6499999999999999,0.7499999999999999,0.01248125453392744,0.12438732948824882,-0.013949836187390723,-0.3185102401109715,0.0,0.0,0.0,0.0,1500.0,revised_v3_parallel,prior_similar_races_current_season_only,field_centered_bounded_no_teammate_term,josefpeters,josef-peters,veritas,josef-peters,veritas-rs,veritas-rs,exact_chassis,veritas-rs,Engine,mechanical,20.0,20,True,,,True,False,,,,False,0.6482758620689656,,0.1448275862068965,0.0,0.0,0.5820810166341217,0.20082030893577377,full_same_season_static_retrospective_baseline_plus_shape_distributions_v9,constructor_lineage_regulation_and_stability_shrunk,0.0,1500.0,1503.6766094530565,-1.410041645300432,1498.5899583546995,1498.5899583546995,ec7d5a1f033fd71d,0.43202941293690966,0.2476,0.10697062691801841,0.08176238491889522,0.0,0.020757465404224327,0.253823743627094,0.22032046613255646,0.28514202476329203,0.2199563000728332,0.2229285401139851,2.104340201665936,0.0,0.789127575624726,0.43840420868040336,1.0960105217010083,1.6121984363332573,0.10396265725625532,0.1448275862068965,0.0,0.0,0.5820810166341217,0.20082030893577377,full_same_season_static_retrospective_baseline_plus_shape_distributions_v9,constructor_lineage_regulation_and_stability_shrunk,high,baseline_plus_shape_distributions_v9,1.4609731980383762,0.3113238253254752,full_same_season_static_retrospective,1454.7475918827913,0.0,27,DNF,,11173.3,18.0,,0.0,unavailable,,1.0,scheduled_distance_unavailable_assume_full,1515.0738198576207,0.03362277189697316,0.0,0.0,0.0,0.0,,0.0,,0.0,0.0,0.0,-0.0019689058480117606,1.5,1,0.0019689058480117606,0.0,0.06896551724137934,0.06896551724137934,all_field_expected_seconds_gap_residual_same_car_crossfit_v7_4,17,7,16.0,2.2857142857142856,54.857142857142854,13.714285714285714,64.0,20.57142857142857,384.0,96.0,1457.1101281223268,1493.1101281223268,0,1.0,0,-2.362536239535566,0.4761191436886278,0.5194147369263902,-0.45044921968501084,0.0,1454.7475918827913,1454.7475918827913,1457.1101281223268,retrospective_first_five_backcast_previous_season_anchor_frozen_v7_5
carini,1952,German Grand Prix,Piero Carini,Ferrari,Ferrari,27,0.010218852247560785,0.7485487986533832,1950-1960_front_engine,18,0.0,19.78,19.78,5.279999999999999,nurburgring,0.6615384615384615,open_meteo_era5_air_temperature_track_proxy,6,1952-08-03,jolpica_cross_fitted_xw_xp,0.0,29,Brakes,-2.0,3.909090909090909,1,prior_same_circuit_grid_movement,mechanical,,False,1500.0,0.0,0.49727168300178176,-0.11924686761098574,0.9584968838044305,1.307889518464369,-0.05366109042494358,1.1981211047555382,0.19618342776965536,3.8947015037508166,0.011819625023790465,0.38758625430117744,18.759998625265855,0.0,0.0,0.0,-0.05366109042494358,1.1981211047555382,0.19618342776965536,-0.004261621349611341,0.0008045207058876738,0.0007335390556082035,-0.0009472340774877482,0.24300691290797335,0.022330524437329254,0.3214887034842237,0.012772871579630876,0.015379117419301945,0.010209690158709863,0.009821724090415021,-0.0053298074277865325,-0.0001603801671944509,0.00022758590110039112,-0.0053298074277865325,cross_fitted,season_grid_average,example_precomputed_capabilities,0.7322002405538759,0.0,0.0,0.010049309991515413,0.5858789067520386,0.012772871579630876,0.3214887034842237,0.6499999999999999,0.7499999999999999,0.0017703150322750522,-0.19829265245086114,-0.011819625023790465,,0.0,0.0,0.0,0.0,1500.0,revised_v3_parallel,prior_similar_races_current_season_only,field_centered_bounded_no_teammate_term,pierocarini,piero-carini,ferrari,scuderia-marzotto,ferrari-166,ferrari-166,exact_chassis,ferrari-166,Brakes,mechanical,27.0,27,True,,,True,False,,,,False,0.6482758620689656,,-0.25769230769230766,0.0,0.0,-1.0356990982784786,0.00197423626652474,full_same_season_static_retrospective_baseline_plus_shape_distributions_v9,constructor_lineage_regulation_and_stability_shrunk,-1.8523301960828629,1498.147669803917,1369.5830822724806,-1.3615622800701102,1496.786107523847,1496.786107523847,ec7d5a1f033fd71d,0.43202941293690966,0.2476,0.10697062691801841,0.08176238491889522,0.0,0.020757465404224327,0.253823743627094,0.22032046613255646,0.28514202476329203,0.2199563000728332,0.2229285401139851,2.104340201665936,0.0,0.789127575624726,0.43840420868040336,1.0960105217010083,1.6121984363332573,0.10396265725625532,-0.25769230769230766,0.0,0.0,-1.0356990982784786,0.00197423626652474,full_same_season_static_retrospective_baseline_plus_shape_distributions_v9,constructor_lineage_regulation_and_stability_shrunk,high,baseline_plus_shape_distributions_v9,-1.826682109725515,2.592708069425619e-05,full_same_season_static_retrospective,1448.5374851741688,0.0,23,DNF,,11173.3,18.0,,0.0,unavailable,,1.0,scheduled_distance_unavailable_assume_full,1379.3409355629283,0.019948501295070108,0.0,0.0,0.0,0.0,,0.0,,0.0,0.0,0.0,-0.009804520297298948,0.636806713386417,1,0.009804520297298948,0.0,,,all_field_expected_seconds_gap_residual_same_car_crossfit_v7_4,17,7,16.0,2.2857142857142856,54.857142857142854,13.714285714285714,64.0,20.57142857142857,384.0,96.0,1452.439010134759,1493.1101281223268,0,1.0,0,-3.901524960590219,0.4700358561455032,0.3890055410552772,,0.0,1448.5374851741688,1448.5374851741688,1457.1101281223268,retrospective_first_five_backcast_previous_season_anchor_frozen_v7_5
bianco,1952,German Grand Prix,Gino Bianco,Maserati,Maserati,16,0.0004410346581327758,0.267240572474119,1950-1960_front_engine,18,0.0,19.78,19.78,5.279999999999999,nurburgring,0.6615384615384615,open_meteo_era5_air_temperature_track_proxy,6,1952-08-03,jolpica_cross_fitted_xw_xp,0.0,30,Retired,-14.0,3.909090909090909,1,prior_same_circuit_grid_movement,other,0.0,False,1498.705215045272,0.0,0.49598639250525184,-0.1742032463366562,0.5220570173045092,-0.24599022256499062,-0.0783914608514953,0.6525712716306364,-0.03689853338474859,2.569542648106794,0.021565372747513314,0.5204954292549749,14.905632551605727,0.0,0.0,0.0,-0.0783914608514953,0.6525712716306364,-0.03689853338474859,-0.006725369736063697,-0.008020268672061705,-0.0013974570041794907,-0.0063302874112770025,0.11846928053475454,-0.005020468618685242,0.49371579812877686,0.027215456141820027,0.0172149777442636,0.0186921868637573,0.012598416672535362,-0.006142617014748469,-0.007619826134242169,-0.0015260559430202297,-0.006142617014748469,cross_fitted,season_grid_average,example_precomputed_capabilities,0.7206064956914209,0.0,1.3877787807814457e-17,0.011072360729515132,0.6008343226335692,0.027215456141820027,0.49371579812877686,0.6499999999999999,0.7499999999999999,0.010493012017998182,-0.08033889337859423,-0.021565372747513314,-0.5204954292549749,0.0,0.0,0.0,0.0,1498.705215045272,revised_v3_parallel,prior_similar_races_current_season_only,field_centered_bounded_no_teammate_term,ginobianco,gino-bianco,maserati,escuderia-bandeirantes,maserati-a6gcm,maserati-a6gcm,exact_chassis,maserati-a6gcm,Engine,mechanical,16.0,16,True,,,True,False,,,,False,0.6482758620689656,,-0.15234524462634869,0.0,0.0,-0.5629039362475633,0.007621894365208592,full_same_season_static_retrospective_baseline_plus_shape_distributions_v9,constructor_lineage_regulation_and_stability_shrunk,-1.8075841343671875,1496.8976309109048,1389.262885015052,0.5486966589325949,1497.4463275698374,1497.4463275698374,ec7d5a1f033fd71d,0.43202941293690966,0.2476,0.10697062691801841,0.08176238491889522,0.0,0.020757465404224327,0.253823743627094,0.22032046613255646,0.28514202476329203,0.2199563000728332,0.2229285401139851,2.104340201665936,0.0,0.789127575624726,0.43840420868040336,1.0960105217010083,1.6121984363332573,0.10396265725625532,-0.14005613655725668,0.0,0.0,-0.5629039362475633,0.007621894365208592,full_same_season_static_retrospective_baseline_plus_shape_distributions_v9,constructor_lineage_regulation_and_stability_shrunk,high,baseline_plus_shape_distributions_v9,-0.9662405854790976,0.0003029877465010658,full_same_season_static_retrospective,1435.3417068784238,0.0,29,DNF,,11173.3,18.0,,0.0,unavailable,,1.0,scheduled_distance_unavailable_assume_full,1411.4971434881436,0.022574743570814723,0.0,0.0,0.0,0.0,,0.0,,0.0,0.0,0.0,1.9950051588948866e-05,3.5629837938256532,5,-1.9950051588948866e-05,0.0,0.0,0.0,all_field_expected_seconds_gap_residual_same_car_crossfit_v7_4,17,7,16.0,2.2857142857142856,54.857142857142854,13.714285714285714,64.0,20.57142857142857,384.0,96.0,1434.295199914857,1493.1101281223268,0,1.0,1,1.046506963566753,0.45713771237085093,0.4121385765227529,-0.4121385765227529,0.0,1435.3417068784238,1435.3417068784238,1448.4604135215911,retrospective_first_five_backcast_previous_season_anchor_frozen_v7_5
