driver_id,season,event,driver,constructor,team,grid,v02_XW,v02_XP,regulation_era,race_distance_laps,wet_fraction,track_temperature,air_temperature,wind_speed,circuit_id,overtake_index,weather_source,round,date,source,observed_winner,position,status,positions_gained,overtake_proxy_raw,circuit_history_races,overtake_source,status_class,observed_performance,rating_eligible,pre_rating,season_reversion_delta,driver_expected_from_rating,driver_score_raw_revised,car_score_raw_revised,team_score_raw_revised,XdW_score_revised,XcW_score_revised,XtW_score_revised,car_effective_prior_races,XW,XP,expected_position,XW_simulated,XW_lower_95,XW_upper_95,XdW_score,XcW_score,XtW_score,XdW_probability_contribution,XcW_probability_contribution,XtW_probability_contribution,XdP_performance_contribution,XcP_performance_contribution,XtP_performance_contribution,XP_neutral_baseline,XW_neutral_baseline,XW_with_neutral_driver,XW_with_neutral_car,XW_with_neutral_team,driver_direct_uplift,car_direct_uplift,team_direct_uplift,driver_above_car_expectation,analysis_mode,neutral_reference,data_quality,model_confidence,decomposition_error,xp_decomposition_error,XW_raw_revised,XP_raw_revised,XW_neutral_revised,XP_neutral_revised,xw_calibration_shrinkage,xp_calibration_shrinkage,xw_calibration_adjustment,xp_calibration_adjustment,win_surprise,performance_surprise,raw_rating_delta,field_centering_adjustment,rating_delta,teammate_rating_delta,post_rating,model_version,car_prior_scope,rating_update_method,driver_name_key,driver_id_f1db,constructor_id_f1db,entrant_id,car_model_id,car_model_candidates,car_identity_resolution,model_entity_id,reason_retired_f1db,status_class_f1db,qualifying_position,qualifying_position_text,qualifying_eligible,qualifying_laps,qualifying_time,f1db_joined,clean_pass_proxy_eligible,clean_grid_rank,clean_finish_rank,clean_positions_gained,car_fit_eligible,field_performance,relative_performance,current_car_score_raw,constructor_prior_z_x,prior_weight_total_x,car_suitability_score_v6,expected_car_win_v6,car_model_scope_v6,car_prior_scope_v6,qualifying_rating_carried_v6,pre_qualifying_rating_v6,pre_session_strength,qualifying_delta_v6,pre_race_rating_v6,post_event_rating_v6,layout_key,straight_demand,altitude_demand,top_three_straight_share,straight_600_1000_track_share,straight_over_1000_track_share,radius_under_50_distance_share,radius_50_90_distance_share,radius_90_150_distance_share,radius_150_250_distance_share,radius_250_450_distance_share,steady_long_turn_distance_share,opposite_direction_links_per_km,same_direction_links_per_km,multi_turn_complexes_per_km,multi_apex_turns_per_km,tightening_turns_per_km,approach_severity_per_km,top_three_turning_share,current_car_score_raw_v7_6,constructor_prior_z_y,prior_weight_total_y,car_suitability_score_v7_6,expected_car_win_v7_6,car_model_scope_v7_6,car_prior_scope_v7_6,shape_topology_quality,car_suitability_model_branch_v7_6,car_suitability_score_v6_baseline,expected_car_win_v6_baseline,car_model_scope_v6_baseline,retrospective_pre_race_rating,driver_context_adjustment,result_order,finish_position_text,gap_laps,winner_race_time_seconds,winner_race_laps,cumulative_gap_share,cumulative_gap_reliability,cumulative_gap_quality,race_completion_fraction_v7_4,race_completion_reliability_v7_4,race_completion_quality_v7_4,pairwise_pre_race_strength_v7_4,field_xw_v7_4,margin_comparison_count,margin_comparison_weight,weighted_pair_gap_residual,same_car_margin_comparisons,eligible_timed_field_size,margin_race_completion_reliability,mean_pair_gap_residual_score,margin_pair_coverage,margin_field_depth_factor,raw_pairwise_margin_performance_adjustment,crossfit_car_margin_component,crossfit_car_margin_effective_rows,crossfit_car_margin_other_drivers,driver_margin_adjustment_before_centering,pairwise_margin_performance_adjustment,observed_performance_position_only,gap_adjusted_observed_performance,pairwise_margin_model,event_index,season_rounds,calendar_reference_rounds,calendar_k_multiplier,effective_race_k,effective_qualifying_k,effective_max_race_delta,effective_max_qualifying_delta,scheduled_race_k_budget,scheduled_qualifying_k_budget,retrospective_pre_qualifying_rating,retrospective_debut_anchor,inactivity_seasons,return_uncertainty_multiplier,driver_context_prior_samples,retrospective_qualifying_delta,retrospective_driver_expected_from_rating,retrospective_expected_performance,retrospective_performance_residual,retrospective_race_delta,retrospective_post_rating,retrospective_rating,debut_rating_frozen,rating_history_scope
ascari,1952,British Grand Prix,Alberto Ascari,Ferrari,Ferrari,2,0.5143155041148068,0.9743338142159071,1950-1960_front_engine,85,0.0,20.54,20.54,5.186,silverstone,0.658632008222539,open_meteo_era5_air_temperature_track_proxy,5,1952-07-19,jolpica_cross_fitted_xw_xp,1.0,1,Finished,1.0,3.8587801087801092,2,prior_same_circuit_grid_movement,finished,1.0952052838705233,True,1595.7255470319938,0.0,0.5913675134700898,4.789447433222259,0.5392165247624765,0.6538614248074338,2.155251344950017,0.6740206559530957,0.09807921372111507,2.2661923368942807,0.13300646987982703,0.7719395321061033,8.069874504710796,0.3,0.17297748231120594,0.42702251768879407,2.155251344950017,0.6740206559530957,0.09807921372111507,0.1993196874691296,0.009280794529346367,0.003999658170031735,0.1765212086076334,0.034410654901483075,0.0050640662111732055,0.7179405496760309,0.06922642782927468,0.06977231669184888,0.2646687723578013,0.2783403363157172,0.2120542513059335,0.0171577956399811,0.0034862316820651884,0.2120542513059335,cross_fitted,season_grid_average,example_precomputed_capabilities,0.717001473688212,0.0,0.0,0.2818265679977824,0.9339364793963206,0.06922642782927468,0.7179405496760309,0.7,0.7499999999999999,-0.14882009811795535,-0.1619969472902173,0.866993530120173,0.22806046789389667,24.912933144974293,-2.8738471467582407,22.039085998216052,0.0,1617.7646330302098,revised_v3_parallel,prior_similar_races_current_season_only,field_centered_bounded_no_teammate_term,albertoascari,alberto-ascari,ferrari,scuderia-ferrari,,ferrari-375s|ferrari-500,ambiguous_chassis_constructor_fallback,constructor:ferrari,,finished,2.0,2,True,,1:50.000,True,True,2.0,1.0,1.0,True,0.6612903225806451,0.33870967741935487,0.12371104867318344,0.0,0.0,0.4816464266327554,0.23504836327075837,full_same_season_static_retrospective_baseline_plus_shape_distributions_v9,constructor_lineage_regulation_and_stability_shrunk,18.182894214226856,1613.9084412462207,1709.0988920941772,1.6823103089468294,1615.5907515551676,1637.6298375533836,748c427fac885acd,0.5100327774028728,0.0608,0.3181336161187699,0.1378579003181336,0.0,0.0,0.0,0.2386634844868735,0.5656324582338902,0.1957040572792363,0.2301166489925769,0.21208907741251326,0.0,0.21208907741251326,0.21208907741251326,0.0,0.9395673122753119,0.5132711972991405,0.11983845440925163,0.0,0.0,0.4816464266327554,0.23504836327075837,full_same_season_static_retrospective_baseline_plus_shape_distributions_v9,constructor_lineage_regulation_and_stability_shrunk,high,baseline_plus_shape_distributions_v9,1.290050270844604,0.3078459594995604,full_same_season_static_retrospective,1674.082971635869,0.18084724885697268,1,1,,9851.0,85.0,0.0,1.0,winner_origin,,1.0,scheduled_distance_unavailable_assume_full,1738.6567655901072,0.07525297203735477,21.0,20.299999999999997,5.055666024505863,4.0,22.0,1.0,0.24904758741408195,1.0,1.0513149660756937,0.10473098236538758,0.014733171487377007,18.92105424036953,8,0.08999781087801058,0.09520528387052335,1.0,1.0952052838705233,all_field_expected_seconds_gap_residual_same_car_crossfit_v7_4,16,7,16.0,2.2857142857142856,54.857142857142854,13.714285714285714,64.0,20.57142857142857,384.0,96.0,1670.5671779635568,1500.0,0,1.0,11,3.5157936723121,0.679198104683765,0.8948718384071397,0.2003334454633836,4.155560105549398,1678.2385317414182,1678.2385317414182,1582.561372671197,retrospective_first_five_backcast_previous_season_anchor_frozen_v7_5
taruffi,1952,British Grand Prix,Piero Taruffi,Ferrari,Ferrari,3,0.04377622608621275,0.8290096629118993,1950-1960_front_engine,85,0.0,20.54,20.54,5.186,silverstone,0.658632008222539,open_meteo_era5_air_temperature_track_proxy,5,1952-07-19,jolpica_cross_fitted_xw_xp,0.0,2,+1 Lap,1.0,3.8587801087801092,2,prior_same_circuit_grid_movement,finished,1.0509173164274885,True,1506.5247723104583,0.0,0.5039269652407035,0.20212388427481826,0.5392165247624765,0.6538614248074338,0.09095574792366821,0.6740206559530957,0.09807921372111507,2.2661923368942807,0.06060196851161822,0.7208839425327641,9.652597781484312,0.02,0.0,0.05880602015151773,0.09095574792366821,0.6740206559530957,0.09807921372111507,-0.012535485366976311,-0.0021834454497971,0.001359425027860754,0.005053845566964495,0.054940964318909616,0.006857143228591119,0.7041709542541478,0.06460982024829201,0.0651193045939735,0.0553151479932721,0.05113134426582164,-0.013868990134594146,-0.004064833533892746,0.00011897019355771449,-0.013868990134594146,cross_fitted,season_grid_average,example_precomputed_capabilities,0.717001473688212,0.0,0.0,0.05125031445937935,0.771022907368613,0.06460982024829201,0.7041709542541478,0.7,0.7499999999999999,0.009351654052238867,-0.0501389648358489,-0.06060196851161822,0.24685799295110689,2.988996628841087,-2.87384714675824,0.11514948208284714,0.0,1506.6399217925411,revised_v3_parallel,prior_similar_races_current_season_only,field_centered_bounded_no_teammate_term,pierotaruffi,piero-taruffi,ferrari,scuderia-ferrari,,ferrari-375s|ferrari-500,ambiguous_chassis_constructor_fallback,constructor:ferrari,,finished,3.0,3,True,,1:53.000,True,True,3.0,2.0,1.0,True,0.6612903225806451,0.30645161290322587,0.12371104867318344,0.0,0.0,0.4816464266327554,0.23504836327075837,full_same_season_static_retrospective_baseline_plus_shape_distributions_v9,constructor_lineage_regulation_and_stability_shrunk,11.196172325937951,1517.7209446363963,1578.7147753023723,2.0032468724439054,1519.7241915088402,1519.8393409909231,748c427fac885acd,0.5100327774028728,0.0608,0.3181336161187699,0.1378579003181336,0.0,0.0,0.0,0.2386634844868735,0.5656324582338902,0.1957040572792363,0.2301166489925769,0.21208907741251326,0.0,0.21208907741251326,0.21208907741251326,0.0,0.9395673122753119,0.5132711972991405,0.11983845440925163,0.0,0.0,0.4816464266327554,0.23504836327075837,full_same_season_static_retrospective_baseline_plus_shape_distributions_v9,constructor_lineage_regulation_and_stability_shrunk,high,baseline_plus_shape_distributions_v9,1.290050270844604,0.3078459594995604,full_same_season_static_retrospective,1544.8280107652486,0.15966072477541554,2,2,1.0,9851.0,85.0,0.011764705882352941,0.7,lap_equivalent,,1.0,scheduled_distance_unavailable_assume_full,1613.9951324518802,0.04659007700266271,21.0,20.299999999999997,4.768104846724001,4.0,22.0,1.0,0.23488201215389173,1.0,1.0513149660756937,0.09877398985574376,0.02080608190463895,19.57039524479361,8,0.07796790795110481,0.0831753809436176,0.967741935483871,1.0509173164274885,all_field_expected_seconds_gap_residual_same_car_crossfit_v7_4,16,7,16.0,2.2857142857142856,54.857142857142854,13.714285714285714,64.0,20.57142857142857,384.0,96.0,1540.183061171752,1500.0,0,1.0,6,4.644949593496634,0.5602801272212459,0.7607039647217477,0.2902133517057408,9.086114962272992,1553.9141257275217,1553.9141257275217,1498.0006597446968,retrospective_first_five_backcast_previous_season_anchor_frozen_v7_5
hawthorn,1952,British Grand Prix,Mike Hawthorn,Cooper,Cooper,7,0.011297037157521044,0.6675349657351586,1950-1960_front_engine,85,0.0,20.54,20.54,5.186,silverstone,0.658632008222539,open_meteo_era5_air_temperature_track_proxy,5,1952-07-19,jolpica_cross_fitted_xw_xp,0.0,3,+2 Laps,4.0,3.8587801087801092,2,prior_same_circuit_grid_movement,finished,1.068631758314558,True,1501.7431021191194,0.0,0.49918750437664333,-0.04378281710199369,0.6590739807356166,1.0540720934127594,-0.019702267695897162,0.8238424759195208,0.1581108140119139,1.808000695824903,0.0470521494884546,0.6709710257806357,11.199898200800293,0.06,0.0,0.12582799404508693,-0.019702267695897162,0.8238424759195208,0.1581108140119139,-0.01401033727134086,0.004590727633345523,0.0028481923445254206,-0.006297067169644436,0.09159159643512821,0.014576980756619357,0.64600314827511,0.04902357467649557,0.05890384423881336,0.040170236224994965,0.04068033017788484,-0.01645168685578771,0.002281921158030685,0.0017718272051408107,-0.01645168685578771,cross_fitted,season_grid_average,example_precomputed_capabilities,0.7104856518359379,-8.673617379884035e-19,1.3877787807814457e-17,0.04245215738302565,0.7458746582972131,0.04902357467649557,0.64600314827511,0.7,0.7499999999999999,0.0045999921054289475,-0.07490363251657739,-0.0470521494884546,0.26451284518710627,3.6319796256450028,-2.87384714675824,0.7581324788867629,0.0,1502.5012345980062,revised_v3_parallel,prior_similar_races_current_season_only,field_centered_bounded_no_teammate_term,mikehawthorn,mike-hawthorn,cooper,leslie-d-hawthorn,cooper-t20,cooper-t20,exact_chassis,cooper-t20,,finished,7.0,7,True,,1:56.000,True,True,6.0,3.0,3.0,True,0.6612903225806451,0.27419354838709686,-0.010785357853473624,0.0,0.0,-0.04558933269650824,0.052112425328956845,full_same_season_static_retrospective_baseline_plus_shape_distributions_v9,constructor_lineage_regulation_and_stability_shrunk,-0.009904329165567827,1501.733197789954,1537.600000386123,1.8288581858759059,1503.56205597583,1504.3201884547168,748c427fac885acd,0.5100327774028728,0.0608,0.3181336161187699,0.1378579003181336,0.0,0.0,0.0,0.2386634844868735,0.5656324582338902,0.1957040572792363,0.2301166489925769,0.21208907741251326,0.0,0.21208907741251326,0.21208907741251326,0.0,0.9395673122753119,0.5132711972991405,-0.011343082530672222,0.0,0.0,-0.04558933269650824,0.052112425328956845,full_same_season_static_retrospective_baseline_plus_shape_distributions_v9,constructor_lineage_regulation_and_stability_shrunk,high,baseline_plus_shape_distributions_v9,0.18324674423878817,0.013030642980328844,full_same_season_static_retrospective,1544.6570497885477,0.0,3,3,2.0,9851.0,85.0,0.023529411764705882,0.7,lap_equivalent,,1.0,scheduled_distance_unavailable_assume_full,1590.587197409428,0.042578824797159416,20.0,18.2,4.282001242705825,3.0,22.0,1.0,0.23527479355526515,0.9523809523809523,1.0513149660756937,0.09655473799160232,-0.031385676362700746,8.752676433819675,3,0.12794041435430306,0.13314788734681585,0.935483870967742,1.068631758314558,all_field_expected_seconds_gap_residual_same_car_crossfit_v7_4,16,7,16.0,2.2857142857142856,54.857142857142854,13.714285714285714,64.0,20.57142857142857,384.0,96.0,1541.2471470018436,1493.1101281223268,0,1.0,1,3.4099027867042304,0.5601152299048123,0.5610348575970197,0.5075969007175383,21.01115536520588,1565.6682051537537,1565.6682051537537,1520.5619892963957,retrospective_first_five_backcast_previous_season_anchor_frozen_v7_5
poore,1952,British Grand Prix,Dennis Poore,Connaught,Connaught,8,0.0057917184605071,0.5718841263690789,1950-1960_front_engine,85,0.0,20.54,20.54,5.186,silverstone,0.658632008222539,open_meteo_era5_air_temperature_track_proxy,5,1952-07-19,jolpica_cross_fitted_xw_xp,0.0,4,+2 Laps,4.0,3.8587801087801092,2,prior_same_circuit_grid_movement,finished,0.9914027894551126,True,1500.0,0.0,0.4974597772675042,-0.13342523808116988,-1.3527547359333876,-0.642388623741376,-0.060041357136526446,-1.6909434199167346,-0.09635829356120638,0.0,0.033072093933628754,0.5546639321745603,14.805418102588629,0.0,0.0,0.0,-0.060041357136526446,-1.6909434199167346,-0.09635829356120638,-0.006494387311205389,-0.03398627129571534,-0.001793246097167288,-0.0012254757731231802,-0.29414215264984656,-0.009116972383719113,0.6307850823762325,0.045754265344855154,0.004911050383187256,0.031222174118734965,0.0038812325392318797,-0.0014306897424201173,-0.027741813477967826,-0.00040087189846474067,-0.0014306897424201173,cross_fitted,season_grid_average,example_precomputed_capabilities,0.6499999999999999,6.938893903907228e-18,-5.551115123125783e-17,0.003480360640767139,0.32630048156954367,0.045754265344855154,0.6307850823762325,0.7,0.7499999999999999,0.029591733292861615,0.22836345060501667,-0.033072093933628754,0.34856187427705254,5.480383482579856,-2.87384714675824,2.606536335821616,0.0,1502.6065363358216,revised_v3_parallel,prior_similar_races_current_season_only,field_centered_bounded_no_teammate_term,dennispoore,dennis-poore,connaught,connaught-engineering,connaught-a,connaught-a,exact_chassis,connaught-a,,finished,8.0,8,True,,1:56.000,True,True,7.0,4.0,3.0,True,0.6612903225806451,0.24193548387096775,0.04263674614305753,0.0,0.0,0.1713626608777941,0.09685996243120114,full_same_season_static_retrospective_baseline_plus_shape_distributions_v9,constructor_lineage_regulation_and_stability_shrunk,0.0,1500.0,1485.7062443140833,1.4412068251384809,1501.4412068251386,1504.0477431609602,748c427fac885acd,0.5100327774028728,0.0608,0.3181336161187699,0.1378579003181336,0.0,0.0,0.0,0.2386634844868735,0.5656324582338902,0.1957040572792363,0.2301166489925769,0.21208907741251326,0.0,0.21208907741251326,0.21208907741251326,0.0,0.9395673122753119,0.5132711972991405,0.04263674614305753,0.0,0.0,0.1713626608777941,0.09685996243120114,full_same_season_static_retrospective_baseline_plus_shape_distributions_v9,constructor_lineage_regulation_and_stability_shrunk,high,baseline_plus_shape_distributions_v9,0.622870185704819,0.04575818632070394,full_same_season_static_retrospective,1475.6519750366915,0.0,4,4,2.0,9851.0,85.0,0.023529411764705882,0.7,lap_equivalent,,1.0,scheduled_distance_unavailable_assume_full,1505.6068999107829,0.03070758710817464,20.0,18.2,4.117222677924602,3.0,22.0,1.0,0.2262210262595935,0.9523809523809523,1.0513149660756937,0.09283915029153206,0.009869640280545133,4.5,3,0.08296951001098693,0.08817698300349971,0.9032258064516129,0.9914027894551126,all_field_expected_seconds_gap_residual_same_car_crossfit_v7_4,16,7,16.0,2.2857142857142856,54.857142857142854,13.714285714285714,64.0,20.57142857142857,384.0,96.0,1471.9972314438598,1493.1101281223268,0,1.0,0,3.6547435928315934,0.4929049679158321,0.511262700689572,0.4801400887655406,19.504953109553437,1495.156928146245,1495.156928146245,1471.9972314438598,retrospective_first_five_backcast_previous_season_anchor_frozen_v7_5
thompson,1952,British Grand Prix,Eric Thompson,Connaught,Connaught,9,0.005405477364582934,0.5617145283826829,1950-1960_front_engine,85,0.0,20.54,20.54,5.186,silverstone,0.658632008222539,open_meteo_era5_air_temperature_track_proxy,5,1952-07-19,jolpica_cross_fitted_xw_xp,0.0,5,+3 Laps,4.0,3.8587801087801092,2,prior_same_circuit_grid_movement,finished,0.9339029488395126,True,1500.0,0.0,0.4974597772675042,-0.13342523808116988,-1.3527547359333876,-0.642388623741376,-0.060041357136526446,-1.6909434199167346,-0.09635829356120638,0.0,0.030866565144110663,0.540158695633328,15.255080435366834,0.02,0.0,0.05880602015151773,-0.060041357136526446,-1.6909434199167346,-0.09635829356120638,-0.006061286274001942,-0.0317197773766577,-0.001673657180241416,-0.0008868738813018195,-0.29082479537657274,-0.009015701807675303,0.6153405383997155,0.04270298139338098,0.004583539732406251,0.029140013732144015,0.0036223989098502817,-0.0013352791699263317,-0.025891753169664095,-0.00037413834737036206,-0.0013352791699263317,cross_fitted,season_grid_average,example_precomputed_capabilities,0.6499999999999999,0.0,-5.551115123125783e-17,0.0032482605624799196,0.31461316733416556,0.04270298139338098,0.6153405383997155,0.7,0.7499999999999999,0.027618304581630743,0.2255455282991624,-0.030866565144110663,0.3308090463021559,5.213765269980151,-2.87384714675824,2.339918123221911,0.0,1502.3399181232219,revised_v3_parallel,prior_similar_races_current_season_only,field_centered_bounded_no_teammate_term,ericthompson,eric-thompson,connaught,connaught-engineering,connaught-a,connaught-a,exact_chassis,connaught-a,,finished,9.0,9,True,,1:57.000,True,True,8.0,5.0,3.0,True,0.6612903225806451,0.20967741935483875,0.04263674614305753,0.0,0.0,0.1713626608777941,0.09685996243120114,full_same_season_static_retrospective_baseline_plus_shape_distributions_v9,constructor_lineage_regulation_and_stability_shrunk,0.0,1500.0,1470.8191409925503,1.2476584380417068,1501.2476584380418,1503.5875765612636,748c427fac885acd,0.5100327774028728,0.0608,0.3181336161187699,0.1378579003181336,0.0,0.0,0.0,0.2386634844868735,0.5656324582338902,0.1957040572792363,0.2301166489925769,0.21208907741251326,0.0,0.21208907741251326,0.21208907741251326,0.0,0.9395673122753119,0.5132711972991405,0.04263674614305753,0.0,0.0,0.1713626608777941,0.09685996243120114,full_same_season_static_retrospective_baseline_plus_shape_distributions_v9,constructor_lineage_regulation_and_stability_shrunk,high,baseline_plus_shape_distributions_v9,0.622870185704819,0.04575818632070394,full_same_season_static_retrospective,1460.52061386341,0.0,5,5,3.0,9851.0,85.0,0.03529411764705882,0.7,lap_equivalent,,1.0,scheduled_distance_unavailable_assume_full,1488.0116880992844,0.028698242086587503,17.0,14.7,2.584072444655908,2.0,22.0,1.0,0.17578724113305497,0.8095238095238095,1.0513149660756937,0.06651123342985978,0.008783499518343828,5.272777482168691,3,0.05772773391151595,0.06293520690402873,0.8709677419354839,0.9339029488395126,all_field_expected_seconds_gap_residual_same_car_crossfit_v7_4,16,7,16.0,2.2857142857142856,54.857142857142854,13.714285714285714,64.0,20.57142857142857,384.0,96.0,1457.1101281223268,1493.1101281223268,0,1.0,0,3.410485741083195,0.4781154472054678,0.49659632655101943,0.4373066222884932,17.155231519955407,1477.6758453833654,1477.6758453833654,1457.1101281223268,retrospective_first_five_backcast_previous_season_anchor_frozen_v7_5
farina,1952,British Grand Prix,Nino Farina,Ferrari,Ferrari,1,0.21481909208292782,0.94092260137112,1950-1960_front_engine,85,0.0,20.54,20.54,5.186,silverstone,0.658632008222539,open_meteo_era5_air_temperature_track_proxy,5,1952-07-19,jolpica_cross_fitted_xw_xp,0.0,6,+3 Laps,-5.0,3.8587801087801092,2,prior_same_circuit_grid_movement,finished,0.8360800124493124,True,1541.3200751261675,0.0,0.5383445914788016,1.9915400916737884,0.5392165247624765,0.6538614248074338,0.8961930412532048,0.6740206559530957,0.09807921372111507,2.2661923368942807,0.08532838396093183,0.7634514149040098,8.333006137975696,0.12,0.0299252577022837,0.21007474229771628,0.8961930412532048,0.6740206559530957,0.09807921372111507,0.03631426125162954,-0.0011923140000741326,0.0020629696863268777,0.0837548179857192,0.03897328731370775,0.005603112739784477,0.731368610394207,0.07417290887956714,0.074757803494698,0.11384058092634448,0.1106614750055245,0.03660002232275142,-0.002482755108895063,0.0006963508119249145,0.03660002232275142,cross_fitted,season_grid_average,example_precomputed_capabilities,0.717001473688212,0.0,0.0,0.11135782581744942,0.8596998284334184,0.07417290887956714,0.731368610394207,0.7,0.7499999999999999,-0.026029441856517593,-0.0962484135294086,-0.08532838396093183,0.07525826251534506,-0.6932324897861526,-2.87384714675824,-3.5670796365443924,0.0,1537.7529954896231,revised_v3_parallel,prior_similar_races_current_season_only,field_centered_bounded_no_teammate_term,ninofarina,nino-farina,ferrari,scuderia-ferrari,,ferrari-375s|ferrari-500,ambiguous_chassis_constructor_fallback,constructor:ferrari,,finished,1.0,1,True,,1:50.000,True,True,1.0,6.0,-5.0,True,0.6612903225806451,0.17741935483870974,0.12371104867318344,0.0,0.0,0.4816464266327554,0.23504836327075837,full_same_season_static_retrospective_baseline_plus_shape_distributions_v9,constructor_lineage_regulation_and_stability_shrunk,31.20588658816304,1572.5259617143306,1661.9435614631623,2.0908392879214044,1574.616801002252,1571.0497213657077,748c427fac885acd,0.5100327774028728,0.0608,0.3181336161187699,0.1378579003181336,0.0,0.0,0.0,0.2386634844868735,0.5656324582338902,0.1957040572792363,0.2301166489925769,0.21208907741251326,0.0,0.21208907741251326,0.21208907741251326,0.0,0.9395673122753119,0.5132711972991405,0.11983845440925163,0.0,0.0,0.4816464266327554,0.23504836327075837,full_same_season_static_retrospective_baseline_plus_shape_distributions_v9,constructor_lineage_regulation_and_stability_shrunk,high,baseline_plus_shape_distributions_v9,1.290050270844604,0.3078459594995604,full_same_season_static_retrospective,1627.9112373681658,0.17547941608129217,6,6,3.0,9851.0,85.0,0.03529411764705882,0.7,lap_equivalent,,1.0,scheduled_distance_unavailable_assume_full,1692.2588860681976,0.06295385612634197,17.0,17.499999999999996,0.6246029125124792,4.0,22.0,1.0,0.03569159500071311,0.8095238095238095,1.0513149660756937,0.013504347592437755,0.02134148555499296,18.92105424036953,8,-0.007837137962555207,-0.0026296649700424286,0.8387096774193549,0.8360800124493124,all_field_expected_seconds_gap_residual_same_car_crossfit_v7_4,16,7,16.0,2.2857142857142856,54.857142857142854,13.714285714285714,64.0,20.57142857142857,384.0,96.0,1623.4118473325418,1500.0,0,1.0,12,4.499390035624025,0.6383387867597293,0.851109823315031,-0.01502981086571864,-7.65865281307564,1620.2525845550902,1620.2525845550902,1498.257113006922,retrospective_first_five_backcast_previous_season_anchor_frozen_v7_5
reg_parnell,1952,British Grand Prix,Reg Parnell,Cooper,Cooper,6,0.02914381257782933,0.7865905847505958,1950-1960_front_engine,85,0.0,20.54,20.54,5.186,silverstone,0.658632008222539,open_meteo_era5_air_temperature_track_proxy,5,1952-07-19,jolpica_cross_fitted_xw_xp,0.0,7,+3 Laps,-1.0,3.8587801087801092,2,prior_same_circuit_grid_movement,finished,0.9059119584173431,True,1501.625434901699,-0.0855492053526632,0.4990708741013459,-0.04983408290205733,0.6590739807356166,1.0540720934127594,-0.022425337305925802,0.8238424759195208,0.1581108140119139,1.808000695824903,0.050384121769179495,0.6844667633173802,10.781530337161213,0.14,0.043820101892339286,0.23617989810766074,-0.022425337305925802,0.8238424759195208,0.1581108140119139,-0.015101230850202318,0.004911051832054082,0.003048957922613925,-0.0073783174296477285,0.08718420760072987,0.014174625656273863,0.6609716343605412,0.05252648809783978,0.06311273899841638,0.04295531850135032,0.04349195675244645,-0.01772747199611091,0.0024299485009551466,0.0018933102498590176,-0.01772747199611091,cross_fitted,season_grid_average,example_precomputed_capabilities,0.7104856518359379,-1.734723475976807e-18,0.0,0.04538526700230547,0.7549521501878972,0.05252648809783978,0.6609716343605412,0.7,0.7499999999999999,0.004998854766874027,-0.07048538687051698,-0.050384121769179495,0.12198484958584555,0.986508370084912,-2.87384714675824,-1.8873387766733278,0.0,1499.7380961250258,revised_v3_parallel,prior_similar_races_current_season_only,field_centered_bounded_no_teammate_term,regparnell,reg-parnell,cooper,ahm-bryde,cooper-t20,cooper-t20,exact_chassis,cooper-t20,,finished,6.0,6,True,,1:56.000,True,True,5.0,7.0,-2.0,True,0.6612903225806451,0.14516129032258063,-0.010785357853473624,0.0,0.0,-0.04558933269650824,0.052112425328956845,full_same_season_static_retrospective_baseline_plus_shape_distributions_v9,constructor_lineage_regulation_and_stability_shrunk,-1.0335511564087385,1500.5918837452903,1575.705566285675,2.0290419912176025,1502.6209257365078,1500.7335869598346,748c427fac885acd,0.5100327774028728,0.0608,0.3181336161187699,0.1378579003181336,0.0,0.0,0.0,0.2386634844868735,0.5656324582338902,0.1957040572792363,0.2301166489925769,0.21208907741251326,0.0,0.21208907741251326,0.21208907741251326,0.0,0.9395673122753119,0.5132711972991405,-0.011343082530672222,0.0,0.0,-0.04558933269650824,0.052112425328956845,full_same_season_static_retrospective_baseline_plus_shape_distributions_v9,constructor_lineage_regulation_and_stability_shrunk,high,baseline_plus_shape_distributions_v9,0.18324674423878817,0.013030642980328844,full_same_season_static_retrospective,1582.7091502252838,0.0,7,7,3.0,9851.0,85.0,0.03529411764705882,0.7,lap_equivalent,,1.0,scheduled_distance_unavailable_assume_full,1566.485652901845,0.03880925740564791,17.0,16.099999999999998,3.021077801859,3.0,22.0,1.0,0.18764458396639755,0.8095238095238095,1.0513149660756937,0.07099760281573227,-0.023255269705872262,10.112081972242454,3,0.09425287252160452,0.09946034551411731,0.8064516129032258,0.9059119584173431,all_field_expected_seconds_gap_residual_same_car_crossfit_v7_4,16,7,16.0,2.2857142857142856,54.857142857142854,13.714285714285714,64.0,20.57142857142857,384.0,96.0,1579.3527129013958,1500.0,0,1.0,3,3.3564373238879774,0.5964508190207277,0.5970312645293263,0.30888069388801676,10.110152019129274,1592.8193022444132,1592.8193022444132,1575.75522951984,retrospective_first_five_backcast_previous_season_anchor_frozen_v7_5
salvadori,1952,British Grand Prix,Roy Salvadori,Ferrari,Ferrari,19,0.02101587287482908,0.7484337961444782,1950-1960_front_engine,85,0.0,20.54,20.54,5.186,silverstone,0.658632008222539,open_meteo_era5_air_temperature_track_proxy,5,1952-07-19,jolpica_cross_fitted_xw_xp,0.0,8,+3 Laps,11.0,3.8587801087801092,2,prior_same_circuit_grid_movement,finished,0.8481832748955812,True,1500.0,0.0,0.4974597772675042,-0.13342523808116988,0.5392165247624765,0.6538614248074338,-0.060041357136526446,0.6740206559530957,0.09807921372111507,2.2661923368942807,0.019512254539912687,0.4870540359535842,16.90132488543889,0.0,0.0,0.0,-0.060041357136526446,0.6740206559530957,0.09807921372111507,-0.006038237747910014,-0.0007395132959239971,0.00043424284819772754,-0.0025585968019666374,0.122246088576879,0.011365272319175074,0.4542908449300624,0.02141530699860357,0.02158417859787164,0.01643359847479662,0.015047950441655387,-0.006512379794904355,-0.0013617996718293338,2.3848361311898728e-05,-0.006512379794904355,cross_fitted,season_grid_average,example_precomputed_capabilities,0.717001473688212,0.0,0.0,0.015071798802967286,0.5853436090241498,0.02141530699860357,0.4542908449300624,0.7,0.7499999999999999,0.004440455736945402,-0.09828957307056563,-0.019512254539912687,0.28713951243351254,4.700217114845321,-2.87384714675824,1.8263699680870813,0.0,1501.8263699680872,revised_v3_parallel,prior_similar_races_current_season_only,field_centered_bounded_no_teammate_term,roysalvadori,roy-salvadori,ferrari,g-caprara,ferrari-500,ferrari-500,exact_chassis,ferrari-500,,finished,19.0,19,True,,2:00.000,True,True,15.0,8.0,7.0,True,0.6612903225806451,0.11290322580645162,0.15031457645473215,0.0,0.0,0.6041339482983905,0.33353761304448615,full_same_season_static_retrospective_baseline_plus_shape_distributions_v9,constructor_lineage_regulation_and_stability_shrunk,0.0,1500.0,1518.833916503139,-1.0923707372055547,1498.9076292627944,1500.7339992308816,748c427fac885acd,0.5100327774028728,0.0608,0.3181336161187699,0.1378579003181336,0.0,0.0,0.0,0.2386634844868735,0.5656324582338902,0.1957040572792363,0.2301166489925769,0.21208907741251326,0.0,0.21208907741251326,0.21208907741251326,0.0,0.9395673122753119,0.5132711972991405,0.15031457645473215,0.0,0.0,0.6041339482983905,0.33353761304448615,full_same_season_static_retrospective_baseline_plus_shape_distributions_v9,constructor_lineage_regulation_and_stability_shrunk,high,baseline_plus_shape_distributions_v9,1.5089771487380885,0.5754226946054223,full_same_season_static_retrospective,1468.8517997473284,0.0,8,8,3.0,9851.0,85.0,0.03529411764705882,0.7,lap_equivalent,,1.0,scheduled_distance_unavailable_assume_full,1528.0616552947429,0.03347752120903357,17.0,11.899999999999999,2.1221075962300278,0.0,22.0,1.0,0.17832836943109479,0.8095238095238095,1.0513149660756937,0.06747270012287318,-0.0013095533930985283,1.3105635610483133,2,0.06878225351597171,0.07398972650848448,0.7741935483870968,0.8481832748955812,all_field_expected_seconds_gap_residual_same_car_crossfit_v7_4,16,7,16.0,2.2857142857142856,54.857142857142854,13.714285714285714,64.0,20.57142857142857,384.0,96.0,1470.5032006392678,1493.1101281223268,0,1.0,0,-1.6514008919393524,0.4862557768558002,0.5381602794436233,0.3100229954519579,10.17281541920833,1479.0246151665367,1479.0246151665367,1470.5032006392678,retrospective_first_five_backcast_previous_season_anchor_frozen_v7_5
downing,1952,British Grand Prix,Ken Downing,Connaught,Connaught,5,0.007124060682775166,0.6021557165627449,1950-1960_front_engine,85,0.0,20.54,20.54,5.186,silverstone,0.658632008222539,open_meteo_era5_air_temperature_track_proxy,5,1952-07-19,jolpica_cross_fitted_xw_xp,0.0,9,+3 Laps,-4.0,3.8587801087801092,2,prior_same_circuit_grid_movement,finished,0.8035573374813741,True,1500.0,0.0,0.4974597772675042,-0.13342523808116988,-1.3527547359333876,-0.642388623741376,-0.060041357136526446,-1.6909434199167346,-0.09635829356120638,0.0,0.040680085832242426,0.5972770937499113,13.484410093752748,0.0,0.0,0.0,-0.060041357136526446,-1.6909434199167346,-0.09635829356120638,-0.007988373333054133,-0.041804562970890136,-0.0022057691689403953,-0.00227985095883737,-0.30190870172563106,-0.009378632186446245,0.6756688899676401,0.05627969747410782,0.006040801393327566,0.038404605573760096,0.004774081530722152,-0.0017598093921044108,-0.03412361357253694,-0.0004930895294989971,-0.0017598093921044108,cross_fitted,season_grid_average,example_precomputed_capabilities,0.6499999999999999,0.0,0.0,0.004280992001223155,0.3621017050967254,0.05627969747410782,0.6756688899676401,0.7,0.7499999999999999,0.03639909383101927,0.23517538865318593,-0.040680085832242426,0.1446583901210564,1.6275289622051974,-2.87384714675824,-1.2463181845530424,0.0,1498.753681815447,revised_v3_parallel,prior_similar_races_current_season_only,field_centered_bounded_no_teammate_term,kendowning,ken-downing,connaught,connaught-engineering,connaught-a,connaught-a,exact_chassis,connaught-a,,finished,5.0,5,True,,1:56.000,True,True,4.0,9.0,-5.0,True,0.6612903225806451,0.08064516129032262,0.04263674614305753,0.0,0.0,0.1713626608777941,0.09685996243120114,full_same_season_static_retrospective_baseline_plus_shape_distributions_v9,constructor_lineage_regulation_and_stability_shrunk,0.0,1500.0,1479.2045767213658,2.0218519864288034,1502.0218519864288,1500.7755338018758,748c427fac885acd,0.5100327774028728,0.0608,0.3181336161187699,0.1378579003181336,0.0,0.0,0.0,0.2386634844868735,0.5656324582338902,0.1957040572792363,0.2301166489925769,0.21208907741251326,0.0,0.21208907741251326,0.21208907741251326,0.0,0.9395673122753119,0.5132711972991405,0.04263674614305753,0.0,0.0,0.1713626608777941,0.09685996243120114,full_same_season_static_retrospective_baseline_plus_shape_distributions_v9,constructor_lineage_regulation_and_stability_shrunk,high,baseline_plus_shape_distributions_v9,0.622870185704819,0.04575818632070394,full_same_season_static_retrospective,1470.5640242845848,0.0,9,9,3.0,9851.0,85.0,0.03529411764705882,0.7,lap_equivalent,,1.0,scheduled_distance_unavailable_assume_full,1494.2541904596621,0.02939561442541442,17.0,14.7,2.538227557504373,2.0,22.0,1.0,0.1726685413268281,0.8095238095238095,1.0513149660756937,0.06533123555588091,0.008916854937987247,5.272777482168691,3,0.05641438061789367,0.061621853610406445,0.7419354838709677,0.8035573374813741,all_field_expected_seconds_gap_residual_same_car_crossfit_v7_4,16,7,16.0,2.2857142857142856,54.857142857142854,13.714285714285714,64.0,20.57142857142857,384.0,96.0,1465.4955638511424,1493.1101281223268,0,1.0,0,5.068460433442401,0.4879296795325548,0.506332182970357,0.29722515451101716,9.47076243044815,1480.0347867150329,1480.0347867150329,1465.4955638511424,retrospective_first_five_backcast_previous_season_anchor_frozen_v7_5
whitehead,1952,British Grand Prix,Peter Whitehead,Ferrari,Ferrari,20,0.0014844706522632505,0.372553399086162,1950-1960_front_engine,85,0.0,20.54,20.54,5.186,silverstone,0.658632008222539,open_meteo_era5_air_temperature_track_proxy,5,1952-07-19,jolpica_cross_fitted_xw_xp,0.0,10,+4 Laps,10.0,3.8587801087801092,2,prior_same_circuit_grid_movement,finished,0.7060819072156571,True,1482.0453613541285,0.0,0.479673666583131,-1.056777495168272,0.5392165247624765,0.6538614248074338,-0.4755498728257224,0.6740206559530957,0.09807921372111507,2.2661923368942807,0.01702726606675026,0.45759251636280474,17.814631992753053,0.0,0.0,0.0,-0.4755498728257224,0.6740206559530957,0.09807921372111507,-0.00955337159354974,-0.0006867099101574991,0.00037379504504678743,-0.06423006458260681,0.13001715000078265,0.011959369610513866,0.4381559026056323,0.019987152004348394,0.02014476180765443,0.01134875309698968,0.010125462144125396,-0.01002389626196649,-0.001227887551301739,-4.596598437454913e-06,-0.01002389626196649,cross_fitted,season_grid_average,example_precomputed_capabilities,0.717001473688212,-1.734723475976807e-18,0.0,0.01012086554568794,0.515902357634322,0.019987152004348394,0.4381559026056323,0.7,0.7499999999999999,0.00690640052106232,-0.05830984127151728,-0.01702726606675026,0.252084902992034,4.128873868254606,-2.87384714675824,1.2550267214963657,0.0,1483.3003880756248,revised_v3_parallel,prior_similar_races_current_season_only,field_centered_bounded_no_teammate_term,peterwhitehead,peter-whitehead,ferrari,,,,unmatched_constructor_fallback,constructor:ferrari,,finished,20.0,20,True,,2:00.000,True,True,16.0,10.0,6.0,True,0.6612903225806451,0.048387096774193616,0.12371104867318344,0.0,0.0,0.4816464266327554,0.23504836327075837,full_same_season_static_retrospective_baseline_plus_shape_distributions_v9,constructor_lineage_regulation_and_stability_shrunk,-6.14577249767172,1475.8995888564568,1490.1649375073184,-1.0500724280873766,1474.8495164283695,1476.1045431498658,748c427fac885acd,0.5100327774028728,0.0608,0.3181336161187699,0.1378579003181336,0.0,0.0,0.0,0.2386634844868735,0.5656324582338902,0.1957040572792363,0.2301166489925769,0.21208907741251326,0.0,0.21208907741251326,0.21208907741251326,0.0,0.9395673122753119,0.5132711972991405,0.11983845440925163,0.0,0.0,0.4816464266327554,0.23504836327075837,full_same_season_static_retrospective_baseline_plus_shape_distributions_v9,constructor_lineage_regulation_and_stability_shrunk,high,baseline_plus_shape_distributions_v9,1.290050270844604,0.3078459594995604,full_same_season_static_retrospective,1449.9198917676767,0.0,10,10,4.0,9851.0,85.0,0.047058823529411764,0.7,lap_equivalent,,1.0,scheduled_distance_unavailable_assume_full,1496.9506057891658,0.029702057580229983,20.0,19.599999999999998,0.8097706461513219,4.0,22.0,1.0,0.04131482888527153,0.9523809523809523,1.0513149660756937,0.016955248022556404,0.025758233154250812,22.67045671143662,8,-0.008802985131694408,-0.00359551213918163,0.7096774193548387,0.7060819072156571,all_field_expected_seconds_gap_residual_same_car_crossfit_v7_4,16,7,16.0,2.2857142857142856,54.857142857142854,13.714285714285714,64.0,20.57142857142857,384.0,96.0,1451.633223376698,1500.0,0,1.0,4,-1.7133316090211457,0.4677728765228262,0.5103815976869742,0.1957003095286829,3.9013995057029582,1453.8212912733798,1453.8212912733798,1490.2595881736324,retrospective_first_five_backcast_previous_season_anchor_frozen_v7_5
bira,1952,British Grand Prix,Prince Bira,Gordini,Gordini,10,0.024299970964475597,0.7658025764614025,1950-1960_front_engine,85,0.0,20.54,20.54,5.186,silverstone,0.658632008222539,open_meteo_era5_air_temperature_track_proxy,5,1952-07-19,jolpica_cross_fitted_xw_xp,0.0,11,+4 Laps,-1.0,3.8587801087801092,2,prior_same_circuit_grid_movement,finished,0.6964426773534124,True,1513.8053300872357,0.0,0.5111416882038116,0.5765407460469864,1.6225870270966951,0.47673828962728904,0.25944333572114386,2.028233783870869,0.07151074344409335,1.808000695824903,0.06546527826449569,0.6675139558973203,11.30706736718307,0.1,0.016844242532462014,0.18315575746753798,0.25944333572114386,2.028233783870869,0.07151074344409335,-0.005846239636257321,0.09114015816771265,7.306557179697504e-05,0.025766275386773136,0.24084741914582947,0.004666315780880744,0.5996939533189495,0.03985518303351998,0.1344652159538225,0.037924860161186784,0.1262011662917348,-0.009243048817050209,0.08729730697558549,-0.0009789991549625232,-0.009243048817050209,cross_fitted,season_grid_average,example_precomputed_capabilities,0.7104856518359379,0.0,0.0,0.12522216713677228,0.8709739636324328,0.03985518303351998,0.5996939533189495,0.7,0.7499999999999999,-0.05975688887227659,-0.20346000773511252,-0.06546527826449569,0.00990539894138942,-1.392869497402887,-2.87384714675824,-4.266716644161127,0.0,1509.5386134430746,revised_v3_parallel,prior_similar_races_current_season_only,field_centered_bounded_no_teammate_term,princebira,birabongse-bhanudej,gordini,equipe-gordini,,gordini-t15|gordini-t16|gordini-t16s,ambiguous_chassis_constructor_fallback,constructor:gordini,,finished,10.0,10,True,,1:57.000,True,,,,,True,0.6612903225806451,0.016129032258064613,-0.059352406190029385,0.0,0.0,-0.2518833428498526,0.02890434566205324,full_same_season_static_retrospective_baseline_plus_shape_distributions_v9,constructor_lineage_regulation_and_stability_shrunk,-2.9912326330001546,1510.8140974542355,1544.0738385448576,1.3812463045200776,1512.1953437587556,1507.9286271145945,748c427fac885acd,0.5100327774028728,0.0608,0.3181336161187699,0.1378579003181336,0.0,0.0,0.0,0.2386634844868735,0.5656324582338902,0.1957040572792363,0.2301166489925769,0.21208907741251326,0.0,0.21208907741251326,0.21208907741251326,0.0,0.9395673122753119,0.5132711972991405,-0.06267109819456333,0.0,0.0,-0.2518833428498526,0.02890434566205324,full_same_season_static_retrospective_baseline_plus_shape_distributions_v9,constructor_lineage_regulation_and_stability_shrunk,high,baseline_plus_shape_distributions_v9,-0.21642326750298282,0.004159477297780614,full_same_season_static_retrospective,1566.2222784201795,0.0,11,11,4.0,9851.0,85.0,0.047058823529411764,0.7,lap_equivalent,,1.0,scheduled_distance_unavailable_assume_full,1555.4668610097895,0.03719888703002931,20.0,14.0,0.7747963294374538,0.0,22.0,1.0,0.05534259495981813,0.9523809523809523,1.0513149660756937,0.02271212175079615,0.008896272228606339,7.719176723828076,4,0.01381584952218981,0.01902332251470259,0.6774193548387097,0.6964426773534124,all_field_expected_seconds_gap_residual_same_car_crossfit_v7_4,16,7,16.0,2.2857142857142856,54.857142857142854,13.714285714285714,64.0,20.57142857142857,384.0,96.0,1564.224505972846,1500.0,0,1.0,3,1.9977724473335814,0.5808061920013978,0.5658660127226552,0.13057666463075712,0.328902414159602,1566.551180834339,1566.551180834339,1551.3190190823254,retrospective_first_five_backcast_previous_season_anchor_frozen_v7_5
graham_whitehead,1952,British Grand Prix,Graham Whitehead,Alta,Alta,12,0.00046577362845130196,0.22238691223512702,1950-1960_front_engine,85,0.0,20.54,20.54,5.186,silverstone,0.658632008222539,open_meteo_era5_air_temperature_track_proxy,5,1952-07-19,jolpica_cross_fitted_xw_xp,0.0,12,+5 Laps,0.0,3.8587801087801092,2,prior_same_circuit_grid_movement,finished,0.6559672311851602,True,1500.0,0.0,0.4974597772675042,-0.13342523808116988,-1.3527547359333876,-2.338849340895511,-0.060041357136526446,-1.6909434199167346,-0.35082740113432664,0.5753239913841679,0.02500185973951343,0.49113469671383847,16.774824401871008,0.0,0.0,0.0,-0.060041357136526446,-1.6909434199167346,-0.35082740113432664,-0.004678379018162129,-0.024069175679667237,-0.003635137687869845,0.00033630437149793457,-0.2711633703912339,-0.03622732905210345,0.5678982954817984,0.03471666745522319,0.003290899212414616,0.02031673605211574,0.0029449376657089306,-0.0009569241428906408,-0.017982760982591765,-0.0006109625961849552,-0.0009569241428906408,cross_fitted,season_grid_average,example_precomputed_capabilities,0.6804894306232965,0.0,-5.551115123125783e-17,0.0023339750695239754,0.2608439004099589,0.03471666745522319,0.5678982954817984,0.7,0.7499999999999999,0.022667884669989456,0.23029079630387955,-0.02500185973951343,0.15402659360874216,2.1724340512090365,-2.87384714675824,-0.7014130955492033,0.0,1499.2985869044508,revised_v3_parallel,prior_similar_races_current_season_only,field_centered_bounded_no_teammate_term,grahamwhitehead,graham-whitehead,alta,,,,unmatched_constructor_fallback,constructor:alta,,finished,12.0,12,True,,1:58.000,True,True,10.0,12.0,-2.0,True,0.6612903225806451,-0.016129032258064502,-0.016129032258064502,0.0,0.0,-0.06482469079258649,0.04932570004641957,full_same_season_static_retrospective_baseline_plus_shape_distributions_v9,constructor_lineage_regulation_and_stability_shrunk,0.0,1500.0,1451.92415285892,0.8916454850563797,1500.8916454850564,1500.1902323895072,748c427fac885acd,0.5100327774028728,0.0608,0.3181336161187699,0.1378579003181336,0.0,0.0,0.0,0.2386634844868735,0.5656324582338902,0.1957040572792363,0.2301166489925769,0.21208907741251326,0.0,0.21208907741251326,0.21208907741251326,0.0,0.9395673122753119,0.5132711972991405,-0.016129032258064502,0.0,0.0,-0.06482469079258649,0.04932570004641957,full_same_season_static_retrospective_baseline_plus_shape_distributions_v9,constructor_lineage_regulation_and_stability_shrunk,high,baseline_plus_shape_distributions_v9,0.13927235244072783,0.011492131877533257,full_same_season_static_retrospective,1459.444701526401,0.0,12,12,5.0,9851.0,85.0,0.058823529411764705,0.7,lap_equivalent,,1.0,scheduled_distance_unavailable_assume_full,1468.0416544762593,0.02657651810558574,20.0,14.0,0.1909849024144643,0.0,22.0,1.0,0.013641778743890307,0.9523809523809523,1.0513149660756937,0.005598467870066745,0.0,0.0,0,0.005598467870066745,0.010805940862579523,0.6451612903225806,0.6559672311851602,all_field_expected_seconds_gap_residual_same_car_crossfit_v7_4,16,7,16.0,2.2857142857142856,54.857142857142854,13.714285714285714,64.0,20.57142857142857,384.0,96.0,1457.1101281223268,1493.1101281223268,0,1.0,0,2.334573404074223,0.47706484359427165,0.4772478054593437,0.1787194257258165,2.9698767370885744,1462.4145782634896,1462.4145782634896,1457.1101281223268,retrospective_first_five_backcast_previous_season_anchor_frozen_v7_5
fischer,1952,British Grand Prix,Rudi Fischer,Ferrari,Ferrari,15,0.01978811833834787,0.7410435959270687,1950-1960_front_engine,85,0.0,20.54,20.54,5.186,silverstone,0.658632008222539,open_meteo_era5_air_temperature_track_proxy,5,1952-07-19,jolpica_cross_fitted_xw_xp,0.0,13,+5 Laps,2.0,3.8587801087801092,2,prior_same_circuit_grid_movement,finished,0.5540851855455012,True,1493.5403733064886,0.0,0.4910579093123398,-0.46562412022159805,0.5392165247624765,0.6538614248074338,-0.20953085409971914,0.6740206559530957,0.09807921372111507,2.2661923368942807,0.02505025007276808,0.5424953996400644,15.182642611158002,0.02,0.0,0.05880602015151773,-0.20953085409971914,0.6740206559530957,0.09807921372111507,-0.010151197374028682,-0.00098185845264618,0.0005540414333454058,-0.02716843390790824,0.10910724006852321,0.010595224057677127,0.5193618920854914,0.028223954390766914,0.0284465159592725,0.01943406619186673,0.01762993971860787,-0.010801575961835043,-0.0017891261944292733,1.5000278829589014e-05,-0.010801575961835043,cross_fitted,season_grid_average,example_precomputed_capabilities,0.717001473688212,0.0,0.0,0.017644939997437457,0.6118959223037835,0.028223954390766914,0.5193618920854914,0.7,0.7499999999999999,0.007405310075330622,-0.0694005226637191,-0.02505025007276808,0.07040782616638719,0.6661348692485355,-2.87384714675824,-2.2077122775097044,0.0,1491.332661028979,revised_v3_parallel,prior_similar_races_current_season_only,field_centered_bounded_no_teammate_term,rudifischer,rudi-fischer,ferrari,ecurie-espadon,,ferrari-212|ferrari-500,ambiguous_chassis_constructor_fallback,constructor:ferrari,,finished,15.0,15,True,,1:58.000,True,True,12.0,13.0,-1.0,True,0.6612903225806451,-0.048387096774193505,0.12371104867318344,0.0,0.0,0.4816464266327554,0.23504836327075837,full_same_season_static_retrospective_baseline_plus_shape_distributions_v9,constructor_lineage_regulation_and_stability_shrunk,-0.2500345633056824,1493.290338743183,1514.1775325899164,-0.1815797673213802,1493.1087589758615,1490.9010466983518,748c427fac885acd,0.5100327774028728,0.0608,0.3181336161187699,0.1378579003181336,0.0,0.0,0.0,0.2386634844868735,0.5656324582338902,0.1957040572792363,0.2301166489925769,0.21208907741251326,0.0,0.21208907741251326,0.21208907741251326,0.0,0.9395673122753119,0.5132711972991405,0.11983845440925163,0.0,0.0,0.4816464266327554,0.23504836327075837,full_same_season_static_retrospective_baseline_plus_shape_distributions_v9,constructor_lineage_regulation_and_stability_shrunk,high,baseline_plus_shape_distributions_v9,1.290050270844604,0.3078459594995604,full_same_season_static_retrospective,1475.8256369907713,0.0,13,13,5.0,9851.0,85.0,0.058823529411764705,0.7,lap_equivalent,,1.0,scheduled_distance_unavailable_assume_full,1540.8818996942402,0.035169626874243104,20.0,19.599999999999998,-1.4888570616919123,4.0,22.0,1.0,-0.07596209498428125,0.9523809523809523,1.0513149660756937,-0.031174186013163536,0.032851327240299676,20.3431727269623,8,-0.06402551325346321,-0.05881804026095044,0.6129032258064516,0.5540851855455012,all_field_expected_seconds_gap_residual_same_car_crossfit_v7_4,16,7,16.0,2.2857142857142856,54.857142857142854,13.714285714285714,64.0,20.57142857142857,384.0,96.0,1475.645818459296,1495.388948458163,0,1.0,4,0.17981853147541427,0.4930748091472832,0.5354361527479091,0.018649032797592113,-5.8111276749740215,1470.0145093157973,1470.0145093157973,1469.599687862811,retrospective_first_five_backcast_previous_season_anchor_frozen_v7_5
claes,1952,British Grand Prix,Johnny Claes,Simca,Simca,23,0.00010224099639927454,0.08156575788058935,1950-1960_front_engine,85,0.0,20.54,20.54,5.186,silverstone,0.658632008222539,open_meteo_era5_air_temperature_track_proxy,5,1952-07-19,jolpica_cross_fitted_xw_xp,0.0,14,+6 Laps,9.0,3.8587801087801092,2,prior_same_circuit_grid_movement,finished,0.5907068175130554,True,1473.4786444576516,0.0,0.47120167829667153,-1.4973375943272182,-0.26868994574170285,-0.06309255959384906,-0.6738019174472483,-0.3358624321771286,-0.009463883939077359,1.808000695824903,0.012226232771247899,0.365961109158059,20.65520561610017,0.0,0.0,0.0,-0.6738019174472483,-0.3358624321771286,-0.009463883939077359,-0.005909486769782675,-0.007208890321294556,-0.0002913594475870772,-0.07990416630015221,-0.019439697006443074,0.0010739386688650154,0.3905285903174916,0.01624915373284719,0.006155530588156397,0.0075136681968118995,0.0030375512631128344,-0.003316113393973517,-0.004674251002629019,-0.00019813406892995418,-0.003316113393973517,cross_fitted,season_grid_average,example_precomputed_capabilities,0.7104856518359379,-3.469446951953614e-18,0.0,0.00283941719418288,0.29225866567976133,0.01624915373284719,0.3905285903174916,0.7,0.7499999999999999,0.009386815577065019,0.07370244347829769,-0.012226232771247899,0.2146840521322635,3.570883351870793,-2.87384714675824,0.6970362051125534,0.0,1474.175680662764,revised_v3_parallel,prior_similar_races_current_season_only,field_centered_bounded_no_teammate_term,johnnyclaes,johnny-claes,simca-gordini,ecurie-belge,simca-gordini-t15,simca-gordini-t15,exact_chassis,simca-gordini-t15,,finished,23.0,23,True,,2:02.000,True,True,17.0,14.0,3.0,True,0.6612903225806451,-0.08064516129032262,-0.12762416794674863,0.0,0.0,-0.5129382279381651,0.013709936370896236,full_same_season_static_retrospective_baseline_plus_shape_distributions_v9,constructor_lineage_regulation_and_stability_shrunk,-23.089028698344958,1450.3896157593067,1334.9428563757472,-0.535425215757541,1449.854190543549,1450.5512267486615,748c427fac885acd,0.5100327774028728,0.0608,0.3181336161187699,0.1378579003181336,0.0,0.0,0.0,0.2386634844868735,0.5656324582338902,0.1957040572792363,0.2301166489925769,0.21208907741251326,0.0,0.21208907741251326,0.21208907741251326,0.0,0.9395673122753119,0.5132711972991405,-0.12762416794674863,0.0,0.0,-0.5129382279381651,0.013709936370896236,full_same_season_static_retrospective_baseline_plus_shape_distributions_v9,constructor_lineage_regulation_and_stability_shrunk,high,baseline_plus_shape_distributions_v9,-0.7782481417233384,0.0008354168062298236,full_same_season_static_retrospective,1374.960922243575,0.0003675932944226688,14,14,6.0,9851.0,85.0,0.07058823529411765,0.7,lap_equivalent,,1.0,scheduled_distance_unavailable_assume_full,1353.7107886754436,0.017120797433532363,19.0,13.299999999999999,-0.1815024966278416,0.0,22.0,1.0,-0.013646804257732452,0.9047619047619048,1.0513149660756937,-0.005458721703092981,-0.010312904933313131,0.6434962007424465,1,0.00485418323022015,0.010061656222732928,0.5806451612903225,0.5907068175130554,all_field_expected_seconds_gap_residual_same_car_crossfit_v7_4,16,7,16.0,2.2857142857142856,54.857142857142854,13.714285714285714,64.0,20.57142857142857,384.0,96.0,1375.9779146108003,1500.0,0,1.0,11,-1.0169923672253587,0.3958050222645672,0.36409300409059026,0.22661381342246517,5.597226005019014,1380.5581482485939,1380.5581482485939,1480.2471133875429,retrospective_first_five_backcast_previous_season_anchor_frozen_v7_5
macklin,1952,British Grand Prix,Lance Macklin,HWM,HWM,29,0.000975887032115727,0.3149984659747983,1950-1960_front_engine,85,0.0,20.54,20.54,5.186,silverstone,0.658632008222539,open_meteo_era5_air_temperature_track_proxy,5,1952-07-19,jolpica_cross_fitted_xw_xp,0.0,15,+6 Laps,14.0,3.8587801087801092,2,prior_same_circuit_grid_movement,finished,0.5409719364475772,True,1500.311921700151,0.0,0.49776894475853467,-0.11738405721701727,-0.6093775779583884,0.24501986396827782,-0.05282282574765777,-0.7617219724479856,0.036752979595241674,1.808000695824903,0.008121986381691006,0.285376314453383,23.15333425194513,0.0,0.0,0.0,-0.05282282574765777,-0.7617219724479856,0.036752979595241674,-0.0017868410673651566,-0.006905696569778744,-3.303115316704768e-05,0.0044890245182225095,-0.07375952864904406,0.00644763174622775,0.3010820325495315,0.01073965701878429,0.0028457781661085277,0.007983318602488304,0.002100506539365096,-0.0008316899376351878,-0.005969230374014964,-8.641831089175591e-05,-0.0008316899376351878,cross_fitted,season_grid_average,example_precomputed_capabilities,0.7104856518359379,-1.734723475976807e-18,0.0,0.00201408822847334,0.23825916016493767,0.01073965701878429,0.3010820325495315,0.7,0.7499999999999999,0.0061078981532176665,0.047117154288445345,-0.008121986381691006,0.2630107823208105,4.539266408614004,-2.87384714675824,1.6654192618557646,0.0,1501.9773409620068,revised_v3_parallel,prior_similar_races_current_season_only,field_centered_bounded_no_teammate_term,lancemacklin,lance-macklin,hwm,hw-motors,,hwm-51|hwm-52,ambiguous_chassis_constructor_fallback,constructor:hwm,,finished,29.0,29,True,,2:08.000,True,True,20.0,15.0,5.0,True,0.6612903225806451,-0.11290322580645162,-0.04328059400408283,0.0,0.0,-0.1639252271722664,0.03716252476342722,full_same_season_static_retrospective_baseline_plus_shape_distributions_v9,constructor_lineage_regulation_and_stability_shrunk,-1.8896175692172936,1498.4223041309338,1430.1919717684505,-2.2856610650772162,1496.1366430658566,1497.8020623277123,748c427fac885acd,0.5100327774028728,0.0608,0.3181336161187699,0.1378579003181336,0.0,0.0,0.0,0.2386634844868735,0.5656324582338902,0.1957040572792363,0.2301166489925769,0.21208907741251326,0.0,0.21208907741251326,0.21208907741251326,0.0,0.9395673122753119,0.5132711972991405,-0.040786238154712585,0.0,0.0,-0.1639252271722664,0.03716252476342722,full_same_season_static_retrospective_baseline_plus_shape_distributions_v9,constructor_lineage_regulation_and_stability_shrunk,high,baseline_plus_shape_distributions_v9,-0.08416442977094024,0.006069473178762964,full_same_season_static_retrospective,1438.4077994202084,0.0,15,15,6.0,9851.0,85.0,0.07058823529411765,0.7,lap_equivalent,,1.0,scheduled_distance_unavailable_assume_full,1441.257397363154,0.023975001286085117,19.0,13.299999999999999,-0.7545914131382635,0.0,22.0,1.0,-0.05673619647656117,0.9047619047619048,1.0513149660756937,-0.022694478590624474,-0.01007184527149541,4.5702732798106,6,-0.012622633319129063,-0.007415160326616285,0.5483870967741935,0.5409719364475772,all_field_expected_seconds_gap_residual_same_car_crossfit_v7_4,16,7,16.0,2.2857142857142856,54.857142857142854,13.714285714285714,64.0,20.57142857142857,384.0,96.0,1443.3059899422317,1493.1101281223268,0,1.0,2,-4.898190522023158,0.4565694107133957,0.449304106180683,0.09166783026689423,-1.8055250709437338,1436.6022743492647,1436.6022743492647,1444.8903811785744,retrospective_first_five_backcast_previous_season_anchor_frozen_v7_5
mcalpine,1952,British Grand Prix,Kenneth McAlpine,Connaught,Connaught,17,0.003112052672720715,0.47986247105360913,1950-1960_front_engine,85,0.0,20.54,20.54,5.186,silverstone,0.658632008222539,open_meteo_era5_air_temperature_track_proxy,5,1952-07-19,jolpica_cross_fitted_xw_xp,0.0,16,+6 Laps,1.0,3.8587801087801092,2,prior_same_circuit_grid_movement,finished,0.4498359411105791,True,1500.0,0.0,0.4974597772675042,-0.13342523808116988,-1.3527547359333876,-0.642388623741376,-0.060041357136526446,-1.6909434199167346,-0.09635829356120638,0.0,0.017770563092876668,0.42190024486072325,18.92109240931758,0.02,0.0,0.05880602015151773,-0.060041357136526446,-1.6909434199167346,-0.09635829356120638,-0.00348961634225408,-0.018261776214236372,-0.000963561393322082,0.0014357195354109769,-0.2529766254978138,-0.007973519616745337,0.4867788512555103,0.024585049277820424,0.002638845029343128,0.01677654932243604,0.002085495035632246,-0.0007687497013352397,-0.014906453994428153,-0.00021539970762435756,-0.0007687497013352397,cross_fitted,season_grid_average,example_precomputed_capabilities,0.6499999999999999,-3.469446951953614e-18,0.0,0.0018700953280078884,0.22726442567636213,0.024585049277820424,0.4867788512555103,0.7,0.7499999999999999,0.01590046776486878,0.19463581918436113,-0.017770563092876668,0.09422878739734125,1.2696246589231026,-2.87384714675824,-1.6042224878351372,0.0,1498.3957775121648,revised_v3_parallel,prior_similar_races_current_season_only,field_centered_bounded_no_teammate_term,kennethmcalpine,kenneth-mcalpine,connaught,connaught-engineering,connaught-a,connaught-a,exact_chassis,connaught-a,,finished,17.0,17,True,,2:00.000,True,True,13.0,16.0,-3.0,True,0.6612903225806451,-0.14516129032258063,0.04263674614305753,0.0,0.0,0.1713626608777941,0.09685996243120114,full_same_season_static_retrospective_baseline_plus_shape_distributions_v9,constructor_lineage_regulation_and_stability_shrunk,0.0,1500.0,1460.491237808158,-0.3007286587324868,1499.6992713412676,1498.0950488534324,748c427fac885acd,0.5100327774028728,0.0608,0.3181336161187699,0.1378579003181336,0.0,0.0,0.0,0.2386634844868735,0.5656324582338902,0.1957040572792363,0.2301166489925769,0.21208907741251326,0.0,0.21208907741251326,0.21208907741251326,0.0,0.9395673122753119,0.5132711972991405,0.04263674614305753,0.0,0.0,0.1713626608777941,0.09685996243120114,full_same_season_static_retrospective_baseline_plus_shape_distributions_v9,constructor_lineage_regulation_and_stability_shrunk,high,baseline_plus_shape_distributions_v9,0.622870185704819,0.04575818632070394,full_same_season_static_retrospective,1446.7909492956742,0.0,16,16,6.0,9851.0,85.0,0.07058823529411765,0.7,lap_equivalent,,1.0,scheduled_distance_unavailable_assume_full,1479.5057022993853,0.027774561270284905,19.0,17.499999999999996,-2.169801665844075,3.0,22.0,1.0,-0.12398866661966146,0.9047619047619048,1.0513149660756937,-0.04959546664786459,0.02190509749213355,5.272777482168691,3,-0.07150056413999814,-0.06629309114748536,0.5161290322580645,0.4498359411105791,all_field_expected_seconds_gap_residual_same_car_crossfit_v7_4,16,7,16.0,2.2857142857142856,54.857142857142854,13.714285714285714,64.0,20.57142857142857,384.0,96.0,1446.7822249379346,1493.1101281223268,0,1.0,0,0.008724357739645815,0.4647244930026062,0.48329071691504316,-0.03345477580446404,-8.669393746858244,1438.1215555488159,1438.1215555488159,1446.7822249379346,retrospective_first_five_backcast_previous_season_anchor_frozen_v7_5
schell,1952,British Grand Prix,Harry Schell,Maserati,Maserati,32,9.13847490321931e-05,0.0741294466738909,1950-1960_front_engine,85,0.0,20.54,20.54,5.186,silverstone,0.658632008222539,open_meteo_era5_air_temperature_track_proxy,5,1952-07-19,jolpica_cross_fitted_xw_xp,0.0,17,+7 Laps,15.0,3.8587801087801092,2,prior_same_circuit_grid_movement,finished,0.4778718553629765,True,1497.053437160787,0.0,0.49453934934458066,-0.2849579702011684,0.5727326062413962,-0.9156404454094215,-0.1282310865905258,0.7159157578017452,-0.1373460668114132,1.1906167054520829,0.007667529596338088,0.2943128684604138,22.87630107772717,0.0,0.0,0.0,-0.1282310865905258,0.7159157578017452,-0.1373460668114132,-0.0026267623903569706,-4.5344866260127966e-05,-0.0008732133226234942,-0.006298638578108616,0.15615936866481595,-0.01426524792422253,0.26041399791979264,0.008731125770110265,0.007831196001042632,0.005536518847496327,0.006034577236352515,-0.00264539081017296,-0.0003507136566266557,-0.0008487720454828434,-0.00264539081017296,cross_fitted,season_grid_average,example_precomputed_capabilities,0.6986536618336492,-4.336808689942018e-19,0.0,0.0051858051908696716,0.39600948008227743,0.008731125770110265,0.26041399791979264,0.7,0.7499999999999999,0.002481724405468416,-0.10169661162186361,-0.007667529596338088,0.18955809928152167,3.2280250767552756,-2.87384714675824,0.3541779299970358,0.0,1497.407615090784,revised_v3_parallel,prior_similar_races_current_season_only,field_centered_bounded_no_teammate_term,harryschell,harry-schell,maserati,enrico-plate,maserati-4clt-48,maserati-4clt-48,exact_chassis,maserati-4clt-48,,finished,32.0,32,True,,,True,True,22.0,17.0,5.0,True,0.6612903225806451,-0.17741935483870963,-0.1342293906810036,0.0,0.0,-0.5394854822627481,0.012708506271559433,full_same_season_static_retrospective_baseline_plus_shape_distributions_v9,constructor_lineage_regulation_and_stability_shrunk,-10.909709507250616,1486.1437276535364,1385.4259825467316,-2.452394187187194,1483.6913334663493,1484.0455113963462,748c427fac885acd,0.5100327774028728,0.0608,0.3181336161187699,0.1378579003181336,0.0,0.0,0.0,0.2386634844868735,0.5656324582338902,0.1957040572792363,0.2301166489925769,0.21208907741251326,0.0,0.21208907741251326,0.21208907741251326,0.0,0.9395673122753119,0.5132711972991405,-0.1342293906810036,0.0,0.0,-0.5394854822627481,0.012708506271559433,full_same_season_static_retrospective_baseline_plus_shape_distributions_v9,constructor_lineage_regulation_and_stability_shrunk,high,baseline_plus_shape_distributions_v9,-0.8326041204820819,0.0007152470253251564,full_same_season_static_retrospective,1422.9453329950045,0.0,17,17,7.0,9851.0,85.0,0.08235294117647059,0.7,lap_equivalent,,1.0,scheduled_distance_unavailable_assume_full,1384.9371485383215,0.019305602384511667,21.0,16.099999999999998,-1.180062148991397,1.0,22.0,1.0,-0.07329578565163958,1.0,1.0513149660756937,-0.030822782562337912,-0.019616197190866113,2.210064533998699,1,-0.0112065853714718,-0.005999112378959021,0.4838709677419355,0.4778718553629765,all_field_expected_seconds_gap_residual_same_car_crossfit_v7_4,16,7,16.0,2.2857142857142856,54.857142857142854,13.714285714285714,64.0,20.57142857142857,384.0,96.0,1428.5848211277514,1500.0,0,1.0,3,-5.639488132746943,0.44158556744815153,0.4060332046582277,0.07183865070474882,-2.893297206924282,1420.0520357880803,1420.0520357880803,1467.846035804736,retrospective_first_five_backcast_previous_season_anchor_frozen_v7_5
bianco,1952,British Grand Prix,Gino Bianco,Maserati,Maserati,28,0.0003206502551095174,0.18101750897573035,1950-1960_front_engine,85,0.0,20.54,20.54,5.186,silverstone,0.658632008222539,open_meteo_era5_air_temperature_track_proxy,5,1952-07-19,jolpica_cross_fitted_xw_xp,0.0,18,+8 Laps,10.0,3.8587801087801092,2,prior_same_circuit_grid_movement,finished,0.3744587371633797,True,1500.0,0.0,0.4974597772675042,-0.13342523808116988,0.5727326062413962,-0.9156404454094215,-0.060041357136526446,0.7159157578017452,-0.1373460668114132,1.1906167054520829,0.010217999280796667,0.35026322684972955,21.141839967658385,0.04,0.0,0.09431711332536,-0.060041357136526446,0.7159157578017452,-0.1373460668114132,-0.003065520281069872,-5.0736319158023804e-05,-0.0011805615600520044,0.0020123002582858687,0.1538407216200968,-0.015998646723603505,0.3152996330610347,0.011507044728880636,0.010320996975340864,0.00766036305796437,0.008394270020921466,-0.003110770406740129,-0.00045013648936363497,-0.0011840434523207313,-0.003110770406740129,cross_fitted,season_grid_average,example_precomputed_capabilities,0.6986536618336492,0.0,0.0,0.007210226568600735,0.45515400821581387,0.011507044728880636,0.3152996330610347,0.7,0.7499999999999999,0.003007772712195932,-0.10489078136608432,-0.010217999280796667,0.10134967637607695,1.579062192030265,-2.87384714675824,-1.2947849547279748,0.0,1498.705215045272,revised_v3_parallel,prior_similar_races_current_season_only,field_centered_bounded_no_teammate_term,ginobianco,gino-bianco,maserati,escuderia-bandeirantes,maserati-a6gcm,maserati-a6gcm,exact_chassis,maserati-a6gcm,,finished,28.0,28,True,,2:07.000,True,True,19.0,18.0,1.0,True,0.6612903225806451,-0.20967741935483863,-0.12064658314851263,0.0,0.0,-0.46951894192720456,0.015520720775226478,full_same_season_static_retrospective_baseline_plus_shape_distributions_v9,constructor_lineage_regulation_and_stability_shrunk,0.0,1500.0,1410.8988981674147,-1.8075841343671875,1498.1924158656327,1496.8976309109048,748c427fac885acd,0.5100327774028728,0.0608,0.3181336161187699,0.1378579003181336,0.0,0.0,0.0,0.2386634844868735,0.5656324582338902,0.1957040572792363,0.2301166489925769,0.21208907741251326,0.0,0.21208907741251326,0.21208907741251326,0.0,0.9395673122753119,0.5132711972991405,-0.11682101476344027,0.0,0.0,-0.46951894192720456,0.015520720775226478,full_same_season_static_retrospective_baseline_plus_shape_distributions_v9,constructor_lineage_regulation_and_stability_shrunk,high,baseline_plus_shape_distributions_v9,-0.720827905292352,0.0009843569524423876,full_same_season_static_retrospective,1444.2586274988396,0.0,18,18,8.0,9851.0,85.0,0.09411764705882353,0.7,lap_equivalent,,1.0,scheduled_distance_unavailable_assume_full,1424.1333362145135,0.02244684120586481,21.0,14.7,-2.872033929866108,0.0,22.0,1.0,-0.19537645781402097,1.0,1.0513149660756937,-0.08216087764749468,0.0002007614074449141,4.757171356524852,5,-0.0823616390549396,-0.07715416606242681,0.4516129032258065,0.3744587371633797,all_field_expected_seconds_gap_residual_same_car_crossfit_v7_4,16,7,16.0,2.2857142857142856,54.857142857142854,13.714285714285714,64.0,20.57142857142857,384.0,96.0,1448.4604135215911,1493.1101281223268,0,1.0,0,-4.201786022751492,0.4622590911107737,0.43150267145708854,-0.05704393429370885,-9.963427583982531,1434.295199914857,1434.295199914857,1448.4604135215911,retrospective_first_five_backcast_previous_season_anchor_frozen_v7_5
graffenried,1952,British Grand Prix,Toulo de Graffenried,Maserati,Maserati,31,0.00016229796684005907,0.11659428887979481,1950-1960_front_engine,85,0.0,20.54,20.54,5.186,silverstone,0.658632008222539,open_meteo_era5_air_temperature_track_proxy,5,1952-07-19,jolpica_cross_fitted_xw_xp,0.0,19,+9 Laps,12.0,3.8587801087801092,2,prior_same_circuit_grid_movement,finished,0.3107577528796118,True,1493.8966246732348,0.0,0.49141092242774037,-0.4473031999255455,0.5727326062413962,-0.9156404454094215,-0.20128643996649548,0.7159157578017452,-0.1373460668114132,1.1906167054520829,0.008122529309233689,0.304741637635946,22.553009233285675,0.0,0.0,0.0,-0.20128643996649548,0.7159157578017452,-0.1373460668114132,-0.0031418294366077093,-5.522831578792797e-05,-0.0009111665111283334,-0.016640372564123002,0.15558657146435967,-0.014477275847976857,0.2736244068728811,0.009354996588290879,0.008390763551109142,0.005630983153459864,0.006102460662449864,-0.0031439912263422336,-0.0003842108286929557,-0.0008556883376829557,-0.0031439912263422336,cross_fitted,season_grid_average,example_precomputed_capabilities,0.6986536618336492,0.0,0.0,0.005246772324766908,0.3980933299251409,0.009354996588290879,0.2736244068728811,0.7,0.7499999999999999,0.002875756984466781,-0.09335169228919488,-0.008122529309233689,0.11461320107373135,1.8680969159055558,-2.87384714675824,-1.005750230852684,0.0,1492.890874442382,revised_v3_parallel,prior_similar_races_current_season_only,field_centered_bounded_no_teammate_term,toulodegraffenried,emmanuel-de-graffenried,maserati,enrico-plate,maserati-4clt-48,maserati-4clt-48,exact_chassis,maserati-4clt-48,,finished,31.0,31,True,,,True,,,,,True,0.6612903225806451,-0.24193548387096775,-0.1342293906810036,0.0,0.0,-0.5394854822627481,0.012708506271559433,full_same_season_static_retrospective_baseline_plus_shape_distributions_v9,constructor_lineage_regulation_and_stability_shrunk,0.9616697643827679,1494.8582944376176,1453.2766154674916,-2.3081005912973716,1492.5501938463203,1491.5444436154676,748c427fac885acd,0.5100327774028728,0.0608,0.3181336161187699,0.1378579003181336,0.0,0.0,0.0,0.2386634844868735,0.5656324582338902,0.1957040572792363,0.2301166489925769,0.21208907741251326,0.0,0.21208907741251326,0.21208907741251326,0.0,0.9395673122753119,0.5132711972991405,-0.1342293906810036,0.0,0.0,-0.5394854822627481,0.012708506271559433,full_same_season_static_retrospective_baseline_plus_shape_distributions_v9,constructor_lineage_regulation_and_stability_shrunk,high,baseline_plus_shape_distributions_v9,-0.8326041204820819,0.0007152470253251564,full_same_season_static_retrospective,1490.3465310781785,0.1076376246539041,19,19,9.0,9851.0,85.0,0.10588235294117647,0.7,lap_equivalent,,1.0,scheduled_distance_unavailable_assume_full,1484.8159806289943,0.02834766566637317,20.0,15.399999999999999,-4.453159833566156,1.0,22.0,1.0,-0.2891662229588413,0.9523809523809523,1.0513149660756937,-0.11867131396400013,-0.004866755141421775,1.5,1,-0.11380455882257835,-0.10859708583006558,0.4193548387096774,0.3107577528796118,all_field_expected_seconds_gap_residual_same_car_crossfit_v7_4,16,7,16.0,2.2857142857142856,54.857142857142854,13.714285714285714,64.0,20.57142857142857,384.0,96.0,1496.4354540485115,1500.0,0,1.0,6,-6.088922970332912,0.5072771142469445,0.5780461196920793,-0.2672883668124675,-21.496836453583004,1468.8496946245955,1468.8496946245955,1486.2457174236679,retrospective_first_five_backcast_previous_season_anchor_frozen_v7_5
brandon,1952,British Grand Prix,Eric Brandon,Cooper,Cooper,18,0.006194248356482845,0.5817512234295156,1950-1960_front_engine,85,0.0,20.54,20.54,5.186,silverstone,0.658632008222539,open_meteo_era5_air_temperature_track_proxy,5,1952-07-19,jolpica_cross_fitted_xw_xp,0.0,20,+9 Laps,-2.0,3.8587801087801092,2,prior_same_circuit_grid_movement,finished,0.2965585292970092,True,1497.5867957717448,0.0,0.49506795726700975,-0.25752896497427014,0.6590739807356166,1.0540720934127594,-0.11588803423842156,0.8238424759195208,0.1581108140119139,1.808000695824903,0.021575840775902945,0.5075475735046939,16.26602522135449,0.0,0.0,0.0,-0.11588803423842156,0.8238424759195208,0.1581108140119139,-0.007894606959114932,0.002036603549322046,0.0012924430556725697,-0.012431963491890526,0.14211584725073756,0.018473560625215397,0.47050821240867835,0.022945508882139035,0.027569974039894793,0.01753034017887894,0.017626221854727744,-0.009190025511876074,0.0008496083491397778,0.0007537266732909748,-0.009190025511876074,cross_fitted,season_grid_average,example_precomputed_capabilities,0.7104856518359379,0.0,0.0,0.01837994852801872,0.6186656567927408,0.022945508882139035,0.47050821240867835,0.7,0.7499999999999999,0.003195892247884226,-0.11111808328804684,-0.021575840775902945,-0.12045079931114555,-2.685934566222291,-2.87384714675824,-5.559781712980531,0.0,1492.0270140587643,revised_v3_parallel,prior_similar_races_current_season_only,field_centered_bounded_no_teammate_term,ericbrandon,eric-brandon,cooper,ecurie-richmond,cooper-t20,cooper-t20,exact_chassis,cooper-t20,,finished,18.0,18,True,,2:00.000,True,True,14.0,20.0,-6.0,True,0.6612903225806451,-0.27419354838709675,-0.010785357853473624,0.0,0.0,-0.04558933269650824,0.052112425328956845,full_same_season_static_retrospective_baseline_plus_shape_distributions_v9,constructor_lineage_regulation_and_stability_shrunk,-1.9430983604497731,1495.643697411295,1405.0861492137744,-0.26477100954582033,1495.3789264017494,1489.8191446887688,748c427fac885acd,0.5100327774028728,0.0608,0.3181336161187699,0.1378579003181336,0.0,0.0,0.0,0.2386634844868735,0.5656324582338902,0.1957040572792363,0.2301166489925769,0.21208907741251326,0.0,0.21208907741251326,0.21208907741251326,0.0,0.9395673122753119,0.5132711972991405,-0.011343082530672222,0.0,0.0,-0.04558933269650824,0.052112425328956845,full_same_season_static_retrospective_baseline_plus_shape_distributions_v9,constructor_lineage_regulation_and_stability_shrunk,high,baseline_plus_shape_distributions_v9,0.18324674423878817,0.013030642980328844,full_same_season_static_retrospective,1409.0315974730474,0.0,20,20,9.0,9851.0,85.0,0.10588235294117647,0.7,lap_equivalent,,1.0,scheduled_distance_unavailable_assume_full,1438.2404409501694,0.02369841091518118,20.0,18.2,-4.399730949764843,3.0,22.0,1.0,-0.24174345877828807,0.9523809523809523,1.0513149660756937,-0.09920942218588537,-0.0034637042968334083,7.985743755332615,3,-0.09574571788905197,-0.0905382448965392,0.3870967741935484,0.2965585292970092,all_field_expected_seconds_gap_residual_same_car_crossfit_v7_4,16,7,16.0,2.2857142857142856,54.857142857142854,13.714285714285714,64.0,20.57142857142857,384.0,96.0,1408.733295829495,1493.1101281223268,0,1.0,2,0.29830164355239935,0.42818395537222137,0.43025164108870734,-0.13369311179169813,-14.168182463872228,1394.8634150091752,1394.8634150091752,1406.4896918384766,retrospective_first_five_backcast_previous_season_anchor_frozen_v7_5
crook,1952,British Grand Prix,Tony Crook,Frazer Nash,Frazer Nash,25,0.0008240522189802197,0.29272416795882683,1950-1960_front_engine,85,0.0,20.54,20.54,5.186,silverstone,0.658632008222539,open_meteo_era5_air_temperature_track_proxy,5,1952-07-19,jolpica_cross_fitted_xw_xp,0.0,21,+10 Laps,4.0,3.8587801087801092,2,prior_same_circuit_grid_movement,finished,0.23671162919078545,True,1500.0,0.0,0.4974597772675042,-0.13342523808116988,-2.053093674162114,1.0540720934127594,-0.060041357136526446,-2.5663670927026425,0.1581108140119139,1.2326767044407352,0.0100733848839604,0.29169699674949284,22.95739310076572,0.0,0.0,0.0,-0.060041357136526446,-2.5663670927026425,0.1581108140119139,-0.0019899042927481103,-0.012127888189503125,0.0005152230566776529,0.001997008979637886,-0.28895655648933355,0.014974576189833201,0.3596932395794585,0.014154155711632472,0.0007748411029831002,0.011262405754909822,0.000548949337502783,-0.00022325481692420958,-0.010710819468850932,2.6369485561076635e-06,-0.00022325481692420958,cross_fitted,season_grid_average,example_precomputed_capabilities,0.699612800579712,0.0,-5.551115123125783e-17,0.0005515862860588906,0.08770826825959599,0.014154155711632472,0.3596932395794585,0.7,0.7499999999999999,0.00952179859790151,0.20398872848989685,-0.0100733848839604,0.06314171292792653,0.894789595487628,-2.87384714675824,-1.979057551270612,0.0,1498.0209424487293,revised_v3_parallel,prior_similar_races_current_season_only,field_centered_bounded_no_teammate_term,tonycrook,tony-crook,frazer-nash,tony-crook,frazer-nash-421,frazer-nash-421,exact_chassis,frazer-nash-421,,finished,25.0,25,True,,2:03.000,True,True,18.0,21.0,-3.0,True,0.6612903225806451,-0.30645161290322576,-0.30645161290322576,0.0,0.0,-1.231669125059144,0.0017587511856220059,full_same_season_static_retrospective_baseline_plus_shape_distributions_v9,constructor_lineage_regulation_and_stability_shrunk,0.0,1500.0,1348.6962422347608,-0.560102483344023,1499.439897516656,1497.4608399653853,748c427fac885acd,0.5100327774028728,0.0608,0.3181336161187699,0.1378579003181336,0.0,0.0,0.0,0.2386634844868735,0.5656324582338902,0.1957040572792363,0.2301166489925769,0.21208907741251326,0.0,0.21208907741251326,0.21208907741251326,0.0,0.9395673122753119,0.5132711972991405,-0.30645161290322576,0.0,0.0,-1.231669125059144,0.0017587511856220059,full_same_season_static_retrospective_baseline_plus_shape_distributions_v9,constructor_lineage_regulation_and_stability_shrunk,high,baseline_plus_shape_distributions_v9,-2.2498625278854503,1.2469906199282031e-05,full_same_season_static_retrospective,1445.1560044322828,0.0,21,21,10.0,9851.0,85.0,0.11764705882352941,0.7,lap_equivalent,,1.0,scheduled_distance_unavailable_assume_full,1364.8509232074719,0.01787030898919567,21.0,14.7,-4.311310108404089,0.0,22.0,1.0,-0.293286401932251,1.0,1.0513149660756937,-0.1233345534791467,0.0,0.0,0,-0.1233345534791467,-0.11812708048663392,0.3548387096774194,0.23671162919078545,all_field_expected_seconds_gap_residual_same_car_crossfit_v7_4,16,7,16.0,2.2857142857142856,54.857142857142854,13.714285714285714,64.0,20.57142857142857,384.0,96.0,1447.2297722394924,1493.1101281223268,0,1.0,0,-2.0737678072095425,0.46313256953188614,0.3752759980003753,-0.13856436880958986,-14.435405705996574,1430.7205987262862,1430.7205987262862,1447.2297722394924,retrospective_first_five_backcast_previous_season_anchor_frozen_v7_5
alan_brown,1952,British Grand Prix,Alan Brown,Cooper,Cooper,13,0.01849301253509888,0.732606139842329,1950-1960_front_engine,85,0.0,20.54,20.54,5.186,silverstone,0.658632008222539,open_meteo_era5_air_temperature_track_proxy,5,1952-07-19,jolpica_cross_fitted_xw_xp,0.0,22,+16 Laps,-9.0,3.8587801087801092,2,prior_same_circuit_grid_movement,finished,0.12414421635868242,True,1500.957922476913,0.0,0.4984092460936174,-0.08416220925516768,0.6590739807356166,1.0540720934127594,-0.03787299416482546,0.8238424759195208,0.1581108140119139,1.808000695824903,0.03097545095255889,0.5847705886335463,13.872111752360066,0.02,0.0,0.05880602015151773,-0.03787299416482546,0.8238424759195208,0.1581108140119139,-0.009627407835161576,0.003002788501377026,0.0018712408360716457,-0.004314153110855959,0.11931460751332869,0.016867705732407163,0.5518035485998263,0.032401464501872757,0.038931694204723526,0.02620111797620759,0.026497942994283083,-0.011283608200563674,0.001446968027952262,0.0011501430098767688,-0.011283608200563674,cross_fitted,season_grid_average,example_precomputed_capabilities,0.7104856518359379,0.0,0.0,0.027648086004159852,0.6836717087347062,0.032401464501872757,0.5518035485998263,0.7,0.7499999999999999,0.003327364948399039,-0.09890112010115992,-0.03097545095255889,-0.2621899434722559,-5.46282980536202,-2.8738471467582407,-8.33667695212026,0.0,1492.6212455247926,revised_v3_parallel,prior_similar_races_current_season_only,field_centered_bounded_no_teammate_term,alanbrown,alan-brown,cooper,ecurie-richmond,cooper-t20,cooper-t20,exact_chassis,cooper-t20,,finished,13.0,13,True,,1:58.000,True,True,11.0,22.0,-11.0,True,0.6612903225806451,-0.33870967741935476,-0.010785357853473624,0.0,0.0,-0.04558933269650824,0.052112425328956845,full_same_season_static_retrospective_baseline_plus_shape_distributions_v9,constructor_lineage_regulation_and_stability_shrunk,-0.5013620237849229,1500.456560453128,1459.2011416565038,0.6749900333302354,1501.1315504864583,1492.794873534338,748c427fac885acd,0.5100327774028728,0.0608,0.3181336161187699,0.1378579003181336,0.0,0.0,0.0,0.2386634844868735,0.5656324582338902,0.1957040572792363,0.2301166489925769,0.21208907741251326,0.0,0.21208907741251326,0.21208907741251326,0.0,0.9395673122753119,0.5132711972991405,-0.011343082530672222,0.0,0.0,-0.04558933269650824,0.052112425328956845,full_same_season_static_retrospective_baseline_plus_shape_distributions_v9,constructor_lineage_regulation_and_stability_shrunk,high,baseline_plus_shape_distributions_v9,0.18324674423878817,0.013030642980328844,full_same_season_static_retrospective,1464.6437532244386,0.0,22,22,16.0,9851.0,85.0,0.18823529411764706,0.7,lap_equivalent,,1.0,scheduled_distance_unavailable_assume_full,1478.0984572375337,0.027624638079139844,21.0,18.9,-9.077585374730633,3.0,22.0,1.0,-0.48029552247252033,1.0,1.0513149660756937,-0.2,0.003643901795120728,7.985743755332615,3,-0.20364390179512074,-0.19843642880260795,0.32258064516129037,0.12414421635868242,all_field_expected_seconds_gap_residual_same_car_crossfit_v7_4,16,7,16.0,2.2857142857142856,54.857142857142854,13.714285714285714,64.0,20.57142857142857,384.0,96.0,1462.8482882722244,1493.1101281223268,0,1.0,2,1.7954649522141943,0.48214310166391355,0.4837717783182808,-0.35962756195959833,-26.56230087308275,1438.081452351356,1438.081452351356,1436.380594324595,retrospective_first_five_backcast_previous_season_anchor_frozen_v7_5
collins,1952,British Grand Prix,Peter Collins,HWM,HWM,14,0.0045551335838288675,0.5363846809010483,1950-1960_front_engine,85,0.0,20.54,20.54,5.186,silverstone,0.658632008222539,open_meteo_era5_air_temperature_track_proxy,5,1952-07-19,jolpica_cross_fitted_xw_xp,0.0,23,Ignition,-9.0,3.8587801087801092,2,prior_same_circuit_grid_movement,other,0.29032258064516125,False,1500.1856161306814,0.0,0.4976437542460142,-0.12387956709347421,-0.6093775779583884,0.24501986396827782,-0.055745805192063395,-0.7617219724479856,0.036752979595241674,1.808000695824903,0.02286663047719134,0.5046269128877054,16.35656570048113,0.0,0.0,0.0,-0.055745805192063395,-0.7617219724479856,0.036752979595241674,-0.0050605751945566,-0.019426699194716207,-9.28206614385438e-05,0.00036025428916812885,-0.12953194159200004,0.005218947207399756,0.5356150979115636,0.030240658992404745,0.008013124342686,0.022431998924189008,0.0059034729831818735,-0.0023525604009926072,-0.016771434982495614,-0.0002429090414884814,-0.0023525604009926072,cross_fitted,season_grid_average,example_precomputed_capabilities,0.7104856518359379,-3.469446951953614e-18,-1.3877787807814457e-17,0.005660563941693392,0.4116623578161314,0.030240658992404745,0.5356150979115636,0.7,0.7499999999999999,0.01720606653549795,0.09296455507157403,-0.02286663047719134,-0.2143043322425442,0.0,0.0,0.0,0.0,1500.1856161306814,revised_v3_parallel,prior_similar_races_current_season_only,field_centered_bounded_no_teammate_term,petercollins,peter-collins,hwm,hw-motors,,hwm-51|hwm-52,ambiguous_chassis_constructor_fallback,constructor:hwm,Ignition,other,14.0,14,True,,1:58.000,True,False,,,,False,0.6612903225806451,,-0.04328059400408283,0.0,0.0,-0.1639252271722664,0.03716252476342722,full_same_season_static_retrospective_baseline_plus_shape_distributions_v9,constructor_lineage_regulation_and_stability_shrunk,2.9573969250540495,1503.1430130557355,1475.4705030594994,0.5901589211403244,1503.7331719768758,1503.7331719768758,748c427fac885acd,0.5100327774028728,0.0608,0.3181336161187699,0.1378579003181336,0.0,0.0,0.0,0.2386634844868735,0.5656324582338902,0.1957040572792363,0.2301166489925769,0.21208907741251326,0.0,0.21208907741251326,0.21208907741251326,0.0,0.9395673122753119,0.5132711972991405,-0.040786238154712585,0.0,0.0,-0.1639252271722664,0.03716252476342722,full_same_season_static_retrospective_baseline_plus_shape_distributions_v9,constructor_lineage_regulation_and_stability_shrunk,high,baseline_plus_shape_distributions_v9,-0.08416442977094024,0.006069473178762964,full_same_season_static_retrospective,1489.7211165600022,0.0,23,DNF,,9851.0,85.0,,0.0,unavailable,,1.0,scheduled_distance_unavailable_assume_full,1479.4779551549939,0.027771597333204712,0.0,0.0,0.0,0.0,,0.0,,0.0,0.0,0.0,-0.015192794957131432,7.429678818233377,6,0.015192794957131432,0.0,0.29032258064516125,0.29032258064516125,all_field_expected_seconds_gap_residual_same_car_crossfit_v7_4,16,7,16.0,2.2857142857142856,54.857142857142854,13.714285714285714,64.0,20.57142857142857,384.0,96.0,1488.5845212332806,1493.1101281223268,0,1.0,1,1.1365953267215687,0.5066655265987376,0.49890111995396474,-0.2085785393088035,0.0,1489.7211165600022,1489.7211165600022,1473.2043712931256,retrospective_first_five_backcast_previous_season_anchor_frozen_v7_5
duncan_hamilton,1952,British Grand Prix,Duncan Hamilton,HWM,HWM,11,0.00264010482556324,0.455596575446659,1950-1960_front_engine,85,0.0,20.54,20.54,5.186,silverstone,0.658632008222539,open_meteo_era5_air_temperature_track_proxy,5,1952-07-19,jolpica_cross_fitted_xw_xp,0.0,24,Engine,-13.0,3.8587801087801092,2,prior_same_circuit_grid_movement,mechanical,,False,1495.3224362089863,0.2461875679480272,0.4928238498217489,-0.37397806508526515,-0.6093775779583884,0.24501986396827782,-0.1682901292883693,-0.7617219724479856,0.036752979595241674,1.808000695824903,0.027980528053470167,0.5468508652461304,15.047623177369958,0.0,0.0,0.0,-0.1682901292883693,-0.7617219724479856,0.036752979595241674,-0.007552695840766356,-0.02306434221203519,-0.0001055354809887749,-0.016589573402858084,-0.13618933916698642,0.004698493617307527,0.5838709699842647,0.03719730011360726,0.009856484645305036,0.025439385173841613,0.0067539700797925074,-0.003381758065488099,-0.018964658594024675,-0.0002792434999755707,-0.003381758065488099,cross_fitted,season_grid_average,example_precomputed_capabilities,0.7104856518359379,0.0,0.0,0.006474726579816937,0.4357905510317277,0.03719730011360726,0.5838709699842647,0.7,0.7499999999999999,0.02150580147365323,0.11106031421440266,-0.027980528053470167,,0.0,0.0,0.0,0.0,1495.3224362089863,revised_v3_parallel,prior_similar_races_current_season_only,field_centered_bounded_no_teammate_term,duncanhamilton,duncan-hamilton,hwm,hw-motors,,hwm-51|hwm-52,ambiguous_chassis_constructor_fallback,constructor:hwm,Engine,mechanical,11.0,11,True,,1:57.000,True,False,,,,False,0.6612903225806451,,-0.04328059400408283,0.0,0.0,-0.1639252271722664,0.03716252476342722,full_same_season_static_retrospective_baseline_plus_shape_distributions_v9,constructor_lineage_regulation_and_stability_shrunk,-1.4476406251048173,1493.8747955838815,1437.4612311062276,1.2245910151805428,1495.099386599062,1495.099386599062,748c427fac885acd,0.5100327774028728,0.0608,0.3181336161187699,0.1378579003181336,0.0,0.0,0.0,0.2386634844868735,0.5656324582338902,0.1957040572792363,0.2301166489925769,0.21208907741251326,0.0,0.21208907741251326,0.21208907741251326,0.0,0.9395673122753119,0.5132711972991405,-0.040786238154712585,0.0,0.0,-0.1639252271722664,0.03716252476342722,full_same_season_static_retrospective_baseline_plus_shape_distributions_v9,constructor_lineage_regulation_and_stability_shrunk,high,baseline_plus_shape_distributions_v9,-0.08416442977094024,0.006069473178762964,full_same_season_static_retrospective,1453.544043865195,0.0,24,DNF,,9851.0,85.0,,0.0,unavailable,,1.0,scheduled_distance_unavailable_assume_full,1453.100884599821,0.025092363288744597,0.0,0.0,0.0,0.0,,0.0,,0.0,0.0,0.0,-0.014553120389574304,7.663921570722801,6,0.014553120389574304,0.0,,,all_field_expected_seconds_gap_residual_same_car_crossfit_v7_4,16,7,16.0,2.2857142857142856,54.857142857142854,13.714285714285714,64.0,20.57142857142857,384.0,96.0,1450.5752492800088,1495.388948458163,0,1.0,1,2.968794585186131,0.4713064002011333,0.4638813412009481,,0.0,1453.544043865195,1453.544043865195,1462.3544165870082,retrospective_first_five_backcast_previous_season_anchor_frozen_v7_5
moss,1952,British Grand Prix,Stirling Moss,ERA,ERA,16,0.0013684863430130307,0.36116006144272095,1950-1960_front_engine,85,0.0,20.54,20.54,5.186,silverstone,0.658632008222539,open_meteo_era5_air_temperature_track_proxy,5,1952-07-19,jolpica_cross_fitted_xw_xp,0.0,25,Engine,-9.0,3.8587801087801092,2,prior_same_circuit_grid_movement,mechanical,,False,1502.074203013545,0.0,0.49951568780035105,-0.02675530882285877,-1.3527547359333876,-2.338849340895511,-0.012039888970286447,-1.6909434199167346,-0.35082740113432664,0.6173839903728202,0.018984276721022136,0.4330684820350448,18.57487705691361,0.0,0.0,0.0,-0.012039888970286447,-1.6909434199167346,-0.35082740113432664,-0.0032061373767362563,-0.01852886875457915,-0.0027898742039196736,0.007178046297267426,-0.25206050997568596,-0.03513674465573812,0.503073284118584,0.026341740821592657,0.002497014272329495,0.015944260334167886,0.0022943895433292193,-0.0006801537859719188,-0.01412739984781031,-0.0004775290569716431,-0.0006801537859719188,cross_fitted,season_grid_average,example_precomputed_capabilities,0.682053600178508,-3.469446951953614e-18,0.0,0.0018168604863575762,0.22305407578442732,0.026341740821592657,0.503073284118584,0.7,0.7499999999999999,0.01716741623466456,0.21001440625061746,-0.018984276721022136,,0.0,0.0,0.0,0.0,1502.074203013545,revised_v3_parallel,prior_similar_races_current_season_only,field_centered_bounded_no_teammate_term,stirlingmoss,stirling-moss,era,english-racing-automobiles-ltd,era-g,era-g,exact_chassis,era-g,Engine,mechanical,16.0,16,True,,1:59.000,True,False,,,,False,0.6612903225806451,,0.0,0.0,0.0,0.0,0.059362258556865256,full_same_season_static_retrospective_baseline_plus_shape_distributions_v9,constructor_lineage_regulation_and_stability_shrunk,-0.09225723138826175,1501.9819457821568,1518.2802632817757,0.044200708890150306,1502.026146491047,1502.026146491047,748c427fac885acd,0.5100327774028728,0.0608,0.3181336161187699,0.1378579003181336,0.0,0.0,0.0,0.2386634844868735,0.5656324582338902,0.1957040572792363,0.2301166489925769,0.21208907741251326,0.0,0.21208907741251326,0.21208907741251326,0.0,0.9395673122753119,0.5132711972991405,0.0,0.0,0.0,0.0,0.059362258556865256,full_same_season_static_retrospective_baseline_plus_shape_distributions_v9,constructor_lineage_regulation_and_stability_shrunk,high,baseline_plus_shape_distributions_v9,0.2720020680144043,0.016791795019785914,full_same_season_static_retrospective,1517.9633755254447,0.0,25,DNF,,9851.0,85.0,,0.0,unavailable,,1.0,scheduled_distance_unavailable_assume_full,1535.2536545725982,0.03441648761199414,0.0,0.0,0.0,0.0,,0.0,,0.0,0.0,0.0,0.0,0.0,0,0.0,0.0,,,all_field_expected_seconds_gap_residual_same_car_crossfit_v7_4,16,7,16.0,2.2857142857142856,54.857142857142854,13.714285714285714,64.0,20.57142857142857,384.0,96.0,1518.2802632817757,1495.388948458163,0,1.0,1,-0.3168877563309989,0.5342360887448218,0.5389128369775394,,0.0,1517.9633755254447,1517.9633755254447,1513.3614206224383,retrospective_first_five_backcast_previous_season_anchor_frozen_v7_5
trintignant,1952,British Grand Prix,Maurice Trintignant,Gordini,Gordini,21,0.0017404831504015386,0.3951135586182019,1950-1960_front_engine,85,0.0,20.54,20.54,5.186,silverstone,0.658632008222539,open_meteo_era5_air_temperature_track_proxy,5,1952-07-19,jolpica_cross_fitted_xw_xp,0.0,26,Gearbox,-5.0,3.8587801087801092,2,prior_same_circuit_grid_movement,mechanical,,False,1497.1159802056354,0.0,0.4946013347503105,-0.2817415723240059,1.6225870270966951,0.47673828962728904,-0.12678370754580265,2.028233783870869,0.07151074344409335,1.808000695824903,0.025352286231074547,0.5018525684944386,16.442570376672403,0.0,0.0,0.0,-0.12678370754580265,2.028233783870869,0.07151074344409335,-0.013702499787076206,0.0359811242574221,4.820115323835836e-05,-0.01753442365376562,0.3301187398871913,0.006297810761159955,0.4221320367457922,0.018654238543999266,0.06293651222636087,0.013422915057670123,0.04135853357719543,-0.021955448058777353,0.0275581491099134,-0.00037746940961191217,-0.021955448058777353,cross_fitted,season_grid_average,example_precomputed_capabilities,0.7104856518359379,3.469446951953614e-18,5.551115123125783e-17,0.04098106416758352,0.7410141637403779,0.018654238543999266,0.4221320367457922,0.7,0.7499999999999999,-0.015628777936508974,-0.23916159524593927,-0.025352286231074547,,0.0,0.0,0.0,0.0,1497.1159802056354,revised_v3_parallel,prior_similar_races_current_season_only,field_centered_bounded_no_teammate_term,mauricetrintignant,maurice-trintignant,gordini,equipe-gordini,,gordini-t15|gordini-t16|gordini-t16s,ambiguous_chassis_constructor_fallback,constructor:gordini,Gearbox,mechanical,21.0,21,True,,2:00.000,True,False,,,,False,0.6612903225806451,,-0.059352406190029385,0.0,0.0,-0.2518833428498526,0.02890434566205324,full_same_season_static_retrospective_baseline_plus_shape_distributions_v9,constructor_lineage_regulation_and_stability_shrunk,-0.03360015917059056,1497.0823800464648,1453.4483711487314,-0.6681694602419516,1496.414210586223,1496.414210586223,748c427fac885acd,0.5100327774028728,0.0608,0.3181336161187699,0.1378579003181336,0.0,0.0,0.0,0.2386634844868735,0.5656324582338902,0.1957040572792363,0.2301166489925769,0.21208907741251326,0.0,0.21208907741251326,0.21208907741251326,0.0,0.9395673122753119,0.5132711972991405,-0.06267109819456333,0.0,0.0,-0.2518833428498526,0.02890434566205324,full_same_season_static_retrospective_baseline_plus_shape_distributions_v9,constructor_lineage_regulation_and_stability_shrunk,high,baseline_plus_shape_distributions_v9,-0.21642326750298282,0.004159477297780614,full_same_season_static_retrospective,1471.931796814592,0.0,26,DNF,,9851.0,85.0,,0.0,unavailable,,1.0,scheduled_distance_unavailable_assume_full,1448.8842328432622,0.024688700196351516,0.0,0.0,0.0,0.0,,0.0,,0.0,0.0,0.0,0.004892569396405209,8.196611496720438,4,-0.004892569396405209,0.0,,,all_field_expected_seconds_gap_residual_same_car_crossfit_v7_4,16,7,16.0,2.2857142857142856,54.857142857142854,13.714285714285714,64.0,20.57142857142857,384.0,96.0,1473.5990385767197,1500.0,0,1.0,2,-1.6672417621277433,0.4892670052489295,0.4748504411522893,,0.0,1471.931796814592,1471.931796814592,1471.042854933691,retrospective_first_five_backcast_previous_season_anchor_frozen_v7_5
gaze,1952,British Grand Prix,Tony Gaze,HWM,HWM,26,0.0006547620911977706,0.2634276103774514,1950-1960_front_engine,85,0.0,20.54,20.54,5.186,silverstone,0.658632008222539,open_meteo_era5_air_temperature_track_proxy,5,1952-07-19,jolpica_cross_fitted_xw_xp,0.0,27,Engine,-1.0,3.8587801087801092,2,prior_same_circuit_grid_movement,mechanical,,False,1498.203088182101,0.0,0.4956787728439705,-0.22583492760867233,-0.6093775779583884,0.24501986396827782,-0.10162571742390254,-0.7617219724479856,0.036752979595241674,1.808000695824903,0.009967335472720105,0.32478381687612584,21.9317016768401,0.0,0.0,0.0,-0.10162571742390254,-0.7617219724479856,0.036752979595241674,-0.002407443612743051,-0.008362951265379396,-3.927389443204749e-05,-0.0019874358853871434,-0.08386879359550722,0.006490737279838889,0.34462518992638974,0.013210236104486451,0.0035004284968815163,0.009479914178257944,0.002503792805111679,-0.001099861164949559,-0.007079346846325987,-0.00010322547317972173,-0.001099861164949559,cross_fitted,season_grid_average,example_precomputed_capabilities,0.7104856518359379,0.0,-1.3877787807814457e-17,0.0024005673319319573,0.26525969772533425,0.013210236104486451,0.34462518992638974,0.7,0.7499999999999999,0.007566768140788148,0.05952411915079159,-0.009967335472720105,,0.0,0.0,0.0,0.0,1498.203088182101,revised_v3_parallel,prior_similar_races_current_season_only,field_centered_bounded_no_teammate_term,tonygaze,tony-gaze,hwm,tony-gaze,hwm-52,hwm-52,exact_chassis,hwm-52,Engine,mechanical,26.0,26,True,,2:05.000,True,False,,,,False,0.6612903225806451,,-0.2222222222222222,0.0,0.0,-0.8931401842534145,0.004626633735662928,full_same_season_static_retrospective_baseline_plus_shape_distributions_v9,constructor_lineage_regulation_and_stability_shrunk,-0.4684135470000818,1497.7346746351009,1366.3517067108423,-1.0344176662619953,1496.7002569688389,1496.7002569688389,748c427fac885acd,0.5100327774028728,0.0608,0.3181336161187699,0.1378579003181336,0.0,0.0,0.0,0.2386634844868735,0.5656324582338902,0.1957040572792363,0.2301166489925769,0.21208907741251326,0.0,0.21208907741251326,0.21208907741251326,0.0,0.9395673122753119,0.5132711972991405,-0.2222222222222222,0.0,0.0,-0.8931401842534145,0.004626633735662928,full_same_season_static_retrospective_baseline_plus_shape_distributions_v9,constructor_lineage_regulation_and_stability_shrunk,high,baseline_plus_shape_distributions_v9,-1.5567184576673618,9.03535101394325e-05,full_same_season_static_retrospective,1435.0629592732414,0.0,27,DNF,,9851.0,85.0,,0.0,unavailable,,1.0,scheduled_distance_unavailable_assume_full,1382.9317068956184,0.019157266506528284,0.0,0.0,0.0,0.0,,0.0,,0.0,0.0,0.0,0.0,0.0,0,0.0,0.0,,,all_field_expected_seconds_gap_residual_same_car_crossfit_v7_4,16,7,16.0,2.2857142857142856,54.857142857142854,13.714285714285714,64.0,20.57142857142857,384.0,96.0,1437.8029214511155,1493.1101281223268,0,1.0,1,-2.7399621778740593,0.4533212007207543,0.3909338020938098,,0.0,1435.0629592732414,1435.0629592732414,1452.1067308721856,retrospective_first_five_backcast_previous_season_anchor_frozen_v7_5
murray,1952,British Grand Prix,David Murray,Cooper,Cooper,22,0.003716736401163717,0.5061884338246653,1950-1960_front_engine,85,0.0,20.54,20.54,5.186,silverstone,0.658632008222539,open_meteo_era5_air_temperature_track_proxy,5,1952-07-19,jolpica_cross_fitted_xw_xp,0.0,28,Engine,-6.0,3.8587801087801092,2,prior_same_circuit_grid_movement,mechanical,,False,1500.0,0.0,0.4974597772675042,-0.13342523808116988,0.6590739807356166,1.0540720934127594,-0.060041357136526446,0.8238424759195208,0.1581108140119139,1.808000695824903,0.01656463569590013,0.44963907756179883,18.061188595584234,0.0,0.0,0.0,-0.060041357136526446,0.8238424759195208,0.1581108140119139,-0.005410257465986425,0.0015934194367934753,0.0009982400114697395,-0.0016945903451695645,0.15598989987819226,0.019272111798640818,0.40624722222888293,0.01741021510121709,0.02091909056517699,0.013853239341504333,0.01398706603798335,-0.00632747348168311,0.0007383777419895463,0.0006045510455105294,-0.00632747348168311,cross_fitted,season_grid_average,example_precomputed_capabilities,0.7104856518359379,-4.336808689942018e-19,2.7755575615628914e-17,0.01459161708349388,0.5798146435605465,0.01741021510121709,0.40624722222888293,0.7,0.7499999999999999,0.0019730186124062507,-0.13017556599874763,-0.01656463569590013,,0.0,0.0,0.0,0.0,1500.0,revised_v3_parallel,prior_similar_races_current_season_only,field_centered_bounded_no_teammate_term,davidmurray,david-murray,cooper,ecurie-ecosse,cooper-t20,cooper-t20,exact_chassis,cooper-t20,Engine,mechanical,22.0,22,True,,2:02.000,True,False,,,,False,0.6612903225806451,,-0.010785357853473624,0.0,0.0,-0.04558933269650824,0.052112425328956845,full_same_season_static_retrospective_baseline_plus_shape_distributions_v9,constructor_lineage_regulation_and_stability_shrunk,-5.975059573188507,1494.0249404268116,1471.686313829878,-1.0295541301120132,1492.9953862966995,1492.9953862966995,748c427fac885acd,0.5100327774028728,0.0608,0.3181336161187699,0.1378579003181336,0.0,0.0,0.0,0.2386634844868735,0.5656324582338902,0.1957040572792363,0.2301166489925769,0.21208907741251326,0.0,0.21208907741251326,0.21208907741251326,0.0,0.9395673122753119,0.5132711972991405,-0.011343082530672222,0.0,0.0,-0.04558933269650824,0.052112425328956845,full_same_season_static_retrospective_baseline_plus_shape_distributions_v9,constructor_lineage_regulation_and_stability_shrunk,high,baseline_plus_shape_distributions_v9,0.18324674423878817,0.013030642980328844,full_same_season_static_retrospective,1472.9812527586282,0.0,28,DNF,,9851.0,85.0,,0.0,unavailable,,1.0,scheduled_distance_unavailable_assume_full,1469.8242905117672,0.026759360580341184,0.0,0.0,0.0,0.0,,0.0,,0.0,0.0,0.0,-0.016046483357614844,11.612081972242454,4,0.016046483357614844,0.0,,,all_field_expected_seconds_gap_residual_same_car_crossfit_v7_4,16,7,16.0,2.2857142857142856,54.857142857142854,13.714285714285714,64.0,20.57142857142857,384.0,96.0,1475.3334604455986,1500.0,0,1.0,0,-2.3522076869703707,0.49029318787233883,0.49185080818749327,,0.0,1472.9812527586282,1472.9812527586282,1489.642620852701,retrospective_first_five_backcast_previous_season_anchor_frozen_v7_5
manzon,1952,British Grand Prix,Robert Manzon,Gordini,Gordini,4,0.048189169912626985,0.8381637743845441,1950-1960_front_engine,85,0.0,20.54,20.54,5.186,silverstone,0.658632008222539,open_meteo_era5_air_temperature_track_proxy,5,1952-07-19,jolpica_cross_fitted_xw_xp,0.0,29,Clutch,-25.0,3.8587801087801092,2,prior_same_circuit_grid_movement,mechanical,,False,1494.185369566588,0.0,0.49169704853165613,-0.43245393148530714,1.6225870270966951,0.47673828962728904,-0.19460426916838822,2.028233783870869,0.07151074344409335,1.808000695824903,0.07953284305475344,0.7351464006418288,9.210461580103308,0.12,0.0299252577022837,0.21007474229771628,-0.19460426916838822,2.028233783870869,0.07151074344409335,-0.049362255202072394,0.11330358941452937,0.00016451808591960487,-0.030814617890214294,0.20711991783570874,0.003981035727557739,0.6900748167235657,0.060301087365240445,0.20344653110733044,0.04131256843695912,0.12558327982907752,-0.07903959144371339,0.08309437122665791,-0.0011763401654604766,-0.07903959144371339,cross_fitted,season_grid_average,example_precomputed_capabilities,0.7104856518359379,1.3877787807814457e-17,0.0,0.12440693966361704,0.8703611523966179,0.060301087365240445,0.6900748167235657,0.7,0.7499999999999999,-0.0448740966088636,-0.13521475175478914,-0.07953284305475344,,0.0,0.0,0.0,0.0,1494.185369566588,revised_v3_parallel,prior_similar_races_current_season_only,field_centered_bounded_no_teammate_term,robertmanzon,robert-manzon,gordini,equipe-gordini,,gordini-t15|gordini-t16|gordini-t16s,ambiguous_chassis_constructor_fallback,constructor:gordini,Clutch,mechanical,4.0,4,True,,1:54.000,True,False,,,,False,0.6612903225806451,,-0.059352406190029385,0.0,0.0,-0.2518833428498526,0.02890434566205324,full_same_season_static_retrospective_baseline_plus_shape_distributions_v9,constructor_lineage_regulation_and_stability_shrunk,6.25091871461863,1500.4362882812065,1545.9051423085366,2.602727364497752,1503.0390156457042,1503.0390156457042,748c427fac885acd,0.5100327774028728,0.0608,0.3181336161187699,0.1378579003181336,0.0,0.0,0.0,0.2386634844868735,0.5656324582338902,0.1957040572792363,0.2301166489925769,0.21208907741251326,0.0,0.21208907741251326,0.21208907741251326,0.0,0.9395673122753119,0.5132711972991405,-0.06267109819456333,0.0,0.0,-0.2518833428498526,0.02890434566205324,full_same_season_static_retrospective_baseline_plus_shape_distributions_v9,constructor_lineage_regulation_and_stability_shrunk,high,baseline_plus_shape_distributions_v9,-0.21642326750298282,0.004159477297780614,full_same_season_static_retrospective,1570.683977474763,0.15277043224751966,29,DNF,,9851.0,85.0,,0.0,unavailable,,1.0,scheduled_distance_unavailable_assume_full,1574.7515513575845,0.040062900368841886,0.0,0.0,0.0,0.0,,0.0,,0.0,0.0,0.0,0.0053351991306652856,6.7803378138092985,4,-0.0053351991306652856,0.0,,,all_field_expected_seconds_gap_residual_same_car_crossfit_v7_4,16,7,16.0,2.2857142857142856,54.857142857142854,13.714285714285714,64.0,20.57142857142857,384.0,96.0,1566.055809736525,1500.0,0,1.0,6,4.628167738238011,0.5850562837784089,0.7228852465331934,,0.0,1570.683977474763,1570.683977474763,1529.472383535977,retrospective_first_five_backcast_previous_season_anchor_frozen_v7_5
hirt,1952,British Grand Prix,Peter Hirt,Ferrari,Ferrari,24,0.00737490310866935,0.6071717556038959,1950-1960_front_engine,85,0.0,20.54,20.54,5.186,silverstone,0.658632008222539,open_meteo_era5_air_temperature_track_proxy,5,1952-07-19,jolpica_cross_fitted_xw_xp,0.0,30,Brakes,-6.0,3.8587801087801092,2,prior_same_circuit_grid_movement,mechanical,,False,1496.320734087385,0.0,0.49381319110838223,-0.32263865261111446,0.5392165247624765,0.6538614248074338,-0.14518739367500152,0.6740206559530957,0.09807921372111507,2.2661923368942807,0.013608964707479694,0.4095911348481165,19.30267481970839,0.02,0.0,0.05880602015151773,-0.14518739367500152,0.6740206559530957,0.09807921372111507,-0.004963574090480221,-0.000526689162625656,0.0003017395398608478,-0.012568609136442078,0.13859265624750985,0.012331412253796201,0.3750022700069005,0.0151655218214532,0.015285110390689709,0.010941072544495112,0.009965371536251773,-0.005308112282481538,-0.0009640744362869411,1.1626571956397866e-05,-0.005308112282481538,cross_fitted,season_grid_average,example_precomputed_capabilities,0.717001473688212,-8.673617379884035e-19,0.0,0.00997699810820817,0.5133577293717645,0.0151655218214532,0.3750022700069005,0.7,0.7499999999999999,0.0036319665992715234,-0.103766594523648,-0.013608964707479694,,0.0,0.0,0.0,0.0,1496.320734087385,revised_v3_parallel,prior_similar_races_current_season_only,field_centered_bounded_no_teammate_term,peterhirt,peter-hirt,ferrari,ecurie-espadon,,ferrari-212|ferrari-500,ambiguous_chassis_constructor_fallback,constructor:ferrari,Brakes,mechanical,24.0,24,True,,2:03.000,True,False,,,,False,0.6612903225806451,,0.12371104867318344,0.0,0.0,0.4816464266327554,0.23504836327075837,full_same_season_static_retrospective_baseline_plus_shape_distributions_v9,constructor_lineage_regulation_and_stability_shrunk,-4.41434225541148,1491.9063918319737,1458.0396483907894,-1.915649819165216,1489.9907420128084,1489.9907420128084,748c427fac885acd,0.5100327774028728,0.0608,0.3181336161187699,0.1378579003181336,0.0,0.0,0.0,0.2386634844868735,0.5656324582338902,0.1957040572792363,0.2301166489925769,0.21208907741251326,0.0,0.21208907741251326,0.21208907741251326,0.0,0.9395673122753119,0.5132711972991405,0.11983845440925163,0.0,0.0,0.4816464266327554,0.23504836327075837,full_same_season_static_retrospective_baseline_plus_shape_distributions_v9,constructor_lineage_regulation_and_stability_shrunk,high,baseline_plus_shape_distributions_v9,1.290050270844604,0.3078459594995604,full_same_season_static_retrospective,1416.4524827246082,0.0,30,DNF,,9851.0,85.0,,0.0,unavailable,,1.0,scheduled_distance_unavailable_assume_full,1480.6129566732511,0.027893096201171304,0.0,0.0,0.0,0.0,,0.0,,0.0,0.0,0.0,0.027907938808897054,23.46039217743792,8,-0.027907938808897054,0.0,,,all_field_expected_seconds_gap_residual_same_car_crossfit_v7_4,16,7,16.0,2.2857142857142856,54.857142857142854,13.714285714285714,64.0,20.57142857142857,384.0,96.0,1419.507934260169,1495.388948458163,0,1.0,2,-3.0554515355607004,0.43532093469584576,0.4779499589354653,,0.0,1416.4524827246082,1416.4524827246082,1439.5151595979537,retrospective_first_five_backcast_previous_season_anchor_frozen_v7_5
cantoni,1952,British Grand Prix,Eitel Cantoni,Maserati,Maserati,27,0.00034356188669886194,0.18835986640142816,1950-1960_front_engine,85,0.0,20.54,20.54,5.186,silverstone,0.658632008222539,open_meteo_era5_air_temperature_track_proxy,5,1952-07-19,jolpica_cross_fitted_xw_xp,0.0,31,Brakes,-4.0,3.8587801087801092,2,prior_same_circuit_grid_movement,mechanical,,False,1500.0,0.0,0.4974597772675042,-0.13342523808116988,0.5727326062413962,-0.9156404454094215,-0.060041357136526446,0.7159157578017452,-0.1373460668114132,1.1906167054520829,0.010948112640668589,0.36425828922455405,20.707993034038825,0.0,0.0,0.0,-0.060041357136526446,0.7159157578017452,-0.1373460668114132,-0.0032845628989700082,-5.436161442670093e-05,-0.001264916994365366,0.0016865723590555048,0.15242194500776857,-0.016356964703248517,0.3298204010586601,0.01232926509299721,0.011058469896586414,0.008207723970447528,0.008994071265786042,-0.00333304631135128,-0.00048230038521239384,-0.0012686476805509076,-0.00333304631135128,cross_fitted,season_grid_average,example_precomputed_capabilities,0.6986536618336492,0.0,2.7755575615628914e-17,0.007725423585235134,0.4675719537222357,0.01232926509299721,0.3298204010586601,0.7,0.7499999999999999,0.0032226890554334546,-0.10331366449768165,-0.010948112640668589,,0.0,0.0,0.0,0.0,1500.0,revised_v3_parallel,prior_similar_races_current_season_only,field_centered_bounded_no_teammate_term,eitelcantoni,eitel-cantoni,maserati,escuderia-bandeirantes,maserati-a6gcm,maserati-a6gcm,exact_chassis,maserati-a6gcm,Brakes,mechanical,27.0,27,True,,2:06.000,True,False,,,,False,0.6612903225806451,,-0.12064658314851263,0.0,0.0,-0.46951894192720456,0.015520720775226478,full_same_season_static_retrospective_baseline_plus_shape_distributions_v9,constructor_lineage_regulation_and_stability_shrunk,0.0,1500.0,1413.6334726103803,-1.6140357472704134,1498.3859642527295,1498.3859642527295,748c427fac885acd,0.5100327774028728,0.0608,0.3181336161187699,0.1378579003181336,0.0,0.0,0.0,0.2386634844868735,0.5656324582338902,0.1957040572792363,0.2301166489925769,0.21208907741251326,0.0,0.21208907741251326,0.21208907741251326,0.0,0.9395673122753119,0.5132711972991405,-0.11682101476344027,0.0,0.0,-0.46951894192720456,0.015520720775226478,full_same_season_static_retrospective_baseline_plus_shape_distributions_v9,constructor_lineage_regulation_and_stability_shrunk,high,baseline_plus_shape_distributions_v9,-0.720827905292352,0.0009843569524423876,full_same_season_static_retrospective,1447.3997154001174,0.0,31,DNF,,9851.0,85.0,,0.0,unavailable,,1.0,scheduled_distance_unavailable_assume_full,1425.8575814953215,0.022596196900574267,0.0,0.0,0.0,0.0,,0.0,,0.0,0.0,0.0,-0.006824175783109578,5.48439387435616,5,0.006824175783109578,0.0,,,all_field_expected_seconds_gap_residual_same_car_crossfit_v7_4,16,7,16.0,2.2857142857142856,54.857142857142854,13.714285714285714,64.0,20.57142857142857,384.0,96.0,1451.1949879645567,1493.1101281223268,0,1.0,0,-3.795272564439336,0.4653174068080457,0.4344994541711055,,0.0,1447.3997154001174,1447.3997154001174,1451.1949879645567,retrospective_first_five_backcast_previous_season_anchor_frozen_v7_5
aston,1952,British Grand Prix,Bill Aston,Aston Butterworth,Aston Butterworth,20,0.0004136969285271169,0.20881793217687486,1950-1960_front_engine,85,0.0,20.54,20.54,5.186,silverstone,0.658632008222539,open_meteo_era5_air_temperature_track_proxy,5,1952-07-19,jolpica_cross_fitted_xw_xp,0.0,32,Withdrew,,3.8587801087801092,2,prior_same_circuit_grid_movement,dns,,False,1500.0,0.0,0.4974597772675042,-0.13342523808116988,-1.3527547359333876,-2.338849340895511,-0.060041357136526446,-1.6909434199167346,-0.35082740113432664,0.6173839903728202,0.014394122697680476,0.3740088871119634,20.405724499529136,0.0,0.0,0.0,-0.060041357136526446,-1.6909434199167346,-0.35082740113432664,-0.002693446100221592,-0.013857155890592146,-0.0020928290314126577,0.0022118467083668825,-0.22575687161558322,-0.03304303706745923,0.4381559026056323,0.019987152004348394,0.0018946433402444937,0.011696793542456445,0.0016954656389117086,-0.0005509223581224964,-0.010353072560334447,-0.00035174465678971135,-0.0005509223581224964,cross_fitted,season_grid_average,example_precomputed_capabilities,0.682053600178508,0.0,0.0,0.0013437209821219973,0.18156784063095674,0.019987152004348394,0.4381559026056323,0.7,0.7499999999999999,0.013050401715558478,0.19244104648100666,-0.014394122697680476,,0.0,0.0,0.0,0.0,1500.0,revised_v3_parallel,prior_similar_races_current_season_only,field_centered_bounded_no_teammate_term,billaston,bill-aston,aston-butterworth,ws-aston,aston-butterworth-nb41,aston-butterworth-nb41,exact_chassis,aston-butterworth-nb41,,dns,30.0,30,True,,3:28.000,True,False,,,,False,0.6612903225806451,,0.0,0.0,0.0,0.0,0.059362258556865256,full_same_season_static_retrospective_baseline_plus_shape_distributions_v9,constructor_lineage_regulation_and_stability_shrunk,0.0,1500.0,1457.1101281223268,-2.6539566276553597,1497.3460433723446,1497.3460433723446,748c427fac885acd,0.5100327774028728,0.0608,0.3181336161187699,0.1378579003181336,0.0,0.0,0.0,0.2386634844868735,0.5656324582338902,0.1957040572792363,0.2301166489925769,0.21208907741251326,0.0,0.21208907741251326,0.21208907741251326,0.0,0.9395673122753119,0.5132711972991405,0.0,0.0,0.0,0.0,0.059362258556865256,full_same_season_static_retrospective_baseline_plus_shape_distributions_v9,constructor_lineage_regulation_and_stability_shrunk,high,baseline_plus_shape_distributions_v9,0.2720020680144043,0.016791795019785914,full_same_season_static_retrospective,1451.4126557629627,0.0,32,DNS,,9851.0,85.0,,0.0,unavailable,,1.0,scheduled_distance_unavailable_assume_full,1465.195339565047,0.02628716199361435,0.0,0.0,0.0,0.0,,0.0,,0.0,0.0,0.0,0.0,0.0,0,0.0,0.0,,,all_field_expected_seconds_gap_residual_same_car_crossfit_v7_4,16,7,16.0,2.2857142857142856,54.857142857142854,13.714285714285714,64.0,20.57142857142857,384.0,96.0,1457.1101281223268,1493.1101281223268,0,1.0,0,-5.697472359364213,0.46922797961081014,0.47449398346092386,,0.0,1451.4126557629627,1451.4126557629627,1457.1101281223268,retrospective_first_five_backcast_previous_season_anchor_frozen_v7_5
