driver_id,season,event,driver,constructor,team,grid,v02_XW,v02_XP,regulation_era,race_distance_laps,wet_fraction,track_temperature,air_temperature,wind_speed,circuit_id,overtake_index,weather_source,round,date,source,observed_winner,position,status,positions_gained,overtake_proxy_raw,circuit_history_races,overtake_source,status_class,observed_performance,rating_eligible,pre_rating,season_reversion_delta,driver_expected_from_rating,driver_score_raw_revised,car_score_raw_revised,team_score_raw_revised,XdW_score_revised,XcW_score_revised,XtW_score_revised,car_effective_prior_races,XW,XP,expected_position,XW_simulated,XW_lower_95,XW_upper_95,XdW_score,XcW_score,XtW_score,XdW_probability_contribution,XcW_probability_contribution,XtW_probability_contribution,XdP_performance_contribution,XcP_performance_contribution,XtP_performance_contribution,XP_neutral_baseline,XW_neutral_baseline,XW_with_neutral_driver,XW_with_neutral_car,XW_with_neutral_team,driver_direct_uplift,car_direct_uplift,team_direct_uplift,driver_above_car_expectation,analysis_mode,neutral_reference,data_quality,model_confidence,decomposition_error,xp_decomposition_error,XW_raw_revised,XP_raw_revised,XW_neutral_revised,XP_neutral_revised,xw_calibration_shrinkage,xp_calibration_shrinkage,xw_calibration_adjustment,xp_calibration_adjustment,win_surprise,performance_surprise,raw_rating_delta,field_centering_adjustment,rating_delta,teammate_rating_delta,post_rating,model_version,car_prior_scope,rating_update_method,driver_name_key,driver_id_f1db,constructor_id_f1db,entrant_id,car_model_id,car_model_candidates,car_identity_resolution,model_entity_id,reason_retired_f1db,status_class_f1db,qualifying_position,qualifying_position_text,qualifying_eligible,qualifying_laps,qualifying_time,f1db_joined,clean_pass_proxy_eligible,clean_grid_rank,clean_finish_rank,clean_positions_gained,car_fit_eligible,field_performance,relative_performance,current_car_score_raw,constructor_prior_z_x,prior_weight_total_x,car_suitability_score_v6,expected_car_win_v6,car_model_scope_v6,car_prior_scope_v6,qualifying_rating_carried_v6,pre_qualifying_rating_v6,pre_session_strength,qualifying_delta_v6,pre_race_rating_v6,post_event_rating_v6,layout_key,straight_demand,altitude_demand,top_three_straight_share,straight_600_1000_track_share,straight_over_1000_track_share,radius_under_50_distance_share,radius_50_90_distance_share,radius_90_150_distance_share,radius_150_250_distance_share,radius_250_450_distance_share,steady_long_turn_distance_share,opposite_direction_links_per_km,same_direction_links_per_km,multi_turn_complexes_per_km,multi_apex_turns_per_km,tightening_turns_per_km,approach_severity_per_km,top_three_turning_share,current_car_score_raw_v7_6,constructor_prior_z_y,prior_weight_total_y,car_suitability_score_v7_6,expected_car_win_v7_6,car_model_scope_v7_6,car_prior_scope_v7_6,shape_topology_quality,car_suitability_model_branch_v7_6,car_suitability_score_v6_baseline,expected_car_win_v6_baseline,car_model_scope_v6_baseline,retrospective_pre_race_rating,driver_context_adjustment,result_order,finish_position_text,gap_laps,winner_race_time_seconds,winner_race_laps,cumulative_gap_share,cumulative_gap_reliability,cumulative_gap_quality,race_completion_fraction_v7_4,race_completion_reliability_v7_4,race_completion_quality_v7_4,pairwise_pre_race_strength_v7_4,field_xw_v7_4,margin_comparison_count,margin_comparison_weight,weighted_pair_gap_residual,same_car_margin_comparisons,eligible_timed_field_size,margin_race_completion_reliability,mean_pair_gap_residual_score,margin_pair_coverage,margin_field_depth_factor,raw_pairwise_margin_performance_adjustment,crossfit_car_margin_component,crossfit_car_margin_effective_rows,crossfit_car_margin_other_drivers,driver_margin_adjustment_before_centering,pairwise_margin_performance_adjustment,observed_performance_position_only,gap_adjusted_observed_performance,pairwise_margin_model,event_index,season_rounds,calendar_reference_rounds,calendar_k_multiplier,effective_race_k,effective_qualifying_k,effective_max_race_delta,effective_max_qualifying_delta,scheduled_race_k_budget,scheduled_qualifying_k_budget,retrospective_pre_qualifying_rating,retrospective_debut_anchor,inactivity_seasons,return_uncertainty_multiplier,driver_context_prior_samples,retrospective_qualifying_delta,retrospective_driver_expected_from_rating,retrospective_expected_performance,retrospective_performance_residual,retrospective_race_delta,retrospective_post_rating,retrospective_rating,debut_rating_frozen,rating_history_scope
fangio,1953,Italian Grand Prix,Juan Fangio,Maserati,Maserati,2,0.00930767550578141,0.7353628954431515,1950-1960_front_engine,80,0.0,24.88,24.88,1.6800000000000002,monza,0.7009424461513025,open_meteo_era5_air_temperature_track_proxy,9,1953-09-13,jolpica_cross_fitted_xw_xp,1.0,1,Finished,1.0,4.687675914756736,3,prior_same_circuit_grid_movement,finished,1.1246979680122073,True,1564.87801091182,0.0,0.558820769562374,1.2264706898429605,0.955181100165544,-0.006234016355277975,0.5519118104293322,1.1939763752069301,-0.0009351024532916962,4.489341196577987,0.08089133635719664,0.7428750053607787,8.71374983917664,0.06,0.0,0.12582799404508693,0.5519118104293322,1.1939763752069301,-0.0009351024532916962,0.004279775014645129,0.022386479898166303,-0.0047122888626224355,0.05772531788567559,0.08896817862056143,-0.003442133477716214,0.6998995964522223,0.0666212584245738,0.0910803016750206,0.07370804618230811,0.09686275605513067,-0.0025050772002578048,0.01486717829245468,-0.00828753158036788,-0.0025050772002578048,cross_fitted,season_grid_average,example_precomputed_capabilities,0.7359777185614644,0.0,0.0,0.08857522447476279,0.8431509594807431,0.0666212584245738,0.6998995964522223,0.35,0.7,-0.007683888117566151,-0.10027595411996448,0.9191086636428034,0.25712499463922134,26.686857830933267,-2.6079753220857818,24.078882508847485,0.0,1588.9568934206675,revised_v3_parallel,prior_similar_races_current_season_only,field_centered_bounded_no_teammate_term,juanfangio,juan-manuel-fangio,maserati,officine-alfieri-maserati,maserati-a6gcm,maserati-a6gcm,exact_chassis,maserati-a6gcm,,finished,2.0,2,True,,2:03.200,True,,,,,True,0.6736842105263158,0.3263157894736842,0.06143380079541034,0.0,0.0,0.2291975410300902,0.20137538584006656,full_same_season_static_retrospective_baseline_plus_shape_distributions_v9,constructor_lineage_regulation_and_stability_shrunk,40.78780165624683,1605.6658125680667,1664.4362111185462,2.063100260073111,1607.7289128281398,1631.8077953369873,f9e8d1b68ad55a88,0.4610389610389611,0.0728,0.2968253968253968,0.13174603174603175,0.0,0.0,0.5576368876080692,0.14697406340057637,0.27521613832853026,0.020172910662824207,0.12380952380952381,1.2698412698412698,0.0,0.4761904761904762,0.4761904761904762,0.7936507936507937,1.9738769255576407,0.36200075596333725,0.057410576425845225,0.0,0.0,0.2291975410300902,0.20137538584006656,full_same_season_static_retrospective_baseline_plus_shape_distributions_v9,constructor_lineage_regulation_and_stability_shrunk,high,baseline_plus_shape_distributions_v9,0.4877255147161831,0.20819703175831475,full_same_season_static_retrospective,1649.7604495932835,0.15039895837103767,1,1,,10185.9,80.0,0.0,1.0,winner_origin,,1.0,scheduled_distance_unavailable_assume_full,1681.931690998131,0.05620765979939291,15.0,13.599999999999998,4.3441743030984155,2.0,16.0,1.0,0.31942458111017763,1.0,0.8885233166386386,0.11352647528956915,0.006859045665064361,11.827699407857914,8,0.10666742962450479,0.12469796801220726,1.0,1.1246979680122073,all_field_expected_seconds_gap_residual_same_car_crossfit_v7_4,27,8,16.0,2.0,48.0,12.0,56.0,18.0,384.0,96.0,1646.100407836139,1500.0,0,1.0,14,3.660041757144323,0.642353576227077,0.8126690649440493,0.312028903068158,11.46421998311763,1661.224669576401,1661.224669576401,1495.7846767721446,retrospective_first_five_backcast_previous_season_anchor_frozen_v7_5
farina,1953,Italian Grand Prix,Nino Farina,Ferrari,Ferrari,3,0.13437355723629613,0.9267043549625397,1950-1960_front_engine,80,0.0,24.88,24.88,1.6800000000000002,monza,0.7009424461513025,open_meteo_era5_air_temperature_track_proxy,9,1953-09-13,jolpica_cross_fitted_xw_xp,0.0,2,Finished,1.0,4.687675914756736,3,prior_same_circuit_grid_movement,finished,1.0596129096715645,True,1536.1296941063476,0.0,0.5307106839151914,0.6331080917578341,0.9234673151623898,1.223612434940898,0.2848986412910254,1.1543341439529873,0.18354186524113472,4.489341196577987,0.06911506951860132,0.7266423253236713,9.20073024028986,0.06,0.0,0.12582799404508693,0.2848986412910254,1.1543341439529873,0.18354186524113472,-0.011353384593710117,0.017019205982705815,0.004661353468427543,0.02889803697877763,0.08995373961248787,0.01579124942558313,0.6862494175186168,0.062402405861276204,0.09343414313599538,0.06386600166577774,0.06989104750091969,-0.02070456241729593,0.008863579052921705,0.0028385332177797568,-0.02070456241729593,cross_fitted,season_grid_average,example_precomputed_capabilities,0.7359777185614644,3.469446951953614e-18,0.0,0.07272958071869945,0.8208924435354654,0.062402405861276204,0.6862494175186168,0.35,0.7,-0.0036145112000981333,-0.09425011821179408,-0.06911506951860132,0.24002434134299533,2.661676475727484,-2.6079753220857835,0.05370115364170047,0.0,1536.1833952599893,revised_v3_parallel,prior_similar_races_current_season_only,field_centered_bounded_no_teammate_term,ninofarina,nino-farina,ferrari,scuderia-ferrari,,ferrari-500|ferrari-553,ambiguous_chassis_constructor_fallback,constructor:ferrari,,finished,3.0,3,True,,2:03.900,True,True,2.0,2.0,0.0,True,0.6736842105263158,0.2929824561403509,0.13018946550116794,0.0,0.0,0.5161775369436126,0.4571966492252528,full_same_season_static_retrospective_baseline_plus_shape_distributions_v9,constructor_lineage_regulation_and_stability_shrunk,49.56587435831689,1585.6955684646646,1679.1733525584461,1.8315095861100592,1587.5270780507747,1587.5807792044163,f9e8d1b68ad55a88,0.4610389610389611,0.0728,0.2968253968253968,0.13174603174603175,0.0,0.0,0.5576368876080692,0.14697406340057637,0.27521613832853026,0.020172910662824207,0.12380952380952381,1.2698412698412698,0.0,0.4761904761904762,0.4761904761904762,0.7936507936507937,1.9738769255576407,0.36200075596333725,0.1292947987173881,0.0,0.0,0.5161775369436126,0.4571966492252528,full_same_season_static_retrospective_baseline_plus_shape_distributions_v9,constructor_lineage_regulation_and_stability_shrunk,high,baseline_plus_shape_distributions_v9,0.7937210057969816,0.4990756717531965,full_same_season_static_retrospective,1640.9734426880727,0.12384962379796055,2,2,,10185.9,80.0,0.00013744489932161123,1.0,exact_seconds,,1.0,scheduled_distance_unavailable_assume_full,1690.1747329911857,0.05801821718578394,15.0,14.999999999999998,4.008543419843389,3.0,16.0,1.0,0.2672362279895593,1.0,0.8885233166386386,0.09497824784771305,0.020062543230517652,16.71022348912752,5,0.0749157046171954,0.09294624300489787,0.9666666666666667,1.0596129096715645,all_field_expected_seconds_gap_residual_same_car_crossfit_v7_4,27,8,16.0,2.0,48.0,12.0,56.0,18.0,384.0,96.0,1637.879149602957,1500.0,0,1.0,22,3.094293085115552,0.6344129191231633,0.7982559308755579,0.2613569787960066,9.031967618054363,1650.005410306127,1650.005410306127,1498.257113006922,retrospective_first_five_backcast_previous_season_anchor_frozen_v7_5
villoresi,1953,Italian Grand Prix,Luigi Villoresi,Ferrari,Ferrari,5,0.031108059687659017,0.8397628760722847,1950-1960_front_engine,80,0.0,24.88,24.88,1.6800000000000002,monza,0.7009424461513025,open_meteo_era5_air_temperature_track_proxy,9,1953-09-13,jolpica_cross_fitted_xw_xp,0.0,3,+1 Lap,2.0,4.687675914756736,3,prior_same_circuit_grid_movement,finished,1.015358830275583,True,1474.2563827635352,0.0,0.4697823246982944,-0.6439513277179063,0.9234673151623898,1.223612434940898,-0.2897780974730578,1.1543341439529873,0.18354186524113472,4.489341196577987,0.04468951941223405,0.6828951743264585,10.513144770206244,0.04,0.0,0.09431711332536,-0.2897780974730578,1.1543341439529873,0.18354186524113472,-0.031166475910293232,0.012216485619613774,0.00347345002593273,-0.04348022407819124,0.10841671412949887,0.01767969474420439,0.6581103188878049,0.05474927058431943,0.08197522377163723,0.036851866417082664,0.037939532070940134,-0.042702493452064526,0.0024208639024900364,0.0013331982486325666,-0.042702493452064526,cross_fitted,season_grid_average,example_precomputed_capabilities,0.7359777185614644,0.0,1.3877787807814457e-17,0.0392727303195727,0.7407265036833169,0.05474927058431943,0.6581103188878049,0.35,0.7,0.005416789092661349,-0.05783132935685842,-0.04468951941223405,0.2504381590068748,3.4353383962301294,-2.6079753220857835,0.8273630741443458,0.0,1475.0837458376795,revised_v3_parallel,prior_similar_races_current_season_only,field_centered_bounded_no_teammate_term,luigivilloresi,luigi-villoresi,ferrari,scuderia-ferrari,,ferrari-500|ferrari-553,ambiguous_chassis_constructor_fallback,constructor:ferrari,,finished,5.0,5,True,,2:04.600,True,True,3.0,3.0,0.0,True,0.6736842105263158,0.2596491228070176,0.13018946550116794,0.0,0.0,0.5161775369436126,0.4571966492252528,full_same_season_static_retrospective_baseline_plus_shape_distributions_v9,constructor_lineage_regulation_and_stability_shrunk,30.402305023212545,1504.6586877867478,1607.9593209509997,1.8740653386758452,1506.5327531254236,1507.360116199568,f9e8d1b68ad55a88,0.4610389610389611,0.0728,0.2968253968253968,0.13174603174603175,0.0,0.0,0.5576368876080692,0.14697406340057637,0.27521613832853026,0.020172910662824207,0.12380952380952381,1.2698412698412698,0.0,0.4761904761904762,0.4761904761904762,0.7936507936507937,1.9738769255576407,0.36200075596333725,0.1292947987173881,0.0,0.0,0.5161775369436126,0.4571966492252528,full_same_season_static_retrospective_baseline_plus_shape_distributions_v9,constructor_lineage_regulation_and_stability_shrunk,high,baseline_plus_shape_distributions_v9,0.7937210057969816,0.4990756717531965,full_same_season_static_retrospective,1569.6881587291723,0.13450060991428212,3,3,1.0,10185.9,80.0,0.0125,0.7,lap_equivalent,,1.0,scheduled_distance_unavailable_assume_full,1637.2857864874184,0.04733916784303691,13.0,11.899999999999999,3.1928747557459904,2.0,16.0,1.0,0.2683088030038648,0.8666666666666667,0.8885233166386386,0.08877481762428698,0.02477985906973991,17.934288089697816,5,0.06399495855454707,0.08202549694224953,0.9333333333333333,1.015358830275583,all_field_expected_seconds_gap_residual_same_car_crossfit_v7_4,27,8,16.0,2.0,48.0,12.0,56.0,18.0,384.0,96.0,1566.6651179955106,1500.0,0,1.0,14,3.0230407336617184,0.5678003771363852,0.7459867344296056,0.2693720958459773,9.416693236452957,1579.1048519656254,1579.1048519656254,1484.619807275435,retrospective_first_five_backcast_previous_season_anchor_frozen_v7_5
hawthorn,1953,Italian Grand Prix,Mike Hawthorn,Ferrari,Ferrari,6,0.15738919293690418,0.9338924427725742,1950-1960_front_engine,80,0.0,24.88,24.88,1.6800000000000002,monza,0.7009424461513025,open_meteo_era5_air_temperature_track_proxy,9,1953-09-13,jolpica_cross_fitted_xw_xp,0.0,4,+1 Lap,2.0,4.687675914756736,3,prior_same_circuit_grid_movement,finished,0.9765548232127582,True,1520.7030603813598,0.0,0.5155371101688692,0.31470379947509425,0.9234673151623898,1.223612434940898,0.14161670976379243,1.1543341439529873,0.18354186524113472,4.489341196577987,0.05237051207086947,0.685005196012932,10.449844119612042,0.14,0.043820101892339286,0.23617989810766074,0.14161670976379243,1.1543341439529873,0.18354186524113472,-0.015156361358962762,0.013174927251547772,0.0036557256197558294,0.01490982347971385,0.10550407384373525,0.01741468711640102,0.643656620680977,0.051282222587847925,0.07678406720818964,0.047278213455219036,0.05095665532242526,-0.02382755310800088,0.005678300644969728,0.0019998587777635066,-0.02382755310800088,cross_fitted,season_grid_average,example_precomputed_capabilities,0.7359777185614644,-8.673617379884035e-19,0.0,0.05295651410018876,0.7814852051208271,0.051282222587847925,0.643656620680977,0.35,0.7,-0.0005860020293192922,-0.09648000910789511,-0.05237051207086947,0.21499480398706805,2.6130141820663573,-2.6079753220857835,0.00503885998057374,0.0,1520.7080992413405,revised_v3_parallel,prior_similar_races_current_season_only,field_centered_bounded_no_teammate_term,mikehawthorn,mike-hawthorn,ferrari,scuderia-ferrari,,ferrari-500|ferrari-553,ambiguous_chassis_constructor_fallback,constructor:ferrari,,finished,6.0,6,True,,2:04.900,True,True,4.0,4.0,0.0,True,0.6736842105263158,0.22631578947368425,0.13018946550116794,0.0,0.0,0.5161775369436126,0.4571966492252528,full_same_season_static_retrospective_baseline_plus_shape_distributions_v9,constructor_lineage_regulation_and_stability_shrunk,13.103041712738086,1533.806102094098,1631.0331629323548,1.5003727329150693,1535.306474827013,1535.3115136869937,f9e8d1b68ad55a88,0.4610389610389611,0.0728,0.2968253968253968,0.13174603174603175,0.0,0.0,0.5576368876080692,0.14697406340057637,0.27521613832853026,0.020172910662824207,0.12380952380952381,1.2698412698412698,0.0,0.4761904761904762,0.4761904761904762,0.7936507936507937,1.9738769255576407,0.36200075596333725,0.1292947987173881,0.0,0.0,0.5161775369436126,0.4571966492252528,full_same_season_static_retrospective_baseline_plus_shape_distributions_v9,constructor_lineage_regulation_and_stability_shrunk,high,baseline_plus_shape_distributions_v9,0.7937210057969816,0.4990756717531965,full_same_season_static_retrospective,1592.097397959818,0.19383735895260723,4,4,1.0,10185.9,80.0,0.0125,0.7,lap_equivalent,,1.0,scheduled_distance_unavailable_assume_full,1699.2981619477046,0.06009022375551402,13.0,11.899999999999999,2.954401700959576,2.0,16.0,1.0,0.24826905050080472,0.8666666666666667,0.8885233166386386,0.0821443032551055,0.023620018430049756,15.555511972844835,5,0.05852428482505574,0.07655482321275822,0.9,0.9765548232127582,all_field_expected_seconds_gap_residual_same_car_crossfit_v7_4,27,8,16.0,2.0,48.0,12.0,56.0,18.0,384.0,96.0,1589.7389599768658,1493.1101281223268,0,1.0,10,2.358437982952174,0.5891026462340105,0.8255783505492859,0.15097647266347236,3.733703323692719,1595.8311012835106,1595.8311012835106,1520.5619892963957,retrospective_first_five_backcast_previous_season_anchor_frozen_v7_5
trintignant,1953,Italian Grand Prix,Maurice Trintignant,Gordini,Gordini,8,0.000384902826903635,0.3229246810076925,1950-1960_front_engine,80,0.0,24.88,24.88,1.6800000000000002,monza,0.7009424461513025,open_meteo_era5_air_temperature_track_proxy,9,1953-09-13,jolpica_cross_fitted_xw_xp,0.0,5,+1 Lap,3.0,4.687675914756736,3,prior_same_circuit_grid_movement,finished,0.9914847867441671,True,1474.891874180072,0.0,0.47040693978928355,-0.6308348436980395,-0.3322209527087919,-1.2779430750199356,-0.2838756796641178,-0.4152761908859898,-0.19169146125299033,4.489341196577987,0.020007376836123945,0.568022120375148,13.95933638874556,0.02,0.0,0.05880602015151773,-0.2838756796641178,-0.4152761908859898,-0.19169146125299033,-0.011277455094859758,-0.023673890114714827,-0.0034878983657000177,-0.033959148870135056,-0.09666221550435901,-0.022902871531878633,0.6140793911470598,0.04499288516005244,0.012949263019149353,0.024363003768663214,0.007977085750365048,-0.006395621434371518,-0.017809362183885378,-0.0014234441655872126,-0.006395621434371518,cross_fitted,season_grid_average,example_precomputed_capabilities,0.7359777185614644,0.0,0.0,0.006553641584777835,0.4605551552406871,0.04499288516005244,0.6140793911470598,0.35,0.7,0.013453735251346109,0.10746696513446091,-0.020007376836123945,0.2986445462915187,4.895424789180362,-2.6079753220857835,2.2874494670945786,0.0,1477.1793236471665,revised_v3_parallel,prior_similar_races_current_season_only,field_centered_bounded_no_teammate_term,mauricetrintignant,maurice-trintignant,gordini,,,,unmatched_constructor_fallback,constructor:gordini,,finished,8.0,8,True,,2:05.700,True,True,5.0,5.0,0.0,True,0.6736842105263158,0.19298245614035092,0.03384883771953947,0.0,0.0,0.1480943118344631,0.15972398719449837,full_same_season_static_retrospective_baseline_plus_shape_distributions_v9,constructor_lineage_regulation_and_stability_shrunk,11.34782087245431,1486.2396950525263,1509.4085332108546,1.5590635320109634,1487.7987585845372,1490.0862080516317,f9e8d1b68ad55a88,0.4610389610389611,0.0728,0.2968253968253968,0.13174603174603175,0.0,0.0,0.5576368876080692,0.14697406340057637,0.27521613832853026,0.020172910662824207,0.12380952380952381,1.2698412698412698,0.0,0.4761904761904762,0.4761904761904762,0.7936507936507937,1.9738769255576407,0.36200075596333725,0.03709542331734348,0.0,0.0,0.1480943118344631,0.15972398719449837,full_same_season_static_retrospective_baseline_plus_shape_distributions_v9,constructor_lineage_regulation_and_stability_shrunk,high,baseline_plus_shape_distributions_v9,0.36495927634193664,0.14660240849257306,full_same_season_static_retrospective,1500.4547504669451,0.0835545946326066,5,5,1.0,10185.9,80.0,0.0125,0.7,lap_equivalent,,1.0,scheduled_distance_unavailable_assume_full,1524.6242292267884,0.030692684732014284,13.0,11.899999999999999,3.8739218657737164,2.0,16.0,1.0,0.32553965258602663,0.8666666666666667,0.8885233166386386,0.10771067875615685,0.0009230970663589866,5.087020124511549,4,0.10678758168979786,0.12481812007750034,0.8666666666666667,0.9914847867441671,all_field_expected_seconds_gap_residual_same_car_crossfit_v7_4,27,8,16.0,2.0,48.0,12.0,56.0,18.0,384.0,96.0,1497.5609882640974,1500.0,0,1.0,7,2.8937622028477756,0.5008091154608403,0.6024178205934334,0.38906696615073366,15.16204701108126,1515.6167974780265,1515.6167974780265,1471.042854933691,retrospective_first_five_backcast_previous_season_anchor_frozen_v7_5
mieres,1953,Italian Grand Prix,Roberto Mieres,Gordini,Gordini,16,0.00020912946843336603,0.2405805064241296,1950-1960_front_engine,80,0.0,24.88,24.88,1.6800000000000002,monza,0.7009424461513025,open_meteo_era5_air_temperature_track_proxy,9,1953-09-13,jolpica_cross_fitted_xw_xp,0.0,6,+3 Laps,10.0,4.687675914756736,3,prior_same_circuit_grid_movement,finished,0.891350538581765,True,1500.0,0.0,0.49513254817292596,-0.1126054506392826,-0.3322209527087919,-1.2779430750199356,-0.050672452787677166,-0.4152761908859898,-0.19169146125299033,4.489341196577987,0.012281000237799478,0.4640624962908355,17.078125111274936,0.02,0.0,0.05880602015151773,-0.050672452787677166,-0.4152761908859898,-0.19169146125299033,-0.004860166890155716,-0.015058373235427637,-0.0022022153362782427,0.0005300289291155134,-0.06571781933810941,-0.022113345339029818,0.4902528370152426,0.026659491288009516,0.007672785673048259,0.0170368351927034,0.005536906562193454,-0.0031340498469003388,-0.012498099366555479,-0.000998170736045534,-0.0031340498469003388,cross_fitted,season_grid_average,example_precomputed_capabilities,0.7359777185614644,0.0,-1.3877787807814457e-17,0.00453873582614792,0.40295170126721885,0.026659491288009516,0.4902528370152426,0.35,0.7,0.007742264411651558,0.06111079502361666,-0.012281000237799478,0.36927083704249786,6.352131061057774,-2.6079753220857835,3.7441557389719904,0.0,1503.744155738972,revised_v3_parallel,prior_similar_races_current_season_only,field_centered_bounded_no_teammate_term,robertomieres,roberto-mieres,gordini,,,,unmatched_constructor_fallback,constructor:gordini,,finished,16.0,16,True,,2:08.700,True,True,10.0,6.0,4.0,True,0.6736842105263158,0.1596491228070176,0.03384883771953947,0.0,0.0,0.1480943118344631,0.15972398719449837,full_same_season_static_retrospective_baseline_plus_shape_distributions_v9,constructor_lineage_regulation_and_stability_shrunk,-5.8316835074855975,1494.1683164925144,1560.4963075500536,-0.14223904064925713,1494.0260774518651,1497.7702331908372,f9e8d1b68ad55a88,0.4610389610389611,0.0728,0.2968253968253968,0.13174603174603175,0.0,0.0,0.5576368876080692,0.14697406340057637,0.27521613832853026,0.020172910662824207,0.12380952380952381,1.2698412698412698,0.0,0.4761904761904762,0.4761904761904762,0.7936507936507937,1.9738769255576407,0.36200075596333725,0.03709542331734348,0.0,0.0,0.1480943118344631,0.15972398719449837,full_same_season_static_retrospective_baseline_plus_shape_distributions_v9,constructor_lineage_regulation_and_stability_shrunk,high,baseline_plus_shape_distributions_v9,0.36495927634193664,0.14660240849257306,full_same_season_static_retrospective,1547.64935301251,0.0,6,6,3.0,10185.9,80.0,0.0375,0.7,lap_equivalent,,1.0,scheduled_distance_unavailable_assume_full,1546.1751011233316,0.033345149272667164,15.0,13.299999999999999,1.8051175131409987,2.0,16.0,1.0,0.1357231212887969,1.0,0.8885233166386386,0.04823726314882802,0.008250596288098856,7.014862712317385,4,0.039986666860729166,0.05801720524843164,0.8333333333333334,0.891350538581765,all_field_expected_seconds_gap_residual_same_car_crossfit_v7_4,27,8,16.0,2.0,48.0,12.0,56.0,18.0,384.0,96.0,1548.6487626032965,1490.573471404986,0,1.0,0,-0.9994095907866825,0.5466184471797758,0.5636886618494598,0.3276618767323053,12.2146027189967,1559.8639557315066,1559.8639557315066,1561.5521514775496,retrospective_first_five_backcast_previous_season_anchor_frozen_v7_5
mantovani,1953,Italian Grand Prix,Sergio Mantovani,Maserati,Maserati,12,0.0014523798615624947,0.5121178176873082,1950-1960_front_engine,80,0.0,24.88,24.88,1.6800000000000002,monza,0.7009424461513025,open_meteo_era5_air_temperature_track_proxy,9,1953-09-13,jolpica_cross_fitted_xw_xp,0.0,7,+4 Laps,5.0,4.687675914756736,3,prior_same_circuit_grid_movement,finished,0.8358935684053177,True,1500.0,0.0,0.49513254817292596,-0.1126054506392826,0.955181100165544,-0.006234016355277975,-0.050672452787677166,1.1939763752069301,-0.0009351024532916962,4.489341196577987,0.030170773792409504,0.5939766387020624,13.180700838938128,0.0,0.0,0.0,-0.050672452787677166,1.1939763752069301,-0.0009351024532916962,-0.014172719265739297,0.009071430800484767,-0.001764624238303961,-0.006740784457188749,0.14642178114499096,-0.0026673031551144493,0.552872530642256,0.03463361704972252,0.04734885475868351,0.024830694060925532,0.030364931177956404,-0.019581150412519475,0.0029370102852385,-0.002597226831792372,-0.019581150412519475,cross_fitted,season_grid_average,example_precomputed_capabilities,0.7359777185614644,0.0,0.0,0.027767704346164032,0.6898862241749438,0.03463361704972252,0.552872530642256,0.35,0.7,0.002403069446245472,-0.09590958547288142,-0.030170773792409504,0.20602336129793763,2.9843219323450496,-2.6079753220857835,0.3763466102592661,0.0,1500.3763466102594,revised_v3_parallel,prior_similar_races_current_season_only,field_centered_bounded_no_teammate_term,sergiomantovani,sergio-mantovani,maserati,officine-alfieri-maserati,maserati-a6gcm,maserati-a6gcm,exact_chassis,maserati-a6gcm,,finished,12.0,12,True,,2:07.500,True,True,8.0,7.0,1.0,True,0.6736842105263158,0.12631578947368427,0.06143380079541034,0.0,0.0,0.2291975410300902,0.20137538584006656,full_same_season_static_retrospective_baseline_plus_shape_distributions_v9,constructor_lineage_regulation_and_stability_shrunk,0.0,1500.0,1512.8018584534796,0.5943674365282021,1500.5943674365283,1500.9707140467876,f9e8d1b68ad55a88,0.4610389610389611,0.0728,0.2968253968253968,0.13174603174603175,0.0,0.0,0.5576368876080692,0.14697406340057637,0.27521613832853026,0.020172910662824207,0.12380952380952381,1.2698412698412698,0.0,0.4761904761904762,0.4761904761904762,0.7936507936507937,1.9738769255576407,0.36200075596333725,0.057410576425845225,0.0,0.0,0.2291975410300902,0.20137538584006656,full_same_season_static_retrospective_baseline_plus_shape_distributions_v9,constructor_lineage_regulation_and_stability_shrunk,high,baseline_plus_shape_distributions_v9,0.4877255147161831,0.20819703175831475,full_same_season_static_retrospective,1495.6656962480456,0.0,7,7,4.0,10185.9,80.0,0.05,0.7,lap_equivalent,,1.0,scheduled_distance_unavailable_assume_full,1521.6621197256916,0.03034499562171449,15.0,13.299999999999999,1.4227206448706777,2.0,16.0,1.0,0.1069714770579457,1.0,0.8885233166386386,0.03801866063250398,0.020155630614888842,14.515321959269253,8,0.01786303001761514,0.035893568405317614,0.8,0.8358935684053177,all_field_expected_seconds_gap_residual_same_car_crossfit_v7_4,27,8,16.0,2.0,48.0,12.0,56.0,18.0,384.0,96.0,1494.4660551710724,1490.573471404986,0,1.0,0,1.199641076973252,0.49614687494960386,0.5204863954148584,0.3154071729904593,11.626376939388091,1507.2920731874337,1507.2920731874337,1494.4660551710724,retrospective_first_five_backcast_previous_season_anchor_frozen_v7_5
musso,1953,Italian Grand Prix,Luigi Musso,Maserati,Maserati,12,0.0014523798615624947,0.5121178176873081,1950-1960_front_engine,80,0.0,24.88,24.88,1.6800000000000002,monza,0.7009424461513025,open_meteo_era5_air_temperature_track_proxy,9,1953-09-13,jolpica_cross_fitted_xw_xp,0.0,7,+4 Laps,5.0,4.687675914756736,3,prior_same_circuit_grid_movement,finished,0.8,True,1500.0,0.0,0.49513254817292596,-0.1126054506392826,0.955181100165544,-0.006234016355277975,-0.050672452787677166,1.1939763752069301,-0.0009351024532916962,4.489341196577987,0.030170773792409504,0.5939766387020624,13.180700838938128,0.02,0.0,0.05880602015151773,-0.050672452787677166,1.1939763752069301,-0.0009351024532916962,-0.014172719265739297,0.009071430800484767,-0.001764624238303961,-0.006740784457188749,0.14642178114499096,-0.0026673031551144493,0.552872530642256,0.03463361704972252,0.04734885475868351,0.024830694060925532,0.030364931177956404,-0.019581150412519475,0.0029370102852385,-0.002597226831792372,-0.019581150412519475,cross_fitted,season_grid_average,example_precomputed_capabilities,0.7359777185614644,0.0,0.0,0.027767704346164032,0.6898862241749438,0.03463361704972252,0.552872530642256,0.35,0.7,0.002403069446245472,-0.09590958547288142,-0.030170773792409504,0.20602336129793763,2.9843219323450496,-2.6079753220857835,0.3763466102592661,0.0,1500.3763466102594,revised_v3_parallel,prior_similar_races_current_season_only,field_centered_bounded_no_teammate_term,luigimusso,luigi-musso,maserati,officine-alfieri-maserati,maserati-a6gcm,maserati-a6gcm,exact_chassis,maserati-a6gcm,,finished,,,,,,True,False,,,,True,0.6736842105263158,0.12631578947368427,0.06143380079541034,0.0,0.0,0.2291975410300902,0.20137538584006656,full_same_season_static_retrospective_baseline_plus_shape_distributions_v9,constructor_lineage_regulation_and_stability_shrunk,0.0,1500.0,1534.0773995383097,0.0,1500.0,1500.3763466102594,f9e8d1b68ad55a88,0.4610389610389611,0.0728,0.2968253968253968,0.13174603174603175,0.0,0.0,0.5576368876080692,0.14697406340057637,0.27521613832853026,0.020172910662824207,0.12380952380952381,1.2698412698412698,0.0,0.4761904761904762,0.4761904761904762,0.7936507936507937,1.9738769255576407,0.36200075596333725,0.057410576425845225,0.0,0.0,0.2291975410300902,0.20137538584006656,full_same_season_static_retrospective_baseline_plus_shape_distributions_v9,constructor_lineage_regulation_and_stability_shrunk,high,baseline_plus_shape_distributions_v9,0.4877255147161831,0.20819703175831475,full_same_season_static_retrospective,1515.7415962559026,0.0,8,7,,10185.9,80.0,,0.0,unavailable,,1.0,scheduled_distance_unavailable_assume_full,1550.7629029954337,0.033938759335697725,0.0,0.0,0.0,0.0,,0.0,,0.0,0.0,0.0,0.021271357694120478,16.01532195926925,9,-0.021271357694120478,0.0,0.8,0.8,all_field_expected_seconds_gap_residual_same_car_crossfit_v7_4,27,8,16.0,2.0,48.0,12.0,56.0,18.0,384.0,96.0,1515.7415962559026,1490.573471404986,0,1.0,0,0.0,0.5156852238962842,0.5396230359428338,0.26037696405716626,8.984926910590026,1524.7265231664926,1524.7265231664926,1515.7415962559026,retrospective_first_five_backcast_previous_season_anchor_frozen_v7_5
maglioli,1953,Italian Grand Prix,Umberto Maglioli,Ferrari,Ferrari,11,0.028298729915893585,0.8327048170095678,1950-1960_front_engine,80,0.0,24.88,24.88,1.6800000000000002,monza,0.7009424461513025,open_meteo_era5_air_temperature_track_proxy,9,1953-09-13,jolpica_cross_fitted_xw_xp,0.0,8,+5 Laps,3.0,4.687675914756736,3,prior_same_circuit_grid_movement,finished,0.7327381489063853,True,1500.0,0.0,0.49513254817292585,-0.1126054506392826,0.9234673151623898,1.223612434940898,-0.050672452787677166,1.1543341439529873,0.18354186524113472,4.489341196577987,0.034039306163574805,0.6118163443780554,12.645509668658336,0.02,0.0,0.05880602015151773,-0.050672452787677166,1.1543341439529873,0.18354186524113472,-0.01586685663863359,0.008858648691505617,0.002491603162100993,-0.007700911276317186,0.13288141020468378,0.01963730706060194,0.5683710025813649,0.03697509927384234,0.05536223596410504,0.02962851590950682,0.03128789006226623,-0.02290374147528968,0.002829978579308539,0.001170604426549128,-0.02290374147528968,cross_fitted,season_grid_average,example_precomputed_capabilities,0.7359777185614644,-1.734723475976807e-18,0.0,0.03245849448881536,0.7131888085703334,0.03697509927384234,0.5683710025813649,0.35,0.7,0.0015808116747594442,-0.10137246419227797,-0.034039306163574805,0.15485032228861118,1.9703624532692057,-2.6079753220857835,-0.6376128688165779,0.0,1499.3623871311834,revised_v3_parallel,prior_similar_races_current_season_only,field_centered_bounded_no_teammate_term,umbertomaglioli,umberto-maglioli,ferrari,scuderia-ferrari,,ferrari-500|ferrari-553,ambiguous_chassis_constructor_fallback,constructor:ferrari,,finished,11.0,11,True,,2:06.900,True,True,7.0,8.0,-1.0,True,0.6736842105263158,0.09298245614035083,0.13018946550116794,0.0,0.0,0.5161775369436126,0.4571966492252528,full_same_season_static_retrospective_baseline_plus_shape_distributions_v9,constructor_lineage_regulation_and_stability_shrunk,0.0,1500.0,1535.516008090175,0.6595401359410846,1500.6595401359411,1500.0219272671245,f9e8d1b68ad55a88,0.4610389610389611,0.0728,0.2968253968253968,0.13174603174603175,0.0,0.0,0.5576368876080692,0.14697406340057637,0.27521613832853026,0.020172910662824207,0.12380952380952381,1.2698412698412698,0.0,0.4761904761904762,0.4761904761904762,0.7936507936507937,1.9738769255576407,0.36200075596333725,0.1292947987173881,0.0,0.0,0.5161775369436126,0.4571966492252528,full_same_season_static_retrospective_baseline_plus_shape_distributions_v9,constructor_lineage_regulation_and_stability_shrunk,high,baseline_plus_shape_distributions_v9,0.7937210057969816,0.4990756717531965,full_same_season_static_retrospective,1495.5752084555327,0.0,9,8,5.0,10185.9,80.0,0.0625,0.7,lap_equivalent,,1.0,scheduled_distance_unavailable_assume_full,1562.866063537771,0.035555978794206196,14.0,14.0,-0.8718835760165085,3.0,16.0,1.0,-0.06227739828689346,0.9333333333333333,0.8885233166386386,-0.02138344479626208,0.030575611351721724,20.170977112062012,5,-0.0519590561479838,-0.03392851776028133,0.7666666666666666,0.7327381489063853,all_field_expected_seconds_gap_residual_same_car_crossfit_v7_4,27,8,16.0,2.0,48.0,12.0,56.0,18.0,384.0,96.0,1494.221805134686,1490.573471404986,0,1.0,0,1.3534033208465672,0.49605878478322357,0.5422768160720578,0.19046133283432753,5.628976611893767,1501.2041850674264,1501.2041850674264,1494.221805134686,retrospective_first_five_backcast_previous_season_anchor_frozen_v7_5
schell,1953,Italian Grand Prix,Harry Schell,Gordini,Gordini,15,0.0003575824153762429,0.31262370300391584,1950-1960_front_engine,80,0.0,24.88,24.88,1.6800000000000002,monza,0.7009424461513025,open_meteo_era5_air_temperature_track_proxy,9,1953-09-13,jolpica_cross_fitted_xw_xp,0.0,9,+5 Laps,6.0,4.687675914756736,3,prior_same_circuit_grid_movement,finished,0.7395862602879605,True,1495.415116282111,0.0,0.4906130049674646,-0.20723702622588958,-0.3322209527087919,-1.2779430750199356,-0.0932566618016503,-0.4152761908859898,-0.19169146125299033,4.489341196577987,0.01302283577880899,0.4767634177929255,16.697097466212234,0.0,0.0,0.0,-0.0932566618016503,-0.4152761908859898,-0.19169146125299033,-0.005568352871225604,-0.015861246767717864,-0.0023227531882099323,-0.005586508701432457,-0.06944372825601938,-0.02225367416446336,0.5059485911295001,0.028461865116458703,0.00819152130603545,0.01764663633106111,0.005742896184992906,-0.0034820090167301514,-0.01293712404175581,-0.0010333838956876071,-0.0034820090167301514,cross_fitted,season_grid_average,example_precomputed_capabilities,0.7359777185614644,-6.938893903907228e-18,0.0,0.004709512289305299,0.4086646800075849,0.028461865116458703,0.5059485911295001,0.35,0.7,0.00831332348950369,0.06809873778534065,-0.01302283577880899,0.25656991554040787,4.305710421035926,-2.6079753220857835,1.697735098950142,0.0,1497.112851381061,revised_v3_parallel,prior_similar_races_current_season_only,field_centered_bounded_no_teammate_term,harryschell,harry-schell,gordini,,,,unmatched_constructor_fallback,constructor:gordini,,finished,15.0,15,True,,2:08.000,True,True,9.0,9.0,0.0,True,0.6736842105263158,0.05964912280701762,0.03384883771953947,0.0,0.0,0.1480943118344631,0.15972398719449837,full_same_season_static_retrospective_baseline_plus_shape_distributions_v9,constructor_lineage_regulation_and_stability_shrunk,-12.731855152102188,1482.6832611300088,1450.8393966194515,0.13148242815078576,1482.8147435581595,1484.5124786571096,f9e8d1b68ad55a88,0.4610389610389611,0.0728,0.2968253968253968,0.13174603174603175,0.0,0.0,0.5576368876080692,0.14697406340057637,0.27521613832853026,0.020172910662824207,0.12380952380952381,1.2698412698412698,0.0,0.4761904761904762,0.4761904761904762,0.7936507936507937,1.9738769255576407,0.36200075596333725,0.03709542331734348,0.0,0.0,0.1480943118344631,0.15972398719449837,full_same_season_static_retrospective_baseline_plus_shape_distributions_v9,constructor_lineage_regulation_and_stability_shrunk,high,baseline_plus_shape_distributions_v9,0.36495927634193664,0.14660240849257306,full_same_season_static_retrospective,1439.6616176874936,0.0402365093948128,10,9,5.0,10185.9,80.0,0.0625,0.7,lap_equivalent,,1.0,scheduled_distance_unavailable_assume_full,1471.3913757869927,0.02501017144328351,14.0,12.599999999999998,0.09272217778046776,2.0,16.0,1.0,0.007358902998449823,0.9333333333333333,0.8885233166386386,0.0025267384373299376,0.01430434987040536,6.421927421841056,4,-0.011777611433075423,0.00625292695462705,0.7333333333333334,0.7395862602879605,all_field_expected_seconds_gap_residual_same_car_crossfit_v7_4,27,8,16.0,2.0,48.0,12.0,56.0,18.0,384.0,96.0,1438.9918516726943,1500.0,0,1.0,6,0.6697660147993687,0.4418519820358447,0.5010012723710673,0.2385849879168932,7.938912055856919,1447.6005297433505,1447.6005297433505,1467.846035804736,retrospective_first_five_backcast_previous_season_anchor_frozen_v7_5
chiron,1953,Italian Grand Prix,Louis Chiron,OSCA,OSCA,25,0.0004046880405865388,0.3299785716817076,1950-1960_front_engine,80,0.0,24.88,24.88,1.6800000000000002,monza,0.7009424461513025,open_meteo_era5_air_temperature_track_proxy,9,1953-09-13,jolpica_cross_fitted_xw_xp,0.0,10,+8 Laps,15.0,4.687675914756736,3,prior_same_circuit_grid_movement,finished,0.669069077189199,True,1510.1033852364844,0.0,0.5050928410078963,0.09592748553018916,-1.5239357461985739,-1.4483559023134278,0.04316736848858512,-1.9049196827482173,-0.21725338534701416,0.7191536884537147,0.0056355025674624136,0.29396759932970984,22.180972020108705,0.0,0.0,0.0,0.04316736848858512,-1.9049196827482173,-0.21725338534701416,-0.0016340373607157104,-0.011354700267464168,-0.0011045477353334348,0.012951738102529583,-0.19188524363660797,-0.017455283308248252,0.35288423598240787,0.014796138053746067,0.0011231536914951428,0.009951572839600957,0.0008514752200518182,-0.0004203010012623883,-0.009248720149368202,-0.00014862252981906368,-0.0004203010012623883,cross_fitted,season_grid_average,example_precomputed_capabilities,0.6855979234973384,1.734723475976807e-18,-5.551115123125783e-17,0.0007028526902327545,0.15649544714008118,0.014796138053746067,0.35288423598240787,0.35,0.7,0.0049326498772296595,0.13747215218962866,-0.0056355025674624136,0.4060324006702901,7.173331150446124,-2.6079753220857835,4.565355828360341,0.0,1514.6687410648449,revised_v3_parallel,prior_similar_races_current_season_only,field_centered_bounded_no_teammate_term,louischiron,louis-chiron,osca,louis-chiron,osca-20,osca-20,exact_chassis,osca-20,,finished,25.0,25,True,,2:15.000,True,True,14.0,10.0,4.0,True,0.6736842105263158,0.02631578947368418,-0.13267543859649128,0.0,0.0,-0.5296739063521226,0.023033890286980847,full_same_season_static_retrospective_baseline_plus_shape_distributions_v9,constructor_lineage_regulation_and_stability_shrunk,-9.98847719533028,1500.1149080411542,1482.251274021457,-1.6944666649107496,1498.4204413762434,1502.9857972046038,f9e8d1b68ad55a88,0.4610389610389611,0.0728,0.2968253968253968,0.13174603174603175,0.0,0.0,0.5576368876080692,0.14697406340057637,0.27521613832853026,0.020172910662824207,0.12380952380952381,1.2698412698412698,0.0,0.4761904761904762,0.4761904761904762,0.7936507936507937,1.9738769255576407,0.36200075596333725,-0.13267543859649128,0.0,0.0,-0.5296739063521226,0.023033890286980847,full_same_season_static_retrospective_baseline_plus_shape_distributions_v9,constructor_lineage_regulation_and_stability_shrunk,high,baseline_plus_shape_distributions_v9,-0.3761531531031875,0.017641606788196925,full_same_season_static_retrospective,1520.7965765734803,0.1319551219286442,11,10,8.0,10185.9,80.0,0.1,0.7,lap_equivalent,,1.0,scheduled_distance_unavailable_assume_full,1520.6997703043396,0.030232885962610815,14.0,9.799999999999999,-1.3974402159442925,0.0,16.0,1.0,-0.14259594040247883,0.9333333333333333,0.8885233166386386,-0.04896146119850352,0.0,0.0,0,-0.04896146119850352,-0.030930922810801044,0.7,0.669069077189199,all_field_expected_seconds_gap_residual_same_car_crossfit_v7_4,27,8,16.0,2.0,48.0,12.0,56.0,18.0,384.0,96.0,1524.6251865296267,1500.0,0,1.0,5,-3.828609956146569,0.5205994750446957,0.6184123436697423,0.050656733519456654,-1.0816441552200349,1519.71493241826,1519.71493241826,1528.5792040463027,retrospective_first_five_backcast_previous_season_anchor_frozen_v7_5
bira,1953,Italian Grand Prix,Prince Bira,Maserati,Maserati,23,0.0013942465864152623,0.5064482942391358,1950-1960_front_engine,80,0.0,24.88,24.88,1.6800000000000002,monza,0.7009424461513025,open_meteo_era5_air_temperature_track_proxy,9,1953-09-13,jolpica_cross_fitted_xw_xp,0.0,11,+8 Laps,12.0,4.687675914756736,3,prior_same_circuit_grid_movement,finished,0.577429655699673,True,1512.6492584119608,0.0,0.5076021904580165,0.14847407224055698,0.955181100165544,-0.006234016355277975,0.06681333250825064,1.1939763752069301,-0.0009351024532916962,4.489341196577987,0.01560213728452678,0.4454397554458887,17.63680733662334,0.02,0.0,0.05880602015151773,0.06681333250825064,1.1939763752069301,-0.0009351024532916962,-0.005626967440123738,0.0045970541508405065,-0.0009120578200331238,0.016125308148005946,0.19544274661426894,-0.0012293495018949605,0.3823381438677747,0.016864418505582412,0.023055948827524313,0.013158211483417092,0.01631829450370492,-0.008133501431258256,0.0017642359128489642,-0.001395847107438862,-0.008133501431258256,cross_fitted,season_grid_average,example_precomputed_capabilities,0.7359777185614644,0.0,2.7755575615628914e-17,0.014922447396266057,0.5926768491281547,0.016864418505582412,0.3823381438677747,0.35,0.7,0.0006796898882607226,-0.14723709368226595,-0.01560213728452678,0.22122691122077803,3.607633107145362,-2.6079753220857835,0.9996577850595783,0.0,1513.6489161970203,revised_v3_parallel,prior_similar_races_current_season_only,field_centered_bounded_no_teammate_term,princebira,birabongse-bhanudej,maserati,scuderia-milano,maserati-a6gcm,maserati-a6gcm,exact_chassis,maserati-a6gcm,,finished,23.0,23,True,,2:13.600,True,,,,,True,0.6736842105263158,-0.007017543859649034,0.06143380079541034,0.0,0.0,0.2291975410300902,0.20137538584006656,full_same_season_static_retrospective_baseline_plus_shape_distributions_v9,constructor_lineage_regulation_and_stability_shrunk,-1.1887874421706615,1511.46047096979,1592.674128943938,-1.747956143359245,1509.7125148264308,1510.7121726114904,f9e8d1b68ad55a88,0.4610389610389611,0.0728,0.2968253968253968,0.13174603174603175,0.0,0.0,0.5576368876080692,0.14697406340057637,0.27521613832853026,0.020172910662824207,0.12380952380952381,1.2698412698412698,0.0,0.4761904761904762,0.4761904761904762,0.7936507936507937,1.9738769255576407,0.36200075596333725,0.057410576425845225,0.0,0.0,0.2291975410300902,0.20137538584006656,full_same_season_static_retrospective_baseline_plus_shape_distributions_v9,constructor_lineage_regulation_and_stability_shrunk,high,baseline_plus_shape_distributions_v9,0.4877255147161831,0.20819703175831475,full_same_season_static_retrospective,1570.0817812046198,0.15380511667115349,12,11,8.0,10185.9,80.0,0.1,0.7,lap_equivalent,,1.0,scheduled_distance_unavailable_assume_full,1639.8665012326755,0.04781138789336087,14.0,12.6,-2.9098859695430654,2.0,16.0,1.0,-0.23094333091611632,0.9333333333333333,0.8885233166386386,-0.07929624717076465,0.027971302183931523,14.515321959269253,8,-0.10726754935469618,-0.08923701096699371,0.6666666666666667,0.577429655699673,all_field_expected_seconds_gap_residual_same_car_crossfit_v7_4,27,8,16.0,2.0,48.0,12.0,56.0,18.0,384.0,96.0,1574.338325661531,1500.0,0,1.0,5,-4.25654445691103,0.5681768100941879,0.7445327771337225,-0.16710312143404948,-11.53411719298833,1558.5476640116315,1558.5476640116315,1551.3190190823254,retrospective_first_five_backcast_previous_season_anchor_frozen_v7_5
alan_brown,1953,Italian Grand Prix,Alan Brown,Cooper,Cooper,24,0.0009748398216198138,0.45595346481091287,1950-1960_front_engine,80,0.0,24.88,24.88,1.6800000000000002,monza,0.7009424461513025,open_meteo_era5_air_temperature_track_proxy,9,1953-09-13,jolpica_cross_fitted_xw_xp,0.0,12,+10 Laps,12.0,4.687675914756736,3,prior_same_circuit_grid_movement,finished,0.5808753992969441,True,1483.7035024797167,0.0,0.4790754453413653,-0.4489636511473022,-0.4804782264952747,-0.035911379843547496,-0.20203364301628599,-0.6005977831190934,-0.005386706976532124,3.588159065143629,0.007020289564486377,0.3478467569656066,20.564597291031806,0.0,0.0,0.0,-0.20203364301628599,-0.6005977831190934,-0.005386706976532124,-0.0035925915822652794,-0.009581076043515267,-0.0003281386868451413,-0.016253688409139377,-0.050146088516143855,0.0008768513097719699,0.36750363465026,0.015796463667693075,0.004284467516814396,0.010129159123590754,0.002515161774732096,-0.00198981016174701,-0.007834501768523369,-0.00022050441966470994,-0.00198981016174701,cross_fitted,season_grid_average,example_precomputed_capabilities,0.7299719511357423,-1.734723475976807e-18,0.0,0.002294657355067386,0.3019807090347487,0.015796463667693075,0.36750363465026,0.35,0.7,0.004725632209418991,0.045866047930857856,-0.007020289564486377,0.28548657636772673,4.970271425071408,-2.6079753220857835,2.362296102985624,0.0,1486.0657985827024,revised_v3_parallel,prior_similar_races_current_season_only,field_centered_bounded_no_teammate_term,alanbrown,alan-brown,cooper,equipe-anglaise,cooper-t23,cooper-t23,exact_chassis,cooper-t23,,finished,24.0,24,True,,2:14.800,True,True,13.0,12.0,1.0,True,0.6736842105263158,-0.04035087719298247,-0.034958831157605355,0.0,0.0,-0.14519065414268648,0.06909554105956686,full_same_season_static_retrospective_baseline_plus_shape_distributions_v9,constructor_lineage_regulation_and_stability_shrunk,-3.7816061033680155,1479.9218963763487,1404.6398926807067,-1.5721254556242474,1478.3497709207245,1480.7120670237102,f9e8d1b68ad55a88,0.4610389610389611,0.0728,0.2968253968253968,0.13174603174603175,0.0,0.0,0.5576368876080692,0.14697406340057637,0.27521613832853026,0.020172910662824207,0.12380952380952381,1.2698412698412698,0.0,0.4761904761904762,0.4761904761904762,0.7936507936507937,1.9738769255576407,0.36200075596333725,-0.03636810023578237,0.0,0.0,-0.14519065414268648,0.06909554105956686,full_same_season_static_retrospective_baseline_plus_shape_distributions_v9,constructor_lineage_regulation_and_stability_shrunk,high,baseline_plus_shape_distributions_v9,0.058732341902543984,0.061117003669669503,full_same_season_static_retrospective,1413.7250826757725,0.05637495374936863,13,12,10.0,10185.9,80.0,0.125,0.7,lap_equivalent,,1.0,scheduled_distance_unavailable_assume_full,1463.8421199202767,0.024294427434580875,14.0,9.799999999999999,-2.3313971332090757,0.0,16.0,1.0,-0.23789766665398734,0.9333333333333333,0.8885233166386386,-0.08168407419045462,-0.011195601766362908,2.6876225514113403,3,-0.07048847242409172,-0.052457934036389244,0.6333333333333333,0.5808753992969441,all_field_expected_seconds_gap_residual_same_car_crossfit_v7_4,27,8,16.0,2.0,48.0,12.0,56.0,18.0,384.0,96.0,1416.2551450121216,1493.1101281223268,0,1.0,5,-2.530062336349248,0.4170527662559609,0.470531510945389,0.11034388835155512,1.7833392767206915,1415.508421952493,1415.508421952493,1436.380594324595,retrospective_first_five_backcast_previous_season_anchor_frozen_v7_5
moss,1953,Italian Grand Prix,Stirling Moss,Cooper,Cooper,10,0.005447126851232411,0.6787463633781672,1950-1960_front_engine,80,0.0,24.88,24.88,1.6800000000000002,monza,0.7009424461513025,open_meteo_era5_air_temperature_track_proxy,9,1953-09-13,jolpica_cross_fitted_xw_xp,0.0,13,+10 Laps,-3.0,4.687675914756736,3,prior_same_circuit_grid_movement,finished,0.5420121659046984,True,1498.0237138057116,0.0,0.49318432137921897,-0.15339581477564487,-0.4804782264952747,-0.035911379843547496,-0.0690281166490402,-0.6005977831190934,-0.005386706976532124,3.588159065143629,0.01788529723811297,0.5446146475796657,14.661560572610028,0.0,0.0,0.0,-0.0690281166490402,-0.6005977831190934,-0.005386706976532124,-0.007389043548128763,-0.024965819102805414,-0.0008598840267604246,-0.004145867866995103,-0.12510716996868806,-0.001214279725138286,0.5837548428479121,0.039474882578614465,0.010706754099909,0.027855347292369274,0.006861947620031335,-0.004446618198989138,-0.02159521139144941,-0.0006018117191114725,-0.004446618198989138,cross_fitted,season_grid_average,example_precomputed_capabilities,0.7299719511357423,-6.938893903907228e-18,-2.7755575615628914e-17,0.006260135900919862,0.45328752528709065,0.039474882578614465,0.5837548428479121,0.35,0.7,0.011625161337193109,0.09132712229257506,-0.01788529723811297,0.055385352420334266,0.5676892098513054,-2.6079753220857835,-2.040286112234478,0.0,1495.983427693477,revised_v3_parallel,prior_similar_races_current_season_only,field_centered_bounded_no_teammate_term,stirlingmoss,stirling-moss,cooper,,,,unmatched_constructor_fallback,constructor:cooper,,finished,10.0,10,True,,2:06.600,True,True,6.0,13.0,-7.0,True,0.6736842105263158,-0.0736842105263158,-0.19502448208013537,0.0,0.0,-0.7750602455027981,0.011425672486380906,full_same_season_static_retrospective_baseline_plus_shape_distributions_v9,constructor_lineage_regulation_and_stability_shrunk,0.11923831310441324,1498.142952118816,1459.8285486499026,1.5481125640556799,1499.6910646828717,1497.6507785706372,f9e8d1b68ad55a88,0.4610389610389611,0.0728,0.2968253968253968,0.13174603174603175,0.0,0.0,0.5576368876080692,0.14697406340057637,0.27521613832853026,0.020172910662824207,0.12380952380952381,1.2698412698412698,0.0,0.4761904761904762,0.4761904761904762,0.7936507936507937,1.9738769255576407,0.36200075596333725,-0.19414106826403957,0.0,0.0,-0.7750602455027981,0.011425672486380906,full_same_season_static_retrospective_baseline_plus_shape_distributions_v9,constructor_lineage_regulation_and_stability_shrunk,high,baseline_plus_shape_distributions_v9,-0.6536361250276534,0.007984096638719254,full_same_season_static_retrospective,1524.469139492913,0.0,14,13,10.0,10185.9,80.0,0.125,0.7,lap_equivalent,,1.0,scheduled_distance_unavailable_assume_full,1476.7741133507016,0.02553334989324852,14.0,9.799999999999999,-2.3827329647743207,0.0,16.0,1.0,-0.24313601681370622,0.9333333333333333,0.8885233166386386,-0.08348270378233039,-0.00746433129932625,1.1235524516127073,2,-0.07601837248300414,-0.057987834095301664,0.6,0.5420121659046984,all_field_expected_seconds_gap_residual_same_car_crossfit_v7_4,27,8,16.0,2.0,48.0,12.0,56.0,18.0,384.0,96.0,1521.8333682901264,1495.388948458163,0,1.0,3,2.6357712027867004,0.5241673984942062,0.471208318537873,0.07080384736682538,-0.11458269054633607,1524.3545568023667,1524.3545568023667,1513.3614206224383,retrospective_first_five_backcast_previous_season_anchor_frozen_v7_5
hans_stuck,1953,Italian Grand Prix,Hans von Stuck,AFM,AFM,29,2.492593711096814e-05,0.04898852323149072,1950-1960_front_engine,80,0.0,24.88,24.88,1.6800000000000002,monza,0.7009424461513025,open_meteo_era5_air_temperature_track_proxy,9,1953-09-13,jolpica_cross_fitted_xw_xp,0.0,14,+13 Laps,15.0,4.687675914756736,3,prior_same_circuit_grid_movement,finished,0.4534749792070558,True,1500.0,0.0,0.49513254817292596,-0.1126054506392826,-1.278594625204001,1.566468486411572,-0.050672452787677166,-1.5982432815050012,0.2349702729617358,0.5619162180926021,0.004534096709865866,0.2606160651143058,23.181518046570826,0.0,0.0,0.0,-0.050672452787677166,-1.5982432815050012,0.2349702729617358,-0.0017892365554414672,-0.009411215423509573,0.0006537695424011119,0.0034144873666526604,-0.14780305354503423,0.023282044904405243,0.2969480214964987,0.01138944029362332,0.0014177090631171075,0.009413923057172079,0.0008206171239254265,-0.0005749512060437166,-0.008571165200098688,2.214073314796446e-05,-0.0005749512060437166,cross_fitted,season_grid_average,example_precomputed_capabilities,0.6799775764911495,-1.734723475976807e-18,-1.3877787807814457e-17,0.000842757857073391,0.17584150022252235,0.01138944029362332,0.2969480214964987,0.35,0.7,0.0036913388527924753,0.08477456489178345,-0.004534096709865866,0.30605060155236086,5.400092506905715,-2.6079753220857835,2.792117184819931,0.0,1502.79211718482,revised_v3_parallel,prior_similar_races_current_season_only,field_centered_bounded_no_teammate_term,hansvonstuck,hans-stuck,afm,hans-stuck,afm-6,afm-6,exact_chassis,afm-6,,finished,29.0,29,True,,2:24.100,True,,,,,True,0.6736842105263158,-0.10701754385964912,-0.10701754385964912,0.0,0.0,-0.42724110132204257,0.030865275425924796,full_same_season_static_retrospective_baseline_plus_shape_distributions_v9,constructor_lineage_regulation_and_stability_shrunk,-2.0116760561258773,1497.988323943874,1419.6473511261952,-2.5626103046567787,1495.4257136392173,1498.2178308240373,f9e8d1b68ad55a88,0.4610389610389611,0.0728,0.2968253968253968,0.13174603174603175,0.0,0.0,0.5576368876080692,0.14697406340057637,0.27521613832853026,0.020172910662824207,0.12380952380952381,1.2698412698412698,0.0,0.4761904761904762,0.4761904761904762,0.7936507936507937,1.9738769255576407,0.36200075596333725,-0.10701754385964912,0.0,0.0,-0.42724110132204257,0.030865275425924796,full_same_season_static_retrospective_baseline_plus_shape_distributions_v9,constructor_lineage_regulation_and_stability_shrunk,high,baseline_plus_shape_distributions_v9,-0.261963287676114,0.024447229400809848,full_same_season_static_retrospective,1449.058416179811,0.0,15,14,13.0,10185.9,80.0,0.1625,0.7,lap_equivalent,,1.0,scheduled_distance_unavailable_assume_full,1433.986439191043,0.021658921738515018,14.0,9.799999999999999,-3.745297038446331,0.0,16.0,1.0,-0.38217316718840116,0.9333333333333333,0.8885233166386386,-0.1312222258473133,0.0,0.0,0,-0.1312222258473133,-0.11319168745961083,0.5666666666666667,0.4534749792070558,all_field_expected_seconds_gap_residual_same_car_crossfit_v7_4,27,8,16.0,2.0,48.0,12.0,56.0,18.0,384.0,96.0,1453.8266392319586,1493.1101281223268,0,1.0,0,-4.7682230521474045,0.4509077009726742,0.4261057840844543,0.027369195122601497,-2.1994459982690824,1446.858970181542,1446.858970181542,1457.232052650848,retrospective_first_five_backcast_previous_season_anchor_frozen_v7_5
cabantous,1953,Italian Grand Prix,Yves Cabantous,HWM,HWM,28,0.00010352492887148246,0.1583542131977115,1950-1960_front_engine,80,0.0,24.88,24.88,1.6800000000000002,monza,0.7009424461513025,open_meteo_era5_air_temperature_track_proxy,9,1953-09-13,jolpica_cross_fitted_xw_xp,0.0,15,+13 Laps,13.0,4.687675914756736,3,prior_same_circuit_grid_movement,finished,0.4477349307577777,True,1455.116155945961,0.0,0.45101735274864896,-1.0390038377226845,-1.7697537662441718,-1.6556909237740047,-0.467551726975208,-2.2121922078052147,-0.2483536385661007,3.328056881276463,0.004475543286210639,0.24458017469700613,23.662594759089817,0.0,0.0,0.0,-0.467551726975208,-2.2121922078052147,-0.2483536385661007,-0.0027548667072061907,-0.008187076183338991,-0.0008794498635652443,-0.03373288440768164,-0.16953948768205385,-0.016511290455120082,0.3105152734604628,0.012159448576382416,0.000693497736598231,0.005591212839691161,0.0004107982287526653,-0.000355441914326241,-0.005253157017419171,-7.274240648067523e-05,-0.000355441914326241,cross_fitted,season_grid_average,example_precomputed_capabilities,0.7278984204328796,1.734723475976807e-18,-2.7755575615628914e-17,0.00033805582227199006,0.09073161091560723,0.012159448576382416,0.3105152734604628,0.35,0.7,0.004137487463938648,0.15384856378139888,-0.004475543286210639,0.2887531586363272,5.090143816584834,-2.6079753220857835,2.4821684944990503,0.0,1457.5983244404601,revised_v3_parallel,prior_similar_races_current_season_only,field_centered_bounded_no_teammate_term,yvescabantous,yves-giraud-cabantous,hwm,hw-motors,hwm-53,hwm-53,exact_chassis,hwm-53,,finished,28.0,28,True,,2:20.800,True,,,,,True,0.6736842105263158,-0.14035087719298245,-0.23604321250961055,0.0,0.0,-0.9365330589567449,0.007203102964094874,full_same_season_static_retrospective_baseline_plus_shape_distributions_v9,constructor_lineage_regulation_and_stability_shrunk,4.9012036708753985,1460.0173596168365,1345.999106975476,-1.8786352603853436,1458.1387243564511,1460.6208928509502,f9e8d1b68ad55a88,0.4610389610389611,0.0728,0.2968253968253968,0.13174603174603175,0.0,0.0,0.5576368876080692,0.14697406340057637,0.27521613832853026,0.020172910662824207,0.12380952380952381,1.2698412698412698,0.0,0.4761904761904762,0.4761904761904762,0.7936507936507937,1.9738769255576407,0.36200075596333725,-0.23458760733173845,0.0,0.0,-0.9365330589567449,0.007203102964094874,full_same_season_static_retrospective_baseline_plus_shape_distributions_v9,constructor_lineage_regulation_and_stability_shrunk,high,baseline_plus_shape_distributions_v9,-0.8361890334315348,0.0047392168696662774,full_same_season_static_retrospective,1417.382008943918,4.1908247545816533e-05,16,15,13.0,10185.9,80.0,0.1625,0.7,lap_equivalent,,1.0,scheduled_distance_unavailable_assume_full,1346.763633970517,0.015486135369384585,14.0,9.799999999999999,-3.5751891863127248,0.0,16.0,1.0,-0.36481522309313524,0.9333333333333333,0.8885233166386386,-0.12526223635597583,-0.02163329539271777,2.4480438680809926,3,-0.10362894096325806,-0.0855984025755556,0.5333333333333333,0.4477349307577777,all_field_expected_seconds_gap_residual_same_car_crossfit_v7_4,27,8,16.0,2.0,48.0,12.0,56.0,18.0,384.0,96.0,1420.9217516920155,1500.0,0,1.0,10,-3.5397427480975656,0.42052917332781076,0.35974205026273715,0.08799288049504056,0.7104908996079926,1418.092499843526,1418.092499843526,1493.0971767965236,retrospective_first_five_backcast_previous_season_anchor_frozen_v7_5
rosier,1953,Italian Grand Prix,Louis Rosier,Ferrari,Ferrari,17,0.017679634210526984,0.7947943980149518,1950-1960_front_engine,80,0.0,24.88,24.88,1.6800000000000002,monza,0.7009424461513025,open_meteo_era5_air_temperature_track_proxy,9,1953-09-13,jolpica_cross_fitted_xw_xp,0.0,16,+15 Laps,1.0,4.687675914756736,3,prior_same_circuit_grid_movement,finished,0.36212595784694385,True,1465.6317414549787,0.0,0.46131436823851624,-0.8219631260790266,0.9234673151623898,1.223612434940898,-0.36988340673556197,1.1543341439529873,0.18354186524113472,4.489341196577987,0.019621296361476775,0.5155149712291269,15.534550863126192,0.0,0.0,0.0,-0.36988340673556197,1.1543341439529873,0.18354186524113472,-0.015247244700365585,0.005460505871007271,0.001556034089092859,-0.05233475147359821,0.16746588768030052,0.02133710422297049,0.47457449910022514,0.024971254442649325,0.03738906745144749,0.015854551260901743,0.016184148476175317,-0.020648517749063622,0.0008859984414821241,0.0005564012262085499,-0.020648517749063622,cross_fitted,season_grid_average,example_precomputed_capabilities,0.7359777185614644,-3.469446951953614e-18,2.7755575615628914e-17,0.016740549702383867,0.611042739529898,0.024971254442649325,0.47457449910022514,0.35,0.7,0.0028807466590929087,-0.09552776830077103,-0.019621296361476775,-0.015514971229126928,-0.7501805947997273,-2.6079753220857835,-3.3581559168855106,0.0,1462.2735855380931,revised_v3_parallel,prior_similar_races_current_season_only,field_centered_bounded_no_teammate_term,louisrosier,louis-rosier,ferrari,ecurie-rosier,ferrari-500,ferrari-500,exact_chassis,ferrari-500,,finished,17.0,17,True,,2:09.300,True,True,11.0,16.0,-5.0,True,0.6736842105263158,-0.17368421052631577,-0.17903570647676836,0.0,0.0,-0.7039588507667793,0.013999332334753943,full_same_season_static_retrospective_baseline_plus_shape_distributions_v9,constructor_lineage_regulation_and_stability_shrunk,-3.638250035291775,1461.993491419687,1387.7793158948932,0.2728636249106666,1462.2663550445977,1458.9081991277121,f9e8d1b68ad55a88,0.4610389610389611,0.0728,0.2968253968253968,0.13174603174603175,0.0,0.0,0.5576368876080692,0.14697406340057637,0.27521613832853026,0.020172910662824207,0.12380952380952381,1.2698412698412698,0.0,0.4761904761904762,0.4761904761904762,0.7936507936507937,1.9738769255576407,0.36200075596333725,-0.17633122598505765,0.0,0.0,-0.7039588507667793,0.013999332334753943,full_same_season_static_retrospective_baseline_plus_shape_distributions_v9,constructor_lineage_regulation_and_stability_shrunk,high,baseline_plus_shape_distributions_v9,-0.5824784500423182,0.00978410652304124,full_same_season_static_retrospective,1444.6509091249115,0.06100080748027484,17,16,15.0,10185.9,80.0,0.1875,0.7,lap_equivalent,,1.0,scheduled_distance_unavailable_assume_full,1398.4661201386432,0.018893176919991754,15.0,10.5,-4.480650296966913,0.0,16.0,1.0,-0.4267285997111346,1.0,0.8885233166386386,-0.15166332428795973,0.004241256252798891,0.701607126435158,1,-0.15590458054075862,-0.13787404215305615,0.5,0.36212595784694385,all_field_expected_seconds_gap_residual_same_car_crossfit_v7_4,27,8,16.0,2.0,48.0,12.0,56.0,18.0,384.0,96.0,1444.0960239562355,1500.0,0,1.0,20,0.5548851686759748,0.4466562071269442,0.4623662907156718,-0.10024033286872797,-8.324703341852896,1436.3262057830586,1436.3262057830586,1517.4814919833518,retrospective_first_five_backcast_previous_season_anchor_frozen_v7_5
ascari,1953,Italian Grand Prix,Alberto Ascari,Ferrari,Ferrari,1,0.5786074948116566,0.9793602588545155,1950-1960_front_engine,80,0.0,24.88,24.88,1.6800000000000002,monza,0.7009424461513025,open_meteo_era5_air_temperature_track_proxy,9,1953-09-13,jolpica_cross_fitted_xw_xp,0.0,17,Accident,-16.0,4.687675914756736,3,prior_same_circuit_grid_movement,driver_fault,0.0,True,1747.364780317881,0.0,0.7231415443417378,4.992980720452135,0.9234673151623898,1.223612434940898,2.246841324203461,1.1543341439529873,0.18354186524113472,4.489341196577987,0.3074514785949162,0.7874712076097393,7.37586377170782,0.46,0.3218512801362242,0.5981487198637758,2.246841324203461,1.1543341439529873,0.18354186524113472,0.2686917451662453,0.07924884847576873,0.015638087520219213,0.17550433296413492,0.06070892324786018,0.011193466723917782,0.7132491907289654,0.07112533583946459,0.10649484932029137,0.30436590464188434,0.41028409066641724,0.3282091676814065,0.13033811235981352,0.024419926335280617,0.3282091676814065,cross_fitted,season_grid_average,example_precomputed_capabilities,0.7359777185614644,0.0,2.7755575615628914e-17,0.43470401700169786,0.9606559136648783,0.07112533583946459,0.7132491907289654,0.35,0.7,-0.12725253840678163,-0.17318470605513903,-0.3074514785949162,-0.7874712076097393,-21.553317223253295,-2.6079753220857853,-24.16129254533908,0.0,1723.2034877725418,revised_v3_parallel,prior_similar_races_current_season_only,field_centered_bounded_no_teammate_term,albertoascari,alberto-ascari,ferrari,scuderia-ferrari,,ferrari-500|ferrari-553,ambiguous_chassis_constructor_fallback,constructor:ferrari,Accident,driver_fault,1.0,1,True,,2:02.700,True,False,,,,True,0.6736842105263158,-0.6736842105263158,0.13018946550116794,0.0,0.0,0.5161775369436126,0.4571966492252528,full_same_season_static_retrospective_baseline_plus_shape_distributions_v9,constructor_lineage_regulation_and_stability_shrunk,34.79774671514206,1782.162527033023,1756.052841011813,1.2981048672114268,1783.4606319002344,1759.2993393548952,f9e8d1b68ad55a88,0.4610389610389611,0.0728,0.2968253968253968,0.13174603174603175,0.0,0.0,0.5576368876080692,0.14697406340057637,0.27521613832853026,0.020172910662824207,0.12380952380952381,1.2698412698412698,0.0,0.4761904761904762,0.4761904761904762,0.7936507936507937,1.9738769255576407,0.36200075596333725,0.1292947987173881,0.0,0.0,0.5161775369436126,0.4571966492252528,full_same_season_static_retrospective_baseline_plus_shape_distributions_v9,constructor_lineage_regulation_and_stability_shrunk,high,baseline_plus_shape_distributions_v9,0.7937210057969816,0.4990756717531965,full_same_season_static_retrospective,1717.9344322592804,0.1476027932565981,18,DNF,,10185.9,80.0,,0.0,unavailable,,1.0,scheduled_distance_unavailable_assume_full,1774.7301488155713,0.08031610718340615,0.0,0.0,0.0,0.0,,0.0,,0.0,0.0,0.0,0.026867142126882997,17.055511972844833,5,-0.026867142126882997,0.0,0.0,0.0,all_field_expected_seconds_gap_residual_same_car_crossfit_v7_4,27,8,16.0,2.0,48.0,12.0,56.0,18.0,384.0,96.0,1714.758638056324,1500.0,0,1.0,22,3.1757942029564847,0.7013046143801224,0.8840320106287581,-0.8840320106287581,-45.94670387433435,1671.987728384946,1671.987728384946,1582.561372671197,retrospective_first_five_backcast_previous_season_anchor_frozen_v7_5
bonetto,1953,Italian Grand Prix,Felice Bonetto,Maserati,Maserati,7,0.0038461229395498676,0.6384829816276583,1950-1960_front_engine,80,0.0,24.88,24.88,1.6800000000000002,monza,0.7009424461513025,open_meteo_era5_air_temperature_track_proxy,9,1953-09-13,jolpica_cross_fitted_xw_xp,0.0,18,Out of fuel,-11.0,4.687675914756736,3,prior_same_circuit_grid_movement,mechanical,,False,1489.783648073317,0.0,0.4850635312249744,-0.3234700088389029,0.955181100165544,-0.006234016355277975,-0.1455615039775063,1.1939763752069301,-0.0009351024532916962,4.489341196577987,0.03992861613728316,0.658238936850983,11.25283189447051,0.02,0.0,0.05880602015151773,-0.1455615039775063,1.1939763752069301,-0.0009351024532916962,-0.0223526063595311,0.012217772275524905,-0.0023361081658731077,-0.02274767691852373,0.12342034049051315,-0.0031183598013281113,0.6289726457197846,0.0480347285997047,0.06566999296016125,0.03216453125832922,0.03889004004416794,-0.030106206610335855,0.0033992550914961756,-0.003326253694342543,-0.030106206610335855,cross_fitted,season_grid_average,example_precomputed_capabilities,0.7359777185614644,0.0,1.3877787807814457e-17,0.0355637863498254,0.7265269494904459,0.0480347285997047,0.6289726457197846,0.35,0.7,0.004364829787457759,-0.06828801263946294,-0.03992861613728316,,0.0,0.0,0.0,0.0,1489.783648073317,revised_v3_parallel,prior_similar_races_current_season_only,field_centered_bounded_no_teammate_term,felicebonetto,felice-bonetto,maserati,officine-alfieri-maserati,maserati-a6gcm,maserati-a6gcm,exact_chassis,maserati-a6gcm,Out of fuel,mechanical,7.0,7,True,,2:05.100,True,False,,,,False,0.6736842105263158,,0.06143380079541034,0.0,0.0,0.2291975410300902,0.20137538584006656,full_same_season_static_retrospective_baseline_plus_shape_distributions_v9,constructor_lineage_regulation_and_stability_shrunk,2.5189437929486074,1492.3025918662656,1553.1679978105658,1.673568003262999,1493.9761598695286,1493.9761598695286,f9e8d1b68ad55a88,0.4610389610389611,0.0728,0.2968253968253968,0.13174603174603175,0.0,0.0,0.5576368876080692,0.14697406340057637,0.27521613832853026,0.020172910662824207,0.12380952380952381,1.2698412698412698,0.0,0.4761904761904762,0.4761904761904762,0.7936507936507937,1.9738769255576407,0.36200075596333725,0.057410576425845225,0.0,0.0,0.2291975410300902,0.20137538584006656,full_same_season_static_retrospective_baseline_plus_shape_distributions_v9,constructor_lineage_regulation_and_stability_shrunk,high,baseline_plus_shape_distributions_v9,0.4877255147161831,0.20819703175831475,full_same_season_static_retrospective,1537.6398986723607,0.16112669239340335,19,DNF,,10185.9,80.0,,0.0,unavailable,,1.0,scheduled_distance_unavailable_assume_full,1586.8290355434194,0.038988767776550484,0.0,0.0,0.0,0.0,,0.0,,0.0,0.0,0.0,0.024701295491963173,13.636545842416274,8,-0.024701295491963173,0.0,,,all_field_expected_seconds_gap_residual_same_car_crossfit_v7_4,27,8,16.0,2.0,48.0,12.0,56.0,18.0,384.0,96.0,1534.8321945281587,1500.0,0,1.0,10,2.8077041442020687,0.5369408725067107,0.7214959750097831,,0.0,1537.6398986723607,1537.6398986723607,1509.332656548554,retrospective_first_five_backcast_previous_season_anchor_frozen_v7_5
marimon,1953,Italian Grand Prix,Onofre Marimón,Maserati,Maserati,4,0.005168592465973064,0.6728503751934813,1950-1960_front_engine,80,0.0,24.88,24.88,1.6800000000000002,monza,0.7009424461513025,open_meteo_era5_air_temperature_track_proxy,9,1953-09-13,jolpica_cross_fitted_xw_xp,0.0,19,Accident,-15.0,4.687675914756736,3,prior_same_circuit_grid_movement,driver_fault,0.0,True,1501.570078346176,0.0,0.4966804073104666,-0.08019917889168543,0.955181100165544,-0.006234016355277975,-0.03608963050125844,1.1939763752069301,-0.0009351024532916962,4.489341196577987,0.051293970096378615,0.700679803899964,9.979605883001081,0.1,0.016844242532462014,0.18315575746753798,-0.03608963050125844,1.1939763752069301,-0.0009351024532916962,-0.02339287982774437,0.015382402324202649,-0.0029999008452400383,-0.009281778271621206,0.10719657958095316,-0.003362220659266742,0.6723140297049445,0.05845071602308676,0.07991006135873305,0.04234873872512817,0.05187766164465448,-0.03246972368442805,0.00509159894917683,-0.004437323970349481,-0.03246972368442805,cross_fitted,season_grid_average,example_precomputed_capabilities,0.7359777185614644,0.0,1.3877787807814457e-17,0.047440337674305,0.7668666103550097,0.05845071602308676,0.6723140297049445,0.35,0.7,0.003853632422073615,-0.06618680645504571,-0.051293970096378615,-0.700679803899964,-13.843291752512439,-2.6079753220857818,-16.45126707459822,0.0,1485.1188112715777,revised_v3_parallel,prior_similar_races_current_season_only,field_centered_bounded_no_teammate_term,onofremarimon,onofre-marimon,maserati,officine-alfieri-maserati,maserati-a6gcm,maserati-a6gcm,exact_chassis,maserati-a6gcm,Accident,driver_fault,4.0,4,True,,2:04.100,True,False,,,,True,0.6736842105263158,-0.6736842105263158,0.06143380079541034,0.0,0.0,0.2291975410300902,0.20137538584006656,full_same_season_static_retrospective_baseline_plus_shape_distributions_v9,constructor_lineage_regulation_and_stability_shrunk,6.687219106615739,1508.2572974527916,1509.420970991424,2.2016372020778183,1510.4589346548694,1494.0076675802711,f9e8d1b68ad55a88,0.4610389610389611,0.0728,0.2968253968253968,0.13174603174603175,0.0,0.0,0.5576368876080692,0.14697406340057637,0.27521613832853026,0.020172910662824207,0.12380952380952381,1.2698412698412698,0.0,0.4761904761904762,0.4761904761904762,0.7936507936507937,1.9738769255576407,0.36200075596333725,0.057410576425845225,0.0,0.0,0.2291975410300902,0.20137538584006656,full_same_season_static_retrospective_baseline_plus_shape_distributions_v9,constructor_lineage_regulation_and_stability_shrunk,high,baseline_plus_shape_distributions_v9,0.4877255147161831,0.20819703175831475,full_same_season_static_retrospective,1495.6339595296952,0.0,20,DNF,,10185.9,80.0,,0.0,unavailable,,1.0,scheduled_distance_unavailable_assume_full,1526.2992329284161,0.030891055185004564,0.0,0.0,0.0,0.0,,0.0,,0.0,0.0,0.0,0.02129022288056816,15.083013351040389,8,-0.02129022288056816,0.0,0.0,0.0,all_field_expected_seconds_gap_residual_same_car_crossfit_v7_4,27,8,16.0,2.0,48.0,12.0,56.0,18.0,384.0,96.0,1491.0851677090168,1495.388948458163,0,1.0,2,4.548791820678307,0.496115979132362,0.5204560826685032,-0.5204560826685032,-28.495059332242107,1467.138900197453,1467.138900197453,1452.2605300390846,retrospective_first_five_backcast_previous_season_anchor_frozen_v7_5
graffenried,1953,Italian Grand Prix,Toulo de Graffenried,Maserati,Maserati,9,0.0018694359236635383,0.5465953712090205,1950-1960_front_engine,80,0.0,24.88,24.88,1.6800000000000002,monza,0.7009424461513025,open_meteo_era5_air_temperature_track_proxy,9,1953-09-13,jolpica_cross_fitted_xw_xp,0.0,20,Engine,-11.0,4.687675914756736,3,prior_same_circuit_grid_movement,mechanical,,False,1487.8577845554466,0.0,0.48316635852982864,-0.3632196536008309,0.955181100165544,-0.006234016355277975,-0.16344884412037392,1.1939763752069301,-0.0009351024532916962,4.489341196577987,0.03472947815476272,0.6308366563900207,12.074900308299378,0.0,0.0,0.0,-0.16344884412037392,1.1939763752069301,-0.0009351024532916962,-0.02003766306469949,0.01066324363992525,-0.0020320284270620576,-0.024526223412681306,0.1335751654896162,-0.0029235509696740785,0.5989990390578425,0.042143669258456314,0.05761611534399726,0.027858733252367183,0.033612022068543294,-0.026878893937377243,0.0028784881542528312,-0.0028748006619232803,-0.026878893937377243,cross_fitted,season_grid_average,example_precomputed_capabilities,0.7359777185614644,-1.734723475976807e-18,0.0,0.030737221406620014,0.7051244301651033,0.042143669258456314,0.5989990390578425,0.35,0.7,0.003992256748142704,-0.07428777377508256,-0.03472947815476272,,0.0,0.0,0.0,0.0,1487.8577845554466,revised_v3_parallel,prior_similar_races_current_season_only,field_centered_bounded_no_teammate_term,toulodegraffenried,emmanuel-de-graffenried,maserati,emmanuel-de-graffenried,maserati-a6gcm,maserati-a6gcm,exact_chassis,maserati-a6gcm,Engine,mechanical,9.0,9,True,,2:05.900,True,,,,,False,0.6736842105263158,,0.06143380079541034,0.0,0.0,0.2291975410300902,0.20137538584006656,full_same_season_static_retrospective_baseline_plus_shape_distributions_v9,constructor_lineage_regulation_and_stability_shrunk,0.2745421284923403,1488.132326683939,1513.8469501736408,1.2840207594147057,1489.4163474433537,1489.4163474433537,f9e8d1b68ad55a88,0.4610389610389611,0.0728,0.2968253968253968,0.13174603174603175,0.0,0.0,0.5576368876080692,0.14697406340057637,0.27521613832853026,0.020172910662824207,0.12380952380952381,1.2698412698412698,0.0,0.4761904761904762,0.4761904761904762,0.7936507936507937,1.9738769255576407,0.36200075596333725,0.057410576425845225,0.0,0.0,0.2291975410300902,0.20137538584006656,full_same_season_static_retrospective_baseline_plus_shape_distributions_v9,constructor_lineage_regulation_and_stability_shrunk,high,baseline_plus_shape_distributions_v9,0.4877255147161831,0.20819703175831475,full_same_season_static_retrospective,1497.9401757592652,0.12103845728536741,21,DNF,,10185.9,80.0,,0.0,unavailable,,1.0,scheduled_distance_unavailable_assume_full,1549.886025191834,0.03382449004155147,0.0,0.0,0.0,0.0,,0.0,,0.0,0.0,0.0,0.02032529081125775,13.60827515308208,8,-0.02032529081125775,0.0,,,all_field_expected_seconds_gap_residual_same_car_crossfit_v7_4,27,8,16.0,2.0,48.0,12.0,56.0,18.0,384.0,96.0,1495.5111468912337,1500.0,0,1.0,11,2.429028868031484,0.4983611220984561,0.6436968775561533,,0.0,1497.9401757592652,1497.9401757592652,1486.2457174236679,retrospective_first_five_backcast_previous_season_anchor_frozen_v7_5
fairman,1953,Italian Grand Prix,Jack Fairman,Connaught,Connaught,22,0.0002617641422684016,0.26998061639816945,1950-1960_front_engine,80,0.0,24.88,24.88,1.6800000000000002,monza,0.7009424461513025,open_meteo_era5_air_temperature_track_proxy,9,1953-09-13,jolpica_cross_fitted_xw_xp,0.0,21,Not classified,1.0,4.687675914756736,3,prior_same_circuit_grid_movement,other,0.33333333333333337,False,1500.0,0.0,0.49513254817292596,-0.1126054506392826,-0.5079737633788022,0.4308661350959196,-0.050672452787677166,-0.6349672042235027,0.06462992026438794,3.2896921003924007,0.008195903305875022,0.3790344788283267,19.6289656351502,0.0,0.0,0.0,-0.050672452787677166,-0.6349672042235027,0.06462992026438794,-0.0032944176395979007,-0.01182065290140208,2.480671839924495e-05,0.002209392324578581,-0.07158065406502107,0.008266101516805392,0.39736602689541783,0.0180045747905655,0.004924392072471355,0.01342899735583503,0.003071935829749172,-0.0020100811045065895,-0.010514686387870264,-0.00015762486178440673,-0.0020100811045065895,cross_fitted,season_grid_average,example_precomputed_capabilities,0.7275767185528785,1.734723475976807e-18,-6.938893903907228e-18,0.0029143109679647655,0.33626086667178073,0.0180045747905655,0.39736602689541783,0.35,0.7,0.005281592337910257,0.04277361215654596,-0.008195903305875022,-0.04570114549499332,0.0,0.0,0.0,0.0,1500.0,revised_v3_parallel,prior_similar_races_current_season_only,field_centered_bounded_no_teammate_term,jackfairman,jack-fairman,connaught,connaught-engineering,connaught-a,connaught-a,exact_chassis,connaught-a,,finished,22.0,22,True,,2:13.500,True,False,,,,False,0.6736842105263158,,-0.12120574320701609,0.0,0.0,-0.4861875562862561,0.026081163182480195,full_same_season_static_retrospective_baseline_plus_shape_distributions_v9,constructor_lineage_regulation_and_stability_shrunk,-2.433979210175597,1497.5660207898245,1411.1525774240001,-1.0826515440849436,1496.4833692457396,1496.4833692457396,f9e8d1b68ad55a88,0.4610389610389611,0.0728,0.2968253968253968,0.13174603174603175,0.0,0.0,0.5576368876080692,0.14697406340057637,0.27521613832853026,0.020172910662824207,0.12380952380952381,1.2698412698412698,0.0,0.4761904761904762,0.4761904761904762,0.7936507936507937,1.9738769255576407,0.36200075596333725,-0.12178275443977195,0.0,0.0,-0.4861875562862561,0.026081163182480195,full_same_season_static_retrospective_baseline_plus_shape_distributions_v9,constructor_lineage_regulation_and_stability_shrunk,high,baseline_plus_shape_distributions_v9,-0.32510753979598705,0.02041162810581267,full_same_season_static_retrospective,1448.2718403390818,0.0,22,NC,19.0,10185.9,80.0,0.2375,0.7,lap_equivalent,,1.0,scheduled_distance_unavailable_assume_full,1423.0029434933049,0.020763014292253728,0.0,0.0,0.0,0.0,,0.0,,0.0,0.0,0.0,-0.02251778010050599,3.311084725081848,5,0.02251778010050599,0.0,0.33333333333333337,0.33333333333333337,all_field_expected_seconds_gap_residual_same_car_crossfit_v7_4,27,8,16.0,2.0,48.0,12.0,56.0,18.0,384.0,96.0,1450.0475819269006,1490.573471404986,0,1.0,0,-1.7757415878188896,0.4501484805414623,0.42094675441380414,-0.08761342108047077,0.0,1448.2718403390818,1448.2718403390818,1454.573471404986,retrospective_first_five_backcast_previous_season_anchor_frozen_v7_5
wharton,1953,Italian Grand Prix,Ken Wharton,Cooper,Cooper,19,0.001001048875014633,0.45973887307071293,1950-1960_front_engine,80,0.0,24.88,24.88,1.6800000000000002,monza,0.7009424461513025,open_meteo_era5_air_temperature_track_proxy,9,1953-09-13,jolpica_cross_fitted_xw_xp,0.0,22,Not classified,-3.0,4.687675914756736,3,prior_same_circuit_grid_movement,other,0.30000000000000004,False,1486.612992747567,0.0,0.4819403287875473,-0.3889120413046551,-0.4804782264952747,-0.035911379843547496,-0.17501041858709482,-0.6005977831190934,-0.005386706976532124,3.588159065143629,0.009773923756138758,0.4159206468557093,18.522380594328723,0.0,0.0,0.0,-0.17501041858709482,-0.6005977831190934,-0.005386706976532124,-0.004810230641487856,-0.013399274459824669,-0.00045944003041460614,-0.01491669040972754,-0.07683540634628869,0.00023215441092525047,0.4433766295592366,0.021908738091761394,0.005942296874997622,0.01432444058170493,0.00355114575228558,-0.00270250391496336,-0.011084647621670668,-0.00031135279225131835,-0.00270250391496336,cross_fitted,season_grid_average,example_precomputed_capabilities,0.7299719511357423,0.0,0.0,0.0032397929600342617,0.35185668721414565,0.021908738091761394,0.4433766295592366,0.35,0.7,0.006534130796104496,0.06406395964156364,-0.009773923756138758,-0.11592064685570924,0.0,0.0,0.0,0.0,1486.612992747567,revised_v3_parallel,prior_similar_races_current_season_only,field_centered_bounded_no_teammate_term,kenwharton,ken-wharton,cooper,ken-wharton,cooper-t23,cooper-t23,exact_chassis,cooper-t23,,finished,19.0,19,True,,2:10.100,True,False,,,,False,0.6736842105263158,,-0.034958831157605355,0.0,0.0,-0.14519065414268648,0.06909554105956686,full_same_season_static_retrospective_baseline_plus_shape_distributions_v9,constructor_lineage_regulation_and_stability_shrunk,2.7706562672031936,1489.38364901477,1495.1718834179983,-0.5925880031319214,1488.7910610116382,1488.7910610116382,f9e8d1b68ad55a88,0.4610389610389611,0.0728,0.2968253968253968,0.13174603174603175,0.0,0.0,0.5576368876080692,0.14697406340057637,0.27521613832853026,0.020172910662824207,0.12380952380952381,1.2698412698412698,0.0,0.4761904761904762,0.4761904761904762,0.7936507936507937,1.9738769255576407,0.36200075596333725,-0.03636810023578237,0.0,0.0,-0.14519065414268648,0.06909554105956686,full_same_season_static_retrospective_baseline_plus_shape_distributions_v9,constructor_lineage_regulation_and_stability_shrunk,high,baseline_plus_shape_distributions_v9,0.058732341902543984,0.061117003669669503,full_same_season_static_retrospective,1505.2927442816092,0.13458014789559283,23,NC,23.0,10185.9,80.0,0.2875,0.7,lap_equivalent,,1.0,scheduled_distance_unavailable_assume_full,1525.8096993265685,0.03083294756104613,0.0,0.0,0.0,0.0,,0.0,,0.0,0.0,0.0,-0.018123299447903522,2.5409804441876944,3,0.018123299447903522,0.0,0.30000000000000004,0.30000000000000004,all_field_expected_seconds_gap_residual_same_car_crossfit_v7_4,27,8,16.0,2.0,48.0,12.0,56.0,18.0,384.0,96.0,1506.7871357494132,1493.1101281223268,0,1.0,5,-1.4943914678039256,0.5055186477625281,0.6356325737050306,-0.3356325737050305,0.0,1505.2927442816092,1505.2927442816092,1494.1443286748201,retrospective_first_five_backcast_previous_season_anchor_frozen_v7_5
mcalpine,1953,Italian Grand Prix,Kenneth McAlpine,Connaught,Connaught,18,0.00021868838271940072,0.24633244398943102,1950-1960_front_engine,80,0.0,24.88,24.88,1.6800000000000002,monza,0.7009424461513025,open_meteo_era5_air_temperature_track_proxy,9,1953-09-13,jolpica_cross_fitted_xw_xp,0.0,23,Not classified,-5.0,4.687675914756736,3,prior_same_circuit_grid_movement,other,0.2666666666666667,False,1496.0356135946674,0.0,0.4912246033575233,-0.19443001912440916,-0.5079737633788022,0.4308661350959196,-0.08749350860598412,-0.6349672042235027,0.06462992026438794,3.2896921003924007,0.010588321155599358,0.43272169640914815,18.018349107725555,0.0,0.0,0.0,-0.08749350860598412,-0.6349672042235027,0.06462992026438794,-0.004556090659509689,-0.0151728377227041,3.4150543478165835e-05,-0.003766951091218773,-0.09160705641533347,0.007978712111747138,0.4589402850275897,0.02338992675077751,0.00639732796842112,0.016987296019511003,0.0038954700434524815,-0.0027021790563792314,-0.013292147107469114,-0.00020032113141059318,-0.0027021790563792314,cross_fitted,season_grid_average,example_precomputed_capabilities,0.7275767185528785,0.0,-1.3877787807814457e-17,0.0036951489120418883,0.3715449896327846,0.02338992675077751,0.4589402850275897,0.35,0.7,0.006893172243557469,0.061176706776363554,-0.010588321155599358,-0.16605502974248143,0.0,0.0,0.0,0.0,1496.0356135946674,revised_v3_parallel,prior_similar_races_current_season_only,field_centered_bounded_no_teammate_term,kennethmcalpine,kenneth-mcalpine,connaught,connaught-engineering,connaught-a,connaught-a,exact_chassis,connaught-a,,finished,18.0,18,True,,2:09.500,True,False,,,,False,0.6736842105263158,,-0.12120574320701609,0.0,0.0,-0.4861875562862561,0.026081163182480195,full_same_season_static_retrospective_baseline_plus_shape_distributions_v9,constructor_lineage_regulation_and_stability_shrunk,-2.788777374320583,1493.246836220347,1395.4435337978348,-0.230100844642038,1493.016735375705,1493.016735375705,f9e8d1b68ad55a88,0.4610389610389611,0.0728,0.2968253968253968,0.13174603174603175,0.0,0.0,0.5576368876080692,0.14697406340057637,0.27521613832853026,0.020172910662824207,0.12380952380952381,1.2698412698412698,0.0,0.4761904761904762,0.4761904761904762,0.7936507936507937,1.9738769255576407,0.36200075596333725,-0.12178275443977195,0.0,0.0,-0.4861875562862561,0.026081163182480195,full_same_season_static_retrospective_baseline_plus_shape_distributions_v9,constructor_lineage_regulation_and_stability_shrunk,high,baseline_plus_shape_distributions_v9,-0.32510753979598705,0.02041162810581267,full_same_season_static_retrospective,1434.3942340607337,0.0,24,NC,24.0,10185.9,80.0,0.3,0.7,lap_equivalent,,1.0,scheduled_distance_unavailable_assume_full,1418.0933223149448,0.020374621586267887,0.0,0.0,0.0,0.0,,0.0,,0.0,0.0,0.0,-0.01914831191655869,2.60947759864669,4,0.01914831191655869,0.0,0.2666666666666667,0.2666666666666667,all_field_expected_seconds_gap_residual_same_car_crossfit_v7_4,27,8,16.0,2.0,48.0,12.0,56.0,18.0,384.0,96.0,1434.3385383007353,1493.1101281223268,0,1.0,2,0.05569575999828026,0.4367905891338963,0.4080046072989943,-0.14133794063232757,0.0,1434.3942340607337,1434.3942340607337,1446.7822249379346,retrospective_first_five_backcast_previous_season_anchor_frozen_v7_5
carini,1953,Italian Grand Prix,Piero Carini,Ferrari,Ferrari,20,0.015705922894693674,0.7845038775486922,1950-1960_front_engine,80,0.0,24.88,24.88,1.6800000000000002,monza,0.7009424461513025,open_meteo_era5_air_temperature_track_proxy,9,1953-09-13,jolpica_cross_fitted_xw_xp,0.0,24,Engine,-4.0,4.687675914756736,3,prior_same_circuit_grid_movement,mechanical,,False,1500.0,0.0,0.49513254817292596,-0.1126054506392826,0.9234673151623898,1.223612434940898,-0.050672452787677166,1.1543341439529873,0.18354186524113472,4.489341196577987,0.01889196863544452,0.4863460865090219,16.409617404729342,0.0,0.0,0.0,-0.050672452787677166,1.1543341439529873,0.18354186524113472,-0.00880617708597501,0.0049165900276614185,0.0013828510065448136,-0.0029273201527098003,0.17603990844990122,0.02167590491072213,0.4279095385466478,0.020521347069094226,0.03072629096480122,0.01644396012619512,0.017364920274376517,-0.012711679947475775,0.0015706508911303256,0.0006496907429489295,-0.012711679947475775,cross_fitted,season_grid_average,example_precomputed_capabilities,0.7359777185614644,-8.673617379884035e-19,2.7755575615628914e-17,0.018014611017325446,0.6226980317545614,0.020521347069094226,0.4279095385466478,0.35,0.7,0.000877357618119072,-0.1363519452455395,-0.01889196863544452,,0.0,0.0,0.0,0.0,1500.0,revised_v3_parallel,prior_similar_races_current_season_only,field_centered_bounded_no_teammate_term,pierocarini,piero-carini,ferrari,scuderia-ferrari,,ferrari-500|ferrari-553,ambiguous_chassis_constructor_fallback,constructor:ferrari,Engine,mechanical,20.0,20,True,,2:11.200,True,False,,,,False,0.6736842105263158,,0.13018946550116794,0.0,0.0,0.5161775369436126,0.4571966492252528,full_same_season_static_retrospective_baseline_plus_shape_distributions_v9,constructor_lineage_regulation_and_stability_shrunk,-3.213892476152973,1496.786107523847,1489.8316881296578,-1.1839776292989,1495.6021298945482,1495.6021298945482,f9e8d1b68ad55a88,0.4610389610389611,0.0728,0.2968253968253968,0.13174603174603175,0.0,0.0,0.5576368876080692,0.14697406340057637,0.27521613832853026,0.020172910662824207,0.12380952380952381,1.2698412698412698,0.0,0.4761904761904762,0.4761904761904762,0.7936507936507937,1.9738769255576407,0.36200075596333725,0.1292947987173881,0.0,0.0,0.5161775369436126,0.4571966492252528,full_same_season_static_retrospective_baseline_plus_shape_distributions_v9,constructor_lineage_regulation_and_stability_shrunk,high,baseline_plus_shape_distributions_v9,0.7937210057969816,0.4990756717531965,full_same_season_static_retrospective,1446.6906931335097,0.0,25,DNF,,10185.9,80.0,,0.0,unavailable,,1.0,scheduled_distance_unavailable_assume_full,1501.5620652389448,0.02808747403650752,0.0,0.0,0.0,0.0,,0.0,,0.0,0.0,0.0,0.027948849721067787,21.670977112062012,6,-0.027948849721067787,0.0,,,all_field_expected_seconds_gap_residual_same_car_crossfit_v7_4,27,8,16.0,2.0,48.0,12.0,56.0,18.0,384.0,96.0,1448.5374851741688,1493.1101281223268,0,1.0,0,-1.8467920406589629,0.44862295417728837,0.49560532791083534,,0.0,1446.6906931335097,1446.6906931335097,1457.1101281223268,retrospective_first_five_backcast_previous_season_anchor_frozen_v7_5
salvadori,1953,Italian Grand Prix,Roy Salvadori,Connaught,Connaught,14,0.00018188282396936465,0.2229747738363799,1950-1960_front_engine,80,0.0,24.88,24.88,1.6800000000000002,monza,0.7009424461513025,open_meteo_era5_air_temperature_track_proxy,9,1953-09-13,jolpica_cross_fitted_xw_xp,0.0,25,Throttle,-11.0,4.687675914756736,3,prior_same_circuit_grid_movement,other,0.19999999999999996,False,1501.7350514696827,0.0,0.49684304826984593,-0.07679414889147414,-0.5079737633788022,0.4308661350959196,-0.03455736700116336,-0.6349672042235027,0.06462992026438794,3.2896921003924007,0.013866292713415732,0.4902620158218529,16.29213952534441,0.0,0.0,0.0,-0.03455736700116336,-0.6349672042235027,0.06462992026438794,-0.005399884498157144,-0.02005594977993086,4.0757820278622834e-05,0.0019686134903650803,-0.11400526849912565,0.007460240987854629,0.5216349400281247,0.03038609241099183,0.008310834014279457,0.022929640644967178,0.005239607912111142,-0.00333981806109701,-0.01795862469178473,-0.0002685919589286946,-0.00333981806109701,cross_fitted,season_grid_average,example_precomputed_capabilities,0.7275767185528785,-3.469446951953614e-18,-1.3877787807814457e-17,0.0049710159531824475,0.41705852600721877,0.03038609241099183,0.5216349400281247,0.35,0.7,0.008895276760233283,0.07320348981463415,-0.013866292713415732,-0.29026201582185296,0.0,0.0,0.0,0.0,1501.7350514696827,revised_v3_parallel,prior_similar_races_current_season_only,field_centered_bounded_no_teammate_term,roysalvadori,roy-salvadori,connaught,connaught-engineering,connaught-a,connaught-a,exact_chassis,connaught-a,Throttle,other,14.0,14,True,,2:08.000,True,False,,,,False,0.6736842105263158,,-0.12120574320701609,0.0,0.0,-0.4861875562862561,0.026081163182480195,full_same_season_static_retrospective_baseline_plus_shape_distributions_v9,constructor_lineage_regulation_and_stability_shrunk,-4.243587575689313,1497.4914638939933,1434.5002338016272,0.5729520765164203,1498.0644159705098,1498.0644159705098,f9e8d1b68ad55a88,0.4610389610389611,0.0728,0.2968253968253968,0.13174603174603175,0.0,0.0,0.5576368876080692,0.14697406340057637,0.27521613832853026,0.020172910662824207,0.12380952380952381,1.2698412698412698,0.0,0.4761904761904762,0.4761904761904762,0.7936507936507937,1.9738769255576407,0.36200075596333725,-0.12178275443977195,0.0,0.0,-0.4861875562862561,0.026081163182480195,full_same_season_static_retrospective_baseline_plus_shape_distributions_v9,constructor_lineage_regulation_and_stability_shrunk,high,baseline_plus_shape_distributions_v9,-0.32510753979598705,0.02041162810581267,full_same_season_static_retrospective,1474.6653084210443,0.0,26,DNF,,10185.9,80.0,,0.0,unavailable,,1.0,scheduled_distance_unavailable_assume_full,1442.4674169115815,0.022377066203338174,0.0,0.0,0.0,0.0,,0.0,,0.0,0.0,0.0,-0.02251778010050599,3.311084725081848,5,0.02251778010050599,0.0,0.19999999999999996,0.19999999999999996,all_field_expected_seconds_gap_residual_same_car_crossfit_v7_4,27,8,16.0,2.0,48.0,12.0,56.0,18.0,384.0,96.0,1473.3952383045278,1493.1101281223268,0,1.0,1,1.2700701165165882,0.4757172429831521,0.4458146522394405,-0.24581465223944055,0.0,1474.6653084210443,1474.6653084210443,1470.5032006392678,retrospective_first_five_backcast_previous_season_anchor_frozen_v7_5
landi,1953,Italian Grand Prix,Chico Landi,Maserati,Maserati,21,0.0008913901383704856,0.44314981745007265,1950-1960_front_engine,80,0.0,24.88,24.88,1.6800000000000002,monza,0.7009424461513025,open_meteo_era5_air_temperature_track_proxy,9,1953-09-13,jolpica_cross_fitted_xw_xp,0.0,26,Engine,-5.0,4.687675914756736,3,prior_same_circuit_grid_movement,mechanical,,False,1500.6994051487695,0.0,0.4958220495559376,-0.09816979310162093,0.955181100165544,-0.006234016355277975,-0.044176406895729416,1.1939763752069301,-0.0009351024532916962,4.489341196577987,0.016799683716191248,0.468407388731342,16.94777833805974,0.02,0.0,0.05880602015151773,-0.044176406895729416,1.1939763752069301,-0.0009351024532916962,-0.007789079187030578,0.005045277641961409,-0.0009825525239365006,-0.0011744473099406052,0.18873987528325697,-0.0014222574888450947,0.41256443758600064,0.019221813861044934,0.026278828208974432,0.013845750635954739,0.016944818599258633,-0.010783368416935167,0.0016497091560845265,-0.0014493588072193673,-0.010783368416935167,cross_fitted,season_grid_average,example_precomputed_capabilities,0.7359777185614644,0.0,5.551115123125783e-17,0.015495459792039265,0.598707608070472,0.019221813861044934,0.41256443758600064,0.35,0.7,0.0013042239241519826,-0.13030021933912994,-0.016799683716191248,,0.0,0.0,0.0,0.0,1500.6994051487695,revised_v3_parallel,prior_similar_races_current_season_only,field_centered_bounded_no_teammate_term,chicolandi,chico-landi,maserati,scuderia-milano,maserati-a6gcm,maserati-a6gcm,exact_chassis,maserati-a6gcm,Engine,mechanical,21.0,21,True,,2:12.800,True,False,,,,False,0.6736842105263158,,0.06143380079541034,0.0,0.0,0.2291975410300902,0.20137538584006656,full_same_season_static_retrospective_baseline_plus_shape_distributions_v9,constructor_lineage_regulation_and_stability_shrunk,-7.4941399866740195,1493.2052651620954,1470.5818577605398,-1.2282303123926945,1491.9770348497027,1491.9770348497027,f9e8d1b68ad55a88,0.4610389610389611,0.0728,0.2968253968253968,0.13174603174603175,0.0,0.0,0.5576368876080692,0.14697406340057637,0.27521613832853026,0.020172910662824207,0.12380952380952381,1.2698412698412698,0.0,0.4761904761904762,0.4761904761904762,0.7936507936507937,1.9738769255576407,0.36200075596333725,0.057410576425845225,0.0,0.0,0.2291975410300902,0.20137538584006656,full_same_season_static_retrospective_baseline_plus_shape_distributions_v9,constructor_lineage_regulation_and_stability_shrunk,high,baseline_plus_shape_distributions_v9,0.4877255147161831,0.20819703175831475,full_same_season_static_retrospective,1450.206705103342,0.0,27,DNF,,10185.9,80.0,,0.0,unavailable,,1.0,scheduled_distance_unavailable_assume_full,1485.5743048383065,0.026412366459626094,0.0,0.0,0.0,0.0,,0.0,,0.0,0.0,0.0,0.021271357694120478,16.01532195926925,9,-0.021271357694120478,0.0,,,all_field_expected_seconds_gap_residual_same_car_crossfit_v7_4,27,8,16.0,2.0,48.0,12.0,56.0,18.0,384.0,96.0,1452.2460544781327,1495.388948458163,0,1.0,2,-2.039349374790721,0.452016421365364,0.4770123645482001,,0.0,1450.206705103342,1450.206705103342,1463.6718320697062,retrospective_first_five_backcast_previous_season_anchor_frozen_v7_5
bayol,1953,Italian Grand Prix,Élie Bayol,OSCA,OSCA,13,0.001416539661824641,0.5086526344543869,1950-1960_front_engine,80,0.0,24.88,24.88,1.6800000000000002,monza,0.7009424461513025,open_meteo_era5_air_temperature_track_proxy,9,1953-09-13,jolpica_cross_fitted_xw_xp,0.0,27,Engine,-14.0,4.687675914756736,3,prior_same_circuit_grid_movement,mechanical,,False,1500.0,0.0,0.49513254817292596,-0.1126054506392826,-1.5239357461985739,-1.4483559023134278,-0.050672452787677166,-1.9049196827482173,-0.21725338534701416,0.7191536884537147,0.012308210614228307,0.4486732370834994,17.539802887495018,0.0,0.0,0.0,-0.050672452787677166,-1.9049196827482173,-0.21725338534701416,-0.004425736805609515,-0.02418158142913623,-0.002365298273350479,0.0009162415355257008,-0.27533138100548005,-0.020957767128848215,0.5372851090631402,0.032440411344490855,0.002462505257982578,0.02041406241749093,0.0017763574390334707,-0.0009947104215879497,-0.018946267581096302,-0.00030856260263884255,-0.0009947104215879497,cross_fitted,season_grid_average,example_precomputed_capabilities,0.6855979234973384,0.0,0.0,0.0014677948363946282,0.24191220246433762,0.032440411344490855,0.5372851090631402,0.35,0.7,0.010840415777833678,0.20676103461916176,-0.012308210614228307,,0.0,0.0,0.0,0.0,1500.0,revised_v3_parallel,prior_similar_races_current_season_only,field_centered_bounded_no_teammate_term,eliebayol,elie-bayol,osca,osca-automobili,osca-20,osca-20,exact_chassis,osca-20,Engine,mechanical,13.0,13,True,,2:07.800,True,False,,,,False,0.6736842105263158,,-0.13267543859649128,0.0,0.0,-0.5296739063521226,0.023033890286980847,full_same_season_static_retrospective_baseline_plus_shape_distributions_v9,constructor_lineage_regulation_and_stability_shrunk,0.4658297012639912,1500.465829701264,1427.6790719953826,0.7862631590310488,1501.252092860295,1501.252092860295,f9e8d1b68ad55a88,0.4610389610389611,0.0728,0.2968253968253968,0.13174603174603175,0.0,0.0,0.5576368876080692,0.14697406340057637,0.27521613832853026,0.020172910662824207,0.12380952380952381,1.2698412698412698,0.0,0.4761904761904762,0.4761904761904762,0.7936507936507937,1.9738769255576407,0.36200075596333725,-0.13267543859649128,0.0,0.0,-0.5296739063521226,0.023033890286980847,full_same_season_static_retrospective_baseline_plus_shape_distributions_v9,constructor_lineage_regulation_and_stability_shrunk,high,baseline_plus_shape_distributions_v9,-0.3761531531031875,0.017641606788196925,full_same_season_static_retrospective,1471.8144054883658,0.0,28,DNF,,10185.9,80.0,,0.0,unavailable,,1.0,scheduled_distance_unavailable_assume_full,1441.0905455772352,0.022258878109915965,0.0,0.0,0.0,0.0,,0.0,,0.0,0.0,0.0,-0.01336207790634778,1.8393733177525364,1,0.01336207790634778,0.0,,,all_field_expected_seconds_gap_residual_same_car_crossfit_v7_4,27,8,16.0,2.0,48.0,12.0,56.0,18.0,384.0,96.0,1470.0529845035524,1493.1101281223268,0,1.0,0,1.7614209848134188,0.47294786357784635,0.4398246949993318,,0.0,1471.8144054883658,1471.8144054883658,1468.1972766094234,retrospective_first_five_backcast_previous_season_anchor_frozen_v7_5
fitch,1953,Italian Grand Prix,John Fitch,HWM,HWM,26,0.000235774815063712,0.2561314923755939,1950-1960_front_engine,80,0.0,24.88,24.88,1.6800000000000002,monza,0.7009424461513025,open_meteo_era5_air_temperature_track_proxy,9,1953-09-13,jolpica_cross_fitted_xw_xp,0.0,28,Engine,-2.0,4.687675914756736,3,prior_same_circuit_grid_movement,mechanical,,False,1500.0,0.0,0.49513254817292596,-0.1126054506392826,-1.7697537662441718,-1.6556909237740047,-0.050672452787677166,-2.2121922078052147,-0.2483536385661007,3.328056881276463,0.005157452427328716,0.2724189739595233,22.8274307812143,0.0,0.0,0.0,-0.050672452787677166,-2.2121922078052147,-0.2483536385661007,-0.0018260609183084321,-0.010464713924345514,-0.0010964660088912787,0.003142251481956883,-0.2048157097899477,-0.01859818978796175,0.3385004683883091,0.013859158980833113,0.0007904384252285143,0.008559248694167354,0.0005764411884744118,-0.00031852029594062675,-0.008087330564879466,-0.00010452305918652425,-0.00031852029594062675,cross_fitted,season_grid_average,example_precomputed_capabilities,0.7278984204328796,0.0,-2.7755575615628914e-17,0.0004719181292878875,0.11822882029235651,0.013859158980833113,0.3385004683883091,0.35,0.7,0.004685534298040828,0.1541901536671668,-0.005157452427328716,,0.0,0.0,0.0,0.0,1500.0,revised_v3_parallel,prior_similar_races_current_season_only,field_centered_bounded_no_teammate_term,johnfitch,john-fitch,hwm,hw-motors,hwm-53,hwm-53,exact_chassis,hwm-53,Engine,mechanical,26.0,26,True,,2:18.100,True,False,,,,False,0.6736842105263158,,-0.23604321250961055,0.0,0.0,-0.9365330589567449,0.007203102964094874,full_same_season_static_retrospective_baseline_plus_shape_distributions_v9,constructor_lineage_regulation_and_stability_shrunk,0.0,1500.0,1375.0090506949464,-1.6894519258692289,1498.3105480741308,1498.3105480741308,f9e8d1b68ad55a88,0.4610389610389611,0.0728,0.2968253968253968,0.13174603174603175,0.0,0.0,0.5576368876080692,0.14697406340057637,0.27521613832853026,0.020172910662824207,0.12380952380952381,1.2698412698412698,0.0,0.4761904761904762,0.4761904761904762,0.7936507936507937,1.9738769255576407,0.36200075596333725,-0.23458760733173845,0.0,0.0,-0.9365330589567449,0.007203102964094874,full_same_season_static_retrospective_baseline_plus_shape_distributions_v9,constructor_lineage_regulation_and_stability_shrunk,high,baseline_plus_shape_distributions_v9,-0.8361890334315348,0.0047392168696662774,full_same_season_static_retrospective,1446.903749236248,0.0,29,DNF,,10185.9,80.0,,0.0,unavailable,,1.0,scheduled_distance_unavailable_assume_full,1389.0494983562257,0.01822115116582869,0.0,0.0,0.0,0.0,,0.0,,0.0,0.0,0.0,-0.03702836719398143,4.2874171858335295,4,0.03702836719398143,0.0,,,all_field_expected_seconds_gap_residual_same_car_crossfit_v7_4,27,8,16.0,2.0,48.0,12.0,56.0,18.0,384.0,96.0,1449.931695411486,1490.573471404986,0,1.0,0,-3.0279461752381316,0.4488284656030626,0.38633566941697245,,0.0,1446.903749236248,1446.903749236248,1449.931695411486,retrospective_first_five_backcast_previous_season_anchor_frozen_v7_5
claes,1953,Italian Grand Prix,Johnny Claes,Connaught,Connaught,30,6.875771928818821e-05,0.11888721775463615,1950-1960_front_engine,80,0.0,24.88,24.88,1.6800000000000002,monza,0.7009424461513025,open_meteo_era5_air_temperature_track_proxy,9,1953-09-13,jolpica_cross_fitted_xw_xp,0.0,29,Fuel system,1.0,4.687675914756736,3,prior_same_circuit_grid_movement,mechanical,,False,1467.3964248307193,0.0,0.4630455101963534,-0.7855402245327443,-0.5079737633788022,0.4308661350959196,-0.35349310103973497,-0.6349672042235027,0.06462992026438794,3.2896921003924007,0.004653032430737993,0.2697283497119664,22.908149508641007,0.0,0.0,0.0,-0.35349310103973497,-0.6349672042235027,0.06462992026438794,-0.0028967012004673383,-0.006378853732222786,2.146098809417309e-05,-0.030231963583297196,-0.024383509968337175,0.008094539511497157,0.28368462992400756,0.010668193494725363,0.002917834388432453,0.006392003676419204,0.0014920425811145097,-0.0015037348383030436,-0.004977904126289795,-7.794303098510014e-05,-0.0015037348383030436,cross_fitted,season_grid_average,example_precomputed_capabilities,0.7275767185528785,-1.734723475976807e-18,0.0,0.0014140995501294095,0.23716369588387035,0.010668193494725363,0.28368462992400756,0.35,0.7,0.0032389328806085834,0.03256465382809606,-0.004653032430737993,,0.0,0.0,0.0,0.0,1467.3964248307193,revised_v3_parallel,prior_similar_races_current_season_only,field_centered_bounded_no_teammate_term,johnnyclaes,johnny-claes,connaught,ecurie-belge,connaught-a,connaught-a,exact_chassis,connaught-a,Fuel system,mechanical,30.0,30,True,,2:28.200,True,False,,,,False,0.6736842105263158,,-0.12120574320701609,0.0,0.0,-0.4861875562862561,0.026081163182480195,full_same_season_static_retrospective_baseline_plus_shape_distributions_v9,constructor_lineage_regulation_and_stability_shrunk,-30.12486687803153,1437.2715579526878,1323.2136120422342,-2.3935647520257852,1434.8779932006619,1434.8779932006619,f9e8d1b68ad55a88,0.4610389610389611,0.0728,0.2968253968253968,0.13174603174603175,0.0,0.0,0.5576368876080692,0.14697406340057637,0.27521613832853026,0.020172910662824207,0.12380952380952381,1.2698412698412698,0.0,0.4761904761904762,0.4761904761904762,0.7936507936507937,1.9738769255576407,0.36200075596333725,-0.12178275443977195,0.0,0.0,-0.4861875562862561,0.026081163182480195,full_same_season_static_retrospective_baseline_plus_shape_distributions_v9,constructor_lineage_regulation_and_stability_shrunk,high,baseline_plus_shape_distributions_v9,-0.32510753979598705,0.02041162810581267,full_same_season_static_retrospective,1357.983463863823,0.018161801699381412,30,DNF,,10185.9,80.0,,0.0,unavailable,,1.0,scheduled_distance_unavailable_assume_full,1341.7095884207688,0.015188012943691674,0.0,0.0,0.0,0.0,,0.0,,0.0,0.0,0.0,-0.021087110871552527,2.9717114073293116,4,0.021087110871552527,0.0,,,all_field_expected_seconds_gap_residual_same_car_crossfit_v7_4,27,8,16.0,2.0,48.0,12.0,56.0,18.0,384.0,96.0,1362.1086165451347,1500.0,0,1.0,15,-4.125152681311725,0.3651555765657049,0.357301625857974,,0.0,1357.983463863823,1357.983463863823,1480.2471133875429,retrospective_first_five_backcast_previous_season_anchor_frozen_v7_5
macklin,1953,Italian Grand Prix,Lance Macklin,HWM,HWM,27,0.00016400831320853232,0.21030352561269947,1950-1960_front_engine,80,0.0,24.88,24.88,1.6800000000000002,monza,0.7009424461513025,open_meteo_era5_air_temperature_track_proxy,9,1953-09-13,jolpica_cross_fitted_xw_xp,0.0,30,Engine,-3.0,4.687675914756736,3,prior_same_circuit_grid_movement,mechanical,,False,1498.5694869354063,0.0,0.493722332594311,-0.14213110789238684,-1.7697537662441718,-1.6556909237740047,-0.06395899855157408,-2.2121922078052147,-0.2483536385661007,3.328056881276463,0.004829001289530066,0.26064519371266337,23.1806441886201,0.0,0.0,0.0,-0.06395899855157408,-2.2121922078052147,-0.2483536385661007,-0.0017555125092059518,-0.00976304236334092,-0.0010237738680013966,0.0019530324605561075,-0.19629331300107034,-0.0180808793077653,0.32437154166714727,0.012981514970886442,0.0007403831837746213,0.007942207029129322,0.0005363711438416174,-0.0003011969534364494,-0.00750302079879115,-9.718491350344552e-05,-0.0003011969534364494,cross_fitted,season_grid_average,example_precomputed_capabilities,0.7278984204328796,-3.469446951953614e-18,-2.7755575615628914e-17,0.0004391862303381719,0.11195038181886771,0.012981514970886442,0.32437154166714727,0.35,0.7,0.0043898150591918945,0.14869481189379566,-0.004829001289530066,,0.0,0.0,0.0,0.0,1498.5694869354063,revised_v3_parallel,prior_similar_races_current_season_only,field_centered_bounded_no_teammate_term,lancemacklin,lance-macklin,hwm,hw-motors,hwm-53,hwm-53,exact_chassis,hwm-53,Engine,mechanical,27.0,27,True,,2:18.200,True,False,,,,False,0.6736842105263158,,-0.23604321250961055,0.0,0.0,-0.9365330589567449,0.007203102964094874,full_same_season_static_retrospective_baseline_plus_shape_distributions_v9,constructor_lineage_regulation_and_stability_shrunk,-6.305279508944137,1492.2642074264622,1358.3624994222428,-1.8524258258547532,1490.4117816006076,1490.4117816006076,f9e8d1b68ad55a88,0.4610389610389611,0.0728,0.2968253968253968,0.13174603174603175,0.0,0.0,0.5576368876080692,0.14697406340057637,0.27521613832853026,0.020172910662824207,0.12380952380952381,1.2698412698412698,0.0,0.4761904761904762,0.4761904761904762,0.7936507936507937,1.9738769255576407,0.36200075596333725,-0.23458760733173845,0.0,0.0,-0.9365330589567449,0.007203102964094874,full_same_season_static_retrospective_baseline_plus_shape_distributions_v9,constructor_lineage_regulation_and_stability_shrunk,high,baseline_plus_shape_distributions_v9,-0.8361890334315348,0.0047392168696662774,full_same_season_static_retrospective,1430.0255611638431,0.0,31,DNF,,10185.9,80.0,,0.0,unavailable,,1.0,scheduled_distance_unavailable_assume_full,1371.1777972514615,0.01701075446000805,0.0,0.0,0.0,0.0,,0.0,,0.0,0.0,0.0,-0.03702836719398143,4.2874171858335295,4,0.03702836719398143,0.0,,,all_field_expected_seconds_gap_residual_same_car_crossfit_v7_4,27,8,16.0,2.0,48.0,12.0,56.0,18.0,384.0,96.0,1433.2851441387822,1493.1101281223268,0,1.0,4,-3.2595829749391854,0.43260169182935554,0.3710230810250566,,0.0,1430.0255611638431,1430.0255611638431,1444.8903811785744,retrospective_first_five_backcast_previous_season_anchor_frozen_v7_5
