driver_id,season,event,driver,constructor,team,grid,v02_XW,v02_XP,regulation_era,race_distance_laps,wet_fraction,track_temperature,air_temperature,wind_speed,circuit_id,overtake_index,weather_source,round,date,source,observed_winner,position,status,positions_gained,overtake_proxy_raw,circuit_history_races,overtake_source,status_class,observed_performance,rating_eligible,pre_rating,season_reversion_delta,driver_expected_from_rating,driver_score_raw_revised,car_score_raw_revised,team_score_raw_revised,XdW_score_revised,XcW_score_revised,XtW_score_revised,car_effective_prior_races,XW,XP,expected_position,XW_simulated,XW_lower_95,XW_upper_95,XdW_score,XcW_score,XtW_score,XdW_probability_contribution,XcW_probability_contribution,XtW_probability_contribution,XdP_performance_contribution,XcP_performance_contribution,XtP_performance_contribution,XP_neutral_baseline,XW_neutral_baseline,XW_with_neutral_driver,XW_with_neutral_car,XW_with_neutral_team,driver_direct_uplift,car_direct_uplift,team_direct_uplift,driver_above_car_expectation,analysis_mode,neutral_reference,data_quality,model_confidence,decomposition_error,xp_decomposition_error,XW_raw_revised,XP_raw_revised,XW_neutral_revised,XP_neutral_revised,xw_calibration_shrinkage,xp_calibration_shrinkage,xw_calibration_adjustment,xp_calibration_adjustment,win_surprise,performance_surprise,raw_rating_delta,field_centering_adjustment,rating_delta,teammate_rating_delta,post_rating,model_version,car_prior_scope,rating_update_method,driver_name_key,driver_id_f1db,constructor_id_f1db,entrant_id,car_model_id,car_model_candidates,car_identity_resolution,model_entity_id,reason_retired_f1db,status_class_f1db,qualifying_position,qualifying_position_text,qualifying_eligible,qualifying_laps,qualifying_time,f1db_joined,clean_pass_proxy_eligible,clean_grid_rank,clean_finish_rank,clean_positions_gained,car_fit_eligible,field_performance,relative_performance,current_car_score_raw,constructor_prior_z_x,prior_weight_total_x,car_suitability_score_v6,expected_car_win_v6,car_model_scope_v6,car_prior_scope_v6,qualifying_rating_carried_v6,pre_qualifying_rating_v6,pre_session_strength,qualifying_delta_v6,pre_race_rating_v6,post_event_rating_v6,layout_key,straight_demand,altitude_demand,top_three_straight_share,straight_600_1000_track_share,straight_over_1000_track_share,radius_under_50_distance_share,radius_50_90_distance_share,radius_90_150_distance_share,radius_150_250_distance_share,radius_250_450_distance_share,steady_long_turn_distance_share,opposite_direction_links_per_km,same_direction_links_per_km,multi_turn_complexes_per_km,multi_apex_turns_per_km,tightening_turns_per_km,approach_severity_per_km,top_three_turning_share,current_car_score_raw_v7_6,constructor_prior_z_y,prior_weight_total_y,car_suitability_score_v7_6,expected_car_win_v7_6,car_model_scope_v7_6,car_prior_scope_v7_6,shape_topology_quality,car_suitability_model_branch_v7_6,car_suitability_score_v6_baseline,expected_car_win_v6_baseline,car_model_scope_v6_baseline,retrospective_pre_race_rating,driver_context_adjustment,result_order,finish_position_text,gap_laps,winner_race_time_seconds,winner_race_laps,cumulative_gap_share,cumulative_gap_reliability,cumulative_gap_quality,race_completion_fraction_v7_4,race_completion_reliability_v7_4,race_completion_quality_v7_4,pairwise_pre_race_strength_v7_4,field_xw_v7_4,margin_comparison_count,margin_comparison_weight,weighted_pair_gap_residual,same_car_margin_comparisons,eligible_timed_field_size,margin_race_completion_reliability,mean_pair_gap_residual_score,margin_pair_coverage,margin_field_depth_factor,raw_pairwise_margin_performance_adjustment,crossfit_car_margin_component,crossfit_car_margin_effective_rows,crossfit_car_margin_other_drivers,driver_margin_adjustment_before_centering,pairwise_margin_performance_adjustment,observed_performance_position_only,gap_adjusted_observed_performance,pairwise_margin_model,event_index,season_rounds,calendar_reference_rounds,calendar_k_multiplier,effective_race_k,effective_qualifying_k,effective_max_race_delta,effective_max_qualifying_delta,scheduled_race_k_budget,scheduled_qualifying_k_budget,retrospective_pre_qualifying_rating,retrospective_debut_anchor,inactivity_seasons,return_uncertainty_multiplier,driver_context_prior_samples,retrospective_qualifying_delta,retrospective_driver_expected_from_rating,retrospective_expected_performance,retrospective_performance_residual,retrospective_race_delta,retrospective_post_rating,retrospective_rating,debut_rating_frozen,rating_history_scope
farina,1953,German Grand Prix,Nino Farina,Ferrari,Ferrari,3,0.09241115220261162,0.9273904098400284,1950-1960_front_engine,18,0.0,15.679999999999998,15.679999999999998,1.9939999999999998,nurburgring,0.7446658851113717,open_meteo_era5_air_temperature_track_proxy,7,1953-08-02,jolpica_cross_fitted_xw_xp,1.0,1,Finished,2.0,5.832874196510561,2,prior_same_circuit_grid_movement,finished,1.1000720513586242,True,1512.2203637981513,0.0,0.5066621447707707,0.1451933555531436,1.308313919121977,1.1046497369497563,0.06533700999891463,1.6353923989024712,0.16569746054246345,2.7334343911923513,0.058225462967243756,0.7344977930710239,9.761572828656211,0.04,0.0,0.09431711332536,0.06533700999891463,1.6353923989024712,0.16569746054246345,-0.02866410133566152,0.02437262156272451,0.002638376652267923,0.0029013142669427334,0.12910955330832807,0.010784987013062517,0.6987988294239407,0.05921732483964521,0.10426174847428396,0.05021921526710939,0.05680308355955908,-0.04669752675530784,0.007345006451866733,0.0007611381594170435,-0.04669752675530784,cross_fitted,season_grid_average,example_precomputed_capabilities,0.7223686752707323,-1.3010426069826053e-18,0.0,0.05756422171897612,0.841594684012274,0.05921732483964521,0.6987988294239407,0.39999999999999997,0.7499999999999999,0.0006612412482676355,-0.10709689094125008,0.9417745370327563,0.2655022069289761,27.381628613507722,-4.349501882140878,23.032126731366844,0.0,1535.2524905295181,revised_v3_parallel,prior_similar_races_current_season_only,field_centered_bounded_no_teammate_term,ninofarina,nino-farina,ferrari,scuderia-ferrari,,ferrari-500|ferrari-553,ambiguous_chassis_constructor_fallback,constructor:ferrari,,finished,3.0,3,True,,10:04.100,True,True,3.0,1.0,2.0,True,0.7736185383244206,0.22638146167557938,0.1412031658605319,0.0,0.0,0.5174006124761882,0.37769047501543607,full_same_season_static_retrospective_baseline_plus_shape_distributions_v9,constructor_lineage_regulation_and_stability_shrunk,45.879103114535916,1558.0994669126871,1658.3116738720767,1.9699349147380565,1560.0694018274253,1583.101528558792,ec7d5a1f033fd71d,0.43202941293690966,0.2476,0.10697062691801841,0.08176238491889522,0.0,0.020757465404224327,0.253823743627094,0.22032046613255646,0.28514202476329203,0.2199563000728332,0.2229285401139851,2.104340201665936,0.0,0.789127575624726,0.43840420868040336,1.0960105217010083,1.6121984363332573,0.10396265725625532,0.12960116095418145,0.0,0.0,0.5174006124761882,0.37769047501543607,full_same_season_static_retrospective_baseline_plus_shape_distributions_v9,constructor_lineage_regulation_and_stability_shrunk,high,baseline_plus_shape_distributions_v9,0.8394814251061448,0.45420054684648675,full_same_season_static_retrospective,1620.1678240290018,0.11199171956921083,1,1,,10945.0,18.0,0.0,1.0,winner_origin,,1.0,scheduled_distance_unavailable_assume_full,1671.5529291822954,0.05284817870302797,15.0,14.799999999999999,4.473953733130403,2.0,16.0,1.0,0.3022941711574597,1.0,0.8885233166386386,0.10743816782294176,0.01611984604391853,15.443068022956611,5,0.09131832177902323,0.1000720513586241,1.0,1.1000720513586242,all_field_expected_seconds_gap_residual_same_car_crossfit_v7_4,25,8,16.0,2.0,48.0,12.0,56.0,18.0,384.0,96.0,1616.9196248739815,1500.0,0,1.0,20,3.248199155020204,0.6236266618433264,0.7833364333087356,0.3167356180498886,6.573395632722747,1626.7412196617247,1626.7412196617247,1498.257113006922,retrospective_first_five_backcast_previous_season_anchor_frozen_v7_5
fangio,1953,German Grand Prix,Juan Fangio,Maserati,Maserati,2,0.005107761873193194,0.7367603018803984,1950-1960_front_engine,18,0.0,15.679999999999998,15.679999999999998,1.9939999999999998,nurburgring,0.7446658851113717,open_meteo_era5_air_temperature_track_proxy,7,1953-08-02,jolpica_cross_fitted_xw_xp,0.0,2,Finished,0.0,5.832874196510561,2,prior_same_circuit_grid_movement,finished,1.0733337349525147,True,1570.0308542925934,0.0,0.5632346024053168,1.4692157132343704,1.3636554729365202,0.3929477864518841,0.6611470709554667,1.7045693411706502,0.058942167967782615,2.7334343911923513,0.08705460733506701,0.7562796304678512,9.04277219456091,0.04,0.0,0.09431711332536,0.6611470709554667,1.7045693411706502,0.058942167967782615,0.004674272327872027,0.03827169524702861,-0.0028321541115723446,0.061158157615145,0.1183717636164305,0.0008111467838273396,0.7111943634640004,0.06298631925707002,0.10965089738811923,0.07723568962754766,0.10934941985718925,-0.006550764667720921,0.025864443092850645,-0.006249287136790946,-0.006550764667720921,cross_fitted,season_grid_average,example_precomputed_capabilities,0.7223686752707323,0.0,0.0,0.10310013272039831,0.8915354314794033,0.06298631925707002,0.7111943634640004,0.39999999999999997,0.7499999999999999,-0.0160455253853313,-0.1352558010115521,-0.08705460733506701,0.21341733922911854,1.7522015300825253,-4.349501882140876,-2.5973003520583506,0.0,1567.4335539405351,revised_v3_parallel,prior_similar_races_current_season_only,field_centered_bounded_no_teammate_term,juanfangio,juan-manuel-fangio,maserati,officine-alfieri-maserati,maserati-a6gcm,maserati-a6gcm,exact_chassis,maserati-a6gcm,,finished,2.0,2,True,,10:03.700,True,,,,,True,0.7736185383244206,0.1960784313725491,0.05884275257679526,0.0,0.0,0.24847787039394512,0.17516428751687343,full_same_season_static_retrospective_baseline_plus_shape_distributions_v9,constructor_lineage_regulation_and_stability_shrunk,36.35699566971919,1606.3878499623127,1651.6945382516017,2.0472889806842955,1608.435138942997,1605.8378385909386,ec7d5a1f033fd71d,0.43202941293690966,0.2476,0.10697062691801841,0.08176238491889522,0.0,0.020757465404224327,0.253823743627094,0.22032046613255646,0.28514202476329203,0.2199563000728332,0.2229285401139851,2.104340201665936,0.0,0.789127575624726,0.43840420868040336,1.0960105217010083,1.6121984363332573,0.10396265725625532,0.06224001228054203,0.0,0.0,0.24847787039394512,0.17516428751687343,full_same_season_static_retrospective_baseline_plus_shape_distributions_v9,constructor_lineage_regulation_and_stability_shrunk,high,baseline_plus_shape_distributions_v9,0.4732909331090447,0.1595377043319439,full_same_season_static_retrospective,1635.4964654445764,0.14302673698251847,2,2,,10945.0,18.0,0.005847418912745546,1.0,exact_seconds,,1.0,scheduled_distance_unavailable_assume_full,1671.106859627174,0.05275758734624924,15.0,14.799999999999999,4.332763879918721,2.0,16.0,1.0,0.2927543162107244,1.0,0.8885233166386386,0.10404761439993185,0.009164578723987632,10.872172530334058,8,0.09488303567594422,0.10363676525554509,0.9696969696969697,1.0733337349525147,all_field_expected_seconds_gap_residual_same_car_crossfit_v7_4,25,8,16.0,2.0,48.0,12.0,56.0,18.0,384.0,96.0,1631.8163086200861,1500.0,0,1.0,12,3.6801568244903775,0.6375756051721607,0.8090767140731006,0.26425702087941416,4.054422968539974,1639.5508884131164,1639.5508884131164,1495.7846767721446,retrospective_first_five_backcast_previous_season_anchor_frozen_v7_5
hawthorn,1953,German Grand Prix,Mike Hawthorn,Ferrari,Ferrari,4,0.16418759174192696,0.9489411278719699,1950-1960_front_engine,18,0.0,15.679999999999998,15.679999999999998,1.9939999999999998,nurburgring,0.7446658851113717,open_meteo_era5_air_temperature_track_proxy,7,1953-08-02,jolpica_cross_fitted_xw_xp,0.0,3,Finished,1.0,5.832874196510561,2,prior_same_circuit_grid_movement,finished,1.0080822909967337,True,1520.985529935382,0.0,0.5152856424057816,0.34594024137310486,1.308313919121977,1.1046497369497563,0.15567310861789718,1.6353923989024712,0.16569746054246345,2.7334343911923513,0.057465673489184965,0.7254583574969059,10.059874202602105,0.08,0.0048013617144565535,0.15519863828554345,0.15567310861789718,1.6353923989024712,0.16569746054246345,-0.0231478043549408,0.02359055605867794,0.0025436030285147385,0.01374021350594101,0.13250159064418945,0.010999926026564353,0.6861479249527321,0.05567386064983383,0.09802290244254958,0.050424881915387625,0.05784127958339401,-0.03936268706046386,0.008235333466698087,0.0008189357986917029,-0.03936268706046386,cross_fitted,season_grid_average,example_precomputed_capabilities,0.7223686752707323,2.6020852139652106e-18,2.7755575615628914e-17,0.05866021538208571,0.843389655129427,0.05567386064983383,0.6861479249527321,0.39999999999999997,0.7499999999999999,-0.0011945418929007467,-0.11793129763252108,-0.057465673489184965,0.21393558189703354,2.4716643104061644,-4.349501882140876,-1.8778375717347116,0.0,1519.1076923636472,revised_v3_parallel,prior_similar_races_current_season_only,field_centered_bounded_no_teammate_term,mikehawthorn,mike-hawthorn,ferrari,scuderia-ferrari,,ferrari-500|ferrari-553,ambiguous_chassis_constructor_fallback,constructor:ferrari,,finished,4.0,4,True,,10:12.600,True,True,4.0,3.0,1.0,True,0.7736185383244206,0.16577540106951882,0.1412031658605319,0.0,0.0,0.5174006124761882,0.37769047501543607,full_same_season_static_retrospective_baseline_plus_shape_distributions_v9,constructor_lineage_regulation_and_stability_shrunk,10.415332964599873,1531.4008628999818,1624.7548133898551,1.937683221700046,1533.338546121682,1531.4607085499472,ec7d5a1f033fd71d,0.43202941293690966,0.2476,0.10697062691801841,0.08176238491889522,0.0,0.020757465404224327,0.253823743627094,0.22032046613255646,0.28514202476329203,0.2199563000728332,0.2229285401139851,2.104340201665936,0.0,0.789127575624726,0.43840420868040336,1.0960105217010083,1.6121984363332573,0.10396265725625532,0.12960116095418145,0.0,0.0,0.5174006124761882,0.37769047501543607,full_same_season_static_retrospective_baseline_plus_shape_distributions_v9,constructor_lineage_regulation_and_stability_shrunk,high,baseline_plus_shape_distributions_v9,0.8394814251061448,0.45420054684648675,full_same_season_static_retrospective,1586.599107236166,0.20724452397240478,3,3,,10945.0,18.0,0.009465509365006852,1.0,exact_seconds,,1.0,scheduled_distance_unavailable_assume_full,1700.2979370325706,0.05902617399680231,15.0,14.799999999999999,3.3196181304767984,2.0,16.0,1.0,0.22429852232951342,1.0,0.8885233166386386,0.079717786790946,0.019783164767752562,14.387552117851808,5,0.05993462202319344,0.06868835160279431,0.9393939393939394,1.0080822909967337,all_field_expected_seconds_gap_residual_same_car_crossfit_v7_4,25,8,16.0,2.0,48.0,12.0,56.0,18.0,384.0,96.0,1583.36276439176,1493.1101281223268,0,1.0,8,3.2363428444058697,0.5924283997057296,0.8493983689191159,0.15868392207761783,-1.0130857739462495,1585.5860214622198,1585.5860214622198,1520.5619892963957,retrospective_first_five_backcast_previous_season_anchor_frozen_v7_5
bonetto,1953,German Grand Prix,Felice Bonetto,Maserati,Maserati,7,0.001793059420632968,0.6165409222039845,1950-1960_front_engine,18,0.0,15.679999999999998,15.679999999999998,1.9939999999999998,nurburgring,0.7446658851113717,open_meteo_era5_air_temperature_track_proxy,7,1953-08-02,jolpica_cross_fitted_xw_xp,0.0,4,Finished,3.0,5.832874196510561,2,prior_same_circuit_grid_movement,finished,0.9044482823279686,True,1492.42408957089,0.0,0.48717720039826373,-0.3081968414769721,1.3636554729365202,0.3929477864518841,-0.13868857866463746,1.7045693411706502,0.058942167967782615,2.7334343911923513,0.04074380972347538,0.6842150508238142,11.420903322814132,0.02,0.0,0.05880602015151773,-0.13868857866463746,1.7045693411706502,0.058942167967782615,-0.0288488024951198,0.020917159057628247,-0.0012714826196280511,-0.01914171081917526,0.16707553440314815,0.0017634901840198889,0.646790722381816,0.04626568535774714,0.08054247299398916,0.03182034236128702,0.03940182923645196,-0.04347991369336162,0.005242216939340516,-0.002339269935824423,-0.04347991369336162,cross_fitted,season_grid_average,example_precomputed_capabilities,0.7223686752707323,3.469446951953614e-18,0.0,0.03706255930062754,0.7964880361498088,0.04626568535774714,0.646790722381816,0.39999999999999997,0.7499999999999999,0.003681250422847844,-0.11227298532599461,-0.04074380972347538,0.22487585826709489,3.069914015444298,-4.349501882140876,-1.2795878666965779,0.0,1491.1445017041933,revised_v3_parallel,prior_similar_races_current_season_only,field_centered_bounded_no_teammate_term,felicebonetto,felice-bonetto,maserati,officine-alfieri-maserati,maserati-a6gcm,maserati-a6gcm,exact_chassis,maserati-a6gcm,,finished,7.0,7,True,,10:40.800,True,True,5.0,4.0,1.0,True,0.7736185383244206,0.13547237076648844,0.05884275257679526,0.0,0.0,0.24847787039394512,0.17516428751687343,full_same_season_static_retrospective_baseline_plus_shape_distributions_v9,constructor_lineage_regulation_and_stability_shrunk,0.5414122123940228,1492.965501783284,1547.3985250495496,1.7816177798278412,1494.747119563112,1493.4675316964153,ec7d5a1f033fd71d,0.43202941293690966,0.2476,0.10697062691801841,0.08176238491889522,0.0,0.020757465404224327,0.253823743627094,0.22032046613255646,0.28514202476329203,0.2199563000728332,0.2229285401139851,2.104340201665936,0.0,0.789127575624726,0.43840420868040336,1.0960105217010083,1.6121984363332573,0.10396265725625532,0.06224001228054203,0.0,0.0,0.24847787039394512,0.17516428751687343,full_same_season_static_retrospective_baseline_plus_shape_distributions_v9,constructor_lineage_regulation_and_stability_shrunk,high,baseline_plus_shape_distributions_v9,0.4732909331090447,0.1595377043319439,full_same_season_static_retrospective,1530.518587137266,0.15827019107180595,4,4,,10945.0,18.0,0.04829602558245775,1.0,exact_seconds,,1.0,scheduled_distance_unavailable_assume_full,1577.7303255067957,0.03683936896294737,15.0,14.799999999999999,0.5331323401066368,2.0,16.0,1.0,0.03602245541261059,1.0,0.8885233166386386,0.012802716622672097,0.02619907296521345,12.211781902791799,8,-0.013396356342541355,-0.0046426267629404855,0.9090909090909091,0.9044482823279686,all_field_expected_seconds_gap_residual_same_car_crossfit_v7_4,25,8,16.0,2.0,48.0,12.0,56.0,18.0,384.0,96.0,1527.520295418034,1500.0,0,1.0,8,2.998291719232003,0.5388247536127754,0.7293812788516641,0.17506700347630444,-0.2266978668092925,1530.2918892704567,1530.2918892704567,1509.332656548554,retrospective_first_five_backcast_previous_season_anchor_frozen_v7_5
graffenried,1953,German Grand Prix,Toulo de Graffenried,Maserati,Maserati,11,0.0009650523017715048,0.5294417136221892,1950-1960_front_engine,18,0.0,15.679999999999998,15.679999999999998,1.9939999999999998,nurburgring,0.7446658851113717,open_meteo_era5_air_temperature_track_proxy,7,1953-08-02,jolpica_cross_fitted_xw_xp,0.0,5,+1 Lap,6.0,5.832874196510561,2,prior_same_circuit_grid_movement,finished,0.8797289591570874,True,1488.565600582679,0.0,0.48338153006286283,-0.39656706016157495,1.3636554729365202,0.3929477864518841,-0.17845517707270872,1.7045693411706502,0.058942167967782615,2.7334343911923513,0.03122616389311899,0.6348371127688085,13.05037527862932,0.04,0.0,0.09431711332536,-0.17845517707270872,1.7045693411706502,0.058942167967782615,-0.02341047859953508,0.01618098111647846,-0.0009714738727717956,-0.02304663696641453,0.1935733867623524,0.002427449731132495,0.5915985628870409,0.03614674670661604,0.06292673172193022,0.02415624734240975,0.029713105175510467,-0.0349809563711426,0.0037895280083778717,-0.001767329824722847,-0.0349809563711426,cross_fitted,season_grid_average,example_precomputed_capabilities,0.7223686752707323,0.0,0.0,0.02794577535078762,0.7645527624141113,0.03614674670661604,0.5915985628870409,0.39999999999999997,0.7499999999999999,0.0032803885423313695,-0.1297156496453028,-0.03122616389311899,0.2439507660190703,3.6416858549084097,-4.349501882140876,-0.7078160272324663,0.0,1487.8577845554466,revised_v3_parallel,prior_similar_races_current_season_only,field_centered_bounded_no_teammate_term,toulodegraffenried,emmanuel-de-graffenried,maserati,emmanuel-de-graffenried,maserati-a6gcm,maserati-a6gcm,exact_chassis,maserati-a6gcm,,finished,11.0,11,True,,10:46.600,True,,,,,True,0.7736185383244206,0.10516934046345816,0.05884275257679526,0.0,0.0,0.24847787039394512,0.17516428751687343,full_same_season_static_retrospective_baseline_plus_shape_distributions_v9,constructor_lineage_regulation_and_stability_shrunk,-1.6792314171286138,1486.8863691655504,1509.1952068935257,1.0897060210648215,1487.9760751866152,1487.2682591593828,ec7d5a1f033fd71d,0.43202941293690966,0.2476,0.10697062691801841,0.08176238491889522,0.0,0.020757465404224327,0.253823743627094,0.22032046613255646,0.28514202476329203,0.2199563000728332,0.2229285401139851,2.104340201665936,0.0,0.789127575624726,0.43840420868040336,1.0960105217010083,1.6121984363332573,0.10396265725625532,0.06224001228054203,0.0,0.0,0.24847787039394512,0.17516428751687343,full_same_season_static_retrospective_baseline_plus_shape_distributions_v9,constructor_lineage_regulation_and_stability_shrunk,high,baseline_plus_shape_distributions_v9,0.4732909331090447,0.1595377043319439,full_same_season_static_retrospective,1491.2963973830265,0.11115881796605426,5,5,1.0,10945.0,18.0,0.05555555555555555,0.7,lap_equivalent,,1.0,scheduled_distance_unavailable_assume_full,1542.3713651053674,0.03215510035534056,10.0,9.799999999999999,0.49203531310067294,2.0,16.0,1.0,0.05020768501027276,0.6666666666666666,0.8885233166386386,0.01456979321918293,0.02238244242957516,12.023153979802702,8,-0.00781264921039223,0.0009410803692086397,0.8787878787878788,0.8797289591570874,all_field_expected_seconds_gap_residual_same_car_crossfit_v7_4,25,8,16.0,2.0,48.0,12.0,56.0,18.0,384.0,96.0,1489.3169772620101,1500.0,0,1.0,10,1.97942012101639,0.5007411526924358,0.6450742881311984,0.234654671025889,2.633510175570766,1493.9299075585973,1493.9299075585973,1486.2457174236679,retrospective_first_five_backcast_previous_season_anchor_frozen_v7_5
moss,1953,German Grand Prix,Stirling Moss,Cooper,Cooper,12,0.0019519107829248418,0.62760453634008,1950-1960_front_engine,18,0.0,15.679999999999998,15.679999999999998,1.9939999999999998,nurburgring,0.7446658851113717,open_meteo_era5_air_temperature_track_proxy,7,1953-08-02,jolpica_cross_fitted_xw_xp,0.0,6,+1 Lap,6.0,5.832874196510561,2,prior_same_circuit_grid_movement,finished,0.9107569827506572,True,1497.2639851430285,0.0,0.49194003649725504,-0.1973496597363156,-0.7089288705137675,0.5677131769961146,-0.08880734688134202,-0.8861610881422094,0.08515697654941719,2.2525251706106797,0.015295645712335632,0.5442445128226209,16.039931076853513,0.0,0.0,0.0,-0.08880734688134202,-0.8861610881422094,0.08515697654941719,-0.006232525065474056,-0.02503095073168701,0.00011657407242062845,-0.004759079317170391,-0.13648726369458308,0.008507785773328983,0.577429152132227,0.033983786747179896,0.005762830326491076,0.024598062859216886,0.0030073597538798585,-0.002925945304051619,-0.021761177836777428,-0.0001704747314404012,-0.002925945304051619,cross_fitted,season_grid_average,example_precomputed_capabilities,0.7168272758797947,-3.469446951953614e-18,0.0,0.0028368850224394573,0.4446905948938025,0.033983786747179896,0.577429152132227,0.39999999999999997,0.7499999999999999,0.012458760689896174,0.09955391792881835,-0.015295645712335632,0.30424033566222763,5.109230544824043,-4.349501882140876,0.759728662683167,0.0,1498.0237138057116,revised_v3_parallel,prior_similar_races_current_season_only,field_centered_bounded_no_teammate_term,stirlingmoss,stirling-moss,cooper,,,,unmatched_constructor_fallback,constructor:cooper,,finished,12.0,12,True,,10:48.300,True,True,7.0,6.0,1.0,True,0.7736185383244206,0.07486631016042788,-0.18412187511207634,0.0,0.0,-0.7578730279171467,0.009879244472703037,full_same_season_static_retrospective_baseline_plus_shape_distributions_v9,constructor_lineage_regulation_and_stability_shrunk,-1.237546625455483,1496.026438517573,1446.5418455674135,1.3567849385598962,1497.383223456133,1498.142952118816,ec7d5a1f033fd71d,0.43202941293690966,0.2476,0.10697062691801841,0.08176238491889522,0.0,0.020757465404224327,0.253823743627094,0.22032046613255646,0.28514202476329203,0.2199563000728332,0.2229285401139851,2.104340201665936,0.0,0.789127575624726,0.43840420868040336,1.0960105217010083,1.6121984363332573,0.10396265725625532,-0.1898359257903726,0.0,0.0,-0.7578730279171467,0.009879244472703037,full_same_season_static_retrospective_baseline_plus_shape_distributions_v9,constructor_lineage_regulation_and_stability_shrunk,high,baseline_plus_shape_distributions_v9,-0.6069772807568629,0.007284870578697277,full_same_season_static_retrospective,1509.508936285158,0.0,6,6,1.0,10945.0,18.0,0.05555555555555555,0.7,lap_equivalent,,1.0,scheduled_distance_unavailable_assume_full,1467.1062212852514,0.02407297298237122,10.0,7.0,1.1293798972000992,0.0,16.0,1.0,0.16133998531429988,0.6666666666666666,0.8885233166386386,0.04681933101544906,-0.006699073670758814,0.9940507546616696,2,0.053518404686207874,0.06227213426580874,0.8484848484848485,0.9107569827506572,all_field_expected_seconds_gap_residual_same_car_crossfit_v7_4,25,8,16.0,2.0,48.0,12.0,56.0,18.0,384.0,96.0,1507.1716878007853,1495.388948458163,0,1.0,2,2.3372484843725245,0.5184531115782659,0.47420810694565135,0.43654887580500584,12.324432004968376,1521.8333682901264,1521.8333682901264,1513.3614206224383,retrospective_first_five_backcast_previous_season_anchor_frozen_v7_5
swaters,1953,German Grand Prix,Jacques Swaters,Ferrari,Ferrari,19,0.01761526426600105,0.8385492009333487,1950-1960_front_engine,18,0.0,15.679999999999998,15.679999999999998,1.9939999999999998,nurburgring,0.7446658851113717,open_meteo_era5_air_temperature_track_proxy,7,1953-08-02,jolpica_cross_fitted_xw_xp,0.0,7,+1 Lap,12.0,5.832874196510561,2,prior_same_circuit_grid_movement,finished,0.8883933267235625,True,1501.7258150153455,-0.09083236922879223,0.496331887416167,-0.0951612427796126,1.308313919121977,1.1046497369497563,-0.042822559250825676,1.6353923989024712,0.16569746054246345,2.7334343911923513,0.020511363203828244,0.53737504437303,16.26662353569001,0.04,0.0,0.09431711332536,-0.042822559250825676,1.6353923989024712,0.16569746054246345,-0.012342852788058092,0.008798514910810415,0.0009561527479736766,-0.001524311913649027,0.23038731800085577,0.015569504513560584,0.47626691672283805,0.022064274281392644,0.03884774973580107,0.017294220201736536,0.01923579742690931,-0.019371660583682424,0.0021818689503821063,0.00024029172520933367,-0.019371660583682424,cross_fitted,season_grid_average,example_precomputed_capabilities,0.7223686752707323,-4.336808689942018e-19,0.0,0.019476089152118643,0.7206994273236054,0.022064274281392644,0.47626691672283805,0.39999999999999997,0.7499999999999999,0.001035274051709601,-0.1833243829505754,-0.020511363203828244,0.28080677380878816,4.562249211666309,-4.349501882140876,0.21274732952543296,0.0,1501.938562344871,revised_v3_parallel,prior_similar_races_current_season_only,field_centered_bounded_no_teammate_term,jacquesswaters,jacques-swaters,ferrari,ecurie-francorchamps,ferrari-500,ferrari-500,exact_chassis,ferrari-500,,finished,19.0,19,True,,11:18.900,True,True,10.0,7.0,3.0,True,0.7736185383244206,0.0445632798573975,-0.19603711393827072,0.0,0.0,-0.7139687351613389,0.011199586689610146,full_same_season_static_retrospective_baseline_plus_shape_distributions_v9,constructor_lineage_regulation_and_stability_shrunk,-4.998425984470152,1496.7273890308752,1397.9883209285526,0.10440797479196118,1496.831797005667,1497.0445443351925,ec7d5a1f033fd71d,0.43202941293690966,0.2476,0.10697062691801841,0.08176238491889522,0.0,0.020757465404224327,0.253823743627094,0.22032046613255646,0.28514202476329203,0.2199563000728332,0.2229285401139851,2.104340201665936,0.0,0.789127575624726,0.43840420868040336,1.0960105217010083,1.6121984363332573,0.10396265725625532,-0.17883855320360004,0.0,0.0,-0.7139687351613389,0.011199586689610146,full_same_season_static_retrospective_baseline_plus_shape_distributions_v9,constructor_lineage_regulation_and_stability_shrunk,high,baseline_plus_shape_distributions_v9,-0.6599547610057225,0.006261598129337803,full_same_season_static_retrospective,1455.4522456846437,0.0,7,7,1.0,10945.0,18.0,0.05555555555555555,0.7,lap_equivalent,,1.0,scheduled_distance_unavailable_assume_full,1407.7922246834808,0.01916257200946485,10.0,7.0,1.2688633158168372,0.0,16.0,1.0,0.1812661879738339,0.6666666666666666,0.8885233166386386,0.052601725729197406,-0.008856053232946111,4.321496433228599,1,0.061457778962143515,0.07021150854174438,0.8181818181818181,0.8883933267235625,all_field_expected_seconds_gap_residual_same_car_crossfit_v7_4,25,8,16.0,2.0,48.0,12.0,56.0,18.0,384.0,96.0,1455.1058197414598,1495.388948458163,1,1.08,1,0.346425943183958,0.4659050077763178,0.42612374372770434,0.4622695829958582,15.334141148833382,1470.786386833477,1470.786386833477,1462.4202726669253,retrospective_first_five_backcast_previous_season_anchor_frozen_v7_5
ascari,1953,German Grand Prix,Alberto Ascari,Ferrari,Ferrari,1,0.648988516097936,0.9857980425098856,1950-1960_front_engine,18,0.0,15.679999999999998,15.679999999999998,1.9939999999999998,nurburgring,0.7446658851113717,open_meteo_era5_air_temperature_track_proxy,7,1953-08-02,jolpica_cross_fitted_xw_xp,0.0,8,+1 Lap,-7.0,5.832874196510561,2,prior_same_circuit_grid_movement,finished,0.7515586496966392,True,1738.463810985797,0.0,0.7152060657588829,5.326802779609381,1.308313919121977,1.1046497369497563,2.3970612508242217,1.6353923989024712,0.16569746054246345,2.7334343911923513,0.3394124230708529,0.7861296164278807,8.057722657879935,0.58,0.44319256160573717,0.7168074383942628,2.3970612508242217,1.6353923989024712,0.16569746054246345,0.3142129111117441,0.12880675780270928,0.011009039230436106,0.16284214402596314,0.08090550926569869,0.007477267691218443,0.7233233861821605,0.06699519818391916,0.11795596172152978,0.31043173430739823,0.504297955619758,0.4030679446072789,0.21059217202141045,0.016725950709050696,0.4030679446072789,cross_fitted,season_grid_average,example_precomputed_capabilities,0.7223686752707323,0.0,0.0,0.5210239063288087,0.9745483071650408,0.06699519818391916,0.7233233861821605,0.39999999999999997,0.7499999999999999,-0.18161148325795579,-0.1884186907371601,-0.3394124230708529,0.0017491714509071388,-8.114413067584142,-4.349501882140876,-12.463914949725018,0.0,1725.999896036072,revised_v3_parallel,prior_similar_races_current_season_only,field_centered_bounded_no_teammate_term,albertoascari,alberto-ascari,ferrari,scuderia-ferrari,,ferrari-500|ferrari-553,ambiguous_chassis_constructor_fallback,constructor:ferrari,,finished,1.0,1,True,,9:59.800,True,True,1.0,8.0,-7.0,True,0.7736185383244206,0.014260249554367221,0.1412031658605319,0.0,0.0,0.5174006124761882,0.37769047501543607,full_same_season_static_retrospective_baseline_plus_shape_distributions_v9,constructor_lineage_regulation_and_stability_shrunk,32.369907654070914,1770.8337186398678,1760.7038437905874,1.2980426595742376,1772.1317612994421,1759.6678463497171,ec7d5a1f033fd71d,0.43202941293690966,0.2476,0.10697062691801841,0.08176238491889522,0.0,0.020757465404224327,0.253823743627094,0.22032046613255646,0.28514202476329203,0.2199563000728332,0.2229285401139851,2.104340201665936,0.0,0.789127575624726,0.43840420868040336,1.0960105217010083,1.6121984363332573,0.10396265725625532,0.12960116095418145,0.0,0.0,0.5174006124761882,0.37769047501543607,full_same_season_static_retrospective_baseline_plus_shape_distributions_v9,constructor_lineage_regulation_and_stability_shrunk,high,baseline_plus_shape_distributions_v9,0.8394814251061448,0.45420054684648675,full_same_season_static_retrospective,1722.306386045562,0.16252471560516127,8,8,1.0,10945.0,18.0,0.05555555555555555,0.7,lap_equivalent,,1.0,scheduled_distance_unavailable_assume_full,1780.0143221782196,0.08020472705141113,10.0,9.799999999999999,-0.6643100964935791,2.0,16.0,1.0,-0.06778674454016113,0.6666666666666666,0.8885233166386386,-0.019671069294464567,0.025402798467284972,15.089159244286966,5,-0.04507386776174954,-0.03632013818214867,0.7878787878787878,0.7515586496966392,all_field_expected_seconds_gap_residual_same_car_crossfit_v7_4,25,8,16.0,2.0,48.0,12.0,56.0,18.0,384.0,96.0,1719.3117947924923,1500.0,0,1.0,20,2.9945912530698457,0.7120886133962667,0.9149637005390586,-0.1634050508424194,-16.473356474108037,1705.833029571454,1705.833029571454,1582.561372671197,retrospective_first_five_backcast_previous_season_anchor_frozen_v7_5
villoresi,1953,German Grand Prix,Luigi Villoresi,Ferrari,Ferrari,1,0.023416831257786274,0.8571497180667075,1950-1960_front_engine,18,0.0,15.679999999999998,15.679999999999998,1.9939999999999998,nurburgring,0.7446658851113717,open_meteo_era5_air_temperature_track_proxy,7,1953-08-02,jolpica_cross_fitted_xw_xp,0.0,8,+1 Lap,-7.0,5.832874196510561,2,prior_same_circuit_grid_movement,finished,0.7878787878787878,True,1480.3315723208602,0.0,0.4752876729545156,-0.5851493990966742,1.308313919121977,1.1046497369497563,-0.2633172295935034,1.6353923989024712,0.16569746054246345,2.7334343911923513,0.05594591383790569,0.7487241216094477,9.292103986888227,0.02,0.0,0.05880602015151773,-0.2633172295935034,1.6353923989024712,0.16569746054246345,-0.04648087068579482,0.025301691187263126,0.002763705588509235,-0.035020659039078,0.12608417108357373,0.010539429664652785,0.7233233861821605,0.06699519818391916,0.11795596172152978,0.044721332105049395,0.048068087470370544,-0.06937623744763308,0.0038583921688473063,0.0005116368035261581,-0.06937623744763308,cross_fitted,season_grid_average,example_precomputed_capabilities,0.7223686752707323,-6.938893903907228e-18,1.3877787807814457e-17,0.0485797242738967,0.824926327891309,0.06699519818391916,0.7233233861821605,0.39999999999999997,0.7499999999999999,0.0073661895640089875,-0.07620220628186136,-0.05594591383790569,0.039154666269340166,-0.6379179392616134,-4.349501882140876,-4.987419821402489,0.0,1475.3441524994578,revised_v3_parallel,prior_similar_races_current_season_only,field_centered_bounded_no_teammate_term,luigivilloresi,luigi-villoresi,ferrari,scuderia-ferrari,,ferrari-500|ferrari-553,ambiguous_chassis_constructor_fallback,constructor:ferrari,Engine,finished,6.0,6,True,,10:22.800,True,False,,,,True,0.7736185383244206,0.014260249554367221,0.1412031658605319,0.0,0.0,0.5174006124761882,0.37769047501543607,full_same_season_static_retrospective_baseline_plus_shape_distributions_v9,constructor_lineage_regulation_and_stability_shrunk,27.470505515374718,1507.802077836235,1615.8774693997361,1.7084220505943097,1509.5104998868292,1504.5230800654267,ec7d5a1f033fd71d,0.43202941293690966,0.2476,0.10697062691801841,0.08176238491889522,0.0,0.020757465404224327,0.253823743627094,0.22032046613255646,0.28514202476329203,0.2199563000728332,0.2229285401139851,2.104340201665936,0.0,0.789127575624726,0.43840420868040336,1.0960105217010083,1.6121984363332573,0.10396265725625532,0.12960116095418145,0.0,0.0,0.5174006124761882,0.37769047501543607,full_same_season_static_retrospective_baseline_plus_shape_distributions_v9,constructor_lineage_regulation_and_stability_shrunk,high,baseline_plus_shape_distributions_v9,0.8394814251061448,0.45420054684648675,full_same_season_static_retrospective,1577.0896466813153,0.15627563786225218,9,8,,10945.0,18.0,,0.0,unavailable,,1.0,scheduled_distance_unavailable_assume_full,1647.1271733359124,0.048109421701578045,0.0,0.0,0.0,0.0,,0.0,,0.0,0.0,0.0,0.024029316810647624,17.15174614135028,5,-0.024029316810647624,0.0,0.7878787878787878,0.7878787878787878,all_field_expected_seconds_gap_residual_same_car_crossfit_v7_4,25,8,16.0,2.0,48.0,12.0,56.0,18.0,384.0,96.0,1574.485420401641,1500.0,0,1.0,12,2.6042262796742337,0.58345032741469,0.7899683012645246,-0.0020895133857367076,-8.730210676187268,1568.3594360051281,1568.3594360051281,1484.619807275435,retrospective_first_five_backcast_previous_season_anchor_frozen_v7_5
herrmann,1953,German Grand Prix,Hans Herrmann,Veritas,Veritas,14,0.0004187286048072388,0.40003053897902124,1950-1960_front_engine,18,0.0,15.679999999999998,15.679999999999998,1.9939999999999998,nurburgring,0.7446658851113717,open_meteo_era5_air_temperature_track_proxy,7,1953-08-02,jolpica_cross_fitted_xw_xp,0.0,9,+1 Lap,5.0,5.832874196510561,2,prior_same_circuit_grid_movement,finished,0.8039363576858839,True,1500.0,0.0,0.4946330619037309,-0.13468724655498346,-0.9773340577542634,-1.747613602855316,-0.06060926094974256,-1.2216675721928292,-0.26214204042829736,0.4809092205816715,0.012971103791165978,0.49994801622877777,17.501715464450335,0.0,0.0,0.0,-0.06060926094974256,-1.2216675721928292,-0.26214204042829736,-0.004570401486023832,-0.021275227639551135,-0.00259987395850746,-0.00031331404159875187,-0.16817188455999488,-0.026830320683874215,0.5487768960501448,0.03003840564161544,0.0031685375022129795,0.018178510619895567,0.0020047857510156223,-0.0015756349446799738,-0.01658560806236256,-0.0004118831934826167,-0.0015756349446799738,cross_fitted,season_grid_average,example_precomputed_capabilities,0.676738615798087,-6.938893903907228e-18,-2.7755575615628914e-17,0.0015929025575330056,0.3534613767646769,0.03003840564161544,0.5487768960501448,0.39999999999999997,0.7499999999999999,0.011378201233632972,0.14648663946410084,-0.012971103791165978,0.2576277413469798,4.325992853257652,-4.349501882140876,-0.023509028883223593,0.0,1499.9764909711168,revised_v3_parallel,prior_similar_races_current_season_only,field_centered_bounded_no_teammate_term,hansherrmann,hans-herrmann,veritas,hans-herrmann,veritas-meteor,veritas-meteor,exact_chassis,veritas-meteor,,finished,14.0,14,True,,10:59.800,True,True,8.0,9.0,-1.0,True,0.7736185383244206,-0.016042780748663055,-0.016042780748663055,0.0,0.0,-0.06404683819239859,0.07172193157437341,full_same_season_static_retrospective_baseline_plus_shape_distributions_v9,constructor_lineage_regulation_and_stability_shrunk,0.0,1500.0,1565.6805154249753,0.6229997289371993,1500.6229997289372,1500.599490700054,ec7d5a1f033fd71d,0.43202941293690966,0.2476,0.10697062691801841,0.08176238491889522,0.0,0.020757465404224327,0.253823743627094,0.22032046613255646,0.28514202476329203,0.2199563000728332,0.2229285401139851,2.104340201665936,0.0,0.789127575624726,0.43840420868040336,1.0960105217010083,1.6121984363332573,0.10396265725625532,-0.016042780748663055,0.0,0.0,-0.06404683819239859,0.07172193157437341,full_same_season_static_retrospective_baseline_plus_shape_distributions_v9,constructor_lineage_regulation_and_stability_shrunk,high,baseline_plus_shape_distributions_v9,0.1403352181171458,0.061619491580552806,full_same_season_static_retrospective,1571.0512926962115,0.0,10,9,1.0,10945.0,18.0,0.05555555555555555,0.7,lap_equivalent,,1.0,scheduled_distance_unavailable_assume_full,1561.08910266275,0.03455534974409779,10.0,7.0,0.9071561394110376,0.0,16.0,1.0,0.1295937342015768,0.6666666666666666,0.8885233166386386,0.03760687053052541,0.0,0.0,0,0.03760687053052541,0.04636060011012628,0.7575757575757576,0.8039363576858839,all_field_expected_seconds_gap_residual_same_car_crossfit_v7_4,25,8,16.0,2.0,48.0,12.0,56.0,18.0,384.0,96.0,1570.8042624803672,1490.573471404986,0,1.0,0,0.24703021584425452,0.5777218184716769,0.5856511405146604,0.2182852171712235,1.847776390546823,1572.8990690867583,1572.8990690867583,1570.8042624803672,retrospective_first_five_backcast_previous_season_anchor_frozen_v7_5
rosier,1953,German Grand Prix,Louis Rosier,Ferrari,Ferrari,22,0.02176315432060849,0.8525134205339483,1950-1960_front_engine,18,0.0,15.679999999999998,15.679999999999998,1.9939999999999998,nurburgring,0.7446658851113717,open_meteo_era5_air_temperature_track_proxy,7,1953-08-02,jolpica_cross_fitted_xw_xp,0.0,10,+1 Lap,12.0,5.832874196510561,2,prior_same_circuit_grid_movement,finished,0.7783704067210385,True,1477.8231036290986,0.0,0.47282402958106906,-0.6426003669578642,1.308313919121977,1.1046497369497563,-0.2891701651310389,1.6353923989024712,0.16569746054246345,2.7334343911923513,0.015129826091020081,0.4917535177758303,17.7721339133976,0.0,0.0,0.0,-0.2891701651310389,1.6353923989024712,0.16569746054246345,-0.012982027951994915,0.006886432028215966,0.0007524857694206934,-0.03504853622539212,0.25376940546885307,0.01632260677591939,0.4329926487709852,0.018335692183635035,0.03228297346644382,0.01201133658367579,0.012858499298169799,-0.019290391437167043,0.0009812454456009888,0.00013408273110697942,-0.019290391437167043,cross_fitted,season_grid_average,example_precomputed_capabilities,0.7223686752707323,-8.673617379884035e-19,2.7755575615628914e-17,0.012992582029276778,0.6680361247903656,0.018335692183635035,0.4329926487709852,0.39999999999999997,0.7499999999999999,0.002137244061743303,-0.17628260701453524,-0.015129826091020081,0.23551920949689698,3.876229944759664,-4.349501882140876,-0.47327193738121176,0.0,1477.3498316917173,revised_v3_parallel,prior_similar_races_current_season_only,field_centered_bounded_no_teammate_term,louisrosier,louis-rosier,ferrari,ecurie-rosier,ferrari-500,ferrari-500,exact_chassis,ferrari-500,,finished,22.0,22,True,,11:27.400,True,True,12.0,10.0,2.0,True,0.7736185383244206,-0.04634581105169333,-0.19603711393827072,0.0,0.0,-0.7139687351613389,0.011199586689610146,full_same_season_static_retrospective_baseline_plus_shape_distributions_v9,constructor_lineage_regulation_and_stability_shrunk,-2.8880870502846356,1474.935016578814,1410.7728376621687,-0.3164258143122627,1474.6185907645017,1474.1453188271205,ec7d5a1f033fd71d,0.43202941293690966,0.2476,0.10697062691801841,0.08176238491889522,0.0,0.020757465404224327,0.253823743627094,0.22032046613255646,0.28514202476329203,0.2199563000728332,0.2229285401139851,2.104340201665936,0.0,0.789127575624726,0.43840420868040336,1.0960105217010083,1.6121984363332573,0.10396265725625532,-0.17883855320360004,0.0,0.0,-0.7139687351613389,0.011199586689610146,full_same_season_static_retrospective_baseline_plus_shape_distributions_v9,constructor_lineage_regulation_and_stability_shrunk,high,baseline_plus_shape_distributions_v9,-0.6599547610057225,0.006261598129337803,full_same_season_static_retrospective,1467.0007714472715,0.07936745056249411,11,10,1.0,10945.0,18.0,0.05555555555555555,0.7,lap_equivalent,,1.0,scheduled_distance_unavailable_assume_full,1427.6739663179512,0.020685381417657567,10.0,7.0,1.2217712106956435,0.0,16.0,1.0,0.17453874438509193,0.6666666666666666,0.8885233166386386,0.05064948551016254,0.008305535641452222,1.5,1,0.04234394986871032,0.05109767944831119,0.7272727272727273,0.7783704067210385,all_field_expected_seconds_gap_residual_same_car_crossfit_v7_4,25,8,16.0,2.0,48.0,12.0,56.0,18.0,384.0,96.0,1467.8903364750759,1500.0,0,1.0,18,-0.8895650278043581,0.47711189245236696,0.5164005460452887,0.2619698606757498,3.9446392787640843,1470.9454107260356,1470.9454107260356,1517.4814919833518,retrospective_first_five_backcast_previous_season_anchor_frozen_v7_5
nuckey,1953,German Grand Prix,Rodney Nuckey,Cooper,Cooper,20,0.0007389648783548361,0.4890654834831751,1950-1960_front_engine,18,0.0,15.679999999999998,15.679999999999998,1.9939999999999998,nurburgring,0.7446658851113717,open_meteo_era5_air_temperature_track_proxy,7,1953-08-02,jolpica_cross_fitted_xw_xp,0.0,11,+2 Laps,9.0,5.832874196510561,2,prior_same_circuit_grid_movement,finished,0.6379337907780638,True,1500.0,0.0,0.4946330619037309,-0.13468724655498346,-0.7089288705137675,0.5677131769961146,-0.06060926094974256,-0.8861610881422094,0.08515697654941719,2.2525251706106797,0.009355379846439766,0.4387136984317329,19.522447951752813,0.0,0.0,0.0,-0.06060926094974256,-0.8861610881422094,0.08515697654941719,-0.003633732922290399,-0.015417972516000758,7.069590706331136e-05,0.00033042635809462273,-0.10306735079099158,0.01046742476334735,0.46178107334912033,0.020743985565176475,0.0035176794745280216,0.015324658246943467,0.0018686928107551745,-0.0017547034405793935,-0.013561682212994839,-0.00010571677680654644,-0.0017547034405793935,cross_fitted,season_grid_average,example_precomputed_capabilities,0.7168272758797947,0.0,-1.3877787807814457e-17,0.001762976033948628,0.3695115736795707,0.020743985565176475,0.46178107334912033,0.39999999999999997,0.7499999999999999,0.007592403812491138,0.0692021247521622,-0.009355379846439766,0.2582559985379641,4.4240788573688,-4.349501882140876,0.07457697522792373,0.0,1500.074576975228,revised_v3_parallel,prior_similar_races_current_season_only,field_centered_bounded_no_teammate_term,rodneynuckey,rodney-nuckey,cooper,rodney-nuckey,cooper-t23,cooper-t23,exact_chassis,cooper-t23,,finished,20.0,20,True,,11:22.100,True,True,11.0,11.0,0.0,True,0.7736185383244206,-0.0766488413547236,-0.0339286311227872,0.0,0.0,-0.14376348081653273,0.05711317036612624,full_same_season_static_retrospective_baseline_plus_shape_distributions_v9,constructor_lineage_regulation_and_stability_shrunk,0.0,1500.0,1449.4140267187922,-0.43084150082436634,1499.5691584991757,1499.6437354744037,ec7d5a1f033fd71d,0.43202941293690966,0.2476,0.10697062691801841,0.08176238491889522,0.0,0.020757465404224327,0.253823743627094,0.22032046613255646,0.28514202476329203,0.2199563000728332,0.2229285401139851,2.104340201665936,0.0,0.789127575624726,0.43840420868040336,1.0960105217010083,1.6121984363332573,0.10396265725625532,-0.03601061453612855,0.0,0.0,-0.14376348081653273,0.05711317036612624,full_same_season_static_retrospective_baseline_plus_shape_distributions_v9,constructor_lineage_regulation_and_stability_shrunk,high,baseline_plus_shape_distributions_v9,0.06081123217352059,0.049095474123469686,full_same_season_static_retrospective,1460.3102170437242,0.0,12,11,2.0,10945.0,18.0,0.1111111111111111,0.7,lap_equivalent,,1.0,scheduled_distance_unavailable_assume_full,1464.1135566029538,0.02379747563762205,12.0,8.399999999999999,-2.0480325917038646,0.0,16.0,1.0,-0.24381340377426963,0.8,0.8885233166386386,-0.07750529817244431,-0.009715662401210178,2.6038033959562155,3,-0.06778963577123413,-0.059035906191633264,0.696969696969697,0.6379337907780638,all_field_expected_seconds_gap_residual_same_car_crossfit_v7_4,25,8,16.0,2.0,48.0,12.0,56.0,18.0,384.0,96.0,1460.9151051841147,1490.573471404986,0,1.0,0,-0.6048881403905118,0.47061616844790377,0.47414109684503875,0.16379269393302504,-0.7678647248867039,1459.5423523188374,1459.5423523188374,1460.9151051841147,retrospective_first_five_backcast_previous_season_anchor_frozen_v7_5
helfrich,1953,German Grand Prix,Theo Helfrich,Veritas,Veritas,28,6.49470641820203e-05,0.1376826564331047,1950-1960_front_engine,18,0.0,15.679999999999998,15.679999999999998,1.9939999999999998,nurburgring,0.7446658851113717,open_meteo_era5_air_temperature_track_proxy,7,1953-08-02,jolpica_cross_fitted_xw_xp,0.0,12,+2 Laps,16.0,5.832874196510561,2,prior_same_circuit_grid_movement,finished,0.6608177411681879,True,1500.0,0.0,0.4946330619037309,-0.13468724655498346,-0.9773340577542634,-1.747613602855316,-0.06060926094974256,-1.2216675721928292,-0.26214204042829736,0.4809092205816715,0.0054678008729181415,0.3178312894615251,23.511567447769668,0.0,0.0,0.0,-0.06060926094974256,-1.2216675721928292,-0.26214204042829736,-0.0019265935757824262,-0.008968296771959842,-0.0010959432079701518,0.001140117109459567,-0.10625875487742567,-0.02163174056053197,0.34951888404364967,0.012662301006345595,0.001335655962623104,0.007662915803935754,0.0008450914784046855,-0.0006641885119899305,-0.006991448353302581,-0.00017362402777151191,-0.0006641885119899305,cross_fitted,season_grid_average,example_precomputed_capabilities,0.676738615798087,-1.734723475976807e-18,0.0,0.0006714674506331736,0.22276850571515158,0.012662301006345595,0.34951888404364967,0.39999999999999997,0.7499999999999999,0.004796333422284968,0.09506278374637353,-0.0054678008729181415,0.34883537720514163,6.147809568742514,-4.349501882140876,1.798307686601638,0.0,1501.7983076866017,revised_v3_parallel,prior_similar_races_current_season_only,field_centered_bounded_no_teammate_term,theohelfrich,theo-helfrich,veritas,theo-helfrich,veritas-rs,veritas-rs,exact_chassis,veritas-rs,,finished,28.0,28,True,,11:56.300,True,True,14.0,12.0,2.0,True,0.7736185383244206,-0.10695187165775388,-0.16755793226381455,0.0,0.0,-0.6689336433428313,0.012737476655596592,full_same_season_static_retrospective_baseline_plus_shape_distributions_v9,constructor_lineage_regulation_and_stability_shrunk,-0.9962485418521559,1499.003751458148,1415.542259977265,-1.6034567238499207,1497.400294734298,1499.1986024208998,ec7d5a1f033fd71d,0.43202941293690966,0.2476,0.10697062691801841,0.08176238491889522,0.0,0.020757465404224327,0.253823743627094,0.22032046613255646,0.28514202476329203,0.2199563000728332,0.2229285401139851,2.104340201665936,0.0,0.789127575624726,0.43840420868040336,1.0960105217010083,1.6121984363332573,0.10396265725625532,-0.16755793226381455,0.0,0.0,-0.6689336433428313,0.012737476655596592,full_same_season_static_retrospective_baseline_plus_shape_distributions_v9,constructor_lineage_regulation_and_stability_shrunk,high,baseline_plus_shape_distributions_v9,-0.5333307539950238,0.008990948256294443,full_same_season_static_retrospective,1465.9312357358958,0.0,13,12,2.0,10945.0,18.0,0.1111111111111111,0.7,lap_equivalent,,1.0,scheduled_distance_unavailable_assume_full,1421.8112364948997,0.020224167056120814,12.0,9.799999999999999,-1.2818687803701763,1.0,16.0,1.0,-0.130802936772467,0.8,0.8885233166386386,-0.04158065331702375,-0.026977998238944072,1.5,1,-0.014602655078079677,-0.005848925498478808,0.6666666666666667,0.6608177411681879,all_field_expected_seconds_gap_residual_same_car_crossfit_v7_4,25,8,16.0,2.0,48.0,12.0,56.0,18.0,384.0,96.0,1469.0569514446915,1493.1101281223268,0,1.0,0,-3.125715708795674,0.4760730002476699,0.43943362664449187,0.22138411452369605,1.996523463465504,1467.9277591993614,1467.9277591993614,1470.6540661076092,retrospective_first_five_backcast_previous_season_anchor_frozen_v7_5
mcalpine,1953,German Grand Prix,Kenneth McAlpine,Connaught,Connaught,16,0.00015257993721936222,0.24546837294109336,1950-1960_front_engine,18,0.0,15.679999999999998,15.679999999999998,1.9939999999999998,nurburgring,0.7446658851113717,open_meteo_era5_air_temperature_track_proxy,7,1953-08-02,jolpica_cross_fitted_xw_xp,0.0,13,+2 Laps,3.0,5.832874196510561,2,prior_same_circuit_grid_movement,finished,0.5885845391894796,True,1498.4759886365566,0.0,0.4931329587778741,-0.1695913807579838,-0.23216346722176906,0.7174110742677264,-0.07631612134109271,-0.29020433402721135,0.10761166114015897,1.8175301977035587,0.012938634047497158,0.513049522064105,17.069365771884534,0.0,0.0,0.0,-0.07631612134109271,-0.29020433402721135,0.10761166114015897,-0.0056256175754021,-0.017305620983874347,0.00024384958651980213,-0.0027889078894804777,-0.03539722262348242,0.011021283251668585,0.5198407338794286,0.026551067431151147,0.007822746051355804,0.019644126371145966,0.004030734684081237,-0.0039590675929613035,-0.015780447912751464,-0.00016705622568673672,-0.0039590675929613035,cross_fitted,season_grid_average,example_precomputed_capabilities,0.710637158579863,0.0,0.0,0.0038636784583945005,0.49267588661813433,0.026551067431151147,0.5198407338794286,0.39999999999999997,0.7499999999999999,0.009074955589102658,0.020373635445970706,-0.012938634047497158,0.12331411429953132,1.909126840251632,-4.349501882140876,-2.440375041889244,0.0,1496.0356135946674,revised_v3_parallel,prior_similar_races_current_season_only,field_centered_bounded_no_teammate_term,kennethmcalpine,kenneth-mcalpine,connaught,connaught-engineering,connaught-a,connaught-a,exact_chassis,connaught-a,,finished,16.0,16,True,,11:07.300,True,True,9.0,13.0,-4.0,True,0.7736185383244206,-0.13725490196078427,-0.12068020452958768,0.0,0.0,-0.48891874560608284,0.02130361645801746,full_same_season_static_retrospective_baseline_plus_shape_distributions_v9,constructor_lineage_regulation_and_stability_shrunk,-3.2927342554653554,1495.1832543810913,1394.4719360057754,0.5039568811447723,1495.6872112622361,1493.246836220347,ec7d5a1f033fd71d,0.43202941293690966,0.2476,0.10697062691801841,0.08176238491889522,0.0,0.020757465404224327,0.253823743627094,0.22032046613255646,0.28514202476329203,0.2199563000728332,0.2229285401139851,2.104340201665936,0.0,0.789127575624726,0.43840420868040336,1.0960105217010083,1.6121984363332573,0.10396265725625532,-0.12246687675833898,0.0,0.0,-0.48891874560608284,0.02130361645801746,full_same_season_static_retrospective_baseline_plus_shape_distributions_v9,constructor_lineage_regulation_and_stability_shrunk,high,baseline_plus_shape_distributions_v9,-0.3249032158334059,0.01630913815650461,full_same_season_static_retrospective,1435.0625182306114,0.0,14,13,2.0,10945.0,18.0,0.1111111111111111,0.7,lap_equivalent,,1.0,scheduled_distance_unavailable_assume_full,1417.3953534793266,0.019883576963336567,12.0,8.399999999999999,-1.941396776071866,0.0,16.0,1.0,-0.23111866381807933,0.8,0.8885233166386386,-0.07346979565168418,-0.016936968897926574,2.119889306793442,4,-0.056532826753757606,-0.04777909717415674,0.6363636363636364,0.5885845391894796,all_field_expected_seconds_gap_residual_same_car_crossfit_v7_4,25,8,16.0,2.0,48.0,12.0,56.0,18.0,384.0,96.0,1433.585435654262,1493.1101281223268,0,1.0,1,1.4770825763493907,0.44619898777999245,0.42387757869373366,0.16470696049574596,-0.7239799298760996,1434.3385383007353,1434.3385383007353,1446.7822249379346,retrospective_first_five_backcast_previous_season_anchor_frozen_v7_5
krause,1953,German Grand Prix,Rudolf Krause,BMW,BMW,26,9.381574637805269e-05,0.1803188472531221,1950-1960_front_engine,18,0.0,15.679999999999998,15.679999999999998,1.9939999999999998,nurburgring,0.7446658851113717,open_meteo_era5_air_temperature_track_proxy,7,1953-08-02,jolpica_cross_fitted_xw_xp,0.0,14,+2 Laps,12.0,5.832874196510561,2,prior_same_circuit_grid_movement,finished,0.5411570425212217,True,1500.0,0.0,0.4946330619037309,-0.13468724655498346,-0.9773340577542634,-0.2694702383898098,-0.06060926094974256,-1.2216675721928292,-0.040420535758471474,0.0,0.006238135787522502,0.34656912441484394,22.56321889431015,0.0,0.0,0.0,-0.06060926094974256,-1.2216675721928292,-0.040420535758471474,-0.002284468658919195,-0.010752624861638558,-0.0004417223878457896,0.0009746927813256052,-0.12055834025730516,-0.000982951571892691,0.37671077417681204,0.014325425332564628,0.0016851732296060582,0.009846611445140312,0.0009560896449236219,-0.0008385638054449724,-0.009000002020979225,-0.00010948022076253609,-0.0008385638054449724,cross_fitted,season_grid_average,example_precomputed_capabilities,0.6499999999999999,0.0,-1.3877787807814457e-17,0.0008466094241610858,0.2561441751289398,0.014325425332564628,0.37671077417681204,0.39999999999999997,0.7499999999999999,0.005391526363361416,0.09042494928590417,-0.006238135787522502,0.25949148164576213,4.521131410723179,-4.349501882140876,0.17162952858230263,0.0,1500.1716295285823,revised_v3_parallel,prior_similar_races_current_season_only,field_centered_bounded_no_teammate_term,rudolfkrause,rudolf-krause,greifzu,dora-greifzu,greifzu,greifzu,exact_chassis,greifzu,,finished,26.0,26,True,,11:49.500,True,True,13.0,14.0,-1.0,True,0.7736185383244206,-0.16755793226381455,-0.16755793226381455,0.0,0.0,-0.6689336433428313,0.012737476655596592,full_same_season_static_retrospective_baseline_plus_shape_distributions_v9,constructor_lineage_regulation_and_stability_shrunk,-1.486480539143641,1498.5135194608563,1406.1099709514929,-1.2369886473272103,1497.276530813529,1497.4481603421114,ec7d5a1f033fd71d,0.43202941293690966,0.2476,0.10697062691801841,0.08176238491889522,0.0,0.020757465404224327,0.253823743627094,0.22032046613255646,0.28514202476329203,0.2199563000728332,0.2229285401139851,2.104340201665936,0.0,0.789127575624726,0.43840420868040336,1.0960105217010083,1.6121984363332573,0.10396265725625532,-0.16755793226381455,0.0,0.0,-0.6689336433428313,0.012737476655596592,full_same_season_static_retrospective_baseline_plus_shape_distributions_v9,constructor_lineage_regulation_and_stability_shrunk,high,baseline_plus_shape_distributions_v9,-0.5333307539950238,0.008990948256294443,full_same_season_static_retrospective,1457.333565788618,0.0,15,14,2.0,10945.0,18.0,0.1111111111111111,0.7,lap_equivalent,,1.0,scheduled_distance_unavailable_assume_full,1419.5384150746277,0.02004814553337484,12.0,8.399999999999999,-1.9463512879949112,0.0,16.0,1.0,-0.2317084866660609,0.8,0.8885233166386386,-0.07365729311898526,0.0,0.0,0,-0.07365729311898526,-0.0649035635393844,0.6060606060606061,0.5411570425212217,all_field_expected_seconds_gap_residual_same_car_crossfit_v7_4,25,8,16.0,2.0,48.0,12.0,56.0,18.0,384.0,96.0,1459.6246624189193,1493.1101281223268,0,1.0,0,-2.2910966303014586,0.46772887862292545,0.431297085573831,0.10985995694739065,-3.3566361001971545,1453.9769296884208,1453.9769296884208,1462.8607517625092,retrospective_first_five_backcast_previous_season_anchor_frozen_v7_5
klodwig,1953,German Grand Prix,Ernst Klodwig,BMW,BMW,32,0.00012116559780205904,0.2134784655239236,1950-1960_front_engine,18,0.0,15.679999999999998,15.679999999999998,1.9939999999999998,nurburgring,0.7446658851113717,open_meteo_era5_air_temperature_track_proxy,7,1953-08-02,jolpica_cross_fitted_xw_xp,0.0,15,+3 Laps,17.0,5.832874196510561,2,prior_same_circuit_grid_movement,finished,0.4465492217746527,True,1504.1171992556085,-0.21669469766356997,0.4986859556746067,-0.04039183721265556,-0.9773340577542634,-0.2694702383898098,-0.018176326745695002,-1.2216675721928292,-0.040420535758471474,0.0,0.004316926783258423,0.2750596463159643,24.92303167157318,0.0,0.0,0.0,-0.018176326745695002,-1.2216675721928292,-0.040420535758471474,-0.00145885172056486,-0.007525813696530471,-0.0003085940449968508,0.005985203864760475,-0.0965832375350178,5.321647734214208e-05,0.2976958506141931,0.009892882460513732,0.0011637504855231031,0.007010247002863246,0.000677221975022173,-0.0005641274871015525,-0.0064106240044416955,-7.759897660062243e-05,-0.0005641274871015525,cross_fitted,season_grid_average,example_precomputed_capabilities,0.6499999999999999,1.734723475976807e-18,0.0,0.0005996229984215506,0.20715103342127794,0.009892882460513732,0.2976958506141931,0.39999999999999997,0.7499999999999999,0.0037173037848368725,0.06790861289468636,-0.004316926783258423,0.3006979294416114,5.308956487150803,-4.349501882140876,0.9594546050099266,0.0,1505.0766538606185,revised_v3_parallel,prior_similar_races_current_season_only,field_centered_bounded_no_teammate_term,ernstklodwig,ernst-klodwig,heck,ernst-klodwig,heck,heck,exact_chassis,heck,,finished,32.0,32,True,,12:24.600,True,True,16.0,15.0,1.0,True,0.7736185383244206,-0.19786096256684493,-0.19786096256684493,0.0,0.0,-0.7899110043729183,0.0090150820929325,full_same_season_static_retrospective_baseline_plus_shape_distributions_v9,constructor_lineage_regulation_and_stability_shrunk,-2.6234263651989824,1501.4937728904094,1389.9022066057573,-2.2829206942608926,1499.2108521961486,1500.1703068011586,ec7d5a1f033fd71d,0.43202941293690966,0.2476,0.10697062691801841,0.08176238491889522,0.0,0.020757465404224327,0.253823743627094,0.22032046613255646,0.28514202476329203,0.2199563000728332,0.2229285401139851,2.104340201665936,0.0,0.789127575624726,0.43840420868040336,1.0960105217010083,1.6121984363332573,0.10396265725625532,-0.19786096256684493,0.0,0.0,-0.7899110043729183,0.0090150820929325,full_same_season_static_retrospective_baseline_plus_shape_distributions_v9,constructor_lineage_regulation_and_stability_shrunk,high,baseline_plus_shape_distributions_v9,-0.6680639484174582,0.006118190224655023,full_same_season_static_retrospective,1448.805530954836,0.0,16,15,3.0,10945.0,18.0,0.16666666666666666,0.7,lap_equivalent,,1.0,scheduled_distance_unavailable_assume_full,1419.2500357882393,0.02002592143789195,15.0,10.5,-4.0758690579069095,0.0,16.0,1.0,-0.38817800551494375,1.0,0.8885233166386386,-0.13796208356252385,0.0,0.0,0,-0.13796208356252385,-0.12920835398292296,0.5757575757575757,0.4465492217746527,all_field_expected_seconds_gap_residual_same_car_crossfit_v7_4,25,8,16.0,2.0,48.0,12.0,56.0,18.0,384.0,96.0,1453.095086955591,1493.1101281223268,0,1.0,1,-4.289556000754782,0.45946801436078377,0.4141788641112594,0.0323703576633933,-7.076136865829027,1441.729394089007,1441.729394089007,1460.469522905655,retrospective_first_five_backcast_previous_season_anchor_frozen_v7_5
seidel,1953,German Grand Prix,Wolfgang Seidel,Veritas,Veritas,29,0.0001659475861399482,0.2575517194227164,1950-1960_front_engine,18,0.0,15.679999999999998,15.679999999999998,1.9939999999999998,nurburgring,0.7446658851113717,open_meteo_era5_air_temperature_track_proxy,7,1953-08-02,jolpica_cross_fitted_xw_xp,0.0,16,+4 Laps,13.0,5.832874196510561,2,prior_same_circuit_grid_movement,finished,0.3899129858340481,True,1500.0,0.0,0.4946330619037309,-0.13468724655498346,-0.9773340577542634,-1.747613602855316,-0.06060926094974256,-1.2216675721928292,-0.26214204042829736,0.4809092205816715,0.00514061695093804,0.3057135584006883,23.911452572777286,0.0,0.0,0.0,-0.06060926094974256,-1.2216675721928292,-0.26214204042829736,-0.0018113094868339303,-0.008431649117897544,-0.0010303638269017698,0.0011774317052446793,-0.10209982852221275,-0.02110548564223682,0.33622052901548954,0.011904610409917986,0.0012557325772577723,0.007204379930957457,0.0007945226389822579,-0.0006244445989730302,-0.0065730919526727155,-0.00016323466069751585,-0.0006244445989730302,cross_fitted,season_grid_average,example_precomputed_capabilities,0.676738615798087,0.0,-1.3877787807814457e-17,0.0006312879782847421,0.21419264655628464,0.011904610409917986,0.33622052901548954,0.39999999999999997,0.7499999999999999,0.004509328972653298,0.09152091184440367,-0.00514061695093804,0.2397409870538571,4.191962960146915,-4.349501882140876,-0.1575389219939609,0.0,1499.842461078006,revised_v3_parallel,prior_similar_races_current_season_only,field_centered_bounded_no_teammate_term,wolfgangseidel,wolfgang-seidel,veritas,wolfgang-seidel,veritas-rs,veritas-rs,exact_chassis,veritas-rs,,finished,29.0,29,True,,11:59.300,True,True,15.0,16.0,-1.0,True,0.7736185383244206,-0.2281639928698752,-0.16755793226381455,0.0,0.0,-0.6689336433428313,0.012737476655596592,full_same_season_static_retrospective_baseline_plus_shape_distributions_v9,constructor_lineage_regulation_and_stability_shrunk,0.0,1500.0,1401.0587799375596,-1.7910309890053788,1498.2089690109947,1498.0514300890006,ec7d5a1f033fd71d,0.43202941293690966,0.2476,0.10697062691801841,0.08176238491889522,0.0,0.020757465404224327,0.253823743627094,0.22032046613255646,0.28514202476329203,0.2199563000728332,0.2229285401139851,2.104340201665936,0.0,0.789127575624726,0.43840420868040336,1.0960105217010083,1.6121984363332573,0.10396265725625532,-0.16755793226381455,0.0,0.0,-0.6689336433428313,0.012737476655596592,full_same_season_static_retrospective_baseline_plus_shape_distributions_v9,constructor_lineage_regulation_and_stability_shrunk,high,baseline_plus_shape_distributions_v9,-0.5333307539950238,0.008990948256294443,full_same_season_static_retrospective,1451.248768800636,0.0,17,16,4.0,10945.0,18.0,0.2222222222222222,0.7,lap_equivalent,,1.0,scheduled_distance_unavailable_assume_full,1411.4808550811986,0.019436369782570344,15.0,11.899999999999999,-5.720845369315544,1.0,16.0,1.0,-0.4807433083458441,1.0,0.8885233166386386,-0.17086065551331245,-0.006565366313214276,1.5,1,-0.16429528920009817,-0.15554155962049732,0.5454545454545454,0.3899129858340481,all_field_expected_seconds_gap_residual_same_car_crossfit_v7_4,25,8,16.0,2.0,48.0,12.0,56.0,18.0,384.0,96.0,1454.573471404986,1490.573471404986,0,1.0,0,-3.3247026043500014,0.46183286800595635,0.42555795704029675,-0.035644971206248655,-10.340872651571841,1440.9078961490643,1440.9078961490643,1454.573471404986,retrospective_first_five_backcast_previous_season_anchor_frozen_v7_5
alan_brown,1953,German Grand Prix,Alan Brown,Cooper,Cooper,17,0.0011342074376755125,0.5531363870731202,1950-1960_front_engine,18,0.0,15.679999999999998,15.679999999999998,1.9939999999999998,nurburgring,0.7446658851113717,open_meteo_era5_air_temperature_track_proxy,7,1953-08-02,jolpica_cross_fitted_xw_xp,0.0,18,Engine,-1.0,5.832874196510561,2,prior_same_circuit_grid_movement,mechanical,,False,1483.7035024797167,0.0,0.47860102438739444,-0.5079227421234942,-0.7089288705137675,0.5677131769961146,-0.2285652339555724,-0.8861610881422094,0.08515697654941719,2.2525251706106797,0.011128915408731841,0.4744702004091171,18.34248338649914,0.0,0.0,0.0,-0.2285652339555724,-0.8861610881422094,0.08515697654941719,-0.0055370147934394225,-0.017606988519694933,8.836794480554197e-05,-0.022493090053448322,-0.11084157362642383,0.009944400670265502,0.5053177661615188,0.024962296629729132,0.004233003258490801,0.016328792307553373,0.002022439908999643,-0.002326341997090485,-0.014422131046153058,-0.00011577864759932722,-0.002326341997090485,cross_fitted,season_grid_average,example_precomputed_capabilities,0.7168272758797947,-3.469446951953614e-18,0.0,0.0019066612614003157,0.38192750315191215,0.024962296629729132,0.5053177661615188,0.39999999999999997,0.7499999999999999,0.009222254147331526,0.09254269725720493,-0.011128915408731841,,0.0,0.0,0.0,0.0,1483.7035024797167,revised_v3_parallel,prior_similar_races_current_season_only,field_centered_bounded_no_teammate_term,alanbrown,alan-brown,cooper,equipe-anglaise,cooper-t23,cooper-t23,exact_chassis,cooper-t23,Engine,mechanical,17.0,17,True,,11:08.700,True,False,,,,False,0.7736185383244206,,-0.0339286311227872,0.0,0.0,-0.14376348081653273,0.05711317036612624,full_same_season_static_retrospective_baseline_plus_shape_distributions_v9,constructor_lineage_regulation_and_stability_shrunk,-4.014499386850038,1479.6890030928666,1403.745596482825,0.23289328348202276,1479.9218963763487,1479.9218963763487,ec7d5a1f033fd71d,0.43202941293690966,0.2476,0.10697062691801841,0.08176238491889522,0.0,0.020757465404224327,0.253823743627094,0.22032046613255646,0.28514202476329203,0.2199563000728332,0.2229285401139851,2.104340201665936,0.0,0.789127575624726,0.43840420868040336,1.0960105217010083,1.6121984363332573,0.10396265725625532,-0.03601061453612855,0.0,0.0,-0.14376348081653273,0.05711317036612624,full_same_season_static_retrospective_baseline_plus_shape_distributions_v9,constructor_lineage_regulation_and_stability_shrunk,high,baseline_plus_shape_distributions_v9,0.06081123217352059,0.049095474123469686,full_same_season_static_retrospective,1416.2551450121216,0.05803485903586134,20,DNF,,10945.0,18.0,,0.0,unavailable,,1.0,scheduled_distance_unavailable_assume_full,1467.0907304476261,0.024071538753883456,0.0,0.0,0.0,0.0,,0.0,,0.0,0.0,0.0,-0.014205227556664873,3.402196269521058,3,0.014205227556664873,0.0,,,all_field_expected_seconds_gap_residual_same_car_crossfit_v7_4,25,8,16.0,2.0,48.0,12.0,56.0,18.0,384.0,96.0,1415.2466749481475,1493.1101281223268,0,1.0,5,1.0084700639739612,0.42815492363265784,0.4902154809413459,,0.0,1416.2551450121216,1416.2551450121216,1436.380594324595,retrospective_first_five_backcast_previous_season_anchor_frozen_v7_5
marimon,1953,German Grand Prix,Onofre Marimón,Maserati,Maserati,8,0.003173949129247463,0.6864897048233605,1950-1960_front_engine,18,0.0,15.679999999999998,15.679999999999998,1.9939999999999998,nurburgring,0.7446658851113717,open_meteo_era5_air_temperature_track_proxy,7,1953-08-02,jolpica_cross_fitted_xw_xp,0.0,19,Suspension,-11.0,5.832874196510561,2,prior_same_circuit_grid_movement,mechanical,,False,1501.570078346176,0.0,0.4961785834821064,-0.09872804925587116,1.3636554729365202,0.3929477864518841,-0.04442762216514202,1.7045693411706502,0.058942167967782615,2.7334343911923513,0.04014266264161972,0.67467278013142,11.735798255663141,0.02,0.0,0.05880602015151773,-0.04442762216514202,1.7045693411706502,0.058942167967782615,-0.02449586172378719,0.02016636603717119,-0.0012614420566065842,-0.0069222143177875926,0.17074755218153748,0.001860799803787246,0.6332512457145356,0.043497225287553266,0.07572294814064794,0.0320259998537521,0.04028761755795566,-0.037816660596317254,0.005880287690578578,-0.002381330013624977,-0.037816660596317254,cross_fitted,season_grid_average,example_precomputed_capabilities,0.7223686752707323,-1.734723475976807e-18,2.7755575615628914e-17,0.03790628754433068,0.7989373833820728,0.043497225287553266,0.6332512457145356,0.39999999999999997,0.7499999999999999,0.0022363750972890367,-0.1242646032506528,-0.04014266264161972,,0.0,0.0,0.0,0.0,1501.570078346176,revised_v3_parallel,prior_similar_races_current_season_only,field_centered_bounded_no_teammate_term,onofremarimon,onofre-marimon,maserati,officine-alfieri-maserati,maserati-a6gcm,maserati-a6gcm,exact_chassis,maserati-a6gcm,Suspension,mechanical,8.0,8,True,,10:41.000,True,False,,,,False,0.7736185383244206,,0.05884275257679526,0.0,0.0,0.24847787039394512,0.17516428751687343,full_same_season_static_retrospective_baseline_plus_shape_distributions_v9,constructor_lineage_regulation_and_stability_shrunk,3.4598610116824675,1505.0299393578584,1504.2858296337645,1.5297437596908765,1506.5596831175494,1506.5596831175494,ec7d5a1f033fd71d,0.43202941293690966,0.2476,0.10697062691801841,0.08176238491889522,0.0,0.020757465404224327,0.253823743627094,0.22032046613255646,0.28514202476329203,0.2199563000728332,0.2229285401139851,2.104340201665936,0.0,0.789127575624726,0.43840420868040336,1.0960105217010083,1.6121984363332573,0.10396265725625532,0.06224001228054203,0.0,0.0,0.24847787039394512,0.17516428751687343,full_same_season_static_retrospective_baseline_plus_shape_distributions_v9,constructor_lineage_regulation_and_stability_shrunk,high,baseline_plus_shape_distributions_v9,0.4732909331090447,0.1595377043319439,full_same_season_static_retrospective,1487.5343056882261,0.0,21,DNF,,10945.0,18.0,,0.0,unavailable,,1.0,scheduled_distance_unavailable_assume_full,1519.9075686301721,0.029493557903827086,0.0,0.0,0.0,0.0,,0.0,,0.0,0.0,0.0,0.022862775794239523,14.120280642995313,8,-0.022862775794239523,0.0,,,all_field_expected_seconds_gap_residual_same_car_crossfit_v7_4,25,8,16.0,2.0,48.0,12.0,56.0,18.0,384.0,96.0,1484.407600002249,1495.388948458163,0,1.0,2,3.126705685977188,0.4970804175846642,0.5303216152811462,,0.0,1487.5343056882261,1487.5343056882261,1452.2605300390846,retrospective_first_five_backcast_previous_season_anchor_frozen_v7_5
barth,1953,German Grand Prix,Edgar Barth,EMW,EMW,24,0.0006958743588205554,0.47980522612600424,1950-1960_front_engine,18,0.0,15.679999999999998,15.679999999999998,1.9939999999999998,nurburgring,0.7446658851113717,open_meteo_era5_air_temperature_track_proxy,7,1953-08-02,jolpica_cross_fitted_xw_xp,0.0,20,Exhaust,4.0,5.832874196510561,2,prior_same_circuit_grid_movement,other,0.4242424242424242,False,1500.0,0.0,0.4946330619037309,-0.13468724655498346,-0.9773340577542634,-0.2694702383898098,-0.06060926094974256,-1.2216675721928292,-0.040420535758471474,0.0,0.007057480973937433,0.372077042382267,21.72145760138519,0.0,0.0,0.0,-0.06060926094974256,-1.2216675721928292,-0.040420535758471474,-0.0025845211846986264,-0.01216492361911848,-0.0004997402195411303,0.0008279392321117369,-0.12945918736342216,-0.0013963145493095612,0.4045839330524221,0.016206991987952377,0.0019065115622397867,0.011139910271082997,0.001081666816538933,-0.0009487045976456492,-0.01018210330648886,-0.00012385985194479556,-0.0009487045976456492,cross_fitted,season_grid_average,example_precomputed_capabilities,0.6499999999999999,-1.734723475976807e-18,0.0,0.0009578069645941375,0.2745563703718021,0.016206991987952377,0.4045839330524221,0.39999999999999997,0.7499999999999999,0.0060996740093432955,0.09752067201046494,-0.007057480973937433,0.05216538186015718,0.0,0.0,0.0,0.0,1500.0,revised_v3_parallel,prior_similar_races_current_season_only,field_centered_bounded_no_teammate_term,edgarbarth,edgar-barth,emw,rennkollektiv-emw,emw-r2,emw-r2,exact_chassis,emw-r2,Exhaust,other,24.0,24,True,,11:40.800,True,False,,,,False,0.7736185383244206,,0.0,0.0,0.0,0.0,0.08612395078534581,full_same_season_static_retrospective_baseline_plus_shape_distributions_v9,constructor_lineage_regulation_and_stability_shrunk,0.0,1500.0,1454.573471404986,-1.2284229514208915,1498.771577048579,1498.771577048579,ec7d5a1f033fd71d,0.43202941293690966,0.2476,0.10697062691801841,0.08176238491889522,0.0,0.020757465404224327,0.253823743627094,0.22032046613255646,0.28514202476329203,0.2199563000728332,0.2229285401139851,2.104340201665936,0.0,0.789127575624726,0.43840420868040336,1.0960105217010083,1.6121984363332573,0.10396265725625532,0.0,0.0,0.0,0.0,0.08612395078534581,full_same_season_static_retrospective_baseline_plus_shape_distributions_v9,constructor_lineage_regulation_and_stability_shrunk,high,baseline_plus_shape_distributions_v9,0.21166455634078712,0.07554861463290102,full_same_season_static_retrospective,1452.4546399150324,0.0,23,DNF,,10945.0,18.0,,0.0,unavailable,,1.0,scheduled_distance_unavailable_assume_full,1466.1976501383504,0.023988996685321666,0.0,0.0,0.0,0.0,,0.0,,0.0,0.0,0.0,0.0,0.0,0,0.0,0.0,0.4242424242424242,0.4242424242424242,all_field_expected_seconds_gap_residual_same_car_crossfit_v7_4,25,8,16.0,2.0,48.0,12.0,56.0,18.0,384.0,96.0,1454.573471404986,1490.573471404986,0,1.0,0,-2.1188314899535845,0.4630006213020985,0.4776340524341724,-0.0533916281917482,0.0,1452.4546399150324,1452.4546399150324,1454.573471404986,retrospective_first_five_backcast_previous_season_anchor_frozen_v7_5
claes,1953,German Grand Prix,Johnny Claes,Connaught,Connaught,25,7.989569646048979e-05,0.160927133230848,1950-1960_front_engine,18,0.0,15.679999999999998,15.679999999999998,1.9939999999999998,nurburgring,0.7446658851113717,open_meteo_era5_air_temperature_track_proxy,7,1953-08-02,jolpica_cross_fitted_xw_xp,0.0,21,Retired,4.0,5.832874196510561,2,prior_same_circuit_grid_movement,other,0.3939393939393939,False,1467.3964248307193,0.0,0.4625976740569173,-0.8814005523107666,-0.23216346722176906,0.7174110742677264,-0.396630248539845,-0.29020433402721135,0.10761166114015897,1.8175301977035587,0.007159275348701845,0.38555295140955914,21.27675260348455,0.0,0.0,0.0,-0.396630248539845,-0.29020433402721135,0.10761166114015897,-0.004609554944530085,-0.008992973987979913,0.00013933267913241758,-0.04417507534248251,0.010918341712754309,0.013184410700890112,0.39057103214176864,0.015237193100728394,0.004489337103736212,0.008936090014717346,0.0018538926217754677,-0.0027153402563854,-0.007162093167366534,-7.98957744246561e-05,-0.0027153402563854,cross_fitted,season_grid_average,example_precomputed_capabilities,0.710637158579863,-1.734723475976807e-18,-6.938893903907228e-18,0.0017739968473508116,0.37049870921293054,0.015237193100728394,0.39057103214176864,0.39999999999999997,0.7499999999999999,0.005385278501351033,0.015054242196628598,-0.007159275348701845,0.008386442529834781,0.0,0.0,0.0,0.0,1467.3964248307193,revised_v3_parallel,prior_similar_races_current_season_only,field_centered_bounded_no_teammate_term,johnnyclaes,johnny-claes,connaught,ecurie-belge,connaught-a,connaught-a,exact_chassis,connaught-a,Engine,mechanical,25.0,25,True,,11:45.500,True,False,,,,False,0.7736185383244206,,-0.12068020452958768,0.0,0.0,-0.48891874560608284,0.02130361645801746,full_same_season_static_retrospective_baseline_plus_shape_distributions_v9,constructor_lineage_regulation_and_stability_shrunk,-29.319973987672086,1438.0764508430473,1324.0139597358059,-0.8048928903594448,1437.2715579526878,1437.2715579526878,ec7d5a1f033fd71d,0.43202941293690966,0.2476,0.10697062691801841,0.08176238491889522,0.0,0.020757465404224327,0.253823743627094,0.22032046613255646,0.28514202476329203,0.2199563000728332,0.2229285401139851,2.104340201665936,0.0,0.789127575624726,0.43840420868040336,1.0960105217010083,1.6121984363332573,0.10396265725625532,-0.12246687675833898,0.0,0.0,-0.48891874560608284,0.02130361645801746,full_same_season_static_retrospective_baseline_plus_shape_distributions_v9,constructor_lineage_regulation_and_stability_shrunk,high,baseline_plus_shape_distributions_v9,-0.3249032158334059,0.01630913815650461,full_same_season_static_retrospective,1362.1086165451347,0.0197519920886647,22,DNF,,10945.0,18.0,,0.0,unavailable,,1.0,scheduled_distance_unavailable_assume_full,1346.2719794769205,0.015124904264935167,0.0,0.0,0.0,0.0,,0.0,,0.0,0.0,0.0,-0.023065737290571906,3.322684551272448,4,0.023065737290571906,0.0,0.3939393939393939,0.3939393939393939,all_field_expected_seconds_gap_residual_same_car_crossfit_v7_4,25,8,16.0,2.0,48.0,12.0,56.0,18.0,384.0,96.0,1363.1274593842925,1500.0,0,1.0,15,-1.018842839157813,0.3773086185382696,0.37665377262663086,0.017285621312763066,0.0,1362.1086165451347,1362.1086165451347,1480.2471133875429,retrospective_first_five_backcast_previous_season_anchor_frozen_v7_5
karch,1953,German Grand Prix,Oswald Karch,Veritas,Veritas,34,0.00012189438749219639,0.21428679945841525,1950-1960_front_engine,18,0.0,15.679999999999998,15.679999999999998,1.9939999999999998,nurburgring,0.7446658851113717,open_meteo_era5_air_temperature_track_proxy,7,1953-08-02,jolpica_cross_fitted_xw_xp,0.0,22,Retired,12.0,5.832874196510561,2,prior_same_circuit_grid_movement,other,0.36363636363636365,False,1500.0,0.0,0.4946330619037309,-0.13468724655498346,-0.9773340577542634,-1.747613602855316,-0.06060926094974256,-1.2216675721928292,-0.26214204042829736,0.4809092205816715,0.0037759654668200774,0.2483705631214529,25.803771416992056,0.02,0.0,0.05880602015151773,-0.06060926094974256,-1.2216675721928292,-0.26214204042829736,-0.00133047105771234,-0.006193345312709106,-0.0007568387735895633,0.0012606899034643218,-0.08258525737961897,-0.018329590475163863,0.27328410260928254,0.008744358553226684,0.0009223801136206219,0.005291872568755191,0.0005836050567541931,-0.00045867670440494847,-0.004828169159539517,-0.00011990164753851966,-0.00045867670440494847,cross_fitted,season_grid_average,example_precomputed_capabilities,0.676738615798087,-1.734723475976807e-18,0.0,0.00046370340921567343,0.17362994465796402,0.008744358553226684,0.27328410260928254,0.39999999999999997,0.7499999999999999,0.003312262057604404,0.07474061846348887,-0.0037759654668200774,0.11526580051491075,0.0,0.0,0.0,0.0,1500.0,revised_v3_parallel,prior_similar_races_current_season_only,field_centered_bounded_no_teammate_term,oswaldkarch,oswald-karch,veritas,oswald-karch,veritas-rs,veritas-rs,exact_chassis,veritas-rs,Engine,mechanical,34.0,34,True,,,True,False,,,,False,0.7736185383244206,,-0.16755793226381455,0.0,0.0,-0.6689336433428313,0.012737476655596592,full_same_season_static_retrospective_baseline_plus_shape_distributions_v9,constructor_lineage_regulation_and_stability_shrunk,0.0,1500.0,1401.0587799375596,-2.700121898096288,1497.2998781019037,1497.2998781019037,ec7d5a1f033fd71d,0.43202941293690966,0.2476,0.10697062691801841,0.08176238491889522,0.0,0.020757465404224327,0.253823743627094,0.22032046613255646,0.28514202476329203,0.2199563000728332,0.2229285401139851,2.104340201665936,0.0,0.789127575624726,0.43840420868040336,1.0960105217010083,1.6121984363332573,0.10396265725625532,-0.16755793226381455,0.0,0.0,-0.6689336433428313,0.012737476655596592,full_same_season_static_retrospective_baseline_plus_shape_distributions_v9,constructor_lineage_regulation_and_stability_shrunk,high,baseline_plus_shape_distributions_v9,-0.5333307539950238,0.008990948256294443,full_same_season_static_retrospective,1449.4305869824543,0.0,24,DNF,,10945.0,18.0,,0.0,unavailable,,1.0,scheduled_distance_unavailable_assume_full,1409.6626732630168,0.01930092524701458,0.0,0.0,0.0,0.0,,0.0,,0.0,0.0,0.0,-0.02896926938595494,3.0,2,0.02896926938595494,0.0,0.36363636363636365,0.36363636363636365,all_field_expected_seconds_gap_residual_same_car_crossfit_v7_4,25,8,16.0,2.0,48.0,12.0,56.0,18.0,384.0,96.0,1454.573471404986,1490.573471404986,0,1.0,0,-5.142884422531819,0.4600728664620523,0.42384641256574274,-0.06021004892937909,0.0,1449.4305869824543,1449.4305869824543,1454.573471404986,retrospective_first_five_backcast_previous_season_anchor_frozen_v7_5
heeks,1953,German Grand Prix,Willi Heeks,Veritas,Veritas,18,0.00028077389563815013,0.337076463861026,1950-1960_front_engine,18,0.0,15.679999999999998,15.679999999999998,1.9939999999999998,nurburgring,0.7446658851113717,open_meteo_era5_air_temperature_track_proxy,7,1953-08-02,jolpica_cross_fitted_xw_xp,0.0,23,Retired,-5.0,5.832874196510561,2,prior_same_circuit_grid_movement,other,0.33333333333333337,False,1500.0,0.0,0.4946330619037309,-0.13468724655498346,-0.9773340577542634,-1.747613602855316,-0.06060926094974256,-1.2216675721928292,-0.26214204042829736,0.4809092205816715,0.010134145849543608,0.4467696404599268,19.256601864822414,0.0,0.0,0.0,-0.06060926094974256,-1.2216675721928292,-0.26214204042829736,-0.0035707921234799465,-0.01662204414926447,-0.002031245937904602,0.000287927002164845,-0.15049577776820633,-0.02585816976201813,0.4907861455919417,0.02346859517593302,0.002475534980997058,0.014202621528243831,0.0015663116666845256,-0.0012310220157130578,-0.012958108562959831,-0.0003217987014005254,-0.0012310220157130578,cross_fitted,season_grid_average,example_precomputed_capabilities,0.676738615798087,0.0,-2.7755575615628914e-17,0.0012445129652840002,0.3147201250638821,0.02346859517593302,0.4907861455919417,0.39999999999999997,0.7499999999999999,0.008889632884259608,0.1320495153960447,-0.010134145849543608,-0.11343630712659342,0.0,0.0,0.0,0.0,1500.0,revised_v3_parallel,prior_similar_races_current_season_only,field_centered_bounded_no_teammate_term,williheeks,willi-heeks,veritas,willi-heeks,veritas-meteor,veritas-meteor,exact_chassis,veritas-meteor,Transmission,mechanical,18.0,18,True,,11:18.000,True,False,,,,False,0.7736185383244206,,-0.016042780748663055,0.0,0.0,-0.06404683819239859,0.07172193157437341,full_same_season_static_retrospective_baseline_plus_shape_distributions_v9,constructor_lineage_regulation_and_stability_shrunk,1.4100711849942897,1501.4100711849942,1455.447727234338,-0.11248796920185633,1501.2975832157924,1501.2975832157924,ec7d5a1f033fd71d,0.43202941293690966,0.2476,0.10697062691801841,0.08176238491889522,0.0,0.020757465404224327,0.253823743627094,0.22032046613255646,0.28514202476329203,0.2199563000728332,0.2229285401139851,2.104340201665936,0.0,0.789127575624726,0.43840420868040336,1.0960105217010083,1.6121984363332573,0.10396265725625532,-0.016042780748663055,0.0,0.0,-0.06404683819239859,0.07172193157437341,full_same_season_static_retrospective_baseline_plus_shape_distributions_v9,constructor_lineage_regulation_and_stability_shrunk,high,baseline_plus_shape_distributions_v9,0.1403352181171458,0.061619491580552806,full_same_season_static_retrospective,1460.624392149393,0.0,25,DNF,,10945.0,18.0,,0.0,unavailable,,1.0,scheduled_distance_unavailable_assume_full,1469.2072140900234,0.024268288540002878,0.0,0.0,0.0,0.0,,0.0,,0.0,0.0,0.0,0.005937926925872433,1.5,1,-0.005937926925872433,0.0,0.33333333333333337,0.33333333333333337,all_field_expected_seconds_gap_residual_same_car_crossfit_v7_4,25,8,16.0,2.0,48.0,12.0,56.0,18.0,384.0,96.0,1460.5714742897298,1493.1101281223268,0,1.0,0,0.05291785966316692,0.4709210155312702,0.48055392642206374,-0.14722059308873037,0.0,1460.624392149393,1460.624392149393,1457.1101281223268,retrospective_first_five_backcast_previous_season_anchor_frozen_v7_5
behra,1953,German Grand Prix,Jean Behra,Gordini,Gordini,9,0.0021040350123494736,0.6371953799717109,1950-1960_front_engine,18,0.0,15.679999999999998,15.679999999999998,1.9939999999999998,nurburgring,0.7446658851113717,open_meteo_era5_air_temperature_track_proxy,7,1953-08-02,jolpica_cross_fitted_xw_xp,0.0,24,Gearbox,-15.0,5.832874196510561,2,prior_same_circuit_grid_movement,mechanical,,False,1480.1586255293967,0.0,0.4751177808072434,-0.5891103656380153,0.38265463521129417,-0.00900216072966922,-0.2650996645371069,0.47831829401411774,-0.001350324109450383,2.7334343911923513,0.022131017396149245,0.6213663240418956,13.494911306617444,0.02,0.0,0.05880602015151773,-0.2650996645371069,0.47831829401411774,-0.001350324109450383,-0.0140099508962625,-0.015981458186469916,-0.0012809372039571075,-0.030847388581298887,0.041469575935477156,-0.0032683283116232325,0.6195278592812569,0.04089442516816296,0.02264336447081295,0.02481138806444013,0.010662402267088826,-0.013021285589339515,-0.015189309182966695,-0.0010403233856153913,-0.013021285589339515,cross_fitted,season_grid_average,example_precomputed_capabilities,0.7223686752707323,0.0,-2.6020852139652106e-18,0.009622078881473435,0.6268817183238119,0.04089442516816296,0.6195278592812569,0.39999999999999997,0.7499999999999999,0.01250893851467581,-0.005515394281916275,-0.022131017396149245,,0.0,0.0,0.0,0.0,1480.1586255293967,revised_v3_parallel,prior_similar_races_current_season_only,field_centered_bounded_no_teammate_term,jeanbehra,jean-behra,gordini,,,,unmatched_constructor_fallback,constructor:gordini,Gearbox,mechanical,9.0,9,True,,10:45.500,True,False,,,,False,0.7736185383244206,,0.040665387628981225,0.0,0.0,0.1438550754903539,0.12990482256476182,full_same_season_static_retrospective_baseline_plus_shape_distributions_v9,constructor_lineage_regulation_and_stability_shrunk,3.599830086439095,1483.7584556158358,1507.4799577120248,1.509200258466055,1485.267655874302,1485.267655874302,ec7d5a1f033fd71d,0.43202941293690966,0.2476,0.10697062691801841,0.08176238491889522,0.0,0.020757465404224327,0.253823743627094,0.22032046613255646,0.28514202476329203,0.2199563000728332,0.2229285401139851,2.104340201665936,0.0,0.789127575624726,0.43840420868040336,1.0960105217010083,1.6121984363332573,0.10396265725625532,0.03603355764013384,0.0,0.0,0.1438550754903539,0.12990482256476182,full_same_season_static_retrospective_baseline_plus_shape_distributions_v9,constructor_lineage_regulation_and_stability_shrunk,high,baseline_plus_shape_distributions_v9,0.3924708164041997,0.12664218460385385,full_same_season_static_retrospective,1498.697934135548,0.13560619997412898,26,DNF,,10945.0,18.0,,0.0,unavailable,,1.0,scheduled_distance_unavailable_assume_full,1546.1170309031204,0.03262169270519759,0.0,0.0,0.0,0.0,,0.0,,0.0,0.0,0.0,0.0060509148599069505,4.8744450031508295,4,-0.0060509148599069505,0.0,,,all_field_expected_seconds_gap_residual_same_car_crossfit_v7_4,25,8,16.0,2.0,48.0,12.0,56.0,18.0,384.0,96.0,1495.9715516727965,1493.1101281223268,0,1.0,6,2.726382462751402,0.5079422517827236,0.66859700811596,,0.0,1498.697934135548,1498.697934135548,1481.55953053135,retrospective_first_five_backcast_previous_season_anchor_frozen_v7_5
schell,1953,German Grand Prix,Harry Schell,Gordini,Gordini,10,0.0005656286288963561,0.4475033442547701,1950-1960_front_engine,18,0.0,15.679999999999998,15.679999999999998,1.9939999999999998,nurburgring,0.7446658851113717,open_meteo_era5_air_temperature_track_proxy,7,1953-08-02,jolpica_cross_fitted_xw_xp,0.0,25,Engine,-15.0,5.832874196510561,2,prior_same_circuit_grid_movement,mechanical,,False,1495.415116282111,0.0,0.490120421793436,-0.23969394167093658,0.38265463521129417,-0.00900216072966922,-0.10786227375192146,0.47831829401411774,-0.001350324109450383,2.7334343911923513,0.02150317606378532,0.613003060839666,13.77089899229102,0.0,0.0,0.0,-0.10786227375192146,0.47831829401411774,-0.001350324109450383,-0.011120834769951344,-0.01584755443611587,-0.00127193766987059,-0.00968760843599355,0.042413451032261885,-0.0032642680637272785,0.6056376672065308,0.038447372189348,0.021288423980737724,0.026122568898736237,0.011310734385062039,-0.011081378667327528,-0.01591552358532604,-0.0011036890716518422,-0.011081378667327528,cross_fitted,season_grid_average,example_precomputed_capabilities,0.7223686752707323,-3.469446951953614e-18,0.0,0.010207045313410197,0.6350992417390718,0.038447372189348,0.6056376672065308,0.39999999999999997,0.7499999999999999,0.011296130750375123,-0.022096180899405793,-0.02150317606378532,,0.0,0.0,0.0,0.0,1495.415116282111,revised_v3_parallel,prior_similar_races_current_season_only,field_centered_bounded_no_teammate_term,harryschell,harry-schell,gordini,,,,unmatched_constructor_fallback,constructor:gordini,Engine,mechanical,10.0,10,True,,10:46.200,True,False,,,,False,0.7736185383244206,,0.040665387628981225,0.0,0.0,0.1438550754903539,0.12990482256476182,full_same_season_static_retrospective_baseline_plus_shape_distributions_v9,constructor_lineage_regulation_and_stability_shrunk,-14.073315046298433,1481.3418012358127,1447.4461390782851,1.341459894196245,1482.683261130009,1482.683261130009,ec7d5a1f033fd71d,0.43202941293690966,0.2476,0.10697062691801841,0.08176238491889522,0.0,0.020757465404224327,0.253823743627094,0.22032046613255646,0.28514202476329203,0.2199563000728332,0.2229285401139851,2.104340201665936,0.0,0.789127575624726,0.43840420868040336,1.0960105217010083,1.6121984363332573,0.10396265725625532,0.03603355764013384,0.0,0.0,0.1438550754903539,0.12990482256476182,full_same_season_static_retrospective_baseline_plus_shape_distributions_v9,constructor_lineage_regulation_and_stability_shrunk,high,baseline_plus_shape_distributions_v9,0.3924708164041997,0.12664218460385385,full_same_season_static_retrospective,1438.9918516726943,0.04060844086874841,27,DNF,,10945.0,18.0,,0.0,unavailable,,1.0,scheduled_distance_unavailable_assume_full,1470.5129802281333,0.024390474755172028,0.0,0.0,0.0,0.0,,0.0,,0.0,0.0,0.0,0.006852854375639038,4.408577481793531,4,-0.006852854375639038,0.0,,,all_field_expected_seconds_gap_residual_same_car_crossfit_v7_4,25,8,16.0,2.0,48.0,12.0,56.0,18.0,384.0,96.0,1435.9377330390569,1500.0,0,1.0,6,3.054118633637434,0.4499865418039382,0.5163696588141274,,0.0,1438.9918516726943,1438.9918516726943,1467.846035804736,retrospective_first_five_backcast_previous_season_anchor_frozen_v7_5
bira,1953,German Grand Prix,Prince Bira,Connaught,Connaught,15,0.0008483558822652372,0.5101170440740276,1950-1960_front_engine,18,0.0,15.679999999999998,15.679999999999998,1.9939999999999998,nurburgring,0.7446658851113717,open_meteo_era5_air_temperature_track_proxy,7,1953-08-02,jolpica_cross_fitted_xw_xp,0.0,26,Suspension,-11.0,5.832874196510561,2,prior_same_circuit_grid_movement,mechanical,,False,1512.6492584119608,0.0,0.5070842481216189,0.15501624501344627,-0.23216346722176906,0.7174110742677264,0.06975731025605082,-0.29020433402721135,0.10761166114015897,1.8175301977035587,0.014026152924448284,0.5301540966241428,16.50491481140329,0.0,0.0,0.0,0.06975731025605082,-0.29020433402721135,0.10761166114015897,-0.00460615790219397,-0.019345854771858774,0.0002606701450350192,0.016720403675062896,-0.04401225810817001,0.010572015250962304,0.534334056419679,0.02824095844185892,0.008320638961519031,0.023229908594461453,0.00474260147389388,-0.003771023048677837,-0.018680292681620258,-0.00019298556105268577,-0.003771023048677837,cross_fitted,season_grid_average,example_precomputed_capabilities,0.710637158579863,0.0,0.0,0.004549615912841194,0.5176142172375342,0.02824095844185892,0.534334056419679,0.39999999999999997,0.7499999999999999,0.00947653701160709,0.01253987938660861,-0.014026152924448284,,0.0,0.0,0.0,0.0,1512.6492584119608,revised_v3_parallel,prior_similar_races_current_season_only,field_centered_bounded_no_teammate_term,princebira,birabongse-bhanudej,connaught,connaught-engineering,connaught-a,connaught-a,exact_chassis,connaught-a,Suspension,mechanical,15.0,15,True,,11:02.100,True,,,,,False,0.7736185383244206,,-0.12068020452958768,0.0,0.0,-0.48891874560608284,0.02130361645801746,full_same_season_static_retrospective_baseline_plus_shape_distributions_v9,constructor_lineage_regulation_and_stability_shrunk,-1.7834575499555827,1510.8658008620052,1534.994884763335,0.5946701077849211,1511.46047096979,1511.46047096979,ec7d5a1f033fd71d,0.43202941293690966,0.2476,0.10697062691801841,0.08176238491889522,0.0,0.020757465404224327,0.253823743627094,0.22032046613255646,0.28514202476329203,0.2199563000728332,0.2229285401139851,2.104340201665936,0.0,0.789127575624726,0.43840420868040336,1.0960105217010083,1.6121984363332573,0.10396265725625532,-0.12246687675833898,0.0,0.0,-0.48891874560608284,0.02130361645801746,full_same_season_static_retrospective_baseline_plus_shape_distributions_v9,constructor_lineage_regulation_and_stability_shrunk,high,baseline_plus_shape_distributions_v9,-0.3249032158334059,0.01630913815650461,full_same_season_static_retrospective,1574.338325661531,0.15390679362737536,28,DNF,,10945.0,18.0,,0.0,unavailable,,1.0,scheduled_distance_unavailable_assume_full,1586.7045380875272,0.03813312337440987,0.0,0.0,0.0,0.0,,0.0,,0.0,0.0,0.0,-0.023307741314570928,2.9528219464875747,4,0.023307741314570928,0.0,,,all_field_expected_seconds_gap_residual_same_car_crossfit_v7_4,25,8,16.0,2.0,48.0,12.0,56.0,18.0,384.0,96.0,1574.1083844118216,1500.0,0,1.0,5,0.22994124970924942,0.5808427283983086,0.7106992961713798,,0.0,1574.338325661531,1574.338325661531,1551.3190190823254,retrospective_first_five_backcast_previous_season_anchor_frozen_v7_5
fitzau,1953,German Grand Prix,Theo Fitzau,AFM,AFM,21,0.0005574045247304223,0.4452032328156017,1950-1960_front_engine,18,0.0,15.679999999999998,15.679999999999998,1.9939999999999998,nurburgring,0.7446658851113717,open_meteo_era5_air_temperature_track_proxy,7,1953-08-02,jolpica_cross_fitted_xw_xp,0.0,27,Retired,-6.0,5.832874196510561,2,prior_same_circuit_grid_movement,other,0.21212121212121215,False,1500.0,0.0,0.4946330619037309,-0.13468724655498346,-0.9773340577542634,-0.2694702383898098,-0.06060926094974256,-1.2216675721928292,-0.040420535758471474,0.0,0.008492627078657392,0.4112175280103316,20.429821575659055,0.0,0.0,0.0,-0.06060926094974256,-1.2216675721928292,-0.040420535758471474,-0.003110086258764577,-0.014638673503909669,-0.0006013629135441181,0.0005374465420320644,-0.14301718222374196,-0.00204797516122628,0.4473494557210657,0.019502700684388412,0.002294202673594706,0.013405222624246182,0.001301624889978077,-0.001141624665424658,-0.012252644616076135,-0.00014904688180802906,-0.001141624665424658,cross_fitted,season_grid_average,example_precomputed_capabilities,0.6499999999999999,0.0,-2.7755575615628914e-17,0.001152578008170048,0.3028217448781295,0.019502700684388412,0.4473494557210657,0.39999999999999997,0.7499999999999999,0.007340049070487345,0.1083957831322021,-0.008492627078657392,-0.19909631588911947,0.0,0.0,0.0,0.0,1500.0,revised_v3_parallel,prior_similar_races_current_season_only,field_centered_bounded_no_teammate_term,theofitzau,theo-fitzau,afm,helmut-niedermayr,afm-6,afm-6,exact_chassis,afm-6,Engine,mechanical,21.0,21,True,,11:23.400,True,False,,,,False,0.7736185383244206,,-0.10701754385964912,0.0,0.0,-0.42724110132204257,0.025408879152626684,full_same_season_static_retrospective_baseline_plus_shape_distributions_v9,constructor_lineage_regulation_and_stability_shrunk,0.0,1500.0,1420.3941832992227,-0.4613144526510039,1499.538685547349,1499.538685547349,ec7d5a1f033fd71d,0.43202941293690966,0.2476,0.10697062691801841,0.08176238491889522,0.0,0.020757465404224327,0.253823743627094,0.22032046613255646,0.28514202476329203,0.2199563000728332,0.2229285401139851,2.104340201665936,0.0,0.789127575624726,0.43840420868040336,1.0960105217010083,1.6121984363332573,0.10396265725625532,-0.10701754385964912,0.0,0.0,-0.42724110132204257,0.025408879152626684,full_same_season_static_retrospective_baseline_plus_shape_distributions_v9,constructor_lineage_regulation_and_stability_shrunk,high,baseline_plus_shape_distributions_v9,-0.264156356593177,0.019400290279008345,full_same_season_static_retrospective,1453.9378350416996,0.0,29,DNF,,10945.0,18.0,,0.0,unavailable,,1.0,scheduled_distance_unavailable_assume_full,1433.5038798783837,0.02115444361749272,0.0,0.0,0.0,0.0,,0.0,,0.0,0.0,0.0,-0.01058039595024514,0.701607126435158,1,0.01058039595024514,0.0,0.21212121212121215,0.21212121212121215,all_field_expected_seconds_gap_residual_same_car_crossfit_v7_4,25,8,16.0,2.0,48.0,12.0,56.0,18.0,384.0,96.0,1454.573471404986,1490.573471404986,0,1.0,0,-0.6356363632864468,0.4644374251904661,0.4464044870322646,-0.23428327491105244,0.0,1453.9378350416996,1453.9378350416996,1454.573471404986,retrospective_first_five_backcast_previous_season_anchor_frozen_v7_5
adolff,1953,German Grand Prix,Kurt Adolff,Ferrari,Ferrari,27,0.008706427627818219,0.7852201945928174,1950-1960_front_engine,18,0.0,15.679999999999998,15.679999999999998,1.9939999999999998,nurburgring,0.7446658851113717,open_meteo_era5_air_temperature_track_proxy,7,1953-08-02,jolpica_cross_fitted_xw_xp,0.0,28,Retired,-1.0,5.832874196510561,2,prior_same_circuit_grid_movement,other,0.18181818181818177,False,1500.0,0.0,0.4946330619037309,-0.13468724655498346,1.308313919121977,1.1046497369497563,-0.06060926094974256,1.6353923989024712,0.16569746054246345,2.7334343911923513,0.012408050764040699,0.4357359585949392,19.620713366367006,0.02,0.0,0.05880602015151773,-0.06060926094974256,1.6353923989024712,0.16569746054246345,-0.007692622878543577,0.005344557723703528,0.0005811227618889097,-0.001382412302679964,0.2754005600801177,0.01684155348886293,0.363021033278364,0.013468216199811383,0.02371298895423768,0.010420670372042392,0.011558609209392922,-0.012011715147377436,0.0012806034348178518,0.0001426645974673211,-0.012011715147377436,cross_fitted,season_grid_average,example_precomputed_capabilities,0.7223686752707323,-2.168404344971009e-19,0.0,0.011701273806860243,0.6538807345446647,0.013468216199811383,0.363021033278364,0.39999999999999997,0.7499999999999999,0.0007067769571804557,-0.21814477594972548,-0.012408050764040699,-0.2539177767767574,0.0,0.0,0.0,0.0,1500.0,revised_v3_parallel,prior_similar_races_current_season_only,field_centered_bounded_no_teammate_term,kurtadolff,kurt-adolff,ferrari,ecurie-espadon,,ferrari-212|ferrari-500,ambiguous_chassis_constructor_fallback,constructor:ferrari,Transmission,mechanical,27.0,27,True,,11:53.100,True,False,,,,False,0.7736185383244206,,0.1412031658605319,0.0,0.0,0.5174006124761882,0.37769047501543607,full_same_season_static_retrospective_baseline_plus_shape_distributions_v9,constructor_lineage_regulation_and_stability_shrunk,0.0,1500.0,1495.9655204030812,-2.064971492222254,1497.9350285077778,1497.9350285077778,ec7d5a1f033fd71d,0.43202941293690966,0.2476,0.10697062691801841,0.08176238491889522,0.0,0.020757465404224327,0.253823743627094,0.22032046613255646,0.28514202476329203,0.2199563000728332,0.2229285401139851,2.104340201665936,0.0,0.789127575624726,0.43840420868040336,1.0960105217010083,1.6121984363332573,0.10396265725625532,0.12960116095418145,0.0,0.0,0.5174006124761882,0.37769047501543607,full_same_season_static_retrospective_baseline_plus_shape_distributions_v9,constructor_lineage_regulation_and_stability_shrunk,high,baseline_plus_shape_distributions_v9,0.8394814251061448,0.45420054684648675,full_same_season_static_retrospective,1450.8867627550526,0.0,30,DNF,,10945.0,18.0,,0.0,unavailable,,1.0,scheduled_distance_unavailable_assume_full,1506.0194821232394,0.027959475158170467,0.0,0.0,0.0,0.0,,0.0,,0.0,0.0,0.0,0.02531717960454192,20.143998082105433,6,-0.02531717960454192,0.0,0.18181818181818177,0.18181818181818177,all_field_expected_seconds_gap_residual_same_car_crossfit_v7_4,25,8,16.0,2.0,48.0,12.0,56.0,18.0,384.0,96.0,1454.573471404986,1490.573471404986,0,1.0,0,-3.6867086499336024,0.4614823771186119,0.515835843448608,-0.33401766163042623,0.0,1450.8867627550526,1450.8867627550526,1454.573471404986,retrospective_first_five_backcast_previous_season_anchor_frozen_v7_5
bechem,1953,German Grand Prix,Günther Bechem,AFM,AFM,30,0.0002322354347871162,0.30774500831093893,1950-1960_front_engine,18,0.0,15.679999999999998,15.679999999999998,1.9939999999999998,nurburgring,0.7446658851113717,open_meteo_era5_air_temperature_track_proxy,7,1953-08-02,jolpica_cross_fitted_xw_xp,0.0,29,Retired,1.0,5.832874196510561,2,prior_same_circuit_grid_movement,other,0.1515151515151515,False,1500.0,0.0,0.4946330619037309,-0.13468724655498346,-0.9773340577542634,-0.2694702383898098,-0.06060926094974256,-1.2216675721928292,-0.040420535758471474,0.0,0.004873770106061877,0.29752223473626016,24.181766253703415,0.0,0.0,0.0,-0.06060926094974256,-1.2216675721928292,-0.040420535758471474,-0.0017848240944587596,-0.00840087862742162,-0.00034511165553132263,0.0011648196365155183,-0.10340573578120198,-0.00023507747572905358,0.32314123314136406,0.011192258732508899,0.0013166027784162154,0.007693022746205889,0.0007469797530641287,-0.000655158423319019,-0.0070315783911086924,-8.553539796693228e-05,-0.000655158423319019,cross_fitted,season_grid_average,example_precomputed_capabilities,0.6499999999999999,0.0,0.0,0.0006614443550971964,0.22066523952094855,0.011192258732508899,0.32314123314136406,0.39999999999999997,0.7499999999999999,0.0042123257509646805,0.07685699521531161,-0.004873770106061877,-0.14600708322110867,0.0,0.0,0.0,0.0,1500.0,revised_v3_parallel,prior_similar_races_current_season_only,field_centered_bounded_no_teammate_term,guntherbechem,karl-gunther-bechem,afm,gunther-bechem,afm-6,afm-6,exact_chassis,afm-6,Engine,mechanical,30.0,30,True,,12:13.300,True,,,,,False,0.7736185383244206,,-0.10701754385964912,0.0,0.0,-0.42724110132204257,0.025408879152626684,full_same_season_static_retrospective_baseline_plus_shape_distributions_v9,constructor_lineage_regulation_and_stability_shrunk,-2.9347564012126064,1497.0652435987874,1416.4611517012079,-2.0806267066340807,1494.9846168921533,1494.9846168921533,ec7d5a1f033fd71d,0.43202941293690966,0.2476,0.10697062691801841,0.08176238491889522,0.0,0.020757465404224327,0.253823743627094,0.22032046613255646,0.28514202476329203,0.2199563000728332,0.2229285401139851,2.104340201665936,0.0,0.789127575624726,0.43840420868040336,1.0960105217010083,1.6121984363332573,0.10396265725625532,-0.10701754385964912,0.0,0.0,-0.42724110132204257,0.025408879152626684,full_same_season_static_retrospective_baseline_plus_shape_distributions_v9,constructor_lineage_regulation_and_stability_shrunk,high,baseline_plus_shape_distributions_v9,-0.264156356593177,0.019400290279008345,full_same_season_static_retrospective,1446.776971726845,0.0,31,DNF,,10945.0,18.0,,0.0,unavailable,,1.0,scheduled_distance_unavailable_assume_full,1426.306913588837,0.020576905279795738,0.0,0.0,0.0,0.0,,0.0,,0.0,0.0,0.0,-0.01058039595024514,0.701607126435158,1,0.01058039595024514,0.0,0.1515151515151515,0.1515151515151515,all_field_expected_seconds_gap_residual_same_car_crossfit_v7_4,25,8,16.0,2.0,48.0,12.0,56.0,18.0,384.0,96.0,1450.6404398069712,1493.1101281223268,0,1.0,0,-3.8634680801262435,0.4575057663029988,0.43960537019765933,-0.28809021868250784,0.0,1446.776971726845,1446.776971726845,1457.1101281223268,retrospective_first_five_backcast_previous_season_anchor_frozen_v7_5
trintignant,1953,German Grand Prix,Maurice Trintignant,Gordini,Gordini,5,0.0006283330190248438,0.4639530854783433,1950-1960_front_engine,18,0.0,15.679999999999998,15.679999999999998,1.9939999999999998,nurburgring,0.7446658851113717,open_meteo_era5_air_temperature_track_proxy,7,1953-08-02,jolpica_cross_fitted_xw_xp,0.0,30,Differential,-25.0,5.832874196510561,2,prior_same_circuit_grid_movement,other,0.12121212121212122,False,1474.891874180072,0.0,0.4699466943920166,-0.7097337417625295,0.38265463521129417,-0.00900216072966922,-0.31938018379313826,0.47831829401411774,-0.001350324109450383,2.7334343911923513,0.02802476314382571,0.6687339556877507,11.931779462304226,0.06,0.0,0.12582799404508693,-0.31938018379313826,0.47831829401411774,-0.001350324109450383,-0.01882330088796775,-0.020095975575145725,-0.0016101705333110444,-0.038177548241086635,0.023900861501776133,-0.0038030615949850946,0.6732538927713246,0.05234243134168042,0.028982159433332218,0.030540022420687374,0.013090136862870014,-0.017169175088076315,-0.01872703807543147,-0.0012771525176141114,-0.017169175088076315,cross_fitted,season_grid_average,example_precomputed_capabilities,0.7223686752707323,-6.938893903907228e-18,0.0,0.011812984345255902,0.655174144437029,0.05234243134168042,0.6732538927713246,0.39999999999999997,0.7499999999999999,0.016211778798569807,0.013559811250721698,-0.02802476314382571,-0.5475218344756295,0.0,0.0,0.0,0.0,1474.891874180072,revised_v3_parallel,prior_similar_races_current_season_only,field_centered_bounded_no_teammate_term,mauricetrintignant,maurice-trintignant,gordini,,,,unmatched_constructor_fallback,constructor:gordini,Differential,other,5.0,5,True,,10:21.700,True,False,,,,False,0.7736185383244206,,0.040665387628981225,0.0,0.0,0.1438550754903539,0.12990482256476182,full_same_season_static_retrospective_baseline_plus_shape_distributions_v9,constructor_lineage_regulation_and_stability_shrunk,6.91352096927535,1481.8053951493473,1500.6043992770549,2.247850068432134,1484.0532452177795,1484.0532452177795,ec7d5a1f033fd71d,0.43202941293690966,0.2476,0.10697062691801841,0.08176238491889522,0.0,0.020757465404224327,0.253823743627094,0.22032046613255646,0.28514202476329203,0.2199563000728332,0.2229285401139851,2.104340201665936,0.0,0.789127575624726,0.43840420868040336,1.0960105217010083,1.6121984363332573,0.10396265725625532,0.03603355764013384,0.0,0.0,0.1438550754903539,0.12990482256476182,full_same_season_static_retrospective_baseline_plus_shape_distributions_v9,constructor_lineage_regulation_and_stability_shrunk,high,baseline_plus_shape_distributions_v9,0.3924708164041997,0.12664218460385385,full_same_season_static_retrospective,1493.3559229458544,0.0812563101788871,34,DNF,,10945.0,18.0,,0.0,unavailable,,1.0,scheduled_distance_unavailable_assume_full,1516.317700395835,0.02908913328604835,0.0,0.0,0.0,0.0,,0.0,,0.0,0.0,0.0,-0.0021488858310902757,3.3144254412700844,4,0.0021488858310902757,0.0,0.12121212121212122,0.12121212121212122,all_field_expected_seconds_gap_residual_same_car_crossfit_v7_4,25,8,16.0,2.0,48.0,12.0,56.0,18.0,384.0,96.0,1489.0959932378266,1500.0,0,1.0,7,4.259929708027892,0.5027451151146544,0.6091418370187245,-0.48792971580660327,0.0,1493.3559229458544,1493.3559229458544,1471.042854933691,retrospective_first_five_backcast_previous_season_anchor_frozen_v7_5
salvadori,1953,German Grand Prix,Roy Salvadori,Connaught,Connaught,13,0.00014551486988905333,0.23874286801731512,1950-1960_front_engine,18,0.0,15.679999999999998,15.679999999999998,1.9939999999999998,nurburgring,0.7446658851113717,open_meteo_era5_air_temperature_track_proxy,7,1953-08-02,jolpica_cross_fitted_xw_xp,0.0,31,Engine,-18.0,5.832874196510561,2,prior_same_circuit_grid_movement,mechanical,,False,1501.7350514696827,0.0,0.4963409796036684,-0.09494970207231791,-0.23216346722176906,0.7174110742677264,-0.04272736593254306,-0.29020433402721135,0.10761166114015897,1.8175301977035587,0.015635736596841452,0.5534691504080377,15.735518036534756,0.0,0.0,0.0,-0.04272736593254306,-0.29020433402721135,0.10761166114015897,-0.006425558439637673,-0.02105902282184407,0.0002937178565017235,0.0010524414032136626,-0.04990192830641358,0.010131406198237953,0.5631486705842782,0.031950254639829465,0.009413509606408398,0.024221803812339807,0.004964278680301833,-0.00465411837155895,-0.01946241257749036,-0.000204887445452385,-0.00465411837155895,cross_fitted,season_grid_average,example_precomputed_capabilities,0.710637158579863,0.0,0.0,0.004759391234849448,0.5244305898793162,0.031950254639829465,0.5631486705842782,0.39999999999999997,0.7499999999999999,0.010876345361992005,0.029038560528721447,-0.015635736596841452,,0.0,0.0,0.0,0.0,1501.7350514696827,revised_v3_parallel,prior_similar_races_current_season_only,field_centered_bounded_no_teammate_term,roysalvadori,roy-salvadori,connaught,connaught-engineering,connaught-a,connaught-a,exact_chassis,connaught-a,Engine,mechanical,13.0,13,True,,10:57.500,True,False,,,,False,0.7736185383244206,,-0.12068020452958768,0.0,0.0,-0.48891874560608284,0.02130361645801746,full_same_season_static_retrospective_baseline_plus_shape_distributions_v9,constructor_lineage_regulation_and_stability_shrunk,-5.285655117091629,1496.449396352591,1432.1427480284735,1.042067541402316,1497.4914638939933,1497.4914638939933,ec7d5a1f033fd71d,0.43202941293690966,0.2476,0.10697062691801841,0.08176238491889522,0.0,0.020757465404224327,0.253823743627094,0.22032046613255646,0.28514202476329203,0.2199563000728332,0.2229285401139851,2.104340201665936,0.0,0.789127575624726,0.43840420868040336,1.0960105217010083,1.6121984363332573,0.10396265725625532,-0.12246687675833898,0.0,0.0,-0.48891874560608284,0.02130361645801746,full_same_season_static_retrospective_baseline_plus_shape_distributions_v9,constructor_lineage_regulation_and_stability_shrunk,high,baseline_plus_shape_distributions_v9,-0.3249032158334059,0.01630913815650461,full_same_season_static_retrospective,1473.3952383045278,0.0,32,DNF,,10945.0,18.0,,0.0,unavailable,,1.0,scheduled_distance_unavailable_assume_full,1440.977557413701,0.021771350258485703,0.0,0.0,0.0,0.0,,0.0,,0.0,0.0,0.0,-0.024234735502386348,3.619889306793442,5,0.024234735502386348,0.0,,,all_field_expected_seconds_gap_residual_same_car_crossfit_v7_4,25,8,16.0,2.0,48.0,12.0,56.0,18.0,384.0,96.0,1471.2562476769601,1493.1101281223268,0,1.0,1,2.138990627567622,0.4833264243623869,0.4602448328566648,,0.0,1473.3952383045278,1473.3952383045278,1470.5032006392678,retrospective_first_five_backcast_previous_season_anchor_frozen_v7_5
bauer,1953,German Grand Prix,Erwin Bauer,Veritas,Veritas,33,0.0001296525776370159,0.22268103075646717,1950-1960_front_engine,18,0.0,15.679999999999998,15.679999999999998,1.9939999999999998,nurburgring,0.7446658851113717,open_meteo_era5_air_temperature_track_proxy,7,1953-08-02,jolpica_cross_fitted_xw_xp,0.0,32,Retired,1.0,5.832874196510561,2,prior_same_circuit_grid_movement,other,0.06060606060606055,False,1500.0,0.0,0.4946330619037309,-0.13468724655498346,-0.9773340577542634,-1.747613602855316,-0.06060926094974256,-1.2216675721928292,-0.26214204042829736,0.4809092205816715,0.004016293661370768,0.2593692189815963,25.44081577360732,0.0,0.0,0.0,-0.06060926094974256,-1.2216675721928292,-0.26214204042829736,-0.0014151513096933596,-0.006587532047283733,-0.0008050091548128635,0.0012563591673120885,-0.08630195142330487,-0.018898028447939755,0.28535512415757947,0.009300909168444742,0.0009810866747223543,0.005628683429822808,0.0006207496627769027,-0.00048787001806756855,-0.005135466773168023,-0.0001275330061221169,-0.00048787001806756855,cross_fitted,season_grid_average,example_precomputed_capabilities,0.676738615798087,0.0,0.0,0.0004932166566547858,0.18141150345364693,0.009300909168444742,0.28535512415757947,0.39999999999999997,0.7499999999999999,0.0035230770047159823,0.07795771552794939,-0.004016293661370768,-0.19876315837553576,0.0,0.0,0.0,0.0,1500.0,revised_v3_parallel,prior_similar_races_current_season_only,field_centered_bounded_no_teammate_term,erwinbauer,erwin-bauer,veritas,erwin-bauer,veritas-rs,veritas-rs,exact_chassis,veritas-rs,Engine,mechanical,33.0,33,True,,,True,False,,,,False,0.7736185383244206,,-0.16755793226381455,0.0,0.0,-0.6689336433428313,0.012737476655596592,full_same_season_static_retrospective_baseline_plus_shape_distributions_v9,constructor_lineage_regulation_and_stability_shrunk,0.0,1500.0,1401.0587799375596,-2.5183037162781066,1497.481696283722,1497.481696283722,ec7d5a1f033fd71d,0.43202941293690966,0.2476,0.10697062691801841,0.08176238491889522,0.0,0.020757465404224327,0.253823743627094,0.22032046613255646,0.28514202476329203,0.2199563000728332,0.2229285401139851,2.104340201665936,0.0,0.789127575624726,0.43840420868040336,1.0960105217010083,1.6121984363332573,0.10396265725625532,-0.16755793226381455,0.0,0.0,-0.6689336433428313,0.012737476655596592,full_same_season_static_retrospective_baseline_plus_shape_distributions_v9,constructor_lineage_regulation_and_stability_shrunk,high,baseline_plus_shape_distributions_v9,-0.5333307539950238,0.008990948256294443,full_same_season_static_retrospective,1449.7942233460906,0.0,33,DNF,,10945.0,18.0,,0.0,unavailable,,1.0,scheduled_distance_unavailable_assume_full,1410.026309626653,0.019327938433996553,0.0,0.0,0.0,0.0,,0.0,,0.0,0.0,0.0,-0.02896926938595494,3.0,2,0.02896926938595494,0.0,0.06060606060606055,0.06060606060606055,all_field_expected_seconds_gap_residual_same_car_crossfit_v7_4,25,8,16.0,2.0,48.0,12.0,56.0,18.0,384.0,96.0,1454.573471404986,1490.573471404986,0,1.0,0,-4.779248058895456,0.4604247971639621,0.42418859413195664,-0.3635825335258961,0.0,1449.7942233460906,1449.7942233460906,1454.573471404986,retrospective_first_five_backcast_previous_season_anchor_frozen_v7_5
hans_stuck,1953,German Grand Prix,Hans von Stuck,AFM,AFM,23,0.0004926920988789963,0.42576078081376606,1950-1960_front_engine,18,0.0,15.679999999999998,15.679999999999998,1.9939999999999998,nurburgring,0.7446658851113717,open_meteo_era5_air_temperature_track_proxy,7,1953-08-02,jolpica_cross_fitted_xw_xp,0.0,33,Retired,-10.0,5.832874196510561,2,prior_same_circuit_grid_movement,other,0.030303030303030276,False,1500.0,0.0,0.4946330619037309,-0.13468724655498346,-0.9773340577542634,-0.2694702383898098,-0.06060926094974256,-1.2216675721928292,-0.040420535758471474,0.0,0.00750666719543395,0.38502330919572936,21.29423079654093,0.0,0.0,0.0,-0.06060926094974256,-1.2216675721928292,-0.040420535758471474,-0.0027490177394353227,-0.012939182323526574,-0.0005315470953619061,0.0007406596013031322,-0.13396076924960953,-0.0016101822618997026,0.4187308821732809,0.017238515490428232,0.0020278549605492456,0.011848930135388248,0.0011505114697563565,-0.0010090866284448163,-0.01083016180328382,-0.00013174313765192732,-0.0010090866284448163,cross_fitted,season_grid_average,example_precomputed_capabilities,0.6499999999999999,0.0,-2.7755575615628914e-17,0.0010187683321044292,0.2839005902630748,0.017238515490428232,0.4187308821732809,0.39999999999999997,0.7499999999999999,0.006487898863329521,0.10112271893265457,-0.00750666719543395,-0.3547202788926991,0.0,0.0,0.0,0.0,1500.0,revised_v3_parallel,prior_similar_races_current_season_only,field_centered_bounded_no_teammate_term,hansvonstuck,hans-stuck,afm,hans-stuck,afm-6,afm-6,exact_chassis,afm-6,Engine,mechanical,23.0,23,True,,11:37.200,True,,,,,False,0.7736185383244206,,-0.10701754385964912,0.0,0.0,-0.42724110132204257,0.025408879152626684,full_same_season_static_retrospective_baseline_plus_shape_distributions_v9,constructor_lineage_regulation_and_stability_shrunk,-1.1936617994697187,1498.8063382005303,1421.0173798628591,-0.8180142566561586,1497.988323943874,1497.988323943874,ec7d5a1f033fd71d,0.43202941293690966,0.2476,0.10697062691801841,0.08176238491889522,0.0,0.020757465404224327,0.253823743627094,0.22032046613255646,0.28514202476329203,0.2199563000728332,0.2229285401139851,2.104340201665936,0.0,0.789127575624726,0.43840420868040336,1.0960105217010083,1.6121984363332573,0.10396265725625532,-0.10701754385964912,0.0,0.0,-0.42724110132204257,0.025408879152626684,full_same_season_static_retrospective_baseline_plus_shape_distributions_v9,constructor_lineage_regulation_and_stability_shrunk,high,baseline_plus_shape_distributions_v9,-0.264156356593177,0.019400290279008345,full_same_season_static_retrospective,1453.8266392319586,0.0,35,DNF,,10945.0,18.0,,0.0,unavailable,,1.0,scheduled_distance_unavailable_assume_full,1438.895672564006,0.021597717713978504,0.0,0.0,0.0,0.0,,0.0,,0.0,0.0,0.0,0.0,0.0,0,0.0,0.0,0.030303030303030276,0.030303030303030276,all_field_expected_seconds_gap_residual_same_car_crossfit_v7_4,25,8,16.0,2.0,48.0,12.0,56.0,18.0,384.0,96.0,1455.1966679686225,1493.1101281223268,0,1.0,0,-1.3700287366639476,0.46432968894231574,0.4462987699403852,-0.4159957396373549,0.0,1453.8266392319586,1453.8266392319586,1457.232052650848,retrospective_first_five_backcast_previous_season_anchor_frozen_v7_5
loof,1953,German Grand Prix,Ernst Loof,Veritas,Veritas,31,0.00014668173811243517,0.23987083850277005,1950-1960_front_engine,18,0.0,15.679999999999998,15.679999999999998,1.9939999999999998,nurburgring,0.7446658851113717,open_meteo_era5_air_temperature_track_proxy,7,1953-08-02,jolpica_cross_fitted_xw_xp,0.0,34,Fuel pump,-3.0,5.832874196510561,2,prior_same_circuit_grid_movement,mechanical,,False,1500.0,0.0,0.4946330619037309,-0.13468724655498346,-0.9773340577542634,-1.747613602855316,-0.06060926094974256,-1.2216675721928292,-0.26214204042829736,0.4809092205816715,0.004543811976258213,0.28209237201105686,24.690951723635123,0.0,0.0,0.0,-0.06060926094974256,-1.2216675721928292,-0.26214204042829736,-0.0016010237326638996,-0.007452768530928737,-0.0009107427262646343,0.0012301060906787231,-0.09402307090622808,-0.020018610200493225,0.31029526576506755,0.010522532970172577,0.0011099470701625184,0.00636798036582465,0.000702281752729523,-0.0005519490898472134,-0.005809982385509345,-0.00014428377241421802,-0.0005519490898472134,cross_fitted,season_grid_average,example_precomputed_capabilities,0.676738615798087,0.0,0.0,0.000557997980315305,0.19748369074902497,0.010522532970172577,0.31029526576506755,0.39999999999999997,0.7499999999999999,0.003985813995942908,0.08460868126203189,-0.004543811976258213,,0.0,0.0,0.0,0.0,1500.0,revised_v3_parallel,prior_similar_races_current_season_only,field_centered_bounded_no_teammate_term,ernstloof,ernst-loof,veritas,ernst-loof,veritas-meteor,veritas-meteor,exact_chassis,veritas-meteor,Fuel pump,mechanical,31.0,31,True,,12:16.800,True,False,,,,False,0.7736185383244206,,-0.016042780748663055,0.0,0.0,-0.06404683819239859,0.07172193157437341,full_same_season_static_retrospective_baseline_plus_shape_distributions_v9,constructor_lineage_regulation_and_stability_shrunk,0.0,1500.0,1449.4497243495941,-2.4679093619718917,1497.5320906380282,1497.5320906380282,ec7d5a1f033fd71d,0.43202941293690966,0.2476,0.10697062691801841,0.08176238491889522,0.0,0.020757465404224327,0.253823743627094,0.22032046613255646,0.28514202476329203,0.2199563000728332,0.2229285401139851,2.104340201665936,0.0,0.789127575624726,0.43840420868040336,1.0960105217010083,1.6121984363332573,0.10396265725625532,-0.016042780748663055,0.0,0.0,-0.06404683819239859,0.07172193157437341,full_same_season_static_retrospective_baseline_plus_shape_distributions_v9,constructor_lineage_regulation_and_stability_shrunk,high,baseline_plus_shape_distributions_v9,0.1403352181171458,0.061619491580552806,full_same_season_static_retrospective,1449.9681724499649,0.0,36,DNF,,10945.0,18.0,,0.0,unavailable,,1.0,scheduled_distance_unavailable_assume_full,1458.5877630445148,0.023297043340402987,0.0,0.0,0.0,0.0,,0.0,,0.0,0.0,0.0,0.005937926925872433,1.5,1,-0.005937926925872433,0.0,,,all_field_expected_seconds_gap_residual_same_car_crossfit_v7_4,25,8,16.0,2.0,48.0,12.0,56.0,18.0,384.0,96.0,1454.573471404986,1490.573471404986,0,1.0,0,-4.60529895502127,0.46059315918737687,0.47034460013738133,,0.0,1449.9681724499649,1449.9681724499649,1454.573471404986,retrospective_first_five_backcast_previous_season_anchor_frozen_v7_5
