driver_id,season,event,driver,constructor,team,grid,v02_XW,v02_XP,regulation_era,race_distance_laps,wet_fraction,track_temperature,air_temperature,wind_speed,circuit_id,overtake_index,weather_source,round,date,source,observed_winner,position,status,positions_gained,overtake_proxy_raw,circuit_history_races,overtake_source,status_class,observed_performance,rating_eligible,pre_rating,season_reversion_delta,driver_expected_from_rating,driver_score_raw_revised,car_score_raw_revised,team_score_raw_revised,XdW_score_revised,XcW_score_revised,XtW_score_revised,car_effective_prior_races,XW,XP,expected_position,XW_simulated,XW_lower_95,XW_upper_95,XdW_score,XcW_score,XtW_score,XdW_probability_contribution,XcW_probability_contribution,XtW_probability_contribution,XdP_performance_contribution,XcP_performance_contribution,XtP_performance_contribution,XP_neutral_baseline,XW_neutral_baseline,XW_with_neutral_driver,XW_with_neutral_car,XW_with_neutral_team,driver_direct_uplift,car_direct_uplift,team_direct_uplift,driver_above_car_expectation,analysis_mode,neutral_reference,data_quality,model_confidence,decomposition_error,xp_decomposition_error,XW_raw_revised,XP_raw_revised,XW_neutral_revised,XP_neutral_revised,xw_calibration_shrinkage,xp_calibration_shrinkage,xw_calibration_adjustment,xp_calibration_adjustment,win_surprise,performance_surprise,raw_rating_delta,field_centering_adjustment,rating_delta,teammate_rating_delta,post_rating,model_version,car_prior_scope,rating_update_method,driver_name_key,driver_id_f1db,constructor_id_f1db,entrant_id,car_model_id,car_model_candidates,car_identity_resolution,model_entity_id,reason_retired_f1db,status_class_f1db,qualifying_position,qualifying_position_text,qualifying_eligible,qualifying_laps,qualifying_time,f1db_joined,clean_pass_proxy_eligible,clean_grid_rank,clean_finish_rank,clean_positions_gained,car_fit_eligible,field_performance,relative_performance,current_car_score_raw,constructor_prior_z_x,prior_weight_total_x,car_suitability_score_v6,expected_car_win_v6,car_model_scope_v6,car_prior_scope_v6,qualifying_rating_carried_v6,pre_qualifying_rating_v6,pre_session_strength,qualifying_delta_v6,pre_race_rating_v6,post_event_rating_v6,layout_key,straight_demand,altitude_demand,top_three_straight_share,straight_600_1000_track_share,straight_over_1000_track_share,radius_under_50_distance_share,radius_50_90_distance_share,radius_90_150_distance_share,radius_150_250_distance_share,radius_250_450_distance_share,steady_long_turn_distance_share,opposite_direction_links_per_km,same_direction_links_per_km,multi_turn_complexes_per_km,multi_apex_turns_per_km,tightening_turns_per_km,approach_severity_per_km,top_three_turning_share,current_car_score_raw_v7_6,constructor_prior_z_y,prior_weight_total_y,car_suitability_score_v7_6,expected_car_win_v7_6,car_model_scope_v7_6,car_prior_scope_v7_6,shape_topology_quality,car_suitability_model_branch_v7_6,car_suitability_score_v6_baseline,expected_car_win_v6_baseline,car_model_scope_v6_baseline,retrospective_pre_race_rating,driver_context_adjustment,result_order,finish_position_text,gap_laps,winner_race_time_seconds,winner_race_laps,cumulative_gap_share,cumulative_gap_reliability,cumulative_gap_quality,race_completion_fraction_v7_4,race_completion_reliability_v7_4,race_completion_quality_v7_4,pairwise_pre_race_strength_v7_4,field_xw_v7_4,margin_comparison_count,margin_comparison_weight,weighted_pair_gap_residual,same_car_margin_comparisons,eligible_timed_field_size,margin_race_completion_reliability,mean_pair_gap_residual_score,margin_pair_coverage,margin_field_depth_factor,raw_pairwise_margin_performance_adjustment,crossfit_car_margin_component,crossfit_car_margin_effective_rows,crossfit_car_margin_other_drivers,driver_margin_adjustment_before_centering,pairwise_margin_performance_adjustment,observed_performance_position_only,gap_adjusted_observed_performance,pairwise_margin_model,event_index,season_rounds,calendar_reference_rounds,calendar_k_multiplier,effective_race_k,effective_qualifying_k,effective_max_race_delta,effective_max_qualifying_delta,scheduled_race_k_budget,scheduled_qualifying_k_budget,retrospective_pre_qualifying_rating,retrospective_debut_anchor,inactivity_seasons,return_uncertainty_multiplier,driver_context_prior_samples,retrospective_qualifying_delta,retrospective_driver_expected_from_rating,retrospective_expected_performance,retrospective_performance_residual,retrospective_race_delta,retrospective_post_rating,retrospective_rating,debut_rating_frozen,rating_history_scope
gonzalez,1954,British Grand Prix,José Froilán González,Ferrari,Ferrari,2,0.25795727658337825,0.9507742505770393,1950-1960_front_engine,90,0.8,13.9,13.9,7.1659999999999995,silverstone,0.6911258710265415,open_meteo_era5_air_temperature_track_proxy,5,1954-07-17,jolpica_cross_fitted_xw_xp,1.0,1,Finished,1.0,4.475129550820555,4,prior_same_circuit_grid_movement,finished,1.0625895190817123,True,1513.0504533896358,0.0,0.5090813731395116,0.1893666492546266,1.0321933931151823,1.1286106888901906,0.08521499216458198,1.290241741393978,0.16929160333352858,1.7283560554089008,0.09479715914808859,0.7427197752810688,9.232967191005798,0.1,0.016844242532462014,0.18315575746753798,0.08521499216458198,1.290241741393978,0.16929160333352858,-0.005178801374334727,0.04605643649620068,0.00434550752293077,0.005167292220702872,0.10928772166812781,0.012282181578903853,0.7110354764141352,0.06540211642897074,0.1169798851904584,0.06544708363805357,0.10700706656162375,-0.006354626116690937,0.045178175435713896,0.0036181925121437225,-0.006354626116690937,cross_fitted,season_grid_average,example_precomputed_capabilities,0.709188523668046,0.0,0.0,0.11062525907376747,0.8377726718818698,0.06540211642897074,0.7110354764141352,0.35,0.7499999999999999,-0.01582809992567888,-0.09505289660080096,0.9052028408519114,0.2572802247189312,26.355912225386636,-2.0156330718778683,24.340279153508767,0.0,1537.3907325431446,revised_v3_parallel,prior_similar_races_current_season_only,field_centered_bounded_no_teammate_term,josefroilangonzalez,jose-froilan-gonzalez,ferrari,scuderia-ferrari,,ferrari-500|ferrari-553|ferrari-625,ambiguous_chassis_constructor_fallback,constructor:ferrari,,finished,2.0,2,True,,1:46.000,True,True,2.0,1.0,1.0,True,0.6167763157894737,0.3832236842105263,0.08567182721008892,0.0,0.0,0.31911662233631705,0.26290395548791207,full_same_season_static_retrospective_baseline_plus_shape_distributions_v9,constructor_lineage_regulation_and_stability_shrunk,30.02546712009502,1543.0759205097308,1664.618554976891,2.266893293172518,1545.3428138029033,1569.683092956412,748c427fac885acd,0.5100327774028728,0.0608,0.3181336161187699,0.1378579003181336,0.0,0.0,0.0,0.2386634844868735,0.5656324582338902,0.1957040572792363,0.2301166489925769,0.21208907741251326,0.0,0.21208907741251326,0.21208907741251326,0.0,0.9395673122753119,0.5132711972991405,0.09220071224904963,0.0,0.0,0.31911662233631705,0.26290395548791207,full_same_season_static_retrospective_baseline_plus_shape_distributions_v9,constructor_lineage_regulation_and_stability_shrunk,high,baseline_plus_shape_distributions_v9,0.7051586338818707,0.3321308523758158,full_same_season_static_retrospective,1642.72508358775,0.15526041442419208,1,1,,10574.0,90.0,0.0,1.0,winner_origin,,1.0,scheduled_distance_unavailable_assume_full,1684.8837099700697,0.057054906378251065,14.0,13.5,2.805126425518279,2.0,15.0,1.0,0.2077871426309836,1.0,0.8583950752789521,0.07134538397628862,0.006307353168811597,12.968512018931147,7,0.06503803080747703,0.06258951908171219,1.0,1.0625895190817123,all_field_expected_seconds_gap_residual_same_car_crossfit_v7_4,31,8,16.0,2.0,48.0,12.0,56.0,18.0,384.0,96.0,1639.0892251899854,1500.0,0,1.0,13,3.6358583977647365,0.6374396962778183,0.8250940193978518,0.23749549968386052,8.251252889863878,1650.976336477614,1650.976336477614,1535.955471192533,retrospective_first_five_backcast_previous_season_anchor_frozen_v7_5
hawthorn,1954,British Grand Prix,Mike Hawthorn,Ferrari,Ferrari,3,0.08802908376574999,0.9003571282932236,1950-1960_front_engine,90,0.8,13.9,13.9,7.1659999999999995,silverstone,0.6911258710265415,open_meteo_era5_air_temperature_track_proxy,5,1954-07-17,jolpica_cross_fitted_xw_xp,0.0,2,Finished,1.0,4.475129550820555,4,prior_same_circuit_grid_movement,finished,1.0224193754037811,True,1503.082523567418,0.0,0.4992721382063432,-0.024639173752909464,1.0321933931151823,1.1286106888901906,-0.011087628188809259,1.290241741393978,0.16929160333352858,1.7283560554089008,0.08262688439999932,0.7277492274831671,9.712024720538654,0.14,0.043820101892339286,0.23617989810766074,-0.011087628188809259,1.290241741393978,0.16929160333352858,-0.011786210422856524,0.04085063089080254,0.003885598305078981,-0.008161585360382842,0.11576930198069146,0.012913571793734108,0.6976189053796563,0.061209372197533085,0.10948063645652481,0.05640218215609189,0.09115401840966658,-0.015321245485966722,0.037757208814466196,0.003005372560891506,-0.015321245485966722,cross_fitted,season_grid_average,example_precomputed_capabilities,0.709188523668046,6.938893903907228e-18,1.3877787807814457e-17,0.09415939097055809,0.8181401937936991,0.061209372197533085,0.6976189053796563,0.35,0.7499999999999999,-0.011532506570558765,-0.090390966310532,-0.08262688439999932,0.24100077251683294,2.354968679703009,-2.0156330718778674,0.3393356078251415,0.0,1503.4218591752433,revised_v3_parallel,prior_similar_races_current_season_only,field_centered_bounded_no_teammate_term,mikehawthorn,mike-hawthorn,ferrari,scuderia-ferrari,,ferrari-500|ferrari-553|ferrari-625,ambiguous_chassis_constructor_fallback,constructor:ferrari,,finished,3.0,3,True,,1:46.000,True,True,3.0,2.0,1.0,True,0.6167763157894737,0.3519736842105263,0.08567182721008892,0.0,0.0,0.31911662233631705,0.26290395548791207,full_same_season_static_retrospective_baseline_plus_shape_distributions_v9,constructor_lineage_regulation_and_stability_shrunk,17.604893775862404,1520.6874173432805,1586.911074350031,2.2001205210535817,1522.887537864334,1523.2268734721592,748c427fac885acd,0.5100327774028728,0.0608,0.3181336161187699,0.1378579003181336,0.0,0.0,0.0,0.2386634844868735,0.5656324582338902,0.1957040572792363,0.2301166489925769,0.21208907741251326,0.0,0.21208907741251326,0.21208907741251326,0.0,0.9395673122753119,0.5132711972991405,0.09220071224904963,0.0,0.0,0.31911662233631705,0.26290395548791207,full_same_season_static_retrospective_baseline_plus_shape_distributions_v9,constructor_lineage_regulation_and_stability_shrunk,high,baseline_plus_shape_distributions_v9,0.7051586338818707,0.3321308523758158,full_same_season_static_retrospective,1565.472830102755,0.10518758276575041,2,2,,10574.0,90.0,0.006620011348590883,1.0,exact_seconds,,1.0,scheduled_distance_unavailable_assume_full,1636.02082039138,0.04727964588342566,14.0,13.499999999999998,2.479858216047344,2.0,15.0,1.0,0.18369320118869217,1.0,0.8583950752789521,0.06307253570503965,0.0069546485754937775,12.743799485896856,7,0.05611788712954587,0.053669375403781035,0.96875,1.0224193754037811,all_field_expected_seconds_gap_residual_same_car_crossfit_v7_4,31,8,16.0,2.0,48.0,12.0,56.0,18.0,384.0,96.0,1561.3817445631255,1493.1101281223268,0,1.0,13,4.091085539629519,0.5652991787860476,0.7057051688874514,0.31671420651632975,12.0537508178224,1577.5265809205775,1577.5265809205775,1520.5619892963957,retrospective_first_five_backcast_previous_season_anchor_frozen_v7_5
marimon,1954,British Grand Prix,Onofre Marimón,Maserati,Maserati,28,0.00033291635650461743,0.27178403883753693,1950-1960_front_engine,90,0.8,13.9,13.9,7.1659999999999995,silverstone,0.6911258710265415,open_meteo_era5_air_temperature_track_proxy,5,1954-07-17,jolpica_cross_fitted_xw_xp,0.0,3,+1 Lap,25.0,4.475129550820555,4,prior_same_circuit_grid_movement,finished,1.0370381088742298,True,1485.8628707079988,0.0,0.4823299666049689,-0.3943353943132009,0.8657481519279574,0.6887494533172797,-0.1774509274409404,1.0821851899099468,0.10331241799759194,1.7283560554089008,0.011960650398097752,0.3680120519993545,21.223614336020656,0.0,0.0,0.0,-0.1774509274409404,1.0821851899099468,0.10331241799759194,-0.003680825060770233,0.004024084676572467,8.734548150874746e-05,-0.025466998811485203,0.19826061556673075,0.011813862537169761,0.3218601821762506,0.011680757084845618,0.01652004533560917,0.008972374568666137,0.012306076726338551,-0.00440868315345257,0.0031389876134904626,-0.00019471454418195158,-0.00440868315345257,cross_fitted,season_grid_average,example_precomputed_capabilities,0.709188523668046,-5.421010862427522e-19,2.7755575615628914e-17,0.0121113621821566,0.506467661468666,0.011680757084845618,0.3218601821762506,0.35,0.7499999999999999,-0.00015071178405884691,-0.13845560946931146,-0.011960650398097752,0.5694879480006455,9.963727454457274,-2.0156330718778674,7.948094382579407,0.0,1493.8109650905783,revised_v3_parallel,prior_similar_races_current_season_only,field_centered_bounded_no_teammate_term,onofremarimon,onofre-marimon,maserati,officine-alfieri-maserati,,maserati-250f|maserati-a6gcm,ambiguous_chassis_constructor_fallback,constructor:maserati,,finished,28.0,28,True,,,True,True,14.0,3.0,11.0,True,0.6167763157894737,0.3207236842105263,0.04780396045055942,0.0,0.0,0.14841242871377092,0.16142853059963327,full_same_season_static_retrospective_baseline_plus_shape_distributions_v9,constructor_lineage_regulation_and_stability_shrunk,13.4547325666593,1499.317603274658,1489.8101362368502,-2.4141987103211306,1496.9034045643368,1504.8514989469163,748c427fac885acd,0.5100327774028728,0.0608,0.3181336161187699,0.1378579003181336,0.0,0.0,0.0,0.2386634844868735,0.5656324582338902,0.1957040572792363,0.2301166489925769,0.21208907741251326,0.0,0.21208907741251326,0.21208907741251326,0.0,0.9395673122753119,0.5132711972991405,0.04288003405726605,0.0,0.0,0.14841242871377092,0.16142853059963327,full_same_season_static_retrospective_baseline_plus_shape_distributions_v9,constructor_lineage_regulation_and_stability_shrunk,high,baseline_plus_shape_distributions_v9,0.4840557674365637,0.17658574210358732,full_same_season_static_retrospective,1473.4634703956654,0.0,3,3,1.0,10574.0,90.0,0.011111111111111112,0.7,lap_equivalent,,1.0,scheduled_distance_unavailable_assume_full,1496.922718519015,0.027690438795901766,13.0,11.899999999999999,3.398183583287906,2.0,15.0,1.0,0.2855616456544459,0.9285714285714286,0.8583950752789521,0.09448323249051033,-0.007503388109484259,14.128842012742071,10,0.10198662059999458,0.09953810887422974,0.9375,1.0370381088742298,all_field_expected_seconds_gap_residual_same_car_crossfit_v7_4,31,8,16.0,2.0,48.0,12.0,56.0,18.0,384.0,96.0,1477.9371419397485,1495.388948458163,0,1.0,3,-4.4736715440830395,0.47610538782008927,0.49981481895435886,0.5372232899198709,22.638186821192377,1496.1016572168578,1496.1016572168578,1452.2605300390846,retrospective_first_five_backcast_previous_season_anchor_frozen_v7_5
fangio,1954,British Grand Prix,Juan Fangio,Mercedes,Mercedes,1,0.4447306908073447,0.9700765183424559,1950-1960_front_engine,90,0.8,13.9,13.9,7.1659999999999995,silverstone,0.6911258710265415,open_meteo_era5_air_temperature_track_proxy,5,1954-07-17,jolpica_cross_fitted_xw_xp,0.0,4,+1 Lap,-3.0,4.475129550820555,4,prior_same_circuit_grid_movement,finished,0.9491983142919811,True,1644.6603474893852,0.0,0.6353119310185606,3.0149567371757393,0.20894378966418897,1.2336939329823229,1.3567305317290828,0.26117973708023623,0.18505408994734843,0.5611992320895225,0.11700002962470288,0.7596159731961468,8.692288857723302,0.22,0.10517678283552581,0.33482321716447416,1.3567305317290828,0.26117973708023623,0.18505408994734843,0.10930636886083862,-0.043967100519888,0.007149920399242077,0.15706640360458882,-0.027250182771575555,0.012085191121145682,0.724140620207607,0.06988205694357764,0.049391287985102755,0.2100096989747882,0.136411875842391,0.0929799576986676,-0.06763845329101784,0.005959369841379347,0.0929799576986676,cross_fitted,season_grid_average,example_precomputed_capabilities,0.6799500193036947,1.3877787807814457e-17,0.0,0.14237124568377035,0.866042032161766,0.06988205694357764,0.724140620207607,0.35,0.7499999999999999,-0.025371216059067475,-0.10642605896561919,-0.11700002962470288,0.14663402680385318,-0.16858822852351185,-2.0156330718778674,-2.1842213004013793,0.0,1642.476126188984,revised_v3_parallel,prior_similar_races_current_season_only,field_centered_bounded_no_teammate_term,juanfangio,juan-manuel-fangio,mercedes,daimler-benz-ag,mercedes-w196,mercedes-w196,exact_chassis,mercedes-w196,,finished,1.0,1,True,,1:45.000,True,,,,,True,0.6167763157894737,0.2894736842105263,0.07163793352450934,0.0,0.0,0.2716923352832935,0.22958901384943156,full_same_season_static_retrospective_baseline_plus_shape_distributions_v9,constructor_lineage_regulation_and_stability_shrunk,48.28453234119739,1692.9448798305825,1704.777849568991,1.7075646066622,1694.6524444372446,1692.4682231368433,748c427fac885acd,0.5100327774028728,0.0608,0.3181336161187699,0.1378579003181336,0.0,0.0,0.0,0.2386634844868735,0.5656324582338902,0.1957040572792363,0.2301166489925769,0.21208907741251326,0.0,0.21208907741251326,0.21208907741251326,0.0,0.9395673122753119,0.5132711972991405,0.07849865871081707,0.0,0.0,0.2716923352832935,0.22958901384943156,full_same_season_static_retrospective_baseline_plus_shape_distributions_v9,constructor_lineage_regulation_and_stability_shrunk,high,baseline_plus_shape_distributions_v9,0.6232175480273452,0.262804822466839,full_same_season_static_retrospective,1686.6574604621228,0.09730467551258358,4,4,1.0,10574.0,90.0,0.011111111111111112,0.7,lap_equivalent,,1.0,scheduled_distance_unavailable_assume_full,1711.6545806735937,0.0632426529079857,13.0,10.5,1.8097247350909353,1.0,15.0,1.0,0.17235473667532716,0.9285714285714286,0.8583950752789521,0.05702668024207083,0.011629854224324904,4.75077244142057,2,0.04539682601774593,0.04294831429198109,0.90625,0.9491983142919811,all_field_expected_seconds_gap_residual_same_car_crossfit_v7_4,31,8,16.0,2.0,48.0,12.0,56.0,18.0,384.0,96.0,1683.0424627463276,1500.0,0,1.0,18,3.6149977157951176,0.6762321357036503,0.8008201004874067,0.1483782138045744,3.973623167658144,1690.631083629781,1690.631083629781,1495.7846767721446,retrospective_first_five_backcast_previous_season_anchor_frozen_v7_5
trintignant,1954,British Grand Prix,Maurice Trintignant,Ferrari,Ferrari,8,0.01129211546301485,0.7577073581628534,1950-1960_front_engine,90,0.8,13.9,13.9,7.1659999999999995,silverstone,0.6911258710265415,open_meteo_era5_air_temperature_track_proxy,5,1954-07-17,jolpica_cross_fitted_xw_xp,0.0,5,+3 Laps,3.0,4.475129550820555,4,prior_same_circuit_grid_movement,finished,0.8658659017242192,True,1481.587010851414,0.0,0.4781270991103417,-0.4861356902616841,1.0321933931151823,1.1286106888901906,-0.21876106061775782,1.290241741393978,0.16929160333352858,1.7283560554089008,0.05119383682064761,0.6560981429818006,12.004859424582381,0.04,0.0,0.09431711332536,-0.21876106061775782,1.290241741393978,0.16929160333352858,-0.017790678675159932,0.026383851253458823,0.0025528017095252107,-0.040917749419685845,0.14423720417769387,0.015410436386671887,0.6264156701956306,0.04394895353356196,0.07860821360697633,0.033898521658294586,0.05343025279070965,-0.02351328578559027,0.021196406163091472,0.0016646750306764102,-0.02351328578559027,cross_fitted,season_grid_average,example_precomputed_capabilities,0.709188523668046,0.0,0.0,0.05509492782138606,0.7451455613403105,0.04394895353356196,0.6264156701956306,0.35,0.7499999999999999,-0.0039010910007384464,-0.08904741835850993,-0.05119383682064761,0.21890185701819942,2.7115813426320465,-2.0156330718778674,0.6959482707541791,0.0,1482.2829591221682,revised_v3_parallel,prior_similar_races_current_season_only,field_centered_bounded_no_teammate_term,mauricetrintignant,maurice-trintignant,ferrari,scuderia-ferrari,,ferrari-500|ferrari-553|ferrari-625,ambiguous_chassis_constructor_fallback,constructor:ferrari,,finished,8.0,8,True,,1:48.000,True,True,5.0,5.0,0.0,True,0.6167763157894737,0.2582236842105263,0.08567182721008892,0.0,0.0,0.31911662233631705,0.26290395548791207,full_same_season_static_retrospective_baseline_plus_shape_distributions_v9,constructor_lineage_regulation_and_stability_shrunk,15.351533283280174,1496.9385441346942,1565.6300695642105,1.3684340474062615,1498.3069781821005,1499.0029264528546,748c427fac885acd,0.5100327774028728,0.0608,0.3181336161187699,0.1378579003181336,0.0,0.0,0.0,0.2386634844868735,0.5656324582338902,0.1957040572792363,0.2301166489925769,0.21208907741251326,0.0,0.21208907741251326,0.21208907741251326,0.0,0.9395673122753119,0.5132711972991405,0.09220071224904963,0.0,0.0,0.31911662233631705,0.26290395548791207,full_same_season_static_retrospective_baseline_plus_shape_distributions_v9,constructor_lineage_regulation_and_stability_shrunk,high,baseline_plus_shape_distributions_v9,0.7051586338818707,0.3321308523758158,full_same_season_static_retrospective,1542.496341773078,0.1514425689188608,5,5,3.0,10574.0,90.0,0.03333333333333333,0.7,lap_equivalent,,1.0,scheduled_distance_unavailable_assume_full,1591.1626899319824,0.03978733367620936,12.0,11.2,0.23624519822579873,2.0,15.0,1.0,0.021093321270160604,0.8571428571428571,0.8583950752789521,0.006705308769671052,0.013390895319687077,12.131042433292729,7,-0.006685586550016025,-0.00913409827578086,0.875,0.8658659017242192,all_field_expected_seconds_gap_residual_same_car_crossfit_v7_4,31,8,16.0,2.0,48.0,12.0,56.0,18.0,384.0,96.0,1540.100739777305,1500.0,0,1.0,10,2.3956019957729335,0.5431889767993924,0.730459239345196,0.1354066623790232,3.3509886992316877,1545.8473304723097,1545.8473304723097,1471.042854933691,retrospective_first_five_backcast_previous_season_anchor_frozen_v7_5
mieres,1954,British Grand Prix,Roberto Mieres,Maserati,Maserati,32,7.939576390058703e-05,0.10332372732757786,1950-1960_front_engine,90,0.8,13.9,13.9,7.1659999999999995,silverstone,0.6911258710265415,open_meteo_era5_air_temperature_track_proxy,5,1954-07-17,jolpica_cross_fitted_xw_xp,0.0,6,+3 Laps,26.0,4.475129550820555,4,prior_same_circuit_grid_movement,finished,0.877657000031177,True,1503.5569479520234,0.0,0.4997390721402518,-0.014453550188826979,0.8657481519279574,0.6887494533172797,-0.0065040975849721405,1.0821851899099468,0.10331241799759194,1.7283560554089008,0.010254933564783474,0.32389210031164173,22.635452790027465,0.0,0.0,0.0,-0.0065040975849721405,1.0821851899099468,0.10331241799759194,-0.001459680763945002,0.0033839232423564557,6.582121520205632e-05,0.0038315713227568644,0.20633063596516404,0.011865475135077444,0.2683851797058921,0.008961392163934694,0.012674059030851812,0.007964380151449867,0.011117700788182895,-0.0017226031733036072,0.0029870757060983383,-0.00016624493063469026,-0.0017226031733036072,cross_fitted,season_grid_average,example_precomputed_capabilities,0.709188523668046,4.336808689942018e-19,0.0,0.010951455857548205,0.49041286212889046,0.008961392163934694,0.2683851797058921,0.35,0.7499999999999999,-0.0006965222927647306,-0.16652076181724873,-0.010254933564783474,0.5198578996883583,9.111323788835646,-2.0156330718778674,7.095690716957779,0.0,1510.6526386689811,revised_v3_parallel,prior_similar_races_current_season_only,field_centered_bounded_no_teammate_term,robertomieres,roberto-mieres,maserati,roberto-mieres,,maserati-250f|maserati-a6gcm,ambiguous_chassis_constructor_fallback,constructor:maserati,,finished,32.0,32,True,,,True,True,15.0,6.0,9.0,True,0.6167763157894737,0.22697368421052633,0.04780396045055942,0.0,0.0,0.14841242871377092,0.16142853059963327,full_same_season_static_retrospective_baseline_plus_shape_distributions_v9,constructor_lineage_regulation_and_stability_shrunk,-7.626654308625061,1495.9302936433983,1566.993406009867,-3.168797854524532,1492.7614957888738,1499.8571865058316,748c427fac885acd,0.5100327774028728,0.0608,0.3181336161187699,0.1378579003181336,0.0,0.0,0.0,0.2386634844868735,0.5656324582338902,0.1957040572792363,0.2301166489925769,0.21208907741251326,0.0,0.21208907741251326,0.21208907741251326,0.0,0.9395673122753119,0.5132711972991405,0.04288003405726605,0.0,0.0,0.14841242871377092,0.16142853059963327,full_same_season_static_retrospective_baseline_plus_shape_distributions_v9,constructor_lineage_regulation_and_stability_shrunk,high,baseline_plus_shape_distributions_v9,0.4840557674365637,0.17658574210358732,full_same_season_static_retrospective,1548.2102250804046,0.0,6,6,3.0,10574.0,90.0,0.03333333333333333,0.7,lap_equivalent,,1.0,scheduled_distance_unavailable_assume_full,1545.6391462673091,0.033396732295768256,12.0,11.2,1.094476812980171,2.0,15.0,1.0,0.0977211440160867,0.8571428571428571,0.8583950752789521,0.031064356132492782,-0.005291155624449046,12.823977418602054,10,0.03635551175694183,0.03390700003117699,0.84375,0.877657000031177,all_field_expected_seconds_gap_residual_same_car_crossfit_v7_4,31,8,16.0,2.0,48.0,12.0,56.0,18.0,384.0,96.0,1555.1204117127652,1490.573471404986,0,1.0,1,-6.9101866323606975,0.5487057743003839,0.5715141982337016,0.30614280179747533,11.54632339131739,1559.756548471722,1559.756548471722,1561.5521514775496,retrospective_first_five_backcast_previous_season_anchor_frozen_v7_5
kling,1954,British Grand Prix,Karl Kling,Mercedes,Mercedes,6,0.0514429536275321,0.8694527064927328,1950-1960_front_engine,90,0.8,13.9,13.9,7.1659999999999995,silverstone,0.6911258710265415,open_meteo_era5_air_temperature_track_proxy,5,1954-07-17,jolpica_cross_fitted_xw_xp,0.0,7,+3 Laps,-1.0,4.475129550820555,4,prior_same_circuit_grid_movement,finished,0.824152165302153,True,1497.2391348390474,0.0,0.493521188230165,-0.15009342917720214,0.20894378966418897,1.2336939329823229,-0.06754204312974096,0.26117973708023623,0.18505408994734843,0.5611992320895225,0.036443873091190286,0.6534884541009447,12.08836946876977,0.04,0.0,0.09431711332536,-0.06754204312974096,0.26117973708023623,0.18505408994734843,-0.007733369962437931,-0.015904737255324534,0.0025117125319657195,-0.013943018084467055,-0.012113454255211134,0.01740729103214585,0.6556507494278278,0.05017602963695818,0.03546344853227465,0.04447470914069547,0.028202906667705748,-0.006413813581113221,-0.015425074189534042,0.0008467282834556805,-0.006413813581113221,cross_fitted,season_grid_average,example_precomputed_capabilities,0.6799500193036947,-3.469446951953614e-18,0.0,0.02904963495116143,0.6470015681202954,0.05017602963695818,0.6556507494278278,0.35,0.7499999999999999,0.0073942381400288575,0.006486885980649282,-0.036443873091190286,0.1590115458990553,1.9875548719944287,-2.0156330718778674,-0.028078199883438737,0.0,1497.211056639164,revised_v3_parallel,prior_similar_races_current_season_only,field_centered_bounded_no_teammate_term,karlkling,karl-kling,mercedes,daimler-benz-ag,mercedes-w196,mercedes-w196,exact_chassis,mercedes-w196,,finished,6.0,6,True,,1:48.000,True,True,4.0,7.0,-3.0,True,0.6167763157894737,0.19572368421052633,0.07163793352450934,0.0,0.0,0.2716923352832935,0.22958901384943156,full_same_season_static_retrospective_baseline_plus_shape_distributions_v9,constructor_lineage_regulation_and_stability_shrunk,2.576815509569622,1499.815950348617,1503.0260465343206,1.7767149072243065,1501.5926652558412,1501.5645870559579,748c427fac885acd,0.5100327774028728,0.0608,0.3181336161187699,0.1378579003181336,0.0,0.0,0.0,0.2386634844868735,0.5656324582338902,0.1957040572792363,0.2301166489925769,0.21208907741251326,0.0,0.21208907741251326,0.21208907741251326,0.0,0.9395673122753119,0.5132711972991405,0.07849865871081707,0.0,0.0,0.2716923352832935,0.22958901384943156,full_same_season_static_retrospective_baseline_plus_shape_distributions_v9,constructor_lineage_regulation_and_stability_shrunk,high,baseline_plus_shape_distributions_v9,0.6232175480273452,0.262804822466839,full_same_season_static_retrospective,1485.179909874751,0.0,7,7,3.0,10574.0,90.0,0.03333333333333333,0.7,lap_equivalent,,1.0,scheduled_distance_unavailable_assume_full,1513.4709723579865,0.02951015123856149,12.0,9.799999999999999,1.014904503577101,1.0,15.0,1.0,0.10356168403847969,0.8571428571428571,0.8583950752789521,0.032920992350667075,0.01882031532274932,6.364874894313941,2,0.014100677027917754,0.011652165302152918,0.8125,0.824152165302153,all_field_expected_seconds_gap_residual_same_car_crossfit_v7_4,31,8,16.0,2.0,48.0,12.0,56.0,18.0,384.0,96.0,1481.290659711657,1488.2348452619356,0,1.0,1,3.889250163094042,0.48749938975658824,0.5206422612101165,0.3035099040920365,11.419944301456326,1496.5998541762074,1496.5998541762074,1463.5606795667732,retrospective_first_five_backcast_previous_season_anchor_frozen_v7_5
wharton,1954,British Grand Prix,Ken Wharton,Maserati,Maserati,9,0.0010946181893216637,0.45736198856284477,1950-1960_front_engine,90,0.8,13.9,13.9,7.1659999999999995,silverstone,0.6911258710265415,open_meteo_era5_air_temperature_track_proxy,5,1954-07-17,jolpica_cross_fitted_xw_xp,0.0,8,+4 Laps,1.0,4.475129550820555,4,prior_same_circuit_grid_movement,finished,0.803379145933915,True,1487.2823431101885,0.0,0.48372571879167714,-0.36386012361155434,0.8657481519279574,0.6887494533172797,-0.16373705562519947,1.0821851899099468,0.10331241799759194,1.7283560554089008,0.04248500336065645,0.6358433851981,12.6530116736608,0.02,0.0,0.05880602015151773,-0.16373705562519947,1.0821851899099468,0.10331241799759194,-0.012494389909640816,0.014269613452448556,0.0003070727917017745,-0.03145841155289778,0.12073796384811043,0.00816978875909082,0.6114810499345241,0.04113151074322527,0.05817212165825617,0.031966302039213586,0.043905445675270674,-0.014958314580521388,0.011247505038521198,-0.0006916385975358902,-0.014958314580521388,cross_fitted,season_grid_average,example_precomputed_capabilities,0.709188523668046,-8.673617379884035e-19,0.0,0.043213807077734784,0.7089303909888276,0.04113151074322527,0.6114810499345241,0.35,0.7499999999999999,-0.0007288037170783343,-0.07308700579072758,-0.04248500336065645,0.14540661480189998,1.5976789857784448,-2.0156330718778674,-0.41795408609942264,0.0,1486.8643890240892,revised_v3_parallel,prior_similar_races_current_season_only,field_centered_bounded_no_teammate_term,kenwharton,ken-wharton,maserati,owen-racing-organisation,maserati-250f,maserati-250f,exact_chassis,maserati-250f,,finished,9.0,9,True,,1:49.000,True,True,6.0,8.0,-2.0,True,0.6167763157894737,0.16447368421052633,-0.15365739323194663,0.0,0.0,-0.5383138511469359,0.022691432365534968,full_same_season_static_retrospective_baseline_plus_shape_distributions_v9,constructor_lineage_regulation_and_stability_shrunk,1.2221750702892946,1488.5045181804778,1459.8680189648471,1.8699479530057448,1490.3744661334836,1489.9565120473842,748c427fac885acd,0.5100327774028728,0.0608,0.3181336161187699,0.1378579003181336,0.0,0.0,0.0,0.2386634844868735,0.5656324582338902,0.1957040572792363,0.2301166489925769,0.21208907741251326,0.0,0.21208907741251326,0.21208907741251326,0.0,0.9395673122753119,0.5132711972991405,-0.15553223184020865,0.0,0.0,-0.5383138511469359,0.022691432365534968,full_same_season_static_retrospective_baseline_plus_shape_distributions_v9,constructor_lineage_regulation_and_stability_shrunk,high,baseline_plus_shape_distributions_v9,-0.6922366036129464,0.006128629813518082,full_same_season_static_retrospective,1506.1613252561617,0.13374372764083892,8,8,4.0,10574.0,90.0,0.044444444444444446,0.7,lap_equivalent,,1.0,scheduled_distance_unavailable_assume_full,1495.125186524794,0.02749965885140927,13.0,9.1,0.4976381139241164,0.0,15.0,1.0,0.054685507024628176,0.9285714285714286,0.8583950752789521,0.018093688535195402,-0.006483969124484479,2.256595029706226,2,0.024577657659679883,0.022129145933915045,0.78125,0.803379145933915,all_field_expected_seconds_gap_residual_same_car_crossfit_v7_4,31,8,16.0,2.0,48.0,12.0,56.0,18.0,384.0,96.0,1502.933127056602,1493.1101281223268,0,1.0,5,3.2281981995597695,0.5079230970570063,0.6120868292452823,0.19129231668863267,6.033500106092942,1512.1948253622547,1512.1948253622547,1494.1443286748201,retrospective_first_five_backcast_previous_season_anchor_frozen_v7_5
andre_pilette,1954,British Grand Prix,André Pilette,Gordini,Gordini,12,0.0012818055513262859,0.48244660763246966,1950-1960_front_engine,90,0.8,13.9,13.9,7.1659999999999995,silverstone,0.6911258710265415,open_meteo_era5_air_temperature_track_proxy,5,1954-07-17,jolpica_cross_fitted_xw_xp,0.0,9,+4 Laps,3.0,4.475129550820555,4,prior_same_circuit_grid_movement,finished,0.7825612138444713,True,1499.1147281050871,0.0,0.49536703511413105,-0.10982550116354825,-0.05414804835759303,-1.3238159155350802,-0.049421475523596714,-0.06768506044699128,-0.19857238733026203,1.7283560554089008,0.01939761658728505,0.5494525807682302,15.417517415416633,0.0,0.0,0.0,-0.049421475523596714,-0.06768506044699128,-0.19857238733026203,-0.003869642734544646,-0.014523006630356139,-0.0036376613830412393,-0.0064766390714644335,-0.0332511248031778,-0.025180170571746964,0.5656795643798276,0.03371731857344737,0.014004713717034753,0.024063947011147564,0.0143447745724411,-0.002317705891529409,-0.01237693918564222,-0.002657766746935757,-0.002317705891529409,cross_fitted,season_grid_average,example_precomputed_capabilities,0.709188523668046,0.0,0.0,0.011687007825505344,0.5007716299334384,0.03371731857344737,0.5656795643798276,0.35,0.7499999999999999,0.007710608761779706,0.04868095083479185,-0.01939761658728505,0.20054741923176977,3.1443107480770145,-2.0156330718778674,1.128677676199147,0.0,1500.2434057812864,revised_v3_parallel,prior_similar_races_current_season_only,field_centered_bounded_no_teammate_term,andrepilette,andre-pilette,gordini,equipe-gordini,gordini-t16,gordini-t16,exact_chassis,gordini-t16,,finished,12.0,12,True,,1:51.000,True,True,7.0,9.0,-2.0,True,0.6167763157894737,0.13322368421052633,-0.13952159206623554,0.0,0.0,-0.4867234618645412,0.026295255841240064,full_same_season_static_retrospective_baseline_plus_shape_distributions_v9,constructor_lineage_regulation_and_stability_shrunk,-3.8003812398324546,1495.3143468652547,1414.320146160058,1.2124756843398101,1496.5268225495945,1497.6555002257937,748c427fac885acd,0.5100327774028728,0.0608,0.3181336161187699,0.1378579003181336,0.0,0.0,0.0,0.2386634844868735,0.5656324582338902,0.1957040572792363,0.2301166489925769,0.21208907741251326,0.0,0.21208907741251326,0.21208907741251326,0.0,0.9395673122753119,0.5132711972991405,-0.14062648797071672,0.0,0.0,-0.4867234618645412,0.026295255841240064,full_same_season_static_retrospective_baseline_plus_shape_distributions_v9,constructor_lineage_regulation_and_stability_shrunk,high,baseline_plus_shape_distributions_v9,-0.6097005004549013,0.007758497087207994,full_same_season_static_retrospective,1455.8486171767627,0.0,9,9,4.0,10574.0,90.0,0.044444444444444446,0.7,lap_equivalent,,1.0,scheduled_distance_unavailable_assume_full,1438.2078639830197,0.022093000086528643,13.0,9.1,0.7818727345771589,0.0,15.0,1.0,0.08592008072276472,0.9285714285714286,0.8583950752789521,0.028428211862722902,-0.006581513707513235,2.486397599720132,3,0.035009725570236135,0.0325612138444713,0.75,0.7825612138444713,all_field_expected_seconds_gap_residual_same_car_crossfit_v7_4,31,8,16.0,2.0,48.0,12.0,56.0,18.0,384.0,96.0,1453.2580231092213,1495.388948458163,0,1.0,3,2.5905940675413968,0.4590195938251258,0.4340468348687013,0.34851437897577,13.58015909587553,1469.4287762726383,1469.4287762726383,1452.4340695676751,retrospective_first_five_backcast_previous_season_anchor_frozen_v7_5
gerard,1954,British Grand Prix,Bob Gerard,Cooper,Cooper,18,0.0026147607648784295,0.589716714746657,1950-1960_front_engine,90,0.8,13.9,13.9,7.1659999999999995,silverstone,0.6911258710265415,open_meteo_era5_air_temperature_track_proxy,5,1954-07-17,jolpica_cross_fitted_xw_xp,0.0,10,+5 Laps,8.0,4.475129550820555,4,prior_same_circuit_grid_movement,finished,0.7516823157803044,True,1499.4692624552545,0.027933554986702802,0.49571595808527247,-0.10221384892028199,-1.2588404426855222,-1.012924898822778,-0.04599623201412689,-1.5735505533569027,-0.1519387348234167,0.0,0.00931923834481607,0.4153273062161872,19.70952620108201,0.0,0.0,0.0,-0.04599623201412689,-1.5735505533569027,-0.1519387348234167,-0.0019716868844979877,-0.017113883679665473,-0.0014346535423019366,-0.001390426358652469,-0.2118171888799553,-0.012820227954321304,0.47183426701441944,0.02265738401401858,0.002536353465622902,0.016681419172988515,0.0025102662463856074,-0.0003991935580697197,-0.014544259265435334,-0.000373106338832425,-0.0003991935580697197,cross_fitted,season_grid_average,example_precomputed_capabilities,0.6499999999999999,-3.469446951953614e-18,-2.7755575615628914e-17,0.0021371599075531824,0.24580642382149034,0.02265738401401858,0.47183426701441944,0.35,0.7499999999999999,0.007182078437262888,0.16952088239469684,-0.00931923834481607,0.3034226937838128,5.237946767833045,-2.0156330718778674,3.2223136959551777,0.0,1502.6915761512096,revised_v3_parallel,prior_similar_races_current_season_only,field_centered_bounded_no_teammate_term,bobgerard,bob-gerard,cooper,bob-gerard,cooper-t23,cooper-t23,exact_chassis,cooper-t23,,finished,18.0,18,True,,1:55.000,True,True,10.0,10.0,0.0,True,0.6167763157894737,0.10197368421052633,0.023848684210526327,0.0,0.0,0.08254287159812113,0.13373547411255843,full_same_season_static_retrospective_baseline_plus_shape_distributions_v9,constructor_lineage_regulation_and_stability_shrunk,-2.1741763284546085,1497.2950861267998,1520.4946024871533,-0.40221035970748886,1496.8928757670924,1500.1151894630475,748c427fac885acd,0.5100327774028728,0.0608,0.3181336161187699,0.1378579003181336,0.0,0.0,0.0,0.2386634844868735,0.5656324582338902,0.1957040572792363,0.2301166489925769,0.21208907741251326,0.0,0.21208907741251326,0.21208907741251326,0.0,0.9395673122753119,0.5132711972991405,0.023848684210526327,0.0,0.0,0.08254287159812113,0.13373547411255843,full_same_season_static_retrospective_baseline_plus_shape_distributions_v9,constructor_lineage_regulation_and_stability_shrunk,high,baseline_plus_shape_distributions_v9,0.3441857220285377,0.11841292119434949,full_same_season_static_retrospective,1512.9331517041878,0.0,10,10,5.0,10574.0,90.0,0.05555555555555555,0.7,lap_equivalent,,1.0,scheduled_distance_unavailable_assume_full,1530.1394391788183,0.031463992655618875,14.0,11.2,0.2698779027370476,1.0,15.0,1.0,0.024096241315807822,1.0,0.8583950752789521,0.00827363795128906,-0.027107189554780187,1.5,1,0.035380827506069246,0.03293231578030441,0.71875,0.7516823157803044,all_field_expected_seconds_gap_residual_same_car_crossfit_v7_4,31,8,16.0,2.0,48.0,12.0,56.0,18.0,384.0,96.0,1513.8911727593036,1500.0,0,1.0,4,-0.9580210551157144,0.5145118860811217,0.5327946757597322,0.21888764002057226,7.358075626026042,1520.2912273302138,1520.2912273302138,1516.414192204159,retrospective_first_five_backcast_previous_season_anchor_frozen_v7_5
beauman,1954,British Grand Prix,Don Beauman,Connaught,Connaught,17,0.00019951125554898321,0.20214076130433847,1950-1960_front_engine,90,0.8,13.9,13.9,7.1659999999999995,silverstone,0.6911258710265415,open_meteo_era5_air_temperature_track_proxy,5,1954-07-17,jolpica_cross_fitted_xw_xp,0.0,11,+6 Laps,6.0,4.475129550820555,4,prior_same_circuit_grid_movement,finished,0.7136811406114978,True,1500.0,0.0,0.49623830065524954,-0.09081921361585753,-1.2588404426855222,-1.012924898822778,-0.04086864612713589,-1.5735505533569027,-0.1519387348234167,0.0,0.00996279902531956,0.42947236854468746,19.25688420657,0.0,0.0,0.0,-0.04086864612713589,-1.5735505533569027,-0.1519387348234167,-0.0020600116275455087,-0.018322382360565635,-0.001535420788975551,-0.0008650510103702842,-0.21820045335220595,-0.013080490174205334,0.48750886717888287,0.024209378630425916,0.0027100896269342577,0.01790104364745297,0.002691730954040244,-0.0004185257735950386,-0.015609479794113753,-0.0004001671007010251,-0.0004185257735950386,cross_fitted,season_grid_average,example_precomputed_capabilities,0.6499999999999999,-3.469446951953614e-18,-2.7755575615628914e-17,0.002291563853339219,0.2553628726421013,0.024209378630425916,0.48750886717888287,0.35,0.7499999999999999,0.007671235171980342,0.17410949590258618,-0.00996279902531956,0.25802763145531254,4.405390189587957,-2.0156330718778674,2.389757117710089,0.0,1502.3897571177101,revised_v3_parallel,prior_similar_races_current_season_only,field_centered_bounded_no_teammate_term,donbeauman,don-beauman,connaught,sir-jeremy-boles,connaught-a,connaught-a,exact_chassis,connaught-a,,finished,17.0,17,True,,1:55.000,True,True,9.0,11.0,-2.0,True,0.6167763157894737,0.07072368421052633,-0.14021381578947367,0.0,0.0,-0.48529515887860847,0.026402782499895028,full_same_season_static_retrospective_baseline_plus_shape_distributions_v9,constructor_lineage_regulation_and_stability_shrunk,0.0,1500.0,1413.411232551647,0.21965573810494,1500.2196557381048,1502.609412855815,748c427fac885acd,0.5100327774028728,0.0608,0.3181336161187699,0.1378579003181336,0.0,0.0,0.0,0.2386634844868735,0.5656324582338902,0.1957040572792363,0.2301166489925769,0.21208907741251326,0.0,0.21208907741251326,0.21208907741251326,0.0,0.9395673122753119,0.5132711972991405,-0.14021381578947367,0.0,0.0,-0.48529515887860847,0.026402782499895028,full_same_season_static_retrospective_baseline_plus_shape_distributions_v9,constructor_lineage_regulation_and_stability_shrunk,high,baseline_plus_shape_distributions_v9,-0.6137422557088034,0.007669418279987321,full_same_season_static_retrospective,1452.9003121404876,0.0,11,11,6.0,10574.0,90.0,0.06666666666666667,0.7,lap_equivalent,,1.0,scheduled_distance_unavailable_assume_full,1428.4543855822565,0.021279569664178898,14.0,12.599999999999998,0.18210337301636276,2.0,15.0,1.0,0.014452648652092285,1.0,0.8583950752789521,0.004962432971077201,-0.023667219366185387,3.0,2,0.028629652337262588,0.026181140611497754,0.6875,0.7136811406114978,all_field_expected_seconds_gap_residual_same_car_crossfit_v7_4,31,8,16.0,2.0,48.0,12.0,56.0,18.0,384.0,96.0,1452.2348452619356,1488.2348452619356,0,1.0,0,0.6654668785520492,0.45616724011871135,0.4313523298670581,0.28232881074443966,10.403251820771676,1463.3035639612592,1463.3035639612592,1452.2348452619356,retrospective_first_five_backcast_previous_season_anchor_frozen_v7_5
schell,1954,British Grand Prix,Harry Schell,Maserati,Maserati,16,0.0008328376215774903,0.41355320849964883,1950-1960_front_engine,90,0.8,13.9,13.9,7.1659999999999995,silverstone,0.6911258710265415,open_meteo_era5_air_temperature_track_proxy,5,1954-07-17,jolpica_cross_fitted_xw_xp,0.0,12,+7 Laps,4.0,4.475129550820555,4,prior_same_circuit_grid_movement,finished,0.5788523454946409,True,1498.9857835810847,0.0,0.4952401322269686,-0.1125938672609856,0.8657481519279574,0.6887494533172797,-0.05066724026744352,1.0821851899099468,0.10331241799759194,1.7283560554089008,0.02874742368139379,0.5408232999303606,15.69365440222846,0.02,0.0,0.05880602015151773,-0.05066724026744352,1.0821851899099468,0.10331241799759194,-0.0052906618968785735,0.009530254254234531,0.00019077884602052995,-0.009939932603418595,0.15053640605938967,0.009875240783039177,0.503205371370608,0.025867682399199083,0.03658455379714424,0.02213963539863928,0.030765000741833276,-0.006286500194568667,0.008158418203936292,-0.00046694713925770487,-0.006286500194568667,cross_fitted,season_grid_average,example_precomputed_capabilities,0.709188523668046,8.673617379884035e-19,2.7755575615628914e-17,0.03029805360257557,0.6536770856096182,0.025867682399199083,0.503205371370608,0.35,0.7499999999999999,-0.0015506299211817814,-0.11285378567925763,-0.02874742368139379,0.1154267000696394,1.3877424329000583,-2.0156330718778674,-0.6278906389778092,0.0,1498.357892942107,revised_v3_parallel,prior_similar_races_current_season_only,field_centered_bounded_no_teammate_term,harryschell,harry-schell,maserati,harry-schell,,maserati-250f|maserati-a6gcm,ambiguous_chassis_constructor_fallback,constructor:maserati,,finished,16.0,16,True,,1:53.000,True,True,8.0,12.0,-4.0,True,0.6167763157894737,0.03947368421052633,0.04780396045055942,0.0,0.0,0.14841242871377092,0.16142853059963327,full_same_season_static_retrospective_baseline_plus_shape_distributions_v9,constructor_lineage_regulation_and_stability_shrunk,-16.07276099045596,1482.9130225906288,1465.6500219167194,0.003398832421537046,1482.9164214230502,1482.2885307840725,748c427fac885acd,0.5100327774028728,0.0608,0.3181336161187699,0.1378579003181336,0.0,0.0,0.0,0.2386634844868735,0.5656324582338902,0.1957040572792363,0.2301166489925769,0.21208907741251326,0.0,0.21208907741251326,0.21208907741251326,0.0,0.9395673122753119,0.5132711972991405,0.04288003405726605,0.0,0.0,0.14841242871377092,0.16142853059963327,full_same_season_static_retrospective_baseline_plus_shape_distributions_v9,constructor_lineage_regulation_and_stability_shrunk,high,baseline_plus_shape_distributions_v9,0.4840557674365637,0.17658574210358732,full_same_season_static_retrospective,1454.2286120023862,0.0854572286207792,12,12,7.0,10574.0,90.0,0.07777777777777778,0.7,lap_equivalent,,1.0,scheduled_distance_unavailable_assume_full,1493.3731422622375,0.027314971744437193,14.0,12.599999999999998,-2.6010054262735416,2.0,15.0,1.0,-0.20642900208520173,1.0,0.8583950752789521,-0.07087905551387429,0.004070087265719918,12.921284899996623,10,-0.0749491427795942,-0.07739765450535904,0.65625,0.5788523454946409,all_field_expected_seconds_gap_residual_same_car_crossfit_v7_4,31,8,16.0,2.0,48.0,12.0,56.0,18.0,384.0,96.0,1453.7770276196177,1500.0,0,1.0,8,0.4515843827685604,0.4574520021305379,0.5666996139775158,0.012152731517125148,-2.5651999821394194,1451.6634120202468,1451.6634120202468,1467.846035804736,retrospective_first_five_backcast_previous_season_anchor_frozen_v7_5
marr,1954,British Grand Prix,Leslie Marr,Connaught,Connaught,22,0.00014325111636904296,0.1623846173749673,1950-1960_front_engine,90,0.8,13.9,13.9,7.1659999999999995,silverstone,0.6911258710265415,open_meteo_era5_air_temperature_track_proxy,5,1954-07-17,jolpica_cross_fitted_xw_xp,0.0,13,+8 Laps,9.0,4.475129550820555,4,prior_same_circuit_grid_movement,finished,0.5904116696879793,True,1500.0,0.0,0.49623830065524954,-0.09081921361585753,-1.2588404426855222,-1.012924898822778,-0.04086864612713589,-1.5735505533569027,-0.1519387348234167,0.0,0.007153391314241129,0.36018900110703483,21.473951964574887,0.0,0.0,0.0,-0.04086864612713589,-1.5735505533569027,-0.1519387348234167,-0.0014791093593546723,-0.013155657411253569,-0.0011024477867765342,0.0001320344527951146,-0.1871296527698173,-0.011762544811019302,0.4098790418890452,0.017382580776541236,0.0019458719932880187,0.012853131917858205,0.0019326902789036096,-0.0003005057741315596,-0.011207765698701746,-0.0002873240597471504,-0.0003005057741315596,cross_fitted,season_grid_average,example_precomputed_capabilities,0.6499999999999999,0.0,-2.7755575615628914e-17,0.0016453662191564591,0.21111887876100371,0.017382580776541236,0.4098790418890452,0.35,0.7499999999999999,0.00550802509508467,0.14907012234603112,-0.007153391314241129,0.26481099889296517,4.594916588531586,-2.0156330718778674,2.5792835166537182,0.0,1502.5792835166537,revised_v3_parallel,prior_similar_races_current_season_only,field_centered_bounded_no_teammate_term,lesliemarr,leslie-marr,connaught,leslie-marr,connaught-a,connaught-a,exact_chassis,connaught-a,,finished,22.0,22,True,,1:58.000,True,True,12.0,13.0,-1.0,True,0.6167763157894737,0.008223684210526327,-0.14021381578947367,0.0,0.0,-0.48529515887860847,0.026402782499895028,full_same_season_static_retrospective_baseline_plus_shape_distributions_v9,constructor_lineage_regulation_and_stability_shrunk,0.0,1500.0,1421.8537471865363,-0.7480861973789308,1499.2519138026212,1501.831197319275,748c427fac885acd,0.5100327774028728,0.0608,0.3181336161187699,0.1378579003181336,0.0,0.0,0.0,0.2386634844868735,0.5656324582338902,0.1957040572792363,0.2301166489925769,0.21208907741251326,0.0,0.21208907741251326,0.21208907741251326,0.0,0.9395673122753119,0.5132711972991405,-0.14021381578947367,0.0,0.0,-0.48529515887860847,0.026402782499895028,full_same_season_static_retrospective_baseline_plus_shape_distributions_v9,constructor_lineage_regulation_and_stability_shrunk,high,baseline_plus_shape_distributions_v9,-0.6137422557088034,0.007669418279987321,full_same_season_static_retrospective,1459.3109724633648,0.0,13,13,8.0,10574.0,90.0,0.08888888888888889,0.7,lap_equivalent,,1.0,scheduled_distance_unavailable_assume_full,1433.6813685670347,0.021711698625183344,14.0,12.6,-1.7803143790338942,2.0,15.0,1.0,-0.141294791986817,1.0,0.8583950752789521,-0.04851470144161906,-0.016374882855363173,3.0,2,-0.03213981858625589,-0.03458833031202073,0.625,0.5904116696879793,all_field_expected_seconds_gap_residual_same_car_crossfit_v7_4,31,8,16.0,2.0,48.0,12.0,56.0,18.0,384.0,96.0,1460.677359896825,1488.2348452619356,0,1.0,0,-1.3663874334601065,0.46237232880929474,0.4374522935149968,0.1529593761729825,4.193518961341733,1463.5044914247064,1463.5044914247064,1460.677359896825,retrospective_first_five_backcast_previous_season_anchor_frozen_v7_5
thorne,1954,British Grand Prix,Leslie Thorne,Connaught,Connaught,23,0.00013406769349838383,0.15498596057383424,1950-1960_front_engine,90,0.8,13.9,13.9,7.1659999999999995,silverstone,0.6911258710265415,open_meteo_era5_air_temperature_track_proxy,5,1954-07-17,jolpica_cross_fitted_xw_xp,0.0,14,+12 Laps,9.0,4.475129550820555,4,prior_same_circuit_grid_movement,finished,0.47219552673102316,True,1500.0,0.0,0.49623830065524954,-0.09081921361585753,-1.2588404426855222,-1.012924898822778,-0.04086864612713589,-1.5735505533569027,-0.1519387348234167,0.0,0.00669480768108648,0.34668988267282536,21.90592375446959,0.0,0.0,0.0,-0.04086864612713589,-1.5735505533569027,-0.1519387348234167,-0.0013842878524568795,-0.012312285518515091,-0.0010317729852433385,0.0003080487388673612,-0.18087932514738747,-0.01148120411860913,0.3947030028046077,0.016268232812626435,0.0018211276574707671,0.012029154076666574,0.0018087909854177591,-0.000281241201059644,-0.010489267620255451,-0.00026890452900663595,-0.000281241201059644,cross_fitted,season_grid_average,example_precomputed_capabilities,0.6499999999999999,-3.469446951953614e-18,-2.7755575615628914e-17,0.0015398864564111232,0.20265052227747843,0.016268232812626435,0.3947030028046077,0.35,0.7499999999999999,0.005154921224675357,0.14403936039534693,-0.00669480768108648,0.24706011732717464,4.286406727543068,-2.0156330718778674,2.2707736556652005,0.0,1502.2707736556652,revised_v3_parallel,prior_similar_races_current_season_only,field_centered_bounded_no_teammate_term,lesliethorne,leslie-thorne,connaught,ecurie-ecosse,connaught-a,connaught-a,exact_chassis,connaught-a,,finished,23.0,23,True,,1:59.000,True,True,13.0,14.0,-1.0,True,0.6167763157894737,-0.023026315789473673,-0.14021381578947367,0.0,0.0,-0.48529515887860847,0.026402782499895028,full_same_season_static_retrospective_baseline_plus_shape_distributions_v9,constructor_lineage_regulation_and_stability_shrunk,0.0,1500.0,1413.411232551647,-0.9416345844757055,1499.0583654155243,1501.3291390711895,748c427fac885acd,0.5100327774028728,0.0608,0.3181336161187699,0.1378579003181336,0.0,0.0,0.0,0.2386634844868735,0.5656324582338902,0.1957040572792363,0.2301166489925769,0.21208907741251326,0.0,0.21208907741251326,0.21208907741251326,0.0,0.9395673122753119,0.5132711972991405,-0.14021381578947367,0.0,0.0,-0.48529515887860847,0.026402782499895028,full_same_season_static_retrospective_baseline_plus_shape_distributions_v9,constructor_lineage_regulation_and_stability_shrunk,high,baseline_plus_shape_distributions_v9,-0.6137422557088034,0.007669418279987321,full_same_season_static_retrospective,1450.5777314953264,0.0,14,14,12.0,10574.0,90.0,0.13333333333333333,0.7,lap_equivalent,,1.0,scheduled_distance_unavailable_assume_full,1426.1318049370952,0.021090325732269898,14.0,12.599999999999998,-4.588696617228141,2.0,15.0,1.0,-0.3641822712085827,1.0,0.8583950752789521,-0.12504490724374046,-0.005938945700528436,3.0,2,-0.11910596154321201,-0.12155447326897685,0.59375,0.47219552673102316,all_field_expected_seconds_gap_residual_same_car_crossfit_v7_4,31,8,16.0,2.0,48.0,12.0,56.0,18.0,384.0,96.0,1452.2348452619356,1488.2348452619356,0,1.0,0,-1.6571137666092417,0.45392205387499984,0.42914679059782246,0.043048736133200705,-1.0821917605677926,1449.4955397347585,1449.4955397347585,1452.2348452619356,retrospective_first_five_backcast_previous_season_anchor_frozen_v7_5
gould,1954,British Grand Prix,Horace Gould,Cooper,Cooper,20,0.0011028134964203365,0.458552761213887,1950-1960_front_engine,90,0.8,13.9,13.9,7.1659999999999995,silverstone,0.6911258710265415,open_meteo_era5_air_temperature_track_proxy,5,1954-07-17,jolpica_cross_fitted_xw_xp,0.0,15,+46 Laps,5.0,4.475129550820555,4,prior_same_circuit_grid_movement,finished,0.387066257206915,True,1500.0,0.0,0.49623830065524954,-0.09081921361585753,-1.2588404426855222,-1.012924898822778,-0.04086864612713589,-1.5735505533569027,-0.1519387348234167,0.0,0.008166947008511215,0.3876065005844939,20.596591981296193,0.0,0.0,0.0,-0.04086864612713589,-1.5735505533569027,-0.1519387348234167,-0.0016886826439361457,-0.015019667206788863,-0.0012586523312837366,-0.0002449274479660267,-0.19964505894247309,-0.012309449383117824,0.4406563595278832,0.0198454984268169,0.0022215803325188604,0.014674277228141264,0.0022065309163567,-0.0003430840877107031,-0.012795780983333107,-0.00032803467154854274,-0.0003430840877107031,cross_fitted,season_grid_average,example_precomputed_capabilities,0.6499999999999999,0.0,0.0,0.0018784962448081574,0.22845692375432625,0.0198454984268169,0.4406563595278832,0.35,0.7499999999999999,0.0062884507637030575,0.15914957683016767,-0.008166947008511215,0.17489349941550608,2.9520762612748404,-2.0156330718778674,0.9364431893969729,0.0,1500.9364431893969,revised_v3_parallel,prior_similar_races_current_season_only,field_centered_bounded_no_teammate_term,horacegould,horace-gould,cooper,goulds-garage-bristol,cooper-t23,cooper-t23,exact_chassis,cooper-t23,,finished,20.0,20,True,,1:56.000,True,True,11.0,15.0,-4.0,True,0.6167763157894737,-0.05427631578947367,0.023848684210526327,0.0,0.0,0.08254287159812113,0.13373547411255843,full_same_season_static_retrospective_baseline_plus_shape_distributions_v9,constructor_lineage_regulation_and_stability_shrunk,0.0,1500.0,1442.411843817235,-0.8049853933395095,1499.1950146066604,1500.1314577960572,748c427fac885acd,0.5100327774028728,0.0608,0.3181336161187699,0.1378579003181336,0.0,0.0,0.0,0.2386634844868735,0.5656324582338902,0.1957040572792363,0.2301166489925769,0.21208907741251326,0.0,0.21208907741251326,0.21208907741251326,0.0,0.9395673122753119,0.5132711972991405,0.023848684210526327,0.0,0.0,0.08254287159812113,0.13373547411255843,full_same_season_static_retrospective_baseline_plus_shape_distributions_v9,constructor_lineage_regulation_and_stability_shrunk,high,baseline_plus_shape_distributions_v9,0.3441857220285377,0.11841292119434949,full_same_season_static_retrospective,1434.9801544475467,0.0,15,15,46.0,10574.0,90.0,0.5111111111111111,0.7,lap_equivalent,,1.0,scheduled_distance_unavailable_assume_full,1457.5423236042184,0.023798537433633974,14.0,11.2,-5.599995176446644,1.0,15.0,1.0,-0.49999956932559325,1.0,0.8583950752789521,-0.1716788671802745,0.001306363887045641,1.5,1,-0.17298523106732014,-0.17543374279308496,0.5625,0.387066257206915,all_field_expected_seconds_gap_residual_same_car_crossfit_v7_4,31,8,16.0,2.0,48.0,12.0,56.0,18.0,384.0,96.0,1435.8084140893852,1488.2348452619356,0,1.0,0,-0.8282596418384065,0.4388919287157048,0.45763587896243557,-0.07056962175552056,-6.535872939226413,1428.4442815083203,1428.4442815083203,1435.8084140893852,retrospective_first_five_backcast_previous_season_anchor_frozen_v7_5
moss,1954,British Grand Prix,Stirling Moss,Maserati,Maserati,4,0.009378751554096705,0.7404291348071607,1950-1960_front_engine,90,0.8,13.9,13.9,7.1659999999999995,silverstone,0.6911258710265415,open_meteo_era5_air_temperature_track_proxy,5,1954-07-17,jolpica_cross_fitted_xw_xp,0.0,16,Axle,-12.0,4.475129550820555,4,prior_same_circuit_grid_movement,other,0.53125,False,1494.9811119332462,0.0,0.49129916173829047,-0.1985719055453624,0.8657481519279574,0.6887494533172797,-0.08935735749541307,1.0821851899099468,0.10331241799759194,1.7283560554089008,0.06207033186000667,0.7049368778036413,10.442019910283477,0.04,0.0,0.09431711332536,-0.08935735749541307,1.0821851899099468,0.10331241799759194,-0.013728405947712298,0.020665670290090282,0.00042414942698886296,-0.019694979582184247,0.09722944971778347,0.006592384979686616,0.6839051640248198,0.05728541290991823,0.08101851716176219,0.04743744960535248,0.06565627043338942,-0.016371690482477108,0.017209377073932594,-0.0010094437541043472,-0.016371690482477108,cross_fitted,season_grid_average,example_precomputed_capabilities,0.709188523668046,-1.734723475976807e-18,0.0,0.06464682667928508,0.7680320191401057,0.05728541290991823,0.6839051640248198,0.35,0.7499999999999999,-0.0025764948192784076,-0.06309514133646432,-0.06207033186000667,-0.17368687780364134,0.0,0.0,0.0,0.0,1494.9811119332462,revised_v3_parallel,prior_similar_races_current_season_only,field_centered_bounded_no_teammate_term,stirlingmoss,stirling-moss,maserati,equipe-moss,maserati-250f,maserati-250f,exact_chassis,maserati-250f,Axle,other,4.0,4,True,,1:47.000,True,False,,,,False,0.6167763157894737,,-0.15365739323194663,0.0,0.0,-0.5383138511469359,0.022691432365534968,full_same_season_static_retrospective_baseline_plus_shape_distributions_v9,constructor_lineage_regulation_and_stability_shrunk,1.4311104391652836,1496.4122223724114,1491.7033599846027,2.7924489422942536,1499.2046713147056,1499.2046713147056,748c427fac885acd,0.5100327774028728,0.0608,0.3181336161187699,0.1378579003181336,0.0,0.0,0.0,0.2386634844868735,0.5656324582338902,0.1957040572792363,0.2301166489925769,0.21208907741251326,0.0,0.21208907741251326,0.21208907741251326,0.0,0.9395673122753119,0.5132711972991405,-0.15553223184020865,0.0,0.0,-0.5383138511469359,0.022691432365534968,full_same_season_static_retrospective_baseline_plus_shape_distributions_v9,constructor_lineage_regulation_and_stability_shrunk,high,baseline_plus_shape_distributions_v9,-0.6922366036129464,0.006128629813518082,full_same_season_static_retrospective,1539.5631639040744,0.21380629784166322,16,DNF,,10574.0,90.0,,0.0,unavailable,,1.0,scheduled_distance_unavailable_assume_full,1565.4627097555663,0.0360426346907616,0.0,0.0,0.0,0.0,,0.0,,0.0,0.0,0.0,-0.0028977615938421074,4.417963423103798,2,0.0028977615938421074,0.0,0.53125,0.53125,all_field_expected_seconds_gap_residual_same_car_crossfit_v7_4,31,8,16.0,2.0,48.0,12.0,56.0,18.0,384.0,96.0,1534.7684680763575,1495.388948458163,0,1.0,5,4.794695827716861,0.5403529717260078,0.724399034852204,-0.19314903485220403,0.0,1539.5631639040744,1539.5631639040744,1513.3614206224383,retrospective_first_five_backcast_previous_season_anchor_frozen_v7_5
whitehouse,1954,British Grand Prix,Bill Whitehouse,Connaught,Connaught,19,0.00017475099092109875,0.18569829962017947,1950-1960_front_engine,90,0.8,13.9,13.9,7.1659999999999995,silverstone,0.6911258710265415,open_meteo_era5_air_temperature_track_proxy,5,1954-07-17,jolpica_cross_fitted_xw_xp,0.0,17,Fuel system,2.0,4.475129550820555,4,prior_same_circuit_grid_movement,mechanical,,False,1500.0,0.0,0.49623830065524954,-0.09081921361585753,-1.2588404426855222,-1.012924898822778,-0.04086864612713589,-1.5735505533569027,-0.1519387348234167,0.0,0.008726369834281883,0.4014841684461898,20.152506609721925,0.0,0.0,0.0,-0.04086864612713589,-1.5735505533569027,-0.1519387348234167,-0.0018043547078684975,-0.01604849042092265,-0.001344868005647214,-0.0004448782287899318,-0.20587690931310831,-0.012573690708550345,0.45620803800880194,0.02120488337166682,0.0023737550369707255,0.015679441780397298,0.0023576747598385026,-0.0003665847997422673,-0.01367227154316884,-0.0003505045226100444,-0.0003665847997422673,cross_fitted,season_grid_average,example_precomputed_capabilities,0.6499999999999999,0.0,-2.7755575615628914e-17,0.002007170237228458,0.23731255975835333,0.02120488337166682,0.45620803800880194,0.35,0.7499999999999999,0.006719199597053424,0.16417160868783645,-0.008726369834281883,,0.0,0.0,0.0,0.0,1500.0,revised_v3_parallel,prior_similar_races_current_season_only,field_centered_bounded_no_teammate_term,billwhitehouse,bill-whitehouse,connaught,bill-whitehouse,connaught-a,connaught-a,exact_chassis,connaught-a,Fuel system,mechanical,19.0,19,True,,1:56.000,True,False,,,,False,0.6167763157894737,,-0.14021381578947367,0.0,0.0,-0.48529515887860847,0.026402782499895028,full_same_season_static_retrospective_baseline_plus_shape_distributions_v9,constructor_lineage_regulation_and_stability_shrunk,0.0,1500.0,1413.411232551647,-0.16744103608860872,1499.8325589639114,1499.8325589639114,748c427fac885acd,0.5100327774028728,0.0608,0.3181336161187699,0.1378579003181336,0.0,0.0,0.0,0.2386634844868735,0.5656324582338902,0.1957040572792363,0.2301166489925769,0.21208907741251326,0.0,0.21208907741251326,0.21208907741251326,0.0,0.9395673122753119,0.5132711972991405,-0.14021381578947367,0.0,0.0,-0.48529515887860847,0.026402782499895028,full_same_season_static_retrospective_baseline_plus_shape_distributions_v9,constructor_lineage_regulation_and_stability_shrunk,high,baseline_plus_shape_distributions_v9,-0.6137422557088034,0.007669418279987321,full_same_season_static_retrospective,1452.1261185921005,0.0,17,DNF,,10574.0,90.0,,0.0,unavailable,,1.0,scheduled_distance_unavailable_assume_full,1427.6801920338694,0.02121630042543375,0.0,0.0,0.0,0.0,,0.0,,0.0,0.0,0.0,-0.02023166108571388,4.5,3,0.02023166108571388,0.0,,,all_field_expected_seconds_gap_residual_same_car_crossfit_v7_4,31,8,16.0,2.0,48.0,12.0,56.0,18.0,384.0,96.0,1452.2348452619356,1488.2348452619356,0,1.0,0,-0.1087266698350482,0.4554186628054955,0.4306168766012241,,0.0,1452.1261185921005,1452.1261185921005,1452.2348452619356,retrospective_first_five_backcast_previous_season_anchor_frozen_v7_5
behra,1954,British Grand Prix,Jean Behra,Gordini,Gordini,5,0.0014455840812062494,0.5013345002848408,1950-1960_front_engine,90,0.8,13.9,13.9,7.1659999999999995,silverstone,0.6911258710265415,open_meteo_era5_air_temperature_track_proxy,5,1954-07-17,jolpica_cross_fitted_xw_xp,0.0,18,Suspension,-13.0,4.475129550820555,4,prior_same_circuit_grid_movement,mechanical,,False,1470.1656068864647,0.0,0.46691563463681407,-0.7313467821347934,-0.05414804835759303,-1.3238159155350802,-0.32910605196065706,-0.06768506044699128,-0.19857238733026203,1.7283560554089008,0.02833779909259503,0.6368922120110823,12.619449215645368,0.02,0.0,0.05880602015151773,-0.32910605196065706,-0.06768506044699128,-0.19857238733026203,-0.012739594908930781,-0.020923610673886588,-0.005221730467864825,-0.053885111183431283,-0.05274039510994253,-0.025445765398957522,0.6699100299341652,0.053613007525538464,0.02226852115386435,0.03026824712586789,0.01802728362541517,-0.0075404496790080835,-0.015540175651011623,-0.0032992121505589014,-0.0075404496790080835,cross_fitted,season_grid_average,example_precomputed_capabilities,0.709188523668046,0.0,0.0,0.014728071474856268,0.5378387582418338,0.053613007525538464,0.6699100299341652,0.35,0.7499999999999999,0.013609727617738761,0.09905345376924846,-0.02833779909259503,,0.0,0.0,0.0,0.0,1470.1656068864647,revised_v3_parallel,prior_similar_races_current_season_only,field_centered_bounded_no_teammate_term,jeanbehra,jean-behra,gordini,equipe-gordini,gordini-t16,gordini-t16,exact_chassis,gordini-t16,Suspension,mechanical,5.0,5,True,,1:48.000,True,False,,,,False,0.6167763157894737,,-0.13952159206623554,0.0,0.0,-0.4867234618645412,0.026295255841240064,full_same_season_static_retrospective_baseline_plus_shape_distributions_v9,constructor_lineage_regulation_and_stability_shrunk,2.280580669145271,1472.44618755561,1426.7727586535798,2.698010457275107,1475.1441980128852,1475.1441980128852,748c427fac885acd,0.5100327774028728,0.0608,0.3181336161187699,0.1378579003181336,0.0,0.0,0.0,0.2386634844868735,0.5656324582338902,0.1957040572792363,0.2301166489925769,0.21208907741251326,0.0,0.21208907741251326,0.21208907741251326,0.0,0.9395673122753119,0.5132711972991405,-0.14062648797071672,0.0,0.0,-0.4867234618645412,0.026295255841240064,full_same_season_static_retrospective_baseline_plus_shape_distributions_v9,constructor_lineage_regulation_and_stability_shrunk,high,baseline_plus_shape_distributions_v9,-0.6097005004549013,0.007758497087207994,full_same_season_static_retrospective,1470.868576256642,0.05704331690266159,18,DNF,,10574.0,90.0,,0.0,unavailable,,1.0,scheduled_distance_unavailable_assume_full,1454.980810099931,0.023565226013673994,0.0,0.0,0.0,0.0,,0.0,,0.0,0.0,0.0,0.005841255767384925,3.588023872076698,3,-0.005841255767384925,0.0,,,all_field_expected_seconds_gap_residual_same_car_crossfit_v7_4,31,8,16.0,2.0,48.0,12.0,56.0,18.0,384.0,96.0,1465.7106356027432,1493.1101281223268,0,1.0,8,5.157940653898837,0.4735844597254922,0.5054250961929965,,0.0,1470.868576256642,1470.868576256642,1481.55953053135,retrospective_first_five_backcast_previous_season_anchor_frozen_v7_5
salvadori,1954,British Grand Prix,Roy Salvadori,Maserati,Maserati,7,0.0005235297856958263,0.33991699775674955,1950-1960_front_engine,90,0.8,13.9,13.9,7.1659999999999995,silverstone,0.6911258710265415,open_meteo_era5_air_temperature_track_proxy,5,1954-07-17,jolpica_cross_fitted_xw_xp,0.0,19,Transmission,-12.0,4.475129550820555,4,prior_same_circuit_grid_movement,mechanical,,False,1501.6482988961986,0.0,0.49786055682074454,-0.05543116733796714,0.8657481519279574,0.6887494533172797,-0.024944025302085213,1.0821851899099468,0.10331241799759194,1.7283560554089008,0.053082330425042776,0.6679832502415595,11.624535992270097,0.08,0.0048013617144565535,0.15519863828554345,-0.024944025302085213,1.0821851899099468,0.10331241799759194,-0.008475144964836308,0.01754956886051192,0.0003454895967059308,-0.008946937082837853,0.10891387439678099,0.007382176474425721,0.6411459717944672,0.046959386654994786,0.06641446190841381,0.04108340753933115,0.05724059946619144,-0.010035161761037484,0.015295892608045175,-0.0008612993188151161,-0.010035161761037484,cross_fitted,season_grid_average,example_precomputed_capabilities,0.709188523668046,-1.734723475976807e-18,1.3877787807814457e-17,0.05637930014737633,0.7484950855828361,0.046959386654994786,0.6411459717944672,0.35,0.7499999999999999,-0.003296969722333551,-0.0805118353412766,-0.053082330425042776,,0.0,0.0,0.0,0.0,1501.6482988961986,revised_v3_parallel,prior_similar_races_current_season_only,field_centered_bounded_no_teammate_term,roysalvadori,roy-salvadori,maserati,gilby-engineering,maserati-250f,maserati-250f,exact_chassis,maserati-250f,Transmission,mechanical,7.0,7,True,,1:48.000,True,False,,,,False,0.6167763157894737,,-0.15365739323194663,0.0,0.0,-0.5383138511469359,0.022691432365534968,full_same_season_static_retrospective_baseline_plus_shape_distributions_v9,constructor_lineage_regulation_and_stability_shrunk,-2.8754978059667025,1498.772801090232,1433.1956744318866,2.1982681595825677,1500.9710692498145,1500.9710692498145,748c427fac885acd,0.5100327774028728,0.0608,0.3181336161187699,0.1378579003181336,0.0,0.0,0.0,0.2386634844868735,0.5656324582338902,0.1957040572792363,0.2301166489925769,0.21208907741251326,0.0,0.21208907741251326,0.21208907741251326,0.0,0.9395673122753119,0.5132711972991405,-0.15553223184020865,0.0,0.0,-0.5383138511469359,0.022691432365534968,full_same_season_static_retrospective_baseline_plus_shape_distributions_v9,constructor_lineage_regulation_and_stability_shrunk,high,baseline_plus_shape_distributions_v9,-0.6922366036129464,0.006128629813518082,full_same_season_static_retrospective,1480.5708276121916,0.0,19,DNF,,10574.0,90.0,,0.0,unavailable,,1.0,scheduled_distance_unavailable_assume_full,1444.145342084915,0.022603330765501518,0.0,0.0,0.0,0.0,,0.0,,0.0,0.0,0.0,-0.0028455302249994455,5.061459623846244,3,0.0028455302249994455,0.0,,,all_field_expected_seconds_gap_residual_same_car_crossfit_v7_4,31,8,16.0,2.0,48.0,12.0,56.0,18.0,384.0,96.0,1476.2607825236414,1493.1101281223268,0,1.0,1,4.310045088550057,0.4830152567656926,0.4537230251397137,,0.0,1480.5708276121916,1480.5708276121916,1470.5032006392678,retrospective_first_five_backcast_previous_season_anchor_frozen_v7_5
bira,1954,British Grand Prix,Prince Bira,Maserati,Maserati,10,0.004351823604207428,0.6568570045688357,1950-1960_front_engine,90,0.8,13.9,13.9,7.1659999999999995,silverstone,0.6911258710265415,open_meteo_era5_air_temperature_track_proxy,5,1954-07-17,jolpica_cross_fitted_xw_xp,0.0,20,Accident,-10.0,4.475129550820555,4,prior_same_circuit_grid_movement,driver_fault,0.0,True,1501.4360292534784,0.0,0.49765163921054006,-0.0599884766689985,0.8657481519279574,0.6887494533172797,-0.026994814501049326,1.0821851899099468,0.10331241799759194,1.7283560554089008,0.04345476407629118,0.626974301131362,12.936822363796416,0.04,0.0,0.09431711332536,-0.026994814501049326,1.0821851899099468,0.10331241799759194,-0.007022063325112859,0.0143696855518151,0.00028326678128824667,-0.008263309282582842,0.12244712741415187,0.008255606603076282,0.5963644449477007,0.03849468622109737,0.054442871890352566,0.033619012822878075,0.046830725814130274,-0.008317296661264705,0.012506562406209787,-0.000705150585042412,-0.008317296661264705,cross_fitted,season_grid_average,example_precomputed_capabilities,0.709188523668046,3.469446951953614e-18,0.0,0.04612557522908786,0.718803869682346,0.03849468622109737,0.5963644449477007,0.35,0.7499999999999999,-0.00267081115279668,-0.09182956855098401,-0.04345476407629118,-0.626974301131362,-12.328451758195504,-2.0156330718778666,-14.34408483007337,0.0,1487.091944423405,revised_v3_parallel,prior_similar_races_current_season_only,field_centered_bounded_no_teammate_term,princebira,birabongse-bhanudej,maserati,prince-bira,maserati-250f,maserati-250f,exact_chassis,maserati-250f,Accident,driver_fault,10.0,10,True,,1:49.000,True,,,,,True,0.6167763157894737,-0.6167763157894737,-0.15365739323194663,0.0,0.0,-0.5383138511469359,0.022691432365534968,full_same_season_static_retrospective_baseline_plus_shape_distributions_v9,constructor_lineage_regulation_and_stability_shrunk,-3.4579574011972856,1497.9780718522811,1509.2360226714675,1.6221814856719807,1499.600253337953,1485.2561685078797,748c427fac885acd,0.5100327774028728,0.0608,0.3181336161187699,0.1378579003181336,0.0,0.0,0.0,0.2386634844868735,0.5656324582338902,0.1957040572792363,0.2301166489925769,0.21208907741251326,0.0,0.21208907741251326,0.21208907741251326,0.0,0.9395673122753119,0.5132711972991405,-0.15553223184020865,0.0,0.0,-0.5383138511469359,0.022691432365534968,full_same_season_static_retrospective_baseline_plus_shape_distributions_v9,constructor_lineage_regulation_and_stability_shrunk,high,baseline_plus_shape_distributions_v9,-0.6922366036129464,0.006128629813518082,full_same_season_static_retrospective,1554.5700752577563,0.10260974690098688,20,DNF,,10574.0,90.0,,0.0,unavailable,,1.0,scheduled_distance_unavailable_assume_full,1546.519860918351,0.033510051003386894,0.0,0.0,0.0,0.0,,0.0,,0.0,0.0,0.0,0.002459233002528962,3.4483607948824653,2,-0.002459233002528962,0.0,0.0,0.0,all_field_expected_seconds_gap_residual_same_car_crossfit_v7_4,31,8,16.0,2.0,48.0,12.0,56.0,18.0,384.0,96.0,1552.3011307632223,1500.0,0,1.0,9,2.2689444945339905,0.5548328849490223,0.6276747403167897,-0.6276747403167897,-33.27691863016733,1521.293156627589,1521.293156627589,1551.3190190823254,retrospective_first_five_backcast_previous_season_anchor_frozen_v7_5
flockhart,1954,British Grand Prix,Ron Flockhart,Maserati,Maserati,10,0.0017790972572648402,0.5333109251683753,1950-1960_front_engine,90,0.8,13.9,13.9,7.1659999999999995,silverstone,0.6911258710265415,open_meteo_era5_air_temperature_track_proxy,5,1954-07-17,jolpica_cross_fitted_xw_xp,0.0,20,Accident,-10.0,4.475129550820555,4,prior_same_circuit_grid_movement,driver_fault,0.0,True,1500.0,0.0,0.49623830065524954,-0.09081921361585753,0.8657481519279574,0.6887494533172797,-0.04086864612713589,1.0821851899099468,0.10331241799759194,1.7283560554089008,0.043057521841615994,0.6264714879866821,12.952912384426174,0.04,0.0,0.09431711332536,-0.04086864612713589,1.0821851899099468,0.10331241799759194,-0.007523154595428961,0.014259264877750595,0.00028363682616856675,-0.010584985605710584,0.12273709994823848,0.008276057813397575,0.5963644449477007,0.03849468622109737,0.054442871890352566,0.03322342131783858,0.04621355287120112,-0.008928438560764994,0.012291012011748995,-0.0006991195416135507,-0.008928438560764994,cross_fitted,season_grid_average,example_precomputed_capabilities,0.709188523668046,1.734723475976807e-18,2.7755575615628914e-17,0.04551443332958757,0.7167926171036262,0.03849468622109737,0.5963644449477007,0.35,0.7499999999999999,-0.002456911487971579,-0.09032112911694412,-0.043057521841615994,-0.6264714879866821,-12.30986730795906,-2.0156330718778683,-14.325500379836928,0.0,1485.674499620163,revised_v3_parallel,prior_similar_races_current_season_only,field_centered_bounded_no_teammate_term,ronflockhart,ron-flockhart,maserati,prince-bira,maserati-250f,maserati-250f,exact_chassis,maserati-250f,,other,,,,,,True,False,,,,True,0.6167763157894737,-0.6167763157894737,-0.15365739323194663,0.0,0.0,-0.5383138511469359,0.022691432365534968,full_same_season_static_retrospective_baseline_plus_shape_distributions_v9,constructor_lineage_regulation_and_stability_shrunk,0.0,1500.0,1410.9767899965038,0.0,1500.0,1485.674499620163,748c427fac885acd,0.5100327774028728,0.0608,0.3181336161187699,0.1378579003181336,0.0,0.0,0.0,0.2386634844868735,0.5656324582338902,0.1957040572792363,0.2301166489925769,0.21208907741251326,0.0,0.21208907741251326,0.21208907741251326,0.0,0.9395673122753119,0.5132711972991405,-0.15553223184020865,0.0,0.0,-0.5383138511469359,0.022691432365534968,full_same_season_static_retrospective_baseline_plus_shape_distributions_v9,constructor_lineage_regulation_and_stability_shrunk,high,baseline_plus_shape_distributions_v9,-0.6922366036129464,0.006128629813518082,full_same_season_static_retrospective,1454.0418980882587,0.0,21,DNF,,10574.0,90.0,,0.0,unavailable,,1.0,scheduled_distance_unavailable_assume_full,1423.0777330888259,0.02084403902014985,0.0,0.0,0.0,0.0,,0.0,,0.0,0.0,0.0,-0.0028455302249994455,5.061459623846244,3,0.0028455302249994455,0.0,0.0,0.0,all_field_expected_seconds_gap_residual_same_car_crossfit_v7_4,31,8,16.0,2.0,48.0,12.0,56.0,18.0,384.0,96.0,1454.0418980882587,1488.2348452619356,0,1.0,0,0.0,0.4572713771357075,0.42840918920176585,-0.42840918920176585,-23.712172176646188,1430.3297259116125,1430.3297259116125,1454.0418980882587,retrospective_first_five_backcast_previous_season_anchor_frozen_v7_5
ascari,1954,British Grand Prix,Alberto Ascari,Maserati,Maserati,27,0.0029556668321618607,0.6067044086228989,1950-1960_front_engine,90,0.8,13.9,13.9,7.1659999999999995,silverstone,0.6911258710265415,open_meteo_era5_air_temperature_track_proxy,5,1954-07-17,jolpica_cross_fitted_xw_xp,0.0,21,Engine,6.0,4.475129550820555,4,prior_same_circuit_grid_movement,mechanical,,False,1712.0433133839147,0.0,0.694690377515386,4.461630954404452,0.8657481519279574,0.6887494533172797,2.0077339294820034,1.0821851899099468,0.10331241799759194,1.7283560554089008,0.07311423113388146,0.4600698312983216,18.27776539845371,0.08,0.0048013617144565535,0.15519863828554345,2.0077339294820034,1.0821851899099468,0.10331241799759194,0.0681133088011182,0.02489859014598142,0.00027019466108734537,0.3352262979986357,0.15224944084803332,0.008986927335438375,0.33595416475279466,0.012480870288559947,0.017651642055151337,0.06185106146481355,0.10625710878119,0.08811132184159558,0.04391190243193337,-0.0004941448844430901,0.08811132184159558,cross_fitted,season_grid_average,example_precomputed_capabilities,0.709188523668046,1.3877787807814457e-17,0.0,0.10576296389674691,0.832416830934902,0.012480870288559947,0.33595416475279466,0.35,0.7499999999999999,-0.03264873276286545,-0.37234699963658047,-0.07311423113388146,,0.0,0.0,0.0,0.0,1712.0433133839147,revised_v3_parallel,prior_similar_races_current_season_only,field_centered_bounded_no_teammate_term,albertoascari,alberto-ascari,maserati,officine-alfieri-maserati,,maserati-250f|maserati-a6gcm,ambiguous_chassis_constructor_fallback,constructor:maserati,Engine,other,30.0,30,True,,,True,False,,,,False,0.6167763157894737,,0.04780396045055942,0.0,0.0,0.14841242871377092,0.16142853059963327,full_same_season_static_retrospective_baseline_plus_shape_distributions_v9,constructor_lineage_regulation_and_stability_shrunk,37.11280436365654,1749.1561177475712,1686.7916941634894,-4.113662483976386,1745.0424552635948,1745.0424552635948,748c427fac885acd,0.5100327774028728,0.0608,0.3181336161187699,0.1378579003181336,0.0,0.0,0.0,0.2386634844868735,0.5656324582338902,0.1957040572792363,0.2301166489925769,0.21208907741251326,0.0,0.21208907741251326,0.21208907741251326,0.0,0.9395673122753119,0.5132711972991405,0.04288003405726605,0.0,0.0,0.14841242871377092,0.16142853059963327,full_same_season_static_retrospective_baseline_plus_shape_distributions_v9,constructor_lineage_regulation_and_stability_shrunk,high,baseline_plus_shape_distributions_v9,0.4840557674365637,0.17658574210358732,full_same_season_static_retrospective,1667.4879625583835,0.09759685934056123,23,DNF,,10574.0,90.0,,0.0,unavailable,,1.0,scheduled_distance_unavailable_assume_full,1683.6168504227096,0.05677758044091859,0.0,0.0,0.0,0.0,,0.0,,0.0,0.0,0.0,-0.0010290999993222778,15.62884201274207,11,0.0010290999993222778,0.0,,,all_field_expected_seconds_gap_residual_same_car_crossfit_v7_4,31,8,16.0,2.0,48.0,12.0,56.0,18.0,384.0,96.0,1674.9186998663877,1500.0,0,1.0,23,-7.430737308004157,0.6595449770877567,0.776929711903747,,0.0,1667.4879625583835,1667.4879625583835,1582.561372671197,retrospective_first_five_backcast_previous_season_anchor_frozen_v7_5
villoresi,1954,British Grand Prix,Luigi Villoresi,Maserati,Maserati,27,0.0006753413954017178,0.38003008776035885,1950-1960_front_engine,90,0.8,13.9,13.9,7.1659999999999995,silverstone,0.6911258710265415,open_meteo_era5_air_temperature_track_proxy,5,1954-07-17,jolpica_cross_fitted_xw_xp,0.0,21,Engine,6.0,4.475129550820555,4,prior_same_circuit_grid_movement,mechanical,,False,1471.5574638833427,0.0,0.46828050673076416,-0.701464398586932,0.8657481519279574,0.6887494533172797,-0.3156589793641194,1.0821851899099468,0.10331241799759194,1.7283560554089008,0.011733343938644038,0.37592457174256433,20.97041370423794,0.02,0.0,0.05880602015151773,-0.3156589793641194,1.0821851899099468,0.10331241799759194,-0.005265674659862348,0.004020649939407859,9.498418212232495e-05,-0.0485954657519004,0.19663852027402168,0.01183857343695735,0.33595416475279466,0.012480870288559947,0.017651642055151337,0.008520630214486841,0.01152121807564622,-0.006320812304923554,0.0028101995357409423,-0.00019038832541843666,-0.006320812304923554,cross_fitted,season_grid_average,example_precomputed_capabilities,0.709188523668046,2.168404344971009e-19,0.0,0.011330829750227783,0.4958357927118733,0.012480870288559947,0.33595416475279466,0.35,0.7499999999999999,0.00040251418841625447,-0.11991122096930895,-0.011733343938644038,,0.0,0.0,0.0,0.0,1471.5574638833427,revised_v3_parallel,prior_similar_races_current_season_only,field_centered_bounded_no_teammate_term,luigivilloresi,luigi-villoresi,maserati,officine-alfieri-maserati,,maserati-250f|maserati-a6gcm,ambiguous_chassis_constructor_fallback,constructor:maserati,Engine,mechanical,27.0,27,True,,,True,False,,,,False,0.6167763157894737,,0.04780396045055942,0.0,0.0,0.14841242871377092,0.16142853059963327,full_same_season_static_retrospective_baseline_plus_shape_distributions_v9,constructor_lineage_regulation_and_stability_shrunk,31.3038635448509,1502.8613274281936,1577.1946303139455,-2.241132260996592,1500.620195167197,1500.620195167197,748c427fac885acd,0.5100327774028728,0.0608,0.3181336161187699,0.1378579003181336,0.0,0.0,0.0,0.2386634844868735,0.5656324582338902,0.1957040572792363,0.2301166489925769,0.21208907741251326,0.0,0.21208907741251326,0.21208907741251326,0.0,0.9395673122753119,0.5132711972991405,0.04288003405726605,0.0,0.0,0.14841242871377092,0.16142853059963327,full_same_season_static_retrospective_baseline_plus_shape_distributions_v9,constructor_lineage_regulation_and_stability_shrunk,high,baseline_plus_shape_distributions_v9,0.4840557674365637,0.17658574210358732,full_same_season_static_retrospective,1560.2315887145148,0.13860829464246932,22,DNF,,10574.0,90.0,,0.0,unavailable,,1.0,scheduled_distance_unavailable_assume_full,1599.1765914721034,0.04103278209547344,0.0,0.0,0.0,0.0,,0.0,,0.0,0.0,0.0,-0.00020887862771003728,15.254039444662057,10,0.00020887862771003728,0.0,,,all_field_expected_seconds_gap_residual_same_car_crossfit_v7_4,31,8,16.0,2.0,48.0,12.0,56.0,18.0,384.0,96.0,1565.3216360168437,1500.0,0,1.0,16,-5.090047302328969,0.5602740483100205,0.7214648359723426,,0.0,1560.2315887145148,1560.2315887145148,1484.619807275435,retrospective_first_five_backcast_previous_season_anchor_frozen_v7_5
riseley_prichard,1954,British Grand Prix,John Riseley-Prichard,Connaught,Connaught,21,0.00015306358903850636,0.16997145383709694,1950-1960_front_engine,90,0.8,13.9,13.9,7.1659999999999995,silverstone,0.6911258710265415,open_meteo_era5_air_temperature_track_proxy,5,1954-07-17,jolpica_cross_fitted_xw_xp,0.0,22,Accident,-1.0,4.475129550820555,4,prior_same_circuit_grid_movement,driver_fault,0.0,True,1500.0,0.0,0.49623830065524954,-0.09081921361585753,-1.2588404426855222,-1.012924898822778,-0.04086864612713589,-1.5735505533569027,-0.1519387348234167,0.0,0.007643387193813464,0.3738345721061834,21.03729369260213,0.0,0.0,0.0,-0.04086864612713589,-1.5735505533569027,-0.1519387348234167,-0.0015804259880252977,-0.01405679893160438,-0.0011779636993324025,-5.245225251704344e-05,-0.19339030774129698,-0.012038847459108798,0.42520497396941415,0.01857325979613882,0.00207916111686611,0.013733550925107547,0.0020650764761003075,-0.000321089939689372,-0.011975479747930808,-0.00030700529892356944,-0.000321089939689372,cross_fitted,season_grid_average,example_precomputed_capabilities,0.6499999999999999,-3.469446951953614e-18,-2.7755575615628914e-17,0.001758071177176738,0.2197233665164913,0.01857325979613882,0.42520497396941415,0.35,0.7499999999999999,0.0058853160166367265,0.15411120558969213,-0.007643387193813464,-0.3738345721061834,-6.912463590562824,-2.0156330718778666,-8.92809666244069,0.0,1491.0719033375592,revised_v3_parallel,prior_similar_races_current_season_only,field_centered_bounded_no_teammate_term,johnriseleyprichard,john-riseley-prichard,connaught,rrc-walker-racing-team,connaught-a,connaught-a,exact_chassis,connaught-a,Accident,driver_fault,21.0,21,True,,1:58.000,True,False,,,,True,0.6167763157894737,-0.6167763157894737,-0.14021381578947367,0.0,0.0,-0.48529515887860847,0.026402782499895028,full_same_season_static_retrospective_baseline_plus_shape_distributions_v9,constructor_lineage_regulation_and_stability_shrunk,0.0,1500.0,1413.411232551647,-0.5545378102821568,1499.4454621897178,1490.517365527277,748c427fac885acd,0.5100327774028728,0.0608,0.3181336161187699,0.1378579003181336,0.0,0.0,0.0,0.2386634844868735,0.5656324582338902,0.1957040572792363,0.2301166489925769,0.21208907741251326,0.0,0.21208907741251326,0.21208907741251326,0.0,0.9395673122753119,0.5132711972991405,-0.14021381578947367,0.0,0.0,-0.48529515887860847,0.026402782499895028,full_same_season_static_retrospective_baseline_plus_shape_distributions_v9,constructor_lineage_regulation_and_stability_shrunk,high,baseline_plus_shape_distributions_v9,-0.6137422557088034,0.007669418279987321,full_same_season_static_retrospective,1451.3519250437134,0.0,24,DNF,,10574.0,90.0,,0.0,unavailable,,1.0,scheduled_distance_unavailable_assume_full,1426.9059984854823,0.021153219301233893,0.0,0.0,0.0,0.0,,0.0,,0.0,0.0,0.0,-0.02023166108571388,4.5,3,0.02023166108571388,0.0,0.0,0.0,all_field_expected_seconds_gap_residual_same_car_crossfit_v7_4,31,8,16.0,2.0,48.0,12.0,56.0,18.0,384.0,96.0,1452.2348452619356,1488.2348452619356,0,1.0,0,-0.8829202182221443,0.45467026636167207,0.42988169588085035,-0.42988169588085035,-23.782852497242246,1427.5690725464713,1427.5690725464713,1452.2348452619356,retrospective_first_five_backcast_previous_season_anchor_frozen_v7_5
reg_parnell,1954,British Grand Prix,Reg Parnell,Ferrari,Ferrari,14,0.08109711028330474,0.8958785518575118,1950-1960_front_engine,90,0.8,13.9,13.9,7.1659999999999995,silverstone,0.6911258710265415,open_meteo_era5_air_temperature_track_proxy,5,1954-07-17,jolpica_cross_fitted_xw_xp,0.0,23,Engine,-9.0,4.475129550820555,4,prior_same_circuit_grid_movement,mechanical,,False,1499.7511913187745,0.013095193748767997,0.4959934267898473,-0.09616099546492222,1.0321933931151823,1.1286106888901906,-0.043272447959215005,1.290241741393978,0.16929160333352858,1.7283560554089008,0.038944626827731796,0.5788466795523819,14.47690625432378,0.06,0.0,0.12582799404508693,-0.043272447959215005,1.290241741393978,0.16929160333352858,-0.0067398950042349675,0.019371995808634863,0.0018475647332520887,-0.010244318004024273,0.17014339712519863,0.017256843818965452,0.5345576988173469,0.029532844228258012,0.05282319465794821,0.026473530366848495,0.042619330940106274,-0.008810684892038206,0.017538979399061506,0.0013931788258037259,-0.008810684892038206,cross_fitted,season_grid_average,example_precomputed_capabilities,0.709188523668046,3.469446951953614e-18,0.0,0.04401250976591,0.7117136217574868,0.029532844228258012,0.5345576988173469,0.35,0.7499999999999999,-0.0050678829381782045,-0.13286694220510487,-0.038944626827731796,,0.0,0.0,0.0,0.0,1499.7511913187745,revised_v3_parallel,prior_similar_races_current_season_only,field_centered_bounded_no_teammate_term,regparnell,reg-parnell,ferrari,scuderia-ambrosiana,ferrari-500,ferrari-500,exact_chassis,ferrari-500,Engine,mechanical,14.0,14,True,,1:52.000,True,False,,,,False,0.6167763157894737,,-0.13194444444444442,0.0,0.0,-0.4566739716003327,0.028652600963793635,full_same_season_static_retrospective_baseline_plus_shape_distributions_v9,constructor_lineage_regulation_and_stability_shrunk,0.995490834808864,1500.7466821535834,1556.2853845163866,0.7737602268350162,1501.5204423804184,1501.5204423804184,748c427fac885acd,0.5100327774028728,0.0608,0.3181336161187699,0.1378579003181336,0.0,0.0,0.0,0.2386634844868735,0.5656324582338902,0.1957040572792363,0.2301166489925769,0.21208907741251326,0.0,0.21208907741251326,0.21208907741251326,0.0,0.9395673122753119,0.5132711972991405,-0.13194444444444442,0.0,0.0,-0.4566739716003327,0.028652600963793635,full_same_season_static_retrospective_baseline_plus_shape_distributions_v9,constructor_lineage_regulation_and_stability_shrunk,high,baseline_plus_shape_distributions_v9,-0.5654590577220423,0.008803882023128604,full_same_season_static_retrospective,1592.9986299902016,0.0,25,DNF,,10574.0,90.0,,0.0,unavailable,,1.0,scheduled_distance_unavailable_assume_full,1539.8966777213645,0.032667204111370376,0.0,0.0,0.0,0.0,,0.0,,0.0,0.0,0.0,-0.008357321294799163,0.710064533998699,1,0.008357321294799163,0.0,,,all_field_expected_seconds_gap_residual_same_car_crossfit_v7_4,31,8,16.0,2.0,48.0,12.0,56.0,18.0,384.0,96.0,1592.8193022444132,1500.0,1,1.08,4,0.17932774578840527,0.5914621816920062,0.568085634593639,,0.0,1592.9986299902016,1592.9986299902016,1575.75522951984,retrospective_first_five_backcast_previous_season_anchor_frozen_v7_5
bucci,1954,British Grand Prix,Clemar Bucci,Gordini,Gordini,13,0.0008542374123152726,0.4176240434273812,1950-1960_front_engine,90,0.8,13.9,13.9,7.1659999999999995,silverstone,0.6911258710265415,open_meteo_era5_air_temperature_track_proxy,5,1954-07-17,jolpica_cross_fitted_xw_xp,0.0,25,Accident,-12.0,4.475129550820555,4,prior_same_circuit_grid_movement,driver_fault,0.0,True,1500.0,0.0,0.49623830065524954,-0.09081921361585753,-0.05414804835759303,-1.3238159155350802,-0.04086864612713589,-0.06768506044699128,-0.19857238733026203,1.7283560554089008,0.018204819442050556,0.5354567859447478,15.865382849768071,0.02,0.0,0.05880602015151773,-0.04086864612713589,-0.06768506044699128,-0.19857238733026203,-0.003488033241676185,-0.013635991483844232,-0.003415940575634609,-0.004664411979916941,-0.02917849978969301,-0.024972041742186486,0.5501605243226969,0.03155579688780133,0.013106911232098298,0.02268328537892671,0.01352211296888892,-0.0020910796454519966,-0.01166745379228041,-0.0025062813822426186,-0.0020910796454519966,cross_fitted,season_grid_average,example_precomputed_capabilities,0.709188523668046,-3.469446951953614e-18,-6.938893903907228e-18,0.011015831586646301,0.49134557081090047,0.03155579688780133,0.5501605243226969,0.35,0.7499999999999999,0.007188987855404255,0.044111215133847304,-0.018204819442050556,-0.5354567859447478,-10.075137813614672,-2.0156330718778666,-12.090770885492539,0.0,1487.9092291145075,revised_v3_parallel,prior_similar_races_current_season_only,field_centered_bounded_no_teammate_term,clemarbucci,clemar-bucci,gordini,equipe-gordini,gordini-t16,gordini-t16,exact_chassis,gordini-t16,Accident,driver_fault,13.0,13,True,,1:52.000,True,False,,,,True,0.6167763157894737,-0.6167763157894737,-0.13952159206623554,0.0,0.0,-0.4867234618645412,0.026295255841240064,full_same_season_static_retrospective_baseline_plus_shape_distributions_v9,constructor_lineage_regulation_and_stability_shrunk,0.0,1500.0,1411.7102625067873,0.9919888694234436,1500.9919888694235,1488.901217983931,748c427fac885acd,0.5100327774028728,0.0608,0.3181336161187699,0.1378579003181336,0.0,0.0,0.0,0.2386634844868735,0.5656324582338902,0.1957040572792363,0.2301166489925769,0.21208907741251326,0.0,0.21208907741251326,0.21208907741251326,0.0,0.9395673122753119,0.5132711972991405,-0.14062648797071672,0.0,0.0,-0.4867234618645412,0.026295255841240064,full_same_season_static_retrospective_baseline_plus_shape_distributions_v9,constructor_lineage_regulation_and_stability_shrunk,high,baseline_plus_shape_distributions_v9,-0.6097005004549013,0.007758497087207994,full_same_season_static_retrospective,1452.8813627197314,0.0,27,DNF,,10574.0,90.0,,0.0,unavailable,,1.0,scheduled_distance_unavailable_assume_full,1428.3774874520332,0.02127327690588454,0.0,0.0,0.0,0.0,,0.0,,0.0,0.0,0.0,-0.001815053632238218,4.629893800462578,4,0.001815053632238218,0.0,0.0,0.0,all_field_expected_seconds_gap_residual_same_car_crossfit_v7_4,31,8,16.0,2.0,48.0,12.0,56.0,18.0,384.0,96.0,1450.6481394559507,1488.2348452619356,0,1.0,0,2.2332232637807596,0.45614891555447257,0.43122576286873554,-0.43122576286873554,-23.847367712660734,1429.0339950070706,1429.0339950070706,1450.6481394559507,retrospective_first_five_backcast_previous_season_anchor_frozen_v7_5
collins,1954,British Grand Prix,Peter Collins,Vanwall,Vanwall,11,0.0010403954350430603,0.4492405887890182,1950-1960_front_engine,90,0.8,13.9,13.9,7.1659999999999995,silverstone,0.6911258710265415,open_meteo_era5_air_temperature_track_proxy,5,1954-07-17,jolpica_cross_fitted_xw_xp,0.0,26,Engine,-15.0,4.475129550820555,4,prior_same_circuit_grid_movement,mechanical,,False,1488.7090834169526,0.5942587675287996,0.4851288399970954,-0.3332288151038937,-1.2588404426855222,-1.012924898822778,-0.14995296679675216,-1.5735505533569027,-0.1519387348234167,0.0,0.014666865775625773,0.5110631843776872,16.64597809991401,0.0,0.0,0.0,-0.14995296679675216,-1.5735505533569027,-0.1519387348234167,-0.004483009838322471,-0.026169237187742313,-0.00220934569168114,-0.018203175884844797,-0.24773220635077847,-0.014168694349662612,0.5810892035240087,0.03602690104216063,0.00403298788851355,0.02430567893341508,0.0037149742068574923,-0.0008676795640988463,-0.021140370609000377,-0.0005496658824427885,-0.0008676795640988463,cross_fitted,season_grid_average,example_precomputed_capabilities,0.6499999999999999,0.0,-5.551115123125783e-17,0.003165308324414704,0.3009851269387228,0.03602690104216063,0.5810892035240087,0.35,0.7499999999999999,0.01150155745121107,0.21007805743896435,-0.014666865775625773,,0.0,0.0,0.0,0.0,1488.7090834169526,revised_v3_parallel,prior_similar_races_current_season_only,field_centered_bounded_no_teammate_term,petercollins,peter-collins,vanwall,vandervell-products,vanwall-special,vanwall-special,exact_chassis,vanwall-special,Engine,mechanical,11.0,11,True,,1:50.000,True,False,,,,False,0.6167763157894737,,-0.3722304011777696,0.0,0.0,-1.2883296176051664,0.002662020003829969,full_same_season_static_retrospective_baseline_plus_shape_distributions_v9,constructor_lineage_regulation_and_stability_shrunk,-1.1194531525521656,1487.5896302644005,1354.431039444701,2.0500852032438885,1489.6397154676445,1489.6397154676445,748c427fac885acd,0.5100327774028728,0.0608,0.3181336161187699,0.1378579003181336,0.0,0.0,0.0,0.2386634844868735,0.5656324582338902,0.1957040572792363,0.2301166489925769,0.21208907741251326,0.0,0.21208907741251326,0.21208907741251326,0.0,0.9395673122753119,0.5132711972991405,-0.3722304011777696,0.0,0.0,-1.2883296176051664,0.002662020003829969,full_same_season_static_retrospective_baseline_plus_shape_distributions_v9,constructor_lineage_regulation_and_stability_shrunk,high,baseline_plus_shape_distributions_v9,-1.968440486215674,0.00015988098186082108,full_same_season_static_retrospective,1461.1451042236558,0.0,28,DNF,,10574.0,90.0,,0.0,unavailable,,1.0,scheduled_distance_unavailable_assume_full,1361.498794742887,0.016448362669566893,0.0,0.0,0.0,0.0,,0.0,,0.0,0.0,0.0,0.0,0.0,0,0.0,0.0,,,all_field_expected_seconds_gap_residual_same_car_crossfit_v7_4,31,8,16.0,2.0,48.0,12.0,56.0,18.0,384.0,96.0,1457.4974088531142,1493.1101281223268,0,1.0,4,3.647695370541661,0.4641496409657,0.37902954127993793,,0.0,1461.1451042236558,1461.1451042236558,1473.2043712931256,retrospective_first_five_backcast_previous_season_anchor_frozen_v7_5
manzon,1954,British Grand Prix,Robert Manzon,Ferrari,Ferrari,15,0.028623944790960372,0.8312525337241031,1950-1960_front_engine,90,0.8,13.9,13.9,7.1659999999999995,silverstone,0.6911258710265415,open_meteo_era5_air_temperature_track_proxy,5,1954-07-17,jolpica_cross_fitted_xw_xp,0.0,27,Engine,-12.0,4.475129550820555,4,prior_same_circuit_grid_movement,mechanical,,False,1467.8915872183607,0.0,0.4646866736952438,-0.7801686999540006,1.0321933931151823,1.1286106888901906,-0.3510759149793003,1.290241741393978,0.16929160333352858,1.7283560554089008,0.029442551179107053,0.5527425823098435,15.312237366085007,0.0,0.0,0.0,-0.3510759149793003,1.290241741393978,0.16929160333352858,-0.014372448221671382,0.015619115997317752,0.0015271381499378477,-0.06381076366742669,0.18124835796551764,0.017944027621152686,0.5188971768300326,0.027639577327477315,0.049436849432732896,0.0190347891270867,0.0295275049209611,-0.019023466179671364,0.011378594125974834,0.0008858783321004336,-0.019023466179671364,cross_fitted,season_grid_average,example_precomputed_capabilities,0.709188523668046,0.0,0.0,0.030413383253061532,0.6542787987492762,0.027639577327477315,0.5188971768300326,0.35,0.7499999999999999,-0.0009708320739544793,-0.10153621643943267,-0.029442551179107053,,0.0,0.0,0.0,0.0,1467.8915872183607,revised_v3_parallel,prior_similar_races_current_season_only,field_centered_bounded_no_teammate_term,robertmanzon,robert-manzon,ferrari,,,,unmatched_constructor_fallback,constructor:ferrari,Engine,mechanical,15.0,15,True,,1:52.000,True,False,,,,False,0.6167763157894737,,0.08567182721008892,0.0,0.0,0.31911662233631705,0.26290395548791207,full_same_season_static_retrospective_baseline_plus_shape_distributions_v9,constructor_lineage_regulation_and_stability_shrunk,14.130763520905628,1482.0223507392664,1549.994311376281,0.0996581022619254,1482.1220088415282,1482.1220088415282,748c427fac885acd,0.5100327774028728,0.0608,0.3181336161187699,0.1378579003181336,0.0,0.0,0.0,0.2386634844868735,0.5656324582338902,0.1957040572792363,0.2301166489925769,0.21208907741251326,0.0,0.21208907741251326,0.21208907741251326,0.0,0.9395673122753119,0.5132711972991405,0.09220071224904963,0.0,0.0,0.31911662233631705,0.26290395548791207,full_same_season_static_retrospective_baseline_plus_shape_distributions_v9,constructor_lineage_regulation_and_stability_shrunk,high,baseline_plus_shape_distributions_v9,0.7051586338818707,0.3321308523758158,full_same_season_static_retrospective,1524.3290530000647,0.0519505857699739,29,DNF,,10574.0,90.0,,0.0,unavailable,,1.0,scheduled_distance_unavailable_assume_full,1562.0253241323442,0.03556926138948395,0.0,0.0,0.0,0.0,,0.0,,0.0,0.0,0.0,0.015834015038646145,15.344263737289412,7,-0.015834015038646145,0.0,,,all_field_expected_seconds_gap_residual_same_car_crossfit_v7_4,31,8,16.0,2.0,48.0,12.0,56.0,18.0,384.0,96.0,1524.4649815893756,1500.0,0,1.0,10,-0.13592858931098406,0.5255872254475937,0.6137609518352465,,0.0,1524.3290530000647,1524.3290530000647,1529.472383535977,retrospective_first_five_backcast_previous_season_anchor_frozen_v7_5
whitehead,1954,British Grand Prix,Peter Whitehead,Cooper,Cooper,24,0.00018702098881054967,0.19403103226752827,1950-1960_front_engine,90,0.8,13.9,13.9,7.1659999999999995,silverstone,0.6911258710265415,open_meteo_era5_air_temperature_track_proxy,5,1954-07-17,jolpica_cross_fitted_xw_xp,0.0,28,Oil leak,-4.0,4.475129550820555,4,prior_same_circuit_grid_movement,mechanical,,False,1485.7518526716826,0.7499024909641321,0.48222081365334163,-0.39671888884559314,-1.2588404426855222,-1.012924898822778,-0.17852349998051692,-1.5735505533569027,-0.1519387348234167,0.0,0.006181557845539709,0.33046786105356973,22.42502844628577,0.02,0.0,0.05880602015151773,-0.17852349998051692,-1.5735505533569027,-0.1519387348234167,-0.0020426858376077677,-0.010944986644173501,-0.0009258116587072888,-0.01790053291173431,-0.16811771071917864,-0.010912084050943916,0.37970044297403394,0.015225322536857275,0.001704380327300427,0.010028122017314563,0.0015393091753542762,-0.00039254193093171165,-0.008716283620945849,-0.00022747077898556097,-0.00039254193093171165,cross_fitted,season_grid_average,example_precomputed_capabilities,0.6499999999999999,-1.734723475976807e-18,0.0,0.0013118383963687153,0.18277011529217707,0.015225322536857275,0.37970044297403394,0.35,0.7499999999999999,0.004869719449170994,0.14769774576139266,-0.006181557845539709,,0.0,0.0,0.0,0.0,1485.7518526716826,revised_v3_parallel,prior_similar_races_current_season_only,field_centered_bounded_no_teammate_term,peterwhitehead,peter-whitehead,cooper,peter-whitehead,cooper-t24,cooper-t24,exact_chassis,cooper-t24,Oil leak,mechanical,24.0,24,True,,2:00.000,True,False,,,,False,0.6167763157894737,,0.0,0.0,0.0,0.0,0.10563893427617099,full_same_season_static_retrospective_baseline_plus_shape_distributions_v9,constructor_lineage_regulation_and_stability_shrunk,-6.99113568399559,1478.7607169876871,1454.8385801687295,-1.3912517359688708,1477.3694652517183,1477.3694652517183,748c427fac885acd,0.5100327774028728,0.0608,0.3181336161187699,0.1378579003181336,0.0,0.0,0.0,0.2386634844868735,0.5656324582338902,0.1957040572792363,0.2301166489925769,0.21208907741251326,0.0,0.21208907741251326,0.21208907741251326,0.0,0.9395673122753119,0.5132711972991405,0.0,0.0,0.0,0.0,0.10563893427617099,full_same_season_static_retrospective_baseline_plus_shape_distributions_v9,constructor_lineage_regulation_and_stability_shrunk,high,baseline_plus_shape_distributions_v9,0.20493804606671862,0.0795453536737055,full_same_season_static_retrospective,1452.3184957573549,0.10128908054823704,30,DNF,,10574.0,90.0,,0.0,unavailable,,1.0,scheduled_distance_unavailable_assume_full,1495.2168512760322,0.02750935575061529,0.0,0.0,0.0,0.0,,0.0,,0.0,0.0,0.0,0.0,0.0,0,0.0,0.0,,,all_field_expected_seconds_gap_residual_same_car_crossfit_v7_4,31,8,16.0,2.0,48.0,12.0,56.0,18.0,384.0,96.0,1454.8385801687295,1500.0,0,1.0,6,-2.5200844113747816,0.45560465789707183,0.5692461520933194,,0.0,1452.3184957573549,1452.3184957573549,1490.2595881736324,retrospective_first_five_backcast_previous_season_anchor_frozen_v7_5
brandon,1954,British Grand Prix,Eric Brandon,Cooper,Cooper,25,0.0007375151209987066,0.3940804763850231,1950-1960_front_engine,90,0.8,13.9,13.9,7.1659999999999995,silverstone,0.6911258710265415,open_meteo_era5_air_temperature_track_proxy,5,1954-07-17,jolpica_cross_fitted_xw_xp,0.0,29,Engine,-4.0,4.475129550820555,4,prior_same_circuit_grid_movement,mechanical,,False,1489.934779842105,0.5297484293628258,0.48633440800475575,-0.30691380517701117,-1.2588404426855222,-1.012924898822778,-0.13811121232965504,-1.5735505533569027,-0.1519387348234167,0.0,0.005807611026629863,0.31819856923432627,22.817645784501558,0.0,0.0,0.0,-0.13811121232965504,-1.5735505533569027,-0.1519387348234167,-0.0017146802353246104,-0.01039554270673723,-0.0008769451425289925,-0.012185941058626266,-0.16388877219330464,-0.010706895311083198,0.36489397137507984,0.014249270281613907,0.0015951173374211067,0.009709469605281426,0.0014814035301158159,-0.00033301514039803443,-0.008447367408258353,-0.00021930133309274358,-0.00033301514039803443,cross_fitted,season_grid_average,example_precomputed_capabilities,0.6499999999999999,-1.734723475976807e-18,-2.7755575615628914e-17,0.0012621021970230723,0.17811236281206572,0.014249270281613907,0.36489397137507984,0.35,0.7499999999999999,0.004545508829606791,0.14008620642226055,-0.005807611026629863,,0.0,0.0,0.0,0.0,1489.934779842105,revised_v3_parallel,prior_similar_races_current_season_only,field_centered_bounded_no_teammate_term,ericbrandon,eric-brandon,cooper,ecurie-richmond,cooper-t23,cooper-t23,exact_chassis,cooper-t23,Engine,mechanical,25.0,25,True,,2:05.000,True,False,,,,False,0.6167763157894737,,0.023848684210526327,0.0,0.0,0.08254287159812113,0.13373547411255843,full_same_season_static_retrospective_baseline_plus_shape_distributions_v9,constructor_lineage_regulation_and_stability_shrunk,-4.02599135499274,1485.9087884871121,1396.7747592206103,-1.690990184049753,1484.2177983030624,1484.2177983030624,748c427fac885acd,0.5100327774028728,0.0608,0.3181336161187699,0.1378579003181336,0.0,0.0,0.0,0.2386634844868735,0.5656324582338902,0.1957040572792363,0.2301166489925769,0.21208907741251326,0.0,0.21208907741251326,0.21208907741251326,0.0,0.9395673122753119,0.5132711972991405,0.023848684210526327,0.0,0.0,0.08254287159812113,0.13373547411255843,full_same_season_static_retrospective_baseline_plus_shape_distributions_v9,constructor_lineage_regulation_and_stability_shrunk,high,baseline_plus_shape_distributions_v9,0.3441857220285377,0.11841292119434949,full_same_season_static_retrospective,1387.9287096360592,0.0,32,DNF,,10574.0,90.0,,0.0,unavailable,,1.0,scheduled_distance_unavailable_assume_full,1429.2940856878643,0.021348405595360616,0.0,0.0,0.0,0.0,,0.0,,0.0,0.0,0.0,-0.022282531258498016,3.0,2,0.022282531258498016,0.0,,,all_field_expected_seconds_gap_residual_same_car_crossfit_v7_4,31,8,16.0,2.0,48.0,12.0,56.0,18.0,384.0,96.0,1390.1713294927606,1493.1101281223268,1,1.08,4,-2.2426198567012627,0.3942611134630096,0.41287597933143483,,0.0,1387.9287096360592,1387.9287096360592,1406.4896918384766,retrospective_first_five_backcast_previous_season_anchor_frozen_v7_5
rosier,1954,British Grand Prix,Louis Rosier,Ferrari,Ferrari,31,0.0029510658226076076,0.6064916586790938,1950-1960_front_engine,90,0.8,13.9,13.9,7.1659999999999995,silverstone,0.6911258710265415,open_meteo_era5_air_temperature_track_proxy,5,1954-07-17,jolpica_cross_fitted_xw_xp,0.0,30,Engine,1.0,4.475129550820555,4,prior_same_circuit_grid_movement,mechanical,,False,1455.0003026420277,0.0,0.4520773703695713,-1.0569372983076262,1.0321933931151823,1.1286106888901906,-0.47562178423843177,1.290241741393978,0.16929160333352858,1.7283560554089008,0.009408803102414645,0.32717630788478325,22.530358147686936,0.0,0.0,0.0,-0.47562178423843177,1.290241741393978,0.16929160333352858,-0.005899490460521132,0.005136477242308792,0.0005069668927613603,-0.07091668434608528,0.23528813072801513,0.019176371634226447,0.2812893533807441,0.009575233213957784,0.01712650512246234,0.005927072237351476,0.009057281851963875,-0.007807318233955534,0.0033921146511553283,0.0002619050365429299,-0.007807318233955534,cross_fitted,season_grid_average,example_precomputed_capabilities,0.709188523668046,-4.336808689942018e-19,-2.7755575615628914e-17,0.009319186888506805,0.4648371713969004,0.009575233213957784,0.2812893533807441,0.35,0.7499999999999999,8.961621390784005e-05,-0.13766086351211715,-0.009408803102414645,,0.0,0.0,0.0,0.0,1455.0003026420277,revised_v3_parallel,prior_similar_races_current_season_only,field_centered_bounded_no_teammate_term,louisrosier,louis-rosier,ferrari,,,,unmatched_constructor_fallback,constructor:ferrari,Engine,mechanical,31.0,31,True,,,True,False,,,,False,0.6167763157894737,,0.08567182721008892,0.0,0.0,0.31911662233631705,0.26290395548791207,full_same_season_static_retrospective_baseline_plus_shape_distributions_v9,constructor_lineage_regulation_and_stability_shrunk,-5.349399320565695,1449.650903321462,1438.8813939396139,-2.8094310360639847,1446.841472285398,1446.841472285398,748c427fac885acd,0.5100327774028728,0.0608,0.3181336161187699,0.1378579003181336,0.0,0.0,0.0,0.2386634844868735,0.5656324582338902,0.1957040572792363,0.2301166489925769,0.21208907741251326,0.0,0.21208907741251326,0.21208907741251326,0.0,0.9395673122753119,0.5132711972991405,0.09220071224904963,0.0,0.0,0.31911662233631705,0.26290395548791207,full_same_season_static_retrospective_baseline_plus_shape_distributions_v9,constructor_lineage_regulation_and_stability_shrunk,high,baseline_plus_shape_distributions_v9,0.7051586338818707,0.3321308523758158,full_same_season_static_retrospective,1408.3064010376008,0.030925197773770285,31,DNF,,10574.0,90.0,,0.0,unavailable,,1.0,scheduled_distance_unavailable_assume_full,1444.029639317231,0.022593274280487203,0.0,0.0,0.0,0.0,,0.0,,0.0,0.0,0.0,0.013031838092688437,15.719066305369424,7,-0.013031838092688437,0.0,,,all_field_expected_seconds_gap_residual_same_car_crossfit_v7_4,31,8,16.0,2.0,48.0,12.0,56.0,18.0,384.0,96.0,1413.3520641527084,1500.0,0,1.0,22,-5.045663115107619,0.4134355608692828,0.48113100478456855,,0.0,1408.3064010376008,1408.3064010376008,1517.4814919833518,retrospective_first_five_backcast_previous_season_anchor_frozen_v7_5
alan_brown,1954,British Grand Prix,Alan Brown,Cooper,Cooper,26,0.0009061756966342119,0.42709714224796547,1950-1960_front_engine,90,0.8,13.9,13.9,7.1659999999999995,silverstone,0.6911258710265415,open_meteo_era5_air_temperature_track_proxy,5,1954-07-17,jolpica_cross_fitted_xw_xp,0.0,31,Withdrew,-5.0,4.475129550820555,4,prior_same_circuit_grid_movement,dns,,False,1486.7625086535672,0.6967100708648104,0.48321454436231054,-0.3750206757724411,-1.2588404426855222,-1.012924898822778,-0.16875930409759848,-1.5735505533569027,-0.1519387348234167,0.0,0.0054193959238793155,0.3046817899453853,23.25018272174767,0.0,0.0,0.0,-0.16875930409759848,-1.5735505533569027,-0.1519387348234167,-0.0017451857548753987,-0.009620628262278882,-0.000813253744233808,-0.015721756400063267,-0.156417037524196,-0.010354466429613038,0.35030510503385337,0.013335789968781575,0.0014928588879991845,0.00885595935709717,0.0013573967607860143,-0.0003361366806056993,-0.007699237149703685,-0.00020067455339252914,-0.0003361366806056993,cross_fitted,season_grid_average,example_precomputed_capabilities,0.6499999999999999,-1.734723475976807e-18,0.0,0.0011567222073934852,0.16781184467998106,0.013335789968781575,0.35030510503385337,0.35,0.7499999999999999,0.0042626737164858305,0.13686994526540425,-0.0054193959238793155,,0.0,0.0,0.0,0.0,1486.7625086535672,revised_v3_parallel,prior_similar_races_current_season_only,field_centered_bounded_no_teammate_term,alanbrown,alan-brown,cooper,rj-chase,cooper-t23,cooper-t23,exact_chassis,cooper-t23,,dns,26.0,26,True,,2:12.000,True,False,,,,False,0.6167763157894737,,0.023848684210526327,0.0,0.0,0.08254287159812113,0.13373547411255843,full_same_season_static_retrospective_baseline_plus_shape_distributions_v9,constructor_lineage_regulation_and_stability_shrunk,-5.353731558992263,1481.408777094575,1422.1118516803429,-1.858412703882206,1479.550364390693,1479.550364390693,748c427fac885acd,0.5100327774028728,0.0608,0.3181336161187699,0.1378579003181336,0.0,0.0,0.0,0.2386634844868735,0.5656324582338902,0.1957040572792363,0.2301166489925769,0.21208907741251326,0.0,0.21208907741251326,0.21208907741251326,0.0,0.9395673122753119,0.5132711972991405,0.023848684210526327,0.0,0.0,0.08254287159812113,0.13373547411255843,full_same_season_static_retrospective_baseline_plus_shape_distributions_v9,constructor_lineage_regulation_and_stability_shrunk,high,baseline_plus_shape_distributions_v9,0.3441857220285377,0.11841292119434949,full_same_season_static_retrospective,1412.590695346136,0.06526278379661057,33,DNS,,10574.0,90.0,,0.0,unavailable,,1.0,scheduled_distance_unavailable_assume_full,1478.5306421713626,0.025799327574967192,0.0,0.0,0.0,0.0,,0.0,,0.0,0.0,0.0,-0.022282531258498016,3.0,2,0.022282531258498016,0.0,,,all_field_expected_seconds_gap_residual_same_car_crossfit_v7_4,31,8,16.0,2.0,48.0,12.0,56.0,18.0,384.0,96.0,1415.508421952493,1493.1101281223268,0,1.0,6,-2.9177266063569736,0.41749942588001837,0.5014831111010519,,0.0,1412.590695346136,1412.590695346136,1436.380594324595,retrospective_first_five_backcast_previous_season_anchor_frozen_v7_5
nuckey,1954,British Grand Prix,Rodney Nuckey,Cooper,Cooper,29,0.0008968273029655872,0.4254328122538121,1950-1960_front_engine,90,0.8,13.9,13.9,7.1659999999999995,silverstone,0.6911258710265415,open_meteo_era5_air_temperature_track_proxy,5,1954-07-17,jolpica_cross_fitted_xw_xp,0.0,32,Withdrew,-3.0,4.475129550820555,4,prior_same_circuit_grid_movement,dns,,False,1500.0708481264664,-0.003728848761511472,0.49630802856510653,-0.08929814435840762,-1.2588404426855222,-1.012924898822778,-0.04018416496128343,-1.5735505533569027,-0.1519387348234167,0.0,0.004499095430028912,0.26981491655364487,24.365922670283364,0.0,0.0,0.0,-0.04018416496128343,-1.5735505533569027,-0.1519387348234167,-0.0009273908015859824,-0.008275806086345643,-0.000693482250235825,0.0012487946051200256,-0.14442696802034663,-0.009725436381179045,0.30804081900274627,0.010931936869837755,0.00122376245857105,0.008088009400457254,0.0012160471845965826,-0.00018850472690074439,-0.007052751668786949,-0.000180789452926277,-0.00018850472690074439,cross_fitted,season_grid_average,example_precomputed_capabilities,0.6499999999999999,0.0,0.0,0.0010352577316703057,0.1551372092063406,0.010931936869837755,0.30804081900274627,0.35,0.7499999999999999,0.003463837698358606,0.11467770734730426,-0.004499095430028912,,0.0,0.0,0.0,0.0,1500.0708481264664,revised_v3_parallel,prior_similar_races_current_season_only,field_centered_bounded_no_teammate_term,rodneynuckey,rodney-nuckey,cooper,ecurie-richmond,cooper-t23,cooper-t23,exact_chassis,cooper-t23,,dns,29.0,29,True,,,True,False,,,,False,0.6167763157894737,,0.023848684210526327,0.0,0.0,0.08254287159812113,0.13373547411255843,full_same_season_static_retrospective_baseline_plus_shape_distributions_v9,constructor_lineage_regulation_and_stability_shrunk,-0.43084150082436634,1499.6400066256422,1466.1457820466871,-2.5448346789232277,1497.095171946719,1497.095171946719,748c427fac885acd,0.5100327774028728,0.0608,0.3181336161187699,0.1378579003181336,0.0,0.0,0.0,0.2386634844868735,0.5656324582338902,0.1957040572792363,0.2301166489925769,0.21208907741251326,0.0,0.21208907741251326,0.21208907741251326,0.0,0.9395673122753119,0.5132711972991405,0.023848684210526327,0.0,0.0,0.08254287159812113,0.13373547411255843,full_same_season_static_retrospective_baseline_plus_shape_distributions_v9,constructor_lineage_regulation_and_stability_shrunk,high,baseline_plus_shape_distributions_v9,0.3441857220285377,0.11841292119434949,full_same_season_static_retrospective,1454.955936684258,0.0,34,DNS,,10574.0,90.0,,0.0,unavailable,,1.0,scheduled_distance_unavailable_assume_full,1478.8672681934045,0.02583275199636705,0.0,0.0,0.0,0.0,,0.0,,0.0,0.0,0.0,-0.022282531258498016,3.0,2,0.022282531258498016,0.0,,,all_field_expected_seconds_gap_residual_same_car_crossfit_v7_4,31,8,16.0,2.0,48.0,12.0,56.0,18.0,384.0,96.0,1459.5423523188374,1490.573471404986,0,1.0,1,-4.586415634579556,0.4581557033075053,0.47686096414074464,,0.0,1454.955936684258,1454.955936684258,1460.9151051841147,retrospective_first_five_backcast_previous_season_anchor_frozen_v7_5
