driver_id,season,event,driver,constructor,team,grid,v02_XW,v02_XP,regulation_era,race_distance_laps,wet_fraction,track_temperature,air_temperature,wind_speed,circuit_id,overtake_index,weather_source,round,date,source,observed_winner,position,status,positions_gained,overtake_proxy_raw,circuit_history_races,overtake_source,status_class,observed_performance,rating_eligible,pre_rating,season_reversion_delta,driver_expected_from_rating,driver_score_raw_revised,car_score_raw_revised,team_score_raw_revised,XdW_score_revised,XcW_score_revised,XtW_score_revised,car_effective_prior_races,XW,XP,expected_position,XW_simulated,XW_lower_95,XW_upper_95,XdW_score,XcW_score,XtW_score,XdW_probability_contribution,XcW_probability_contribution,XtW_probability_contribution,XdP_performance_contribution,XcP_performance_contribution,XtP_performance_contribution,XP_neutral_baseline,XW_neutral_baseline,XW_with_neutral_driver,XW_with_neutral_car,XW_with_neutral_team,driver_direct_uplift,car_direct_uplift,team_direct_uplift,driver_above_car_expectation,analysis_mode,neutral_reference,data_quality,model_confidence,decomposition_error,xp_decomposition_error,XW_raw_revised,XP_raw_revised,XW_neutral_revised,XP_neutral_revised,xw_calibration_shrinkage,xp_calibration_shrinkage,xw_calibration_adjustment,xp_calibration_adjustment,win_surprise,performance_surprise,raw_rating_delta,field_centering_adjustment,rating_delta,teammate_rating_delta,post_rating,model_version,car_prior_scope,rating_update_method,driver_name_key,driver_id_f1db,constructor_id_f1db,entrant_id,car_model_id,car_model_candidates,car_identity_resolution,model_entity_id,reason_retired_f1db,status_class_f1db,qualifying_position,qualifying_position_text,qualifying_eligible,qualifying_laps,qualifying_time,f1db_joined,clean_pass_proxy_eligible,clean_grid_rank,clean_finish_rank,clean_positions_gained,car_fit_eligible,field_performance,relative_performance,current_car_score_raw,constructor_prior_z_x,prior_weight_total_x,car_suitability_score_v6,expected_car_win_v6,car_model_scope_v6,car_prior_scope_v6,qualifying_rating_carried_v6,pre_qualifying_rating_v6,pre_session_strength,qualifying_delta_v6,pre_race_rating_v6,post_event_rating_v6,layout_key,straight_demand,altitude_demand,top_three_straight_share,straight_600_1000_track_share,straight_over_1000_track_share,radius_under_50_distance_share,radius_50_90_distance_share,radius_90_150_distance_share,radius_150_250_distance_share,radius_250_450_distance_share,steady_long_turn_distance_share,opposite_direction_links_per_km,same_direction_links_per_km,multi_turn_complexes_per_km,multi_apex_turns_per_km,tightening_turns_per_km,approach_severity_per_km,top_three_turning_share,current_car_score_raw_v7_6,constructor_prior_z_y,prior_weight_total_y,car_suitability_score_v7_6,expected_car_win_v7_6,car_model_scope_v7_6,car_prior_scope_v7_6,shape_topology_quality,car_suitability_model_branch_v7_6,car_suitability_score_v6_baseline,expected_car_win_v6_baseline,car_model_scope_v6_baseline,retrospective_pre_race_rating,driver_context_adjustment,result_order,finish_position_text,gap_laps,winner_race_time_seconds,winner_race_laps,cumulative_gap_share,cumulative_gap_reliability,cumulative_gap_quality,race_completion_fraction_v7_4,race_completion_reliability_v7_4,race_completion_quality_v7_4,pairwise_pre_race_strength_v7_4,field_xw_v7_4,margin_comparison_count,margin_comparison_weight,weighted_pair_gap_residual,same_car_margin_comparisons,eligible_timed_field_size,margin_race_completion_reliability,mean_pair_gap_residual_score,margin_pair_coverage,margin_field_depth_factor,raw_pairwise_margin_performance_adjustment,crossfit_car_margin_component,crossfit_car_margin_effective_rows,crossfit_car_margin_other_drivers,driver_margin_adjustment_before_centering,pairwise_margin_performance_adjustment,observed_performance_position_only,gap_adjusted_observed_performance,pairwise_margin_model,event_index,season_rounds,calendar_reference_rounds,calendar_k_multiplier,effective_race_k,effective_qualifying_k,effective_max_race_delta,effective_max_qualifying_delta,scheduled_race_k_budget,scheduled_qualifying_k_budget,retrospective_pre_qualifying_rating,retrospective_debut_anchor,inactivity_seasons,return_uncertainty_multiplier,driver_context_prior_samples,retrospective_qualifying_delta,retrospective_driver_expected_from_rating,retrospective_expected_performance,retrospective_performance_residual,retrospective_race_delta,retrospective_post_rating,retrospective_rating,debut_rating_frozen,rating_history_scope
phil_hill,1961,Italian Grand Prix,Phil Hill,Ferrari,Ferrari,4,0.49421220664264454,0.9792200409043008,1961-1965_1.5l,43,0.0,22.94,22.94,0.6679999999999999,monza,0.6599956469462117,open_meteo_era5_air_temperature_track_proxy,7,1961-09-10,jolpica_cross_fitted_xw_xp,1.0,1,Finished,3.0,3.882277629791412,8,prior_same_circuit_grid_movement,finished,1.0392625133109599,True,1511.6749078452099,0.0,0.5040074497920818,0.09210005099734951,2.0327338361484824,0.7668104320041876,0.04144502294880728,2.540917295185603,0.11502156480062814,3.8097418271676426,0.13611157211064084,0.7654837563381756,9.677101015487505,0.14,0.043820101892339286,0.23617989810766074,0.04144502294880728,2.540917295185603,0.11502156480062814,-0.0007398898929573243,0.10103646728887108,0.0019968367690384272,0.0004132243469842459,0.20285790215392002,0.006417343050894012,0.7025772154726361,0.05427684077867908,0.15295232775297748,0.05147735440793466,0.15477577407210064,0.0036179271906537913,0.10509290053569662,0.0017944808715306404,0.0036179271906537913,cross_fitted,season_grid_average,example_precomputed_capabilities,0.7316040515388227,0.0,2.7755575615628914e-17,0.15657025494363128,0.9122656850244344,0.05427684077867908,0.7025772154726361,0.2,0.7,-0.020458682832990432,-0.14678192868625883,0.8638884278893592,0.23451624366182444,24.95461465525746,-3.156194747039283,21.798419908218175,0.0,1533.473327753428,revised_v3_parallel,prior_similar_races_current_season_only,field_centered_bounded_no_teammate_term,philhill,phil-hill,ferrari,scuderia-ferrari-spa-sefac,ferrari-156,ferrari-156,exact_chassis,ferrari-156,,finished,4.0,4,True,,2:47.200,True,True,1.0,1.0,0.0,True,0.6385135135135135,0.3614864864864865,0.09733072183008035,0.0,0.0,0.33360389938049073,0.1687445371105934,full_same_season_static_retrospective_baseline_plus_shape_distributions_v9,constructor_lineage_regulation_and_stability_shrunk,26.717471641057347,1538.3923794862671,1696.6620116408512,1.9846803559983706,1540.3770598422655,1562.1754797504836,ecc6062fa508ee5e,0.880009090909091,0.0728,0.4235,0.1755,0.4235,0.0,0.0,0.03761348897535668,0.0,0.27367055771725035,0.2305,0.3,0.0,0.2,0.3,0.2,0.367175663661622,0.6292825915713649,0.09599135820938914,0.0,0.0,0.33360389938049073,0.1687445371105934,full_same_season_static_retrospective_baseline_plus_shape_distributions_v9,constructor_lineage_regulation_and_stability_shrunk,high,baseline_plus_shape_distributions_v9,0.9479109786696275,0.254265061163433,full_same_season_static_retrospective,1672.6486796014603,0.10120347714015462,1,1,,7393.0,43.0,0.0,1.0,winner_origin,,1.0,scheduled_distance_unavailable_assume_full,1728.2536920381938,0.06206443341606169,11.0,8.9,1.5519945806128792,0.0,12.0,1.0,0.1743814135520089,1.0,0.7608859102526822,0.05307374423266788,0.01684645187099091,4.99239521350562,4,0.03622729236167697,0.03926251331095998,1.0,1.0392625133109599,all_field_expected_seconds_gap_residual_same_car_crossfit_v7_4,89,8,16.0,2.0,48.0,12.0,56.0,18.0,384.0,96.0,1669.9736996904119,1494.4707977241642,0,1.0,23,2.674979911048433,0.6611858085294418,0.7847381237073341,0.2545243896036258,9.00744517301959,1681.6561247744798,1681.6561247744798,1589.1432704165784,retrospective_first_five_backcast_previous_season_anchor_frozen_v7_5
gurney,1961,Italian Grand Prix,Dan Gurney,Porsche,Porsche,12,0.01272537445381979,0.8414571841496851,1961-1965_1.5l,43,0.0,22.94,22.94,0.6679999999999999,monza,0.6599956469462117,open_meteo_era5_air_temperature_track_proxy,7,1961-09-10,jolpica_cross_fitted_xw_xp,0.0,2,Finished,10.0,3.882277629791412,8,prior_same_circuit_grid_movement,finished,1.041964843618176,True,1490.8957010682927,0.0,0.4836111691011927,-0.41347985731774933,0.5548277621179337,0.8356643771391392,-0.1860659357929872,0.6935347026474171,0.12534965657087088,3.8097418271676426,0.017497113550537197,0.6070108006278361,15.540600376770065,0.0,0.0,0.0,-0.1860659357929872,0.6935347026474171,0.12534965657087088,-0.004895151418604212,-0.01306470893933365,0.0007345461286376059,-0.029125708469419843,0.09936507854454481,0.01172485646467843,0.5824215326658951,0.031277364933977404,0.01657735113842783,0.025301351576640183,0.014025640391858588,-0.0025253004337506824,-0.011249300871963037,2.6410312818558532e-05,-0.0025253004337506824,cross_fitted,season_grid_average,example_precomputed_capabilities,0.7316040515388227,0.0,0.0,0.014052050704677146,0.6643857592056985,0.031277364933977404,0.5824215326658951,0.2,0.7,0.003445062845860051,-0.057374958577862456,-0.017497113550537197,0.36596217234513695,6.167388376999572,-3.156194747039284,3.011193629960288,0.0,1493.906894698253,revised_v3_parallel,prior_similar_races_current_season_only,field_centered_bounded_no_teammate_term,dangurney,dan-gurney,porsche,porsche-system-engineering,,porsche-718|porsche-787,ambiguous_chassis_constructor_fallback,constructor:porsche,,finished,12.0,12,True,,2:52.000,True,True,2.0,2.0,0.0,True,0.6385135135135135,0.33445945945945954,0.10128178279559906,0.0,0.0,0.34721741429736086,0.1754372998845069,full_same_season_static_retrospective_baseline_plus_shape_distributions_v9,constructor_lineage_regulation_and_stability_shrunk,20.01420271610923,1510.9099037844019,1587.0251119955,0.5830028480206284,1511.4929066324225,1514.5041002623827,ecc6062fa508ee5e,0.880009090909091,0.0728,0.4235,0.1755,0.4235,0.0,0.0,0.03761348897535668,0.0,0.27367055771725035,0.2305,0.3,0.0,0.2,0.3,0.2,0.367175663661622,0.6292825915713649,0.09990851801867452,0.0,0.0,0.34721741429736086,0.1754372998845069,full_same_season_static_retrospective_baseline_plus_shape_distributions_v9,constructor_lineage_regulation_and_stability_shrunk,high,baseline_plus_shape_distributions_v9,0.9733207205985317,0.2734111027677681,full_same_season_static_retrospective,1560.0132961919644,0.17495658166946257,2,2,,7393.0,43.0,0.004220208305153524,1.0,exact_seconds,,1.0,scheduled_distance_unavailable_assume_full,1622.362139374776,0.041301461695956825,11.0,8.9,1.865007467393118,0.0,12.0,1.0,0.2095514008306874,1.0,0.7608859102526822,0.0637778833463129,-0.002178766349607118,3.1959905796122547,2,0.06595664969592002,0.06899187064520304,0.972972972972973,1.041964843618176,all_field_expected_seconds_gap_residual_same_car_crossfit_v7_4,89,8,16.0,2.0,48.0,12.0,56.0,18.0,384.0,96.0,1559.2477188517112,1492.4431172668544,0,1.0,11,0.7655773402531845,0.557052297988711,0.7582574355089073,0.28370740810926875,10.408230061290453,1570.4215262532548,1570.4215262532548,1484.9906463612188,retrospective_first_five_backcast_previous_season_anchor_frozen_v7_5
mclaren,1961,Italian Grand Prix,Bruce McLaren,Cooper-Climax,Cooper-Climax,14,0.001209471893968929,0.5908828967233457,1961-1965_1.5l,43,0.0,22.94,22.94,0.6679999999999999,monza,0.6599956469462117,open_meteo_era5_air_temperature_track_proxy,7,1961-09-10,jolpica_cross_fitted_xw_xp,0.0,3,Finished,11.0,3.882277629791412,8,prior_same_circuit_grid_movement,finished,0.9992089838201986,True,1552.587736186982,0.0,0.5440618693549765,1.0875521018871093,0.202112083272827,0.3730155152792192,0.48939844584919917,0.25264010409103377,0.05595232729188288,3.8097418271676426,0.015965863295687475,0.5815571026168451,16.482387203176728,0.0,0.0,0.0,0.48939844584919917,0.25264010409103377,0.05595232729188288,0.005457748691519786,-0.019425892059318692,-0.0001384039978222498,0.06676161622687199,0.033193128353571855,0.004086964052871012,0.5503445900268507,0.0272511011881844,0.009273291548164225,0.03449207331948901,0.013706690522647853,0.0038712622743990177,-0.021347519496925767,-0.0005621367000846096,0.0038712622743990177,cross_fitted,season_grid_average,example_precomputed_capabilities,0.7316040515388227,0.0,0.0,0.013144553822563243,0.6543862986601655,0.0272511011881844,0.5503445900268507,0.2,0.7,0.0028213094731242318,-0.07282919604332039,-0.015965863295687475,0.3643888433291008,6.1758184608273154,-3.156194747039284,3.0196237137880315,0.0,1555.60735990077,revised_v3_parallel,prior_similar_races_current_season_only,field_centered_bounded_no_teammate_term,brucemclaren,bruce-mclaren,cooper,cooper-car-company,,cooper-t55|cooper-t58,ambiguous_chassis_constructor_fallback,constructor:cooper,,finished,14.0,14,True,,2:53.400,True,True,4.0,3.0,1.0,True,0.6385135135135135,0.30743243243243246,0.03379985153732694,0.0,0.0,0.13066856917629116,0.09449724941871375,full_same_season_static_retrospective_baseline_plus_shape_distributions_v9,constructor_lineage_regulation_and_stability_shrunk,-11.362351791614804,1541.2253843953672,1580.2746321884279,0.22144342258046024,1541.4468278179477,1544.4664515317356,ecc6062fa508ee5e,0.880009090909091,0.0728,0.4235,0.1755,0.4235,0.0,0.0,0.03761348897535668,0.0,0.27367055771725035,0.2305,0.3,0.0,0.2,0.3,0.2,0.367175663661622,0.6292825915713649,0.037598641544065926,0.0,0.0,0.13066856917629116,0.09449724941871375,full_same_season_static_retrospective_baseline_plus_shape_distributions_v9,constructor_lineage_regulation_and_stability_shrunk,high,baseline_plus_shape_distributions_v9,0.5393364128135869,0.07912440560560383,full_same_season_static_retrospective,1569.8891340173461,0.148328068612386,3,3,,7393.0,43.0,0.020073042066819966,1.0,exact_seconds,,1.0,scheduled_distance_unavailable_assume_full,1613.523703884145,0.039921056193183674,11.0,11.7,1.146761819135102,2.0,12.0,1.0,0.09801383069530786,1.0,0.7608859102526822,0.029830937114380646,-0.02039687981058904,7.806129299648183,6,0.050227816924969686,0.0532630378742527,0.9459459459459459,0.9992089838201986,all_field_expected_seconds_gap_residual_same_car_crossfit_v7_4,89,8,16.0,2.0,48.0,12.0,56.0,18.0,384.0,96.0,1569.8211466543246,1494.4707977241642,0,1.0,18,0.06798736302160321,0.5665109571385336,0.7246020760258058,0.2746069077943928,9.971406046176408,1579.8605400635224,1579.8605400635224,1499.0022285581426,retrospective_first_five_backcast_previous_season_anchor_frozen_v7_5
lewis,1961,Italian Grand Prix,Jackie Lewis,Cooper-Climax,Cooper-Climax,16,0.0004808102426469488,0.43294349440789853,1961-1965_1.5l,43,0.0,22.94,22.94,0.6679999999999999,monza,0.6599956469462117,open_meteo_era5_air_temperature_track_proxy,7,1961-09-10,jolpica_cross_fitted_xw_xp,0.0,4,Finished,12.0,3.882277629791412,8,prior_same_circuit_grid_movement,finished,0.9569052275830845,True,1502.586390822078,0.0,0.49508450328684594,-0.12903310642324858,0.202112083272827,0.3730155152792192,-0.05806489789046186,0.25264010409103377,0.05595232729188288,3.8097418271676426,0.01083180168952903,0.5324985371253863,18.29755412636071,0.0,0.0,0.0,-0.05806489789046186,0.25264010409103377,0.05595232729188288,-0.002071428633130619,-0.013981220079262342,-8.651064794765675e-05,-0.00845424058931854,0.052157757227430816,0.005028916057325749,0.5178788073167548,0.023743129177801525,0.008079561908747498,0.020231152084420896,0.00794131283314732,-0.0004755920912865924,-0.01262718226695999,-0.00033734301568641347,-0.0004755920912865924,cross_fitted,season_grid_average,example_precomputed_capabilities,0.7316040515388227,0.0,6.938893903907228e-18,0.007603969817460906,0.5666112400121929,0.023743129177801525,0.5178788073167548,0.2,0.7,0.003227831872068124,-0.03411270288680657,-0.01083180168952903,0.38642038179353255,6.6956036317348895,-3.156194747039284,3.5394088846956056,0.0,1506.1257997067737,revised_v3_parallel,prior_similar_races_current_season_only,field_centered_bounded_no_teammate_term,jackielewis,jackie-lewis,cooper,hl-motors,cooper-t53,cooper-t53,exact_chassis,cooper-t53,,finished,16.0,16,True,,2:54.000,True,True,6.0,4.0,2.0,True,0.6385135135135135,0.2804054054054054,-0.07126040222537286,0.0,0.0,-0.2377123834497956,0.03298502662609227,full_same_season_static_retrospective_baseline_plus_shape_distributions_v9,constructor_lineage_regulation_and_stability_shrunk,-1.0726513489123466,1501.5137394731657,1449.7972988137874,0.38129162314830367,1501.8950310963141,1505.4344399810097,ecc6062fa508ee5e,0.880009090909091,0.0728,0.4235,0.1755,0.4235,0.0,0.0,0.03761348897535668,0.0,0.27367055771725035,0.2305,0.3,0.0,0.2,0.3,0.2,0.367175663661622,0.6292825915713649,-0.06839948391763738,0.0,0.0,-0.2377123834497956,0.03298502662609227,full_same_season_static_retrospective_baseline_plus_shape_distributions_v9,constructor_lineage_regulation_and_stability_shrunk,high,baseline_plus_shape_distributions_v9,-0.13631854629558682,0.011479681286783429,full_same_season_static_retrospective,1469.615324859874,0.0,4,4,,7393.0,43.0,0.021696199107263628,1.0,exact_seconds,,1.0,scheduled_distance_unavailable_assume_full,1464.1599615303146,0.022475548314666888,11.0,10.299999999999999,1.5649837103733297,1.0,12.0,1.0,0.1519401660556631,1.0,0.7608859102526822,0.04624365262128276,0.011292564906400173,4.793064009797648,3,0.03495108771488258,0.037986308664165594,0.9189189189189189,0.9569052275830845,all_field_expected_seconds_gap_residual_same_car_crossfit_v7_4,89,8,16.0,2.0,48.0,12.0,56.0,18.0,384.0,96.0,1468.814289489771,1487.8940609235983,0,1.0,2,0.8010353701028881,0.46946027523126,0.4515505472554805,0.505354680327604,21.047299127770543,1490.6626239876446,1490.6626239876446,1450.4254506109912,retrospective_first_five_backcast_previous_season_anchor_frozen_v7_5
brooks,1961,Italian Grand Prix,Tony Brooks,BRM,BRM,13,0.00045127328073171725,0.4215828716365993,1961-1965_1.5l,43,0.0,22.94,22.94,0.6679999999999999,monza,0.6599956469462117,open_meteo_era5_air_temperature_track_proxy,7,1961-09-10,jolpica_cross_fitted_xw_xp,0.0,5,Finished,8.0,3.882277629791412,8,prior_same_circuit_grid_movement,finished,0.912711249674036,True,1556.8317209332972,0.0,0.5481939645621712,1.1908127047565245,-1.1481938518253172,-0.5899779336575675,0.5358657171404361,-1.4352423147816464,-0.08849669004863511,3.8097418271676426,0.007988540855260944,0.5122465158318347,19.046878914222116,0.0,0.0,0.0,0.5358657171404361,-1.4352423147816464,-0.08849669004863511,0.004585404203686968,-0.029710014778410357,-0.0013833480048361724,0.0712278693970383,-0.24172711724394333,-0.010166235217141337,0.5664461607510486,0.029194907718908595,0.002011931068765496,0.03493869649780782,0.0030400465221458303,0.0006750180705835337,-0.03225174735845879,-0.00035309738279680047,0.0006750180705835337,cross_fitted,season_grid_average,example_precomputed_capabilities,0.7316040515388227,-3.469446951953614e-18,-2.7755575615628914e-17,0.00268694913934903,0.3857806776870022,0.029194907718908595,0.5664461607510486,0.2,0.7,0.005301591715911914,0.12646583814483248,-0.007988540855260944,0.3796453760600572,6.6418917885547675,-3.156194747039284,3.4856970415154835,0.0,1560.3174179748128,revised_v3_parallel,prior_similar_races_current_season_only,field_centered_bounded_no_teammate_term,tonybrooks,tony-brooks,brm,owen-racing-organisation,brm-p48-57,brm-p48-57,exact_chassis,brm-p48-57,,finished,13.0,13,True,,2:52.200,True,True,3.0,5.0,-2.0,True,0.6385135135135135,0.2533783783783784,0.0020667102916091147,0.0,0.0,0.00717208102968827,0.0664017637351198,full_same_season_static_retrospective_baseline_plus_shape_distributions_v9,constructor_lineage_regulation_and_stability_shrunk,34.29049987956266,1591.12222081286,1562.6023874296986,0.2214650237577691,1591.3436858366176,1594.8293828781332,ecc6062fa508ee5e,0.880009090909091,0.0728,0.4235,0.1755,0.4235,0.0,0.0,0.03761348897535668,0.0,0.27367055771725035,0.2305,0.3,0.0,0.2,0.3,0.2,0.367175663661622,0.6292825915713649,0.0020636982976099845,0.0,0.0,0.00717208102968827,0.0664017637351198,full_same_season_static_retrospective_baseline_plus_shape_distributions_v9,constructor_lineage_regulation_and_stability_shrunk,high,baseline_plus_shape_distributions_v9,0.33525681579291683,0.044165184841041226,full_same_season_static_retrospective,1562.685513373522,0.05656066450899701,5,5,,7393.0,43.0,0.02170972541593399,1.0,exact_seconds,,1.0,scheduled_distance_unavailable_assume_full,1586.9288365519387,0.036039514357802574,11.0,8.9,0.7917036901815185,0.0,12.0,1.0,0.0889554708069122,1.0,0.7608859102526822,0.027073985750749312,0.009289848917888182,1.565077301289362,1,0.01778413683286113,0.02081935778214414,0.8918918918918919,0.912711249674036,all_field_expected_seconds_gap_residual_same_car_crossfit_v7_4,89,8,16.0,2.0,48.0,12.0,56.0,18.0,384.0,96.0,1562.0286209473236,1497.2335534233293,0,1.0,22,0.6568924261986153,0.5596157508113132,0.6166126844539197,0.29609856522011635,11.00300560261114,1573.6885189761333,1573.6885189761333,1475.2711792842495,retrospective_first_five_backcast_previous_season_anchor_frozen_v7_5
salvadori,1961,Italian Grand Prix,Roy Salvadori,Cooper-Climax,Cooper-Climax,18,0.0017908420935318903,0.6494130587904738,1961-1965_1.5l,43,0.0,22.94,22.94,0.6679999999999999,monza,0.6599956469462117,open_meteo_era5_air_temperature_track_proxy,7,1961-09-10,jolpica_cross_fitted_xw_xp,0.0,6,+1 Lap,12.0,3.882277629791412,8,prior_same_circuit_grid_movement,finished,0.8866755478732699,True,1490.077242014668,0.0,0.48280837479965316,-0.4333938250516359,0.202112083272827,0.3730155152792192,-0.19502722127323616,0.25264010409103377,0.05595232729188288,3.8097418271676426,0.008921312058947879,0.49734692775011136,19.598163673245878,0.0,0.0,0.0,-0.19502722127323616,0.25264010409103377,0.05595232729188288,-0.0029573220533402017,-0.011680264152617074,-6.918670983902785e-05,-0.027677233374872698,0.06237773836243277,0.005583127783088041,0.4852618379189169,0.02068673039158492,0.007039498359156671,0.015965446895396543,0.006247646141173738,-0.0010595408833680535,-0.009985489419607925,-0.00026768866538512057,-0.0010595408833680535,cross_fitted,season_grid_average,example_precomputed_capabilities,0.7316040515388227,0.0,0.0,0.005979957475788618,0.525545470689565,0.02068673039158492,0.4852618379189169,0.2,0.7,0.0029413545831592607,-0.028198542939453675,-0.008921312058947879,0.36751793711475356,6.401211378650816,-3.156194747039284,3.2450166316115316,0.0,1493.3222586462796,revised_v3_parallel,prior_similar_races_current_season_only,field_centered_bounded_no_teammate_term,roysalvadori,roy-salvadori,cooper,yeoman-credit-racing-team,cooper-t53,cooper-t53,exact_chassis,cooper-t53,,finished,18.0,18,True,,2:55.200,True,True,7.0,6.0,1.0,True,0.6385135135135135,0.22635135135135143,-0.07126040222537286,0.0,0.0,-0.2377123834497956,0.03298502662609227,full_same_season_static_retrospective_baseline_plus_shape_distributions_v9,constructor_lineage_regulation_and_stability_shrunk,-4.576296486284865,1485.500945528383,1487.1080401926924,0.08683688597103234,1485.587782414354,1488.8327990459657,ecc6062fa508ee5e,0.880009090909091,0.0728,0.4235,0.1755,0.4235,0.0,0.0,0.03761348897535668,0.0,0.27367055771725035,0.2305,0.3,0.0,0.2,0.3,0.2,0.367175663661622,0.6292825915713649,-0.06839948391763738,0.0,0.0,-0.2377123834497956,0.03298502662609227,full_same_season_static_retrospective_baseline_plus_shape_distributions_v9,constructor_lineage_regulation_and_stability_shrunk,high,baseline_plus_shape_distributions_v9,-0.13631854629558682,0.011479681286783429,full_same_season_static_retrospective,1505.7202372949992,0.1226725439361318,6,6,1.0,7393.0,43.0,0.023255813953488372,0.7,lap_equivalent,,1.0,scheduled_distance_unavailable_assume_full,1528.2063180620567,0.028753517776878162,11.0,9.1,0.9322178273263996,1.0,12.0,1.0,0.10244151948641754,1.0,0.7608859102526822,0.03117852352083628,0.012403061461714318,4.146465284814224,3,0.018775462059121964,0.021810683008404975,0.8648648648648649,0.8866755478732699,all_field_expected_seconds_gap_residual_same_car_crossfit_v7_4,89,8,16.0,2.0,48.0,12.0,56.0,18.0,384.0,96.0,1506.125030868676,1493.1101281223268,0,1.0,19,-0.4047935736768174,0.5045235435660045,0.6090004208610893,0.27767512701218056,10.118680568630221,1515.8389178636294,1515.8389178636294,1470.5032006392678,retrospective_first_five_backcast_previous_season_anchor_frozen_v7_5
beaufort,1961,Italian Grand Prix,Carel Godin de Beaufort,Porsche,Porsche,15,0.0007817544932458247,0.5187613600983009,1961-1965_1.5l,43,0.0,22.94,22.94,0.6679999999999999,monza,0.6599956469462117,open_meteo_era5_air_temperature_track_proxy,7,1961-09-10,jolpica_cross_fitted_xw_xp,0.0,7,+2 Laps,8.0,3.882277629791412,8,prior_same_circuit_grid_movement,finished,0.8473849406613809,True,1487.0169290965898,0.0,0.47980737301254067,-0.5078544500961018,0.5548277621179337,0.8356643771391392,-0.22853450254324578,0.6935347026474171,0.12534965657087088,3.8097418271676426,0.013925998530151626,0.5621782106659257,17.199406205360752,0.0,0.0,0.0,-0.22853450254324578,0.6935347026474171,0.12534965657087088,-0.00447175241723851,-0.01050729825637931,0.0005906564190959869,-0.03485817282396967,0.11562522570659228,0.012674856655683815,0.5341456378044337,0.025436713933769093,0.013481741175381293,0.019951676346642536,0.011030490374580728,-0.0024334214961340347,-0.008903356667395277,1.7829304666530307e-05,-0.0024334214961340347,cross_fitted,season_grid_average,example_precomputed_capabilities,0.7316040515388227,-1.734723475976807e-18,1.3877787807814457e-17,0.011048319679247258,0.6275875473427401,0.025436713933769093,0.5341456378044337,0.2,0.7,0.0028776788509043676,-0.06540933667681448,-0.013925998530151626,0.27565962717191217,4.62764932437078,-3.156194747039284,1.471454577331496,0.0,1488.4883836739214,revised_v3_parallel,prior_similar_races_current_season_only,field_centered_bounded_no_teammate_term,carelgodindebeaufort,carel-godin-de-beaufort,porsche,ecurie-maarsbergen,porsche-718,porsche-718,exact_chassis,porsche-718,,finished,15.0,15,True,,2:53.800,True,True,5.0,7.0,-2.0,True,0.6385135135135135,0.19932432432432434,-0.14138252615499444,0.0,0.0,-0.49332083131914295,0.01589085630798137,full_same_season_static_retrospective_baseline_plus_shape_distributions_v9,constructor_lineage_regulation_and_stability_shrunk,-13.479875257516586,1473.5370538390732,1348.57930796414,0.9408666834268553,1474.4779205225,1475.9493750998315,ecc6062fa508ee5e,0.880009090909091,0.0728,0.4235,0.1755,0.4235,0.0,0.0,0.03761348897535668,0.0,0.27367055771725035,0.2305,0.3,0.0,0.2,0.3,0.2,0.367175663661622,0.6292825915713649,-0.14194839064905365,0.0,0.0,-0.49332083131914295,0.01589085630798137,full_same_season_static_retrospective_baseline_plus_shape_distributions_v9,constructor_lineage_regulation_and_stability_shrunk,high,baseline_plus_shape_distributions_v9,-0.5872822464531237,0.0031648666224270328,full_same_season_static_retrospective,1390.36477546559,0.0698661233155618,7,7,2.0,7393.0,43.0,0.046511627906976744,0.7,lap_equivalent,,1.0,scheduled_distance_unavailable_assume_full,1413.6868259970333,0.01850980390173128,9.0,6.3,0.08803120309760441,0.0,12.0,1.0,0.013973206840889589,0.8181818181818182,0.7608859102526822,0.003846808202313407,-0.0026650736719466433,0.3456736636327123,1,0.00651188187426005,0.009547102823543062,0.8378378378378378,0.8473849406613809,all_field_expected_seconds_gap_residual_same_car_crossfit_v7_4,89,8,16.0,2.0,48.0,12.0,56.0,18.0,384.0,96.0,1388.0449744696716,1496.185403012279,0,1.0,9,2.319800995918231,0.39385562993237294,0.42843939526981867,0.41894554539156226,16.89966065084054,1407.2644361164305,1407.2644361164305,1419.9883336149067,retrospective_first_five_backcast_previous_season_anchor_frozen_v7_5
bandini,1961,Italian Grand Prix,Lorenzo Bandini,Cooper-Maserati,Cooper-Maserati,21,0.0005126790483518263,0.44443347152179385,1961-1965_1.5l,43,0.0,22.94,22.94,0.6679999999999999,monza,0.6599956469462117,open_meteo_era5_air_temperature_track_proxy,7,1961-09-10,jolpica_cross_fitted_xw_xp,0.0,8,+2 Laps,13.0,3.882277629791412,8,prior_same_circuit_grid_movement,finished,0.8101473681477908,True,1503.2460094790067,0.0,0.49573208684749936,-0.11298389224134057,-0.6980388466773657,-1.5332020712699557,-0.05084275150860326,-0.8725485583467072,-0.22998031069049335,3.242697868241887,0.0047193693247967,0.39829947809426297,23.262919310512267,0.0,0.0,0.0,-0.05084275150860326,-0.8725485583467072,-0.22998031069049335,-0.001236202892041737,-0.012509280936960528,-0.0013849870148903635,-0.001382654236319521,-0.10183820893948888,-0.02439181833367239,0.4365832825471072,0.016823745999910805,0.001777986515086507,0.012169429193843251,0.0020668178090233976,-8.471135906833356e-05,-0.010476154037825078,-0.00037354265300522426,-8.471135906833356e-05,cross_fitted,season_grid_average,example_precomputed_capabilities,0.7271767249880976,-3.469446951953614e-18,0.0,0.0016932751560181734,0.3089706010376264,0.016823745999910805,0.4365832825471072,0.2,0.7,0.0030260941687785268,0.08932887705663656,-0.0047193693247967,0.4125113327165478,7.3119391251027395,-3.156194747039284,4.1557443780634555,0.0,1507.4017538570702,revised_v3_parallel,prior_similar_races_current_season_only,field_centered_bounded_no_teammate_term,lorenzobandini,lorenzo-bandini,cooper,scuderia-centro-sud,,cooper-t51|cooper-t53,ambiguous_chassis_constructor_fallback,constructor:cooper,,finished,21.0,21,True,,2:57.700,True,True,8.0,8.0,0.0,True,0.6385135135135135,0.17229729729729726,0.03379985153732694,0.0,0.0,0.13066856917629116,0.09449724941871375,full_same_season_static_retrospective_baseline_plus_shape_distributions_v9,constructor_lineage_regulation_and_stability_shrunk,-3.45506272909861,1499.790946749908,1470.6092067908169,-0.8917652989180198,1498.89918145099,1503.0549258290534,ecc6062fa508ee5e,0.880009090909091,0.0728,0.4235,0.1755,0.4235,0.0,0.0,0.03761348897535668,0.0,0.27367055771725035,0.2305,0.3,0.0,0.2,0.3,0.2,0.367175663661622,0.6292825915713649,0.037598641544065926,0.0,0.0,0.13066856917629116,0.09449724941871375,full_same_season_static_retrospective_baseline_plus_shape_distributions_v9,constructor_lineage_regulation_and_stability_shrunk,high,baseline_plus_shape_distributions_v9,0.5393364128135869,0.07912440560560383,full_same_season_static_retrospective,1458.780941931566,0.0,8,8,2.0,7393.0,43.0,0.046511627906976744,0.7,lap_equivalent,,1.0,scheduled_distance_unavailable_assume_full,1482.4187628197392,0.024110661667539463,9.0,7.699999999999999,-0.3389936841680967,1.0,12.0,1.0,-0.044025153788064514,0.8181818181818182,0.7608859102526822,-0.012120075558063796,-0.008421411945760833,10.038579884207934,6,-0.003698663612302963,-0.0006634426630199516,0.8108108108108107,0.8101473681477908,all_field_expected_seconds_gap_residual_same_car_crossfit_v7_4,89,8,16.0,2.0,48.0,12.0,56.0,18.0,384.0,96.0,1460.1557212567136,1487.8940609235983,0,1.0,1,-1.3747793251476326,0.45897588388859345,0.4694683482089186,0.3406790199388722,13.14286742911142,1471.9238093606775,1471.9238093606775,1459.1068850821046,retrospective_first_five_backcast_previous_season_anchor_frozen_v7_5
trintignant,1961,Italian Grand Prix,Maurice Trintignant,Cooper-Maserati,Cooper-Maserati,22,0.00045445444849216785,0.42284167718797466,1961-1965_1.5l,43,0.0,22.94,22.94,0.6679999999999999,monza,0.6599956469462117,open_meteo_era5_air_temperature_track_proxy,7,1961-09-10,jolpica_cross_fitted_xw_xp,0.0,9,+2 Laps,13.0,3.882277629791412,8,prior_same_circuit_grid_movement,finished,0.7738550332881576,True,1482.3152953165525,0.0,0.4751995030760783,-0.6222501342510445,-0.6980388466773657,-1.5332020712699557,-0.28001256041297,-0.8725485583467072,-0.22998031069049335,3.242697868241887,0.00423736186435559,0.3771912229641089,24.04392475032797,0.0,0.0,0.0,-0.28001256041297,-0.8725485583467072,-0.22998031069049335,-0.002229130194357653,-0.010883160622107407,-0.0012205261952148198,-0.030411565030050894,-0.09098533486925399,-0.023109465744315563,0.42054313265719506,0.015703615473699493,0.0016596075898013157,0.009656773613237005,0.0016687981227007864,-0.000288809127781702,-0.008285975151217392,-0.0002979996606811727,-0.000288809127781702,cross_fitted,season_grid_average,example_precomputed_capabilities,0.7271767249880976,-1.734723475976807e-18,0.0,0.0013707984620196137,0.2760367670135746,0.015703615473699493,0.42054313265719506,0.2,0.7,0.002866563402335976,0.1011544559505343,-0.00423736186435559,0.4065925608196749,7.216969410009614,-3.156194747039284,4.06077466297033,0.0,1486.3760699795228,revised_v3_parallel,prior_similar_races_current_season_only,field_centered_bounded_no_teammate_term,mauricetrintignant,maurice-trintignant,cooper,,,,unmatched_constructor_fallback,constructor:cooper,,finished,22.0,22,True,,2:58.700,True,True,9.0,9.0,0.0,True,0.6385135135135135,0.14527027027027029,0.03379985153732694,0.0,0.0,0.13066856917629116,0.09449724941871375,full_same_season_static_retrospective_baseline_plus_shape_distributions_v9,constructor_lineage_regulation_and_stability_shrunk,1.5045401506052651,1483.8198354671576,1464.6099145566363,-0.9919207484220028,1482.8279147187357,1486.888689381706,ecc6062fa508ee5e,0.880009090909091,0.0728,0.4235,0.1755,0.4235,0.0,0.0,0.03761348897535668,0.0,0.27367055771725035,0.2305,0.3,0.0,0.2,0.3,0.2,0.367175663661622,0.6292825915713649,0.037598641544065926,0.0,0.0,0.13066856917629116,0.09449724941871375,full_same_season_static_retrospective_baseline_plus_shape_distributions_v9,constructor_lineage_regulation_and_stability_shrunk,high,baseline_plus_shape_distributions_v9,0.5393364128135869,0.07912440560560383,full_same_season_static_retrospective,1452.4639701280123,0.04408936668657508,9,9,2.0,7393.0,43.0,0.046511627906976744,0.7,lap_equivalent,,1.0,scheduled_distance_unavailable_assume_full,1494.976324375064,0.025303746029699814,9.0,7.699999999999999,-0.45158303940679134,1.0,12.0,1.0,-0.05864714797490797,0.8181818181818182,0.7608859102526822,-0.01614549419049473,-0.003181522745585552,9.392598696581034,6,-0.012963971444909178,-0.009928750495626167,0.7837837837837838,0.7738550332881576,all_field_expected_seconds_gap_residual_same_car_crossfit_v7_4,89,8,16.0,2.0,48.0,12.0,56.0,18.0,384.0,96.0,1454.156429022533,1500.0,0,1.0,39,-1.6924588945207026,0.45287739639372504,0.5074742989316269,0.26638073435653076,9.57654972115903,1462.0405198491712,1462.0405198491712,1471.042854933691,retrospective_first_five_backcast_previous_season_anchor_frozen_v7_5
parnell,1961,Italian Grand Prix,Tim Parnell,Lotus-Climax,Lotus-Climax,27,0.0002610264449795519,0.32505233128197075,1961-1965_1.5l,43,0.0,22.94,22.94,0.6679999999999999,monza,0.6599956469462117,open_meteo_era5_air_temperature_track_proxy,7,1961-09-10,jolpica_cross_fitted_xw_xp,0.0,10,+3 Laps,17.0,3.882277629791412,8,prior_same_circuit_grid_movement,finished,0.7304482803641547,True,1500.0,0.0,0.49254544719771504,-0.19196270949865835,-0.150543350592313,0.3432217164143307,-0.08638321927439625,-0.18817918824039126,0.0514832574621496,3.8097418271676426,0.004101556746329041,0.34888324596839465,25.0913198991694,0.0,0.0,0.0,-0.08638321927439625,-0.18817918824039126,0.0514832574621496,-0.0010485999426540127,-0.0077006718879990745,-3.2734381673235885e-05,-0.006108317043178064,0.018681144457175926,0.007001561749341726,0.3430109292193928,0.0111271617161901,0.002535461107995067,0.009264754726406066,0.0024599486747628185,-0.00019030560413129055,-0.006919599222542289,-0.00011479317089904207,-0.00019030560413129055,cross_fitted,season_grid_average,example_precomputed_capabilities,0.7316040515388227,0.0,0.0,0.0023451555038637765,0.3625853183827324,0.0111271617161901,0.3430109292193928,0.2,0.7,0.0017564012424652648,-0.01370207241433774,-0.004101556746329041,0.40787351078836215,7.243285832278622,-3.156194747039284,4.087091085239338,0.0,1504.0870910852393,revised_v3_parallel,prior_similar_races_current_season_only,field_centered_bounded_no_teammate_term,timparnell,tim-parnell,lotus,tim-parnell,lotus-18,lotus-18,exact_chassis,lotus-18,,finished,27.0,27,True,,3:05.700,True,True,11.0,10.0,1.0,True,0.6385135135135135,0.11824324324324331,-0.11284076401850837,0.0,0.0,-0.3956113649860798,0.021008219641589408,full_same_season_static_retrospective_baseline_plus_shape_distributions_v9,constructor_lineage_regulation_and_stability_shrunk,-2.4863715464363025,1497.5136284535638,1426.7555734741263,-1.6011247739417551,1495.912503679622,1499.9995947648613,ecc6062fa508ee5e,0.880009090909091,0.0728,0.4235,0.1755,0.4235,0.0,0.0,0.03761348897535668,0.0,0.27367055771725035,0.2305,0.3,0.0,0.2,0.3,0.2,0.367175663661622,0.6292825915713649,-0.11383341837012406,0.0,0.0,-0.3956113649860798,0.021008219641589408,full_same_season_static_retrospective_baseline_plus_shape_distributions_v9,constructor_lineage_regulation_and_stability_shrunk,high,baseline_plus_shape_distributions_v9,-0.40372678719458227,0.005347103875244648,full_same_season_static_retrospective,1455.211460997622,0.0,10,10,3.0,7393.0,43.0,0.06976744186046512,0.7,lap_equivalent,,1.0,scheduled_distance_unavailable_assume_full,1437.0975761432142,0.02025378883604508,11.0,7.699999999999999,-1.3496454413237462,0.0,12.0,1.0,-0.17527862874334368,1.0,0.7608859102526822,-0.053346815591688405,-0.024003118249803262,2.756808790219599,5,-0.029343697341885144,-0.026308476392602132,0.7567567567567568,0.7304482803641547,all_field_expected_seconds_gap_residual_same_car_crossfit_v7_4,89,8,16.0,2.0,48.0,12.0,56.0,18.0,384.0,96.0,1458.4044826730128,1487.8940609235983,0,1.0,0,-3.1930216753908454,0.45552839833816383,0.4257664144543101,0.30468186590984453,11.415004035718091,1466.62646503334,1466.62646503334,1463.2308016175284,retrospective_first_five_backcast_previous_season_anchor_frozen_v7_5
henry_taylor,1961,Italian Grand Prix,Henry Taylor,Lotus-Climax,Lotus-Climax,23,0.00012911081134103953,0.21405225417054624,1961-1965_1.5l,43,0.0,22.94,22.94,0.6679999999999999,monza,0.6599956469462117,open_meteo_era5_air_temperature_track_proxy,7,1961-09-10,jolpica_cross_fitted_xw_xp,0.0,11,+4 Laps,12.0,3.882277629791412,8,prior_same_circuit_grid_movement,finished,0.6409462751589008,True,1485.4594333664356,0.0,0.4782805567331751,-0.5457499557766771,-0.150543350592313,0.3432217164143307,-0.24558748009950468,-0.18817918824039126,0.0514832574621496,3.8097418271676426,0.005141118030819491,0.4004054447930125,23.184998542658537,0.0,0.0,0.0,-0.24558748009950468,-0.18817918824039126,0.0514832574621496,-0.002207913022231913,-0.009648719812757828,-3.954913308936467e-05,-0.030154882569138803,0.009475356351100759,0.006548803951266344,0.404644661473044,0.014658063605282776,0.0033400206753207485,0.010878430557564217,0.0028982606781625627,-0.0005781390381170786,-0.008116548920360546,-0.0001363790409588928,-0.0005781390381170786,cross_fitted,season_grid_average,example_precomputed_capabilities,0.7316040515388227,0.0,0.0,0.00276188163720367,0.3905139392062723,0.014658063605282776,0.404644661473044,0.2,0.7,0.002379236393615821,0.009891505586740179,-0.005141118030819491,0.3293242849367172,5.804450296121242,-3.156194747039284,2.6482555490819584,0.0,1488.1076889155177,revised_v3_parallel,prior_similar_races_current_season_only,field_centered_bounded_no_teammate_term,henrytaylor,henry-taylor,lotus,udt-laystall-racing-team,,lotus-18|lotus-18-21,ambiguous_chassis_constructor_fallback,constructor:lotus,,finished,23.0,23,True,,3:00.600,True,True,10.0,11.0,-1.0,True,0.6385135135135135,0.09121621621621623,-0.039263752478776795,0.0,0.0,-0.15512120022374415,0.04176374125954608,full_same_season_static_retrospective_baseline_plus_shape_distributions_v9,constructor_lineage_regulation_and_stability_shrunk,-6.493014811307275,1478.9664185551283,1455.7885116055081,-0.9382731658701504,1478.028145389258,1480.67640093834,ecc6062fa508ee5e,0.880009090909091,0.0728,0.4235,0.1755,0.4235,0.0,0.0,0.03761348897535668,0.0,0.27367055771725035,0.2305,0.3,0.0,0.2,0.3,0.2,0.367175663661622,0.6292825915713649,-0.04463465422376472,0.0,0.0,-0.15512120022374415,0.04176374125954608,full_same_season_static_retrospective_baseline_plus_shape_distributions_v9,constructor_lineage_regulation_and_stability_shrunk,high,baseline_plus_shape_distributions_v9,0.0694557051639346,0.02066631460050031,full_same_season_static_retrospective,1466.220529453191,0.02702596049884045,11,11,4.0,7393.0,43.0,0.09302325581395349,0.7,lap_equivalent,,1.0,scheduled_distance_unavailable_assume_full,1480.6524939998162,0.023947424795956858,11.0,7.699999999999999,-2.5360393953679505,0.0,12.0,1.0,-0.3293557656322014,1.0,0.7608859102526822,-0.10024086461201066,-0.008422189091898723,8.242208387056369,7,-0.09181867552011194,-0.08878345457082892,0.7297297297297297,0.6409462751589008,all_field_expected_seconds_gap_residual_same_car_crossfit_v7_4,89,8,16.0,2.0,48.0,12.0,56.0,18.0,384.0,96.0,1468.1982076234076,1492.4431172668544,0,1.0,7,-1.977678170216584,0.4661721682567671,0.48165838220477436,0.15928789295412643,4.436093333843623,1470.6566227870346,1470.6566227870346,1506.4974031283523,retrospective_first_five_backcast_previous_season_anchor_frozen_v7_5
pirocchi,1961,Italian Grand Prix,Renato Pirocchi,Cooper-Maserati,Cooper-Maserati,29,0.00027861100048619415,0.33625398907925863,1961-1965_1.5l,43,0.0,22.94,22.94,0.6679999999999999,monza,0.6599956469462117,open_meteo_era5_air_temperature_track_proxy,7,1961-09-10,jolpica_cross_fitted_xw_xp,0.0,12,+5 Laps,17.0,3.882277629791412,8,prior_same_circuit_grid_movement,finished,0.5767059527161064,True,1500.0,0.0,0.49254544719771504,-0.19196270949865835,-0.6980388466773657,-1.5332020712699557,-0.08638321927439625,-0.8725485583467072,-0.22998031069049335,3.242697868241887,0.002702519275726861,0.2867252815463671,27.391164582784416,0.0,0.0,0.0,-0.08638321927439625,-0.8725485583467072,-0.22998031069049335,-0.0008224910755963433,-0.007127170280929484,-0.0007906740545141698,-0.003466857272711875,-0.06677897413719061,-0.01971985351369192,0.31371498702344547,0.00969478760455886,0.0010245757174189892,0.006838330252473105,0.001164531797442265,-7.012352390012777e-05,-0.005883878058954244,-0.00021007960392340343,-7.012352390012777e-05,cross_fitted,season_grid_average,example_precomputed_capabilities,0.7271767249880976,0.0,0.0,0.0009544521935188615,0.22374930209985106,0.00969478760455886,0.31371498702344547,0.2,0.7,0.0017480670822079996,0.06297597944651606,-0.002702519275726861,0.4159774211563355,7.422733118196595,-3.156194747039284,4.266538371157311,0.0,1504.2665383711574,revised_v3_parallel,prior_similar_races_current_season_only,field_centered_bounded_no_teammate_term,renatopirocchi,renato-pirocchi,cooper,pescara-racing-team,cooper-t45,cooper-t45,exact_chassis,cooper-t45,,finished,29.0,29,True,,3:06.500,True,True,12.0,12.0,0.0,True,0.6385135135135135,0.06418918918918914,0.06418918918918914,0.0,0.0,0.2230801210758471,0.12305159424441087,full_same_season_static_retrospective_baseline_plus_shape_distributions_v9,constructor_lineage_regulation_and_stability_shrunk,0.0,1500.0,1469.740470609666,-2.5327497790304747,1497.4672502209696,1501.733788592127,ecc6062fa508ee5e,0.880009090909091,0.0728,0.4235,0.1755,0.4235,0.0,0.0,0.03761348897535668,0.0,0.27367055771725035,0.2305,0.3,0.0,0.2,0.3,0.2,0.367175663661622,0.6292825915713649,0.06418918918918914,0.0,0.0,0.2230801210758471,0.12305159424441087,full_same_season_static_retrospective_baseline_plus_shape_distributions_v9,constructor_lineage_regulation_and_stability_shrunk,high,baseline_plus_shape_distributions_v9,0.7347738494573359,0.13829845185038117,full_same_season_static_retrospective,1447.43256526526,0.0,12,12,5.0,7393.0,43.0,0.11627906976744186,0.7,lap_equivalent,,1.0,scheduled_distance_unavailable_assume_full,1480.6721742431591,0.02394923752282089,11.0,7.699999999999999,-3.2644387378533666,0.0,12.0,1.0,-0.42395308283809957,1.0,0.7608859102526822,-0.1290319709358793,0.0,0.0,0,-0.1290319709358793,-0.12599674998659627,0.7027027027027026,0.5767059527161064,all_field_expected_seconds_gap_residual_same_car_crossfit_v7_4,89,8,16.0,2.0,48.0,12.0,56.0,18.0,384.0,96.0,1451.8940609235983,1487.8940609235983,0,1.0,0,-4.461495658338275,0.44802901140934637,0.46565809810051917,0.1110478546155872,2.120571493593739,1449.553136758854,1449.553136758854,1451.8940609235983,retrospective_first_five_backcast_previous_season_anchor_frozen_v7_5
moss,1961,Italian Grand Prix,Stirling Moss,Lotus-Climax,Lotus-Climax,11,0.002665148547216884,0.7015646052137674,1961-1965_1.5l,43,0.0,22.94,22.94,0.6679999999999999,monza,0.6599956469462117,open_meteo_era5_air_temperature_track_proxy,7,1961-09-10,jolpica_cross_fitted_xw_xp,0.0,13,Wheel bearing,-2.0,3.882277629791412,8,prior_same_circuit_grid_movement,mechanical,,False,1719.1572321937094,0.0,0.6970165998910067,5.1403627516528125,-0.150543350592313,0.3432217164143307,2.313163238243766,-0.18817918824039126,0.0514832574621496,3.8097418271676426,0.037280561999583545,0.6565362738938788,13.708157865926484,0.0,0.0,0.0,2.313163238243766,-0.18817918824039126,0.0514832574621496,0.07722891542243573,-0.07221272469060479,-0.00030094162340654876,0.25326680922012035,-0.06121999286265585,0.002264930503274624,0.5982427498356571,0.03350836271284403,0.007635293942694474,0.15798081146403137,0.03984772780530742,0.030588317878573947,-0.11975719964276295,-0.0016241159840389985,0.030588317878573947,cross_fitted,season_grid_average,example_precomputed_capabilities,0.7316040515388227,-6.071532165918825e-18,2.7755575615628914e-17,0.03822361182126842,0.7925544966963962,0.03350836271284403,0.5982427498356571,0.2,0.7,-0.0009430498216848743,-0.1360182228025174,-0.037280561999583545,,0.0,0.0,0.0,0.0,1719.1572321937094,revised_v3_parallel,prior_similar_races_current_season_only,field_centered_bounded_no_teammate_term,stirlingmoss,stirling-moss,lotus,,,,unmatched_constructor_fallback,constructor:lotus,Wheel bearing,mechanical,11.0,11,True,,2:51.800,True,False,,,,False,0.6385135135135135,,-0.039263752478776795,0.0,0.0,-0.15512120022374415,0.04176374125954608,full_same_season_static_retrospective_baseline_plus_shape_distributions_v9,constructor_lineage_regulation_and_stability_shrunk,76.8281422044131,1795.9853743981225,1673.0411977873046,-0.3543461280269824,1795.6310282700956,1795.6310282700956,ecc6062fa508ee5e,0.880009090909091,0.0728,0.4235,0.1755,0.4235,0.0,0.0,0.03761348897535668,0.0,0.27367055771725035,0.2305,0.3,0.0,0.2,0.3,0.2,0.367175663661622,0.6292825915713649,-0.04463465422376472,0.0,0.0,-0.15512120022374415,0.04176374125954608,full_same_season_static_retrospective_baseline_plus_shape_distributions_v9,constructor_lineage_regulation_and_stability_shrunk,high,baseline_plus_shape_distributions_v9,0.0694557051639346,0.02066631460050031,full_same_season_static_retrospective,1685.6610295689243,0.0647422531177918,13,DNF,,7393.0,43.0,,0.0,unavailable,,1.0,scheduled_distance_unavailable_assume_full,1675.6091748942406,0.05068825271894117,0.0,0.0,0.0,0.0,,0.0,,0.0,0.0,0.0,-0.02048175659072457,8.959324345486184,7,0.02048175659072457,0.0,,,all_field_expected_seconds_gap_residual_same_car_crossfit_v7_4,89,8,16.0,2.0,48.0,12.0,56.0,18.0,384.0,96.0,1685.450893805204,1495.388948458163,0,1.0,42,0.2101357637203198,0.6725158514328625,0.725852828172238,,0.0,1685.6610295689243,1685.6610295689243,1513.3614206224383,retrospective_first_five_backcast_previous_season_anchor_frozen_v7_5
ginther,1961,Italian Grand Prix,Richie Ginther,Ferrari,Ferrari,3,0.26500406641948826,0.963365481204413,1961-1965_1.5l,43,0.0,22.94,22.94,0.6679999999999999,monza,0.6599956469462117,open_meteo_era5_air_temperature_track_proxy,7,1961-09-10,jolpica_cross_fitted_xw_xp,0.0,14,Engine,-11.0,3.882277629791412,8,prior_same_circuit_grid_movement,mechanical,,False,1491.6441064074227,0.0,0.4843453170140697,-0.3952703699777336,2.0327338361484824,0.7668104320041876,-0.17787166648998012,2.540917295185603,0.11502156480062814,3.8097418271676426,0.11987127522437649,0.7721768117464701,9.429457965380605,0.12,0.0299252577022837,0.21007474229771628,-0.17787166648998012,2.540917295185603,0.11502156480062814,-0.020850504025274823,0.09610893377093427,0.001895190638039375,-0.022115188988007906,0.20198268439890746,0.006355196980574906,0.7163100040290278,0.05814837891741742,0.1638623358118303,0.04703410782410196,0.13392008579011005,-0.028560336510714046,0.08826789147701429,0.0013819135110061942,-0.028560336510714046,cross_fitted,season_grid_average,example_precomputed_capabilities,0.7316040515388227,1.3877787807814457e-17,2.7755575615628914e-17,0.13530199930111625,0.9025326964205023,0.05814837891741742,0.7163100040290278,0.2,0.7,-0.01543072407673976,-0.13035588467403214,-0.11987127522437649,,0.0,0.0,0.0,0.0,1491.6441064074227,revised_v3_parallel,prior_similar_races_current_season_only,field_centered_bounded_no_teammate_term,richieginther,richie-ginther,ferrari,scuderia-ferrari-spa-sefac,ferrari-156,ferrari-156,exact_chassis,ferrari-156,Engine,mechanical,3.0,3,True,,2:46.800,True,False,,,,False,0.6385135135135135,,0.09733072183008035,0.0,0.0,0.33360389938049073,0.1687445371105934,full_same_season_static_retrospective_baseline_plus_shape_distributions_v9,constructor_lineage_regulation_and_stability_shrunk,9.896921933332626,1501.5410283407552,1606.5777473691905,2.391137952969501,1503.9321662937248,1503.9321662937248,ecc6062fa508ee5e,0.880009090909091,0.0728,0.4235,0.1755,0.4235,0.0,0.0,0.03761348897535668,0.0,0.27367055771725035,0.2305,0.3,0.0,0.2,0.3,0.2,0.367175663661622,0.6292825915713649,0.09599135820938914,0.0,0.0,0.33360389938049073,0.1687445371105934,full_same_season_static_retrospective_baseline_plus_shape_distributions_v9,constructor_lineage_regulation_and_stability_shrunk,high,baseline_plus_shape_distributions_v9,0.9479109786696275,0.254265061163433,full_same_season_static_retrospective,1583.9187843097577,0.19049614300937684,14,DNF,,7393.0,43.0,,0.0,unavailable,,1.0,scheduled_distance_unavailable_assume_full,1676.1585074896232,0.05079546097104121,0.0,0.0,0.0,0.0,,0.0,,0.0,0.0,0.0,0.019458094021359725,7.269662294240533,4,-0.019458094021359725,0.0,,,all_field_expected_seconds_gap_residual_same_car_crossfit_v7_4,89,8,16.0,2.0,48.0,12.0,56.0,18.0,384.0,96.0,1579.8894354187512,1490.5022427856638,0,1.0,8,4.029348891006441,0.5798687373314714,0.7951177906164923,,0.0,1583.9187843097577,1583.9187843097577,1516.8767449082495,retrospective_first_five_backcast_previous_season_anchor_frozen_v7_5
starrabba,1961,Italian Grand Prix,Gaetano Starrabba,Lotus-Maserati,Lotus-Maserati,30,0.00022633999809720047,0.300993383290486,1961-1965_1.5l,43,0.0,22.94,22.94,0.6679999999999999,monza,0.6599956469462117,open_meteo_era5_air_temperature_track_proxy,7,1961-09-10,jolpica_cross_fitted_xw_xp,0.0,15,Engine,15.0,3.882277629791412,8,prior_same_circuit_grid_movement,mechanical,,False,1500.0,0.0,0.49254544719771504,-0.19196270949865835,-1.481180059822705,-1.256057360511924,-0.08638321927439625,-1.8514750747783812,-0.1884086040767886,0.0,0.0021182577405851636,0.24545807653830368,28.918051168082766,0.0,0.0,0.0,-0.08638321927439625,-1.8514750747783812,-0.1884086040767886,-0.0007511741690338527,-0.007330803421884153,-0.000581832066266031,-0.0023555930845972233,-0.16565003082887664,-0.012210212611097145,0.299522827495675,0.009049305466332393,0.00041040722945825974,0.006541342339375936,0.00045422671343908446,-2.4911420309903546e-05,-0.006155846530227579,-6.873090429072826e-05,-2.4911420309903546e-05,cross_fitted,season_grid_average,example_precomputed_capabilities,0.6499999999999999,-1.734723475976807e-18,0.0,0.0003854958091483562,0.11930699097110396,0.009049305466332393,0.299522827495675,0.2,0.7,0.0017327619314368074,0.12615108556719973,-0.0021182577405851636,,0.0,0.0,0.0,0.0,1500.0,revised_v3_parallel,prior_similar_races_current_season_only,field_centered_bounded_no_teammate_term,gaetanostarrabba,gaetano-starrabba,lotus,gaetano-starrabba,lotus-18,lotus-18,exact_chassis,lotus-18,Engine,mechanical,30.0,30,True,,3:07.900,True,False,,,,False,0.6385135135135135,,-0.11284076401850837,0.0,0.0,-0.3956113649860798,0.021008219641589408,full_same_season_static_retrospective_baseline_plus_shape_distributions_v9,constructor_lineage_regulation_and_stability_shrunk,0.0,1500.0,1420.2451517247118,-2.1960531869624713,1497.8039468130376,1497.8039468130376,ecc6062fa508ee5e,0.880009090909091,0.0728,0.4235,0.1755,0.4235,0.0,0.0,0.03761348897535668,0.0,0.27367055771725035,0.2305,0.3,0.0,0.2,0.3,0.2,0.367175663661622,0.6292825915713649,-0.11383341837012406,0.0,0.0,-0.3956113649860798,0.021008219641589408,full_same_season_static_retrospective_baseline_plus_shape_distributions_v9,constructor_lineage_regulation_and_stability_shrunk,high,baseline_plus_shape_distributions_v9,-0.40372678719458227,0.005347103875244648,full_same_season_static_retrospective,1447.6138261960834,0.0,15,DNF,,7393.0,43.0,,0.0,unavailable,,1.0,scheduled_distance_unavailable_assume_full,1431.361106335274,0.019811816124183253,0.0,0.0,0.0,0.0,,0.0,,0.0,0.0,0.0,-0.02759422803752796,4.2568087902195995,6,0.02759422803752796,0.0,,,all_field_expected_seconds_gap_residual_same_car_crossfit_v7_4,89,8,16.0,2.0,48.0,12.0,56.0,18.0,384.0,96.0,1451.8940609235983,1487.8940609235983,0,1.0,0,-4.2802347275148716,0.4482035295485828,0.4185799973578183,,0.0,1447.6138261960834,1447.6138261960834,1451.8940609235983,retrospective_first_five_backcast_previous_season_anchor_frozen_v7_5
bonnier,1961,Italian Grand Prix,Jo Bonnier,Porsche,Porsche,8,0.004313368578011975,0.7549803429145296,1961-1965_1.5l,43,0.0,22.94,22.94,0.6679999999999999,monza,0.6599956469462117,open_meteo_era5_air_temperature_track_proxy,7,1961-09-10,jolpica_cross_fitted_xw_xp,0.0,16,Suspension,-8.0,3.882277629791412,8,prior_same_circuit_grid_movement,mechanical,,False,1511.903827423869,0.0,0.5042321840991266,0.09766990459342427,0.5548277621179337,0.8356643771391392,0.04395145706704092,0.6935347026474171,0.12534965657087088,3.8097418271676426,0.026023298952413107,0.6696337028069804,13.223552996141724,0.02,0.0,0.05880602015151773,0.04395145706704092,0.6935347026474171,0.12534965657087088,-0.001674710292707656,-0.01833399015339579,0.0010348424799396932,0.0008081333483826447,0.07278762241821135,0.010122601574073464,0.6445181956047802,0.041202385325344114,0.02183772228641443,0.03939005799326489,0.022154787618027347,0.00039080507276592624,-0.017161530634084536,7.373974115301024e-05,0.00039080507276592624,cross_fitted,season_grid_average,example_precomputed_capabilities,0.7316040515388227,-3.469446951953614e-18,0.0,0.022228527359180357,0.7282365529454476,0.041202385325344114,0.6445181956047802,0.2,0.7,0.00379477159323275,-0.05860285013846722,-0.026023298952413107,,0.0,0.0,0.0,0.0,1511.903827423869,revised_v3_parallel,prior_similar_races_current_season_only,field_centered_bounded_no_teammate_term,jobonnier,jo-bonnier,porsche,porsche-system-engineering,,porsche-718|porsche-787,ambiguous_chassis_constructor_fallback,constructor:porsche,Suspension,mechanical,8.0,8,True,,2:49.600,True,False,,,,False,0.6385135135135135,,0.10128178279559906,0.0,0.0,0.34721741429736086,0.1754372998845069,full_same_season_static_retrospective_baseline_plus_shape_distributions_v9,constructor_lineage_regulation_and_stability_shrunk,15.40167301392499,1527.3055004377939,1554.0242729300894,1.2624870404653967,1528.5679874782593,1528.5679874782593,ecc6062fa508ee5e,0.880009090909091,0.0728,0.4235,0.1755,0.4235,0.0,0.0,0.03761348897535668,0.0,0.27367055771725035,0.2305,0.3,0.0,0.2,0.3,0.2,0.367175663661622,0.6292825915713649,0.09990851801867452,0.0,0.0,0.34721741429736086,0.1754372998845069,full_same_season_static_retrospective_baseline_plus_shape_distributions_v9,constructor_lineage_regulation_and_stability_shrunk,high,baseline_plus_shape_distributions_v9,0.9733207205985317,0.2734111027677681,full_same_season_static_retrospective,1528.9377821691075,0.14970920633407322,16,DNF,,7393.0,43.0,,0.0,unavailable,,1.0,scheduled_distance_unavailable_assume_full,1598.5824761804083,0.03769161471792017,0.0,0.0,0.0,0.0,,0.0,,0.0,0.0,0.0,0.014607437071699534,5.363363862882642,2,-0.014607437071699534,0.0,,,all_field_expected_seconds_gap_residual_same_car_crossfit_v7_4,89,8,16.0,2.0,48.0,12.0,56.0,18.0,384.0,96.0,1526.2468797863005,1497.2335534233293,0,1.0,17,2.690902382807066,0.5270637094210815,0.7035133488300727,,0.0,1528.9377821691075,1528.9377821691075,1441.3028560464318,retrospective_first_five_backcast_previous_season_anchor_frozen_v7_5
ricardo_rodriguez,1961,Italian Grand Prix,Ricardo Rodríguez,Ferrari,Ferrari,2,0.0729820961504836,0.9220213073465312,1961-1965_1.5l,43,0.0,22.94,22.94,0.6679999999999999,monza,0.6599956469462117,open_meteo_era5_air_temperature_track_proxy,7,1961-09-10,jolpica_cross_fitted_xw_xp,0.0,17,Fuel system,-15.0,3.882277629791412,8,prior_same_circuit_grid_movement,mechanical,,False,1500.0,0.0,0.49254544719771504,-0.19196270949865835,2.0327338361484824,0.7668104320041876,-0.08638321927439625,2.540917295185603,0.11502156480062814,3.8097418271676426,0.13929718213375036,0.7847115854197877,8.965671339467855,0.22,0.10517678283552581,0.33482321716447416,-0.08638321927439625,2.540917295185603,0.11502156480062814,-0.013901841136841928,0.10802203157619514,0.002131197466370463,-0.01251029360707708,0.18985759598644916,0.006030526795786898,0.7296982366672401,0.06229607180917141,0.17555054893361274,0.053848322196047446,0.15684558042142208,-0.017003089218717654,0.10469913751884764,0.0017018792934730131,-0.017003089218717654,cross_fitted,season_grid_average,example_precomputed_capabilities,0.7316040515388227,1.3877787807814457e-17,0.0,0.1585474597148951,0.9130760658423991,0.06229607180917141,0.7296982366672401,0.2,0.7,-0.019250277581144726,-0.1283644804226114,-0.13929718213375036,,0.0,0.0,0.0,0.0,1500.0,revised_v3_parallel,prior_similar_races_current_season_only,field_centered_bounded_no_teammate_term,ricardorodriguez,ricardo-rodriguez,ferrari,scuderia-ferrari-spa-sefac,ferrari-156,ferrari-156,exact_chassis,ferrari-156,Fuel system,mechanical,2.0,2,True,,2:46.400,True,False,,,,False,0.6385135135135135,,0.09733072183008035,0.0,0.0,0.33360389938049073,0.1687445371105934,full_same_season_static_retrospective_baseline_plus_shape_distributions_v9,constructor_lineage_regulation_and_stability_shrunk,0.0,1500.0,1480.9908263384605,2.593651162287401,1502.5936511622874,1502.5936511622874,ecc6062fa508ee5e,0.880009090909091,0.0728,0.4235,0.1755,0.4235,0.0,0.0,0.03761348897535668,0.0,0.27367055771725035,0.2305,0.3,0.0,0.2,0.3,0.2,0.367175663661622,0.6292825915713649,0.09599135820938914,0.0,0.0,0.33360389938049073,0.1687445371105934,full_same_season_static_retrospective_baseline_plus_shape_distributions_v9,constructor_lineage_regulation_and_stability_shrunk,high,baseline_plus_shape_distributions_v9,0.9479109786696275,0.254265061163433,full_same_season_static_retrospective,1460.1622529193833,0.0,19,DNF,,7393.0,43.0,,0.0,unavailable,,1.0,scheduled_distance_unavailable_assume_full,1499.5497883154355,0.02575278290144054,0.0,0.0,0.0,0.0,,0.0,,0.0,0.0,0.0,0.019436779987939155,9.246249236196135,5,-0.019436779987939155,0.0,,,all_field_expected_seconds_gap_residual_same_car_crossfit_v7_4,89,8,16.0,2.0,48.0,12.0,56.0,18.0,384.0,96.0,1454.302514388021,1487.8940609235983,0,1.0,0,5.8597385313622015,0.46031094654269966,0.48647021710107735,,0.0,1460.1622529193833,1460.1622529193833,1454.302514388021,retrospective_first_five_backcast_previous_season_anchor_frozen_v7_5
baghetti,1961,Italian Grand Prix,Giancarlo Baghetti,Ferrari,Ferrari,6,0.010168653336264188,0.8267543502597565,1961-1965_1.5l,43,0.0,22.94,22.94,0.6679999999999999,monza,0.6599956469462117,open_meteo_era5_air_temperature_track_proxy,7,1961-09-10,jolpica_cross_fitted_xw_xp,0.0,18,Engine,-12.0,3.882277629791412,8,prior_same_circuit_grid_movement,mechanical,,False,1509.9186336575053,0.0,0.5022832302300768,0.04936805682988125,2.0327338361484824,0.7668104320041876,0.02221562557344656,2.540917295185603,0.11502156480062814,3.8097418271676426,0.11655324417204924,0.7424368149454691,10.529837847017644,0.2,0.08912565670994935,0.3108743432900507,0.02221562557344656,2.540917295185603,0.11502156480062814,-0.0022113569742975023,0.08707029494237542,0.0017202334449530191,-0.0011826014391703534,0.2219130966327108,0.006932377832297738,0.6741379530377176,0.04728990704162449,0.13326312396722398,0.044229212843556756,0.13234941567961808,0.0006059544874314482,0.08963986561109867,0.0015196627750373448,0.0006059544874314482,cross_fitted,season_grid_average,example_precomputed_capabilities,0.7316040515388227,0.0,2.7755575615628914e-17,0.13386907845465543,0.9018008260635558,0.04728990704162449,0.6741379530377176,0.2,0.7,-0.01731583428260619,-0.15936401111808673,-0.11655324417204924,,0.0,0.0,0.0,0.0,1509.9186336575053,revised_v3_parallel,prior_similar_races_current_season_only,field_centered_bounded_no_teammate_term,giancarlobaghetti,giancarlo-baghetti,ferrari,scuderia-santambroeus,ferrari-156,ferrari-156,exact_chassis,ferrari-156,Engine,mechanical,6.0,6,True,,2:49.000,True,False,,,,False,0.6385135135135135,,0.09733072183008035,0.0,0.0,0.33360389938049073,0.1687445371105934,full_same_season_static_retrospective_baseline_plus_shape_distributions_v9,constructor_lineage_regulation_and_stability_shrunk,-1.0407898411506513,1508.8778438163547,1496.4940138428371,1.7678664329505378,1510.6457102493052,1510.6457102493052,ecc6062fa508ee5e,0.880009090909091,0.0728,0.4235,0.1755,0.4235,0.0,0.0,0.03761348897535668,0.0,0.27367055771725035,0.2305,0.3,0.0,0.2,0.3,0.2,0.367175663661622,0.6292825915713649,0.09599135820938914,0.0,0.0,0.33360389938049073,0.1687445371105934,full_same_season_static_retrospective_baseline_plus_shape_distributions_v9,constructor_lineage_regulation_and_stability_shrunk,high,baseline_plus_shape_distributions_v9,0.9479109786696275,0.254265061163433,full_same_season_static_retrospective,1473.937080703786,0.0,18,DNF,,7393.0,43.0,,0.0,unavailable,,1.0,scheduled_distance_unavailable_assume_full,1508.9368001469688,0.02669954667432274,0.0,0.0,0.0,0.0,,0.0,,0.0,0.0,0.0,0.016125659442645497,8.468982155461225,4,-0.016125659442645497,0.0,,,all_field_expected_seconds_gap_residual_same_car_crossfit_v7_4,89,8,16.0,2.0,48.0,12.0,56.0,18.0,384.0,96.0,1469.8057018923978,1487.8940609235983,0,1.0,2,4.131378811388206,0.4736495773167555,0.4997847699717047,,0.0,1473.937080703786,1473.937080703786,1475.70034105935,retrospective_first_five_backcast_previous_season_anchor_frozen_v7_5
vaccarella,1961,Italian Grand Prix,Nino Vaccarella,De Tomaso-Alfa Romeo,De Tomaso-Alfa Romeo,20,0.0004508082060146198,0.42139809926540195,1961-1965_1.5l,43,0.0,22.94,22.94,0.6679999999999999,monza,0.6599956469462117,open_meteo_era5_air_temperature_track_proxy,7,1961-09-10,jolpica_cross_fitted_xw_xp,0.0,19,Engine,1.0,3.882277629791412,8,prior_same_circuit_grid_movement,mechanical,,False,1500.0,0.0,0.49254544719771504,-0.19196270949865835,-1.481180059822705,-1.256057360511924,-0.08638321927439625,-1.8514750747783812,-0.1884086040767886,0.0,0.004218997879021321,0.3754505072428851,24.108331232013253,0.0,0.0,0.0,-0.08638321927439625,-1.8514750747783812,-0.1884086040767886,-0.001496136265766196,-0.014600982446974338,-0.0011588524882929782,-0.004764256977017965,-0.23641805793156848,-0.01643678291313364,0.45273623658940115,0.01802377483984813,0.0008174204665675345,0.01302858897999617,0.0009046970554513025,-4.961682775291509e-05,-0.01226078534118155,-0.00013689341663668307,-4.961682775291509e-05,cross_fitted,season_grid_average,example_precomputed_capabilities,0.6499999999999999,0.0,0.0,0.0007678036388146194,0.19511713876768105,0.01802377483984813,0.45273623658940115,0.2,0.7,0.003451194240206702,0.18033336847520404,-0.004218997879021321,,0.0,0.0,0.0,0.0,1500.0,revised_v3_parallel,prior_similar_races_current_season_only,field_centered_bounded_no_teammate_term,ninovaccarella,nino-vaccarella,de-tomaso,,,,unmatched_constructor_fallback,constructor:de-tomaso,Engine,mechanical,20.0,20,True,,2:56.000,True,False,,,,False,0.6385135135135135,,0.0,0.0,0.0,0.0,0.06505492794286155,full_same_season_static_retrospective_baseline_plus_shape_distributions_v9,constructor_lineage_regulation_and_stability_shrunk,0.0,1500.0,1459.9212920894524,-0.59775379227769,1499.4022462077223,1499.4022462077223,ecc6062fa508ee5e,0.880009090909091,0.0728,0.4235,0.1755,0.4235,0.0,0.0,0.03761348897535668,0.0,0.27367055771725035,0.2305,0.3,0.0,0.2,0.3,0.2,0.367175663661622,0.6292825915713649,0.0,0.0,0.0,0.0,0.06505492794286155,full_same_season_static_retrospective_baseline_plus_shape_distributions_v9,constructor_lineage_regulation_and_stability_shrunk,high,baseline_plus_shape_distributions_v9,0.3219655566577383,0.042519456846704384,full_same_season_static_retrospective,1459.0572066423117,0.0,17,DNF,,7393.0,43.0,,0.0,unavailable,,1.0,scheduled_distance_unavailable_assume_full,1470.0548921949173,0.02299095291344334,0.0,0.0,0.0,0.0,,0.0,,0.0,0.0,0.0,0.0,0.0,0,0.0,0.0,,,all_field_expected_seconds_gap_residual_same_car_crossfit_v7_4,89,8,16.0,2.0,48.0,12.0,56.0,18.0,384.0,96.0,1459.9212920894524,1487.8940609235983,0,1.0,0,-0.864085447140722,0.45924285723703434,0.45967205429797753,,0.0,1459.0572066423117,1459.0572066423117,1459.9212920894524,retrospective_first_five_backcast_previous_season_anchor_frozen_v7_5
gregory,1961,Italian Grand Prix,Masten Gregory,Lotus-Climax,Lotus-Climax,17,0.0007585557302321932,0.5135666089189452,1961-1965_1.5l,43,0.0,22.94,22.94,0.6679999999999999,monza,0.6599956469462117,open_meteo_era5_air_temperature_track_proxy,7,1961-09-10,jolpica_cross_fitted_xw_xp,0.0,20,Suspension,-3.0,3.882277629791412,8,prior_same_circuit_grid_movement,mechanical,,False,1503.2450849853496,0.0,0.4957311792135874,-0.11300638614225776,-0.150543350592313,0.3432217164143307,-0.050852873764015996,-0.18817918824039126,0.0514832574621496,3.8097418271676426,0.008263808250690674,0.49714523663139787,19.60562624463828,0.0,0.0,0.0,-0.050852873764015996,-0.18817918824039126,0.0514832574621496,-0.0017895997140897324,-0.01551706206277447,-6.645772266807911e-05,-0.005408079558888131,-0.014600077108312837,0.005245269035641661,0.5015741029208657,0.0221623038503165,0.005049954418680508,0.018932772137819458,0.0050231510074467385,-0.00026077006789629147,-0.014143587787035242,-0.00023396665666252162,-0.00026077006789629147,cross_fitted,season_grid_average,example_precomputed_capabilities,0.7316040515388227,-3.469446951953614e-18,0.0,0.004789184350784217,0.4868112152893064,0.0221623038503165,0.5015741029208657,0.2,0.7,0.003474623899906457,0.010334021342091493,-0.008263808250690674,,0.0,0.0,0.0,0.0,1503.2450849853496,revised_v3_parallel,prior_similar_races_current_season_only,field_centered_bounded_no_teammate_term,mastengregory,masten-gregory,lotus,udt-laystall-racing-team,,lotus-18|lotus-18-21,ambiguous_chassis_constructor_fallback,constructor:lotus,Suspension,mechanical,17.0,17,True,,2:55.200,True,False,,,,False,0.6385135135135135,,-0.039263752478776795,0.0,0.0,-0.15512120022374415,0.04176374125954608,full_same_season_static_retrospective_baseline_plus_shape_distributions_v9,constructor_lineage_regulation_and_stability_shrunk,-2.7514507112548117,1500.4936342740948,1544.9463457574648,0.0979357240862857,1500.591569998181,1500.591569998181,ecc6062fa508ee5e,0.880009090909091,0.0728,0.4235,0.1755,0.4235,0.0,0.0,0.03761348897535668,0.0,0.27367055771725035,0.2305,0.3,0.0,0.2,0.3,0.2,0.367175663661622,0.6292825915713649,-0.04463465422376472,0.0,0.0,-0.15512120022374415,0.04176374125954608,full_same_season_static_retrospective_baseline_plus_shape_distributions_v9,constructor_lineage_regulation_and_stability_shrunk,high,baseline_plus_shape_distributions_v9,0.0694557051639346,0.02066631460050031,full_same_season_static_retrospective,1556.6676728855184,0.027104992855672957,20,DNF,,7393.0,43.0,,0.0,unavailable,,1.0,scheduled_distance_unavailable_assume_full,1571.7225433527947,0.03399217035726605,0.0,0.0,0.0,0.0,,0.0,,0.0,0.0,0.0,-0.016723407190906817,10.51947546779128,8,0.016723407190906817,0.0,,,all_field_expected_seconds_gap_residual_same_car_crossfit_v7_4,89,8,16.0,2.0,48.0,12.0,56.0,18.0,384.0,96.0,1557.3560417753642,1496.185403012279,0,1.0,15,-0.6883688898458236,0.5538388267405099,0.5689731375305435,,0.0,1556.6676728855184,1556.6676728855184,1612.9778343310354,retrospective_first_five_backcast_previous_season_anchor_frozen_v7_5
hill,1961,Italian Grand Prix,Graham Hill,BRM,BRM,5,0.00040437262022175444,0.40193564533282866,1961-1965_1.5l,43,0.0,22.94,22.94,0.6679999999999999,monza,0.6599956469462117,open_meteo_era5_air_temperature_track_proxy,7,1961-09-10,jolpica_cross_fitted_xw_xp,0.0,21,Engine,-16.0,3.882277629791412,8,prior_same_circuit_grid_movement,mechanical,,False,1441.9224350718985,0.0,0.435847098389554,-1.6050508156400292,-1.1481938518253172,-0.5899779336575675,-0.7222728670380132,-1.4352423147816464,-0.08849669004863511,3.8097418271676426,0.011948814276999167,0.5890934514487693,16.203542296395533,0.0,0.0,0.0,-0.7222728670380132,-1.4352423147816464,-0.08849669004863511,-0.012366945982054286,-0.034274625209301204,-0.0017512496110612113,-0.09136722166459976,-0.23030157743031776,-0.009734415372146032,0.6885144157888884,0.05066307091893253,0.0034913830659191597,0.024643304271932745,0.0025543285009828045,-0.0012211329494033352,-0.02237305415541692,-0.00028407838446698006,-0.0012211329494033352,cross_fitted,season_grid_average,example_precomputed_capabilities,0.7316040515388227,-6.938893903907228e-18,0.0,0.0022702501165158245,0.35711120132182483,0.05066307091893253,0.6885144157888884,0.2,0.7,0.009678564160483343,0.2319822501269445,-0.011948814276999167,,0.0,0.0,0.0,0.0,1441.9224350718985,revised_v3_parallel,prior_similar_races_current_season_only,field_centered_bounded_no_teammate_term,grahamhill,graham-hill,brm,owen-racing-organisation,brm-p48-57,brm-p48-57,exact_chassis,brm-p48-57,Engine,mechanical,5.0,5,True,,2:48.700,True,False,,,,False,0.6385135135135135,,0.0020667102916091147,0.0,0.0,0.00717208102968827,0.0664017637351198,full_same_season_static_retrospective_baseline_plus_shape_distributions_v9,constructor_lineage_regulation_and_stability_shrunk,19.886368772869808,1461.8088038447684,1446.8009537339938,2.521802868708298,1464.3306067134768,1464.3306067134768,ecc6062fa508ee5e,0.880009090909091,0.0728,0.4235,0.1755,0.4235,0.0,0.0,0.03761348897535668,0.0,0.27367055771725035,0.2305,0.3,0.0,0.2,0.3,0.2,0.367175663661622,0.6292825915713649,0.0020636982976099845,0.0,0.0,0.00717208102968827,0.0664017637351198,full_same_season_static_retrospective_baseline_plus_shape_distributions_v9,constructor_lineage_regulation_and_stability_shrunk,high,baseline_plus_shape_distributions_v9,0.33525681579291683,0.044165184841041226,full_same_season_static_retrospective,1451.320760226871,-0.023006666470963236,21,DNF,,7393.0,43.0,,0.0,unavailable,,1.0,scheduled_distance_unavailable_assume_full,1452.4758924390017,0.021487884172537247,0.0,0.0,0.0,0.0,,0.0,,0.0,0.0,0.0,-0.0017381676885291672,3.2513502156069563,1,0.0017381676885291672,0.0,,,all_field_expected_seconds_gap_residual_same_car_crossfit_v7_4,89,8,16.0,2.0,48.0,12.0,56.0,18.0,384.0,96.0,1446.2271872516187,1494.4707977241642,0,1.0,13,5.093572975252233,0.4517750343152667,0.42978698055587805,,0.0,1451.320760226871,1451.320760226871,1438.3262426072108,retrospective_first_five_backcast_previous_season_anchor_frozen_v7_5
jack_brabham,1961,Italian Grand Prix,Jack Brabham,Cooper-Climax,Cooper-Climax,10,0.0003616640589336551,0.38203462101725033,1961-1965_1.5l,43,0.0,22.94,22.94,0.6679999999999999,monza,0.6599956469462117,open_meteo_era5_air_temperature_track_proxy,7,1961-09-10,jolpica_cross_fitted_xw_xp,0.0,22,Overheating,-12.0,3.882277629791412,8,prior_same_circuit_grid_movement,mechanical,,False,1582.9511879965953,0.0,0.573465028905767,1.8263267503538267,0.202112083272827,0.3730155152792192,0.8218470376592221,0.25264010409103377,0.05595232729188288,3.8097418271676426,0.024943406891854206,0.6481471154143263,14.018556729669925,0.02,0.0,0.05880602015151773,0.8218470376592221,0.25264010409103377,0.05595232729188288,0.015789311167925056,-0.029261799720487276,-0.0002213733011133037,0.10039486874853414,0.010829397559751375,0.002989844911083783,0.6138828820485155,0.03589849637479463,0.012215918201812902,0.0577789237712902,0.023132707467700797,0.009988716319306198,-0.0355742892501711,-0.000928072946581697,0.009988716319306198,cross_fitted,season_grid_average,example_precomputed_capabilities,0.7316040515388227,-5.204170427930421e-18,1.3877787807814457e-17,0.0222046345211191,0.7280969932678848,0.03589849637479463,0.6138828820485155,0.2,0.7,0.0027387723707351062,-0.07994987785355845,-0.024943406891854206,,0.0,0.0,0.0,0.0,1582.9511879965953,revised_v3_parallel,prior_similar_races_current_season_only,field_centered_bounded_no_teammate_term,jackbrabham,jack-brabham,cooper,cooper-car-company,,cooper-t55|cooper-t58,ambiguous_chassis_constructor_fallback,constructor:cooper,Overheating,mechanical,10.0,10,True,,2:51.600,True,False,,,,False,0.6385135135135135,,0.03379985153732694,0.0,0.0,0.13066856917629116,0.09449724941871375,full_same_season_static_retrospective_baseline_plus_shape_distributions_v9,constructor_lineage_regulation_and_stability_shrunk,14.805714714107268,1597.7569027107027,1605.4237014885016,0.671725958784448,1598.4286286694871,1598.4286286694871,ecc6062fa508ee5e,0.880009090909091,0.0728,0.4235,0.1755,0.4235,0.0,0.0,0.03761348897535668,0.0,0.27367055771725035,0.2305,0.3,0.0,0.2,0.3,0.2,0.367175663661622,0.6292825915713649,0.037598641544065926,0.0,0.0,0.13066856917629116,0.09449724941871375,full_same_season_static_retrospective_baseline_plus_shape_distributions_v9,constructor_lineage_regulation_and_stability_shrunk,high,baseline_plus_shape_distributions_v9,0.5393364128135869,0.07912440560560383,full_same_season_static_retrospective,1596.3027984286143,0.10350877051785659,22,DNF,,7393.0,43.0,,0.0,unavailable,,1.0,scheduled_distance_unavailable_assume_full,1632.162841740672,0.0428880357715654,0.0,0.0,0.0,0.0,,0.0,,0.0,0.0,0.0,-0.010799079190329575,11.192906220575221,6,0.010799079190329575,0.0,,,all_field_expected_seconds_gap_residual_same_car_crossfit_v7_4,89,8,16.0,2.0,48.0,12.0,56.0,18.0,384.0,96.0,1594.9702159543983,1490.7844453811138,0,1.0,26,1.3325824742160222,0.5915701315722427,0.7045556026829121,,0.0,1596.3027984286143,1596.3027984286143,1517.2201176849997,retrospective_first_five_backcast_previous_season_anchor_frozen_v7_5
naylor,1961,Italian Grand Prix,Brian Naylor,JBW,JBW,31,6.772480085613998e-05,0.1337076930102008,1961-1965_1.5l,43,0.0,22.94,22.94,0.6679999999999999,monza,0.6599956469462117,open_meteo_era5_air_temperature_track_proxy,7,1961-09-10,jolpica_cross_fitted_xw_xp,0.0,23,Engine,8.0,3.882277629791412,8,prior_same_circuit_grid_movement,mechanical,,False,1496.645238547473,0.0,0.4892525828614096,-0.27358757640511866,-1.481180059822705,1.192222666813551,-0.1231144093823034,-1.8514750747783812,0.17883340002203263,0.6619793351467952,0.002023426667357827,0.2380425818888392,29.19242447011295,0.0,0.0,0.0,-0.1231144093823034,-1.8514750747783812,0.17883340002203263,-0.0008547304787277962,-0.007506706741291986,0.00033222087851432643,-0.006007954586816279,-0.1701019690803193,0.017389333688696745,0.28565875888237086,0.008446799740562193,0.00045425751652945686,0.007380869328020885,0.0004157359418766331,-3.6674117472721324e-05,-0.006963285928964149,1.8474571801024484e-06,-3.6674117472721324e-05,cross_fitted,season_grid_average,example_precomputed_capabilities,0.6836467685627192,-1.734723475976807e-18,-2.7755575615628914e-17,0.00041758339905673554,0.126938168903932,0.008446799740562193,0.28565875888237086,0.2,0.7,0.0016058432683010914,0.1111044129849072,-0.002023426667357827,,0.0,0.0,0.0,0.0,1496.645238547473,revised_v3_parallel,prior_similar_races_current_season_only,field_centered_bounded_no_teammate_term,briannaylor,brian-naylor,jbw,jb-naylor,jbw-59,jbw-59,exact_chassis,jbw-59,Engine,mechanical,31.0,31,True,,3:08.100,True,False,,,,False,0.6385135135135135,,0.0,0.0,0.0,0.0,0.06505492794286155,full_same_season_static_retrospective_baseline_plus_shape_distributions_v9,constructor_lineage_regulation_and_stability_shrunk,-3.46514392775948,1493.1800946197134,1443.326464466372,-2.6869358176701685,1490.4931588020431,1490.4931588020431,ecc6062fa508ee5e,0.880009090909091,0.0728,0.4235,0.1755,0.4235,0.0,0.0,0.03761348897535668,0.0,0.27367055771725035,0.2305,0.3,0.0,0.2,0.3,0.2,0.367175663661622,0.6292825915713649,0.0,0.0,0.0,0.0,0.06505492794286155,full_same_season_static_retrospective_baseline_plus_shape_distributions_v9,constructor_lineage_regulation_and_stability_shrunk,high,baseline_plus_shape_distributions_v9,0.3219655566577383,0.042519456846704384,full_same_season_static_retrospective,1438.395447219288,0.0,23,DNF,,7393.0,43.0,,0.0,unavailable,,1.0,scheduled_distance_unavailable_assume_full,1459.2570775090853,0.02205569246984923,0.0,0.0,0.0,0.0,,0.0,,0.0,0.0,0.0,0.0,0.0,0,0.0,0.0,,,all_field_expected_seconds_gap_residual_same_car_crossfit_v7_4,89,8,16.0,2.0,48.0,12.0,56.0,18.0,384.0,96.0,1443.326464466372,1496.185403012279,0,1.0,2,-4.931017247084018,0.4393434965097674,0.43987593001709513,,0.0,1438.395447219288,1438.395447219288,1456.5598989255245,retrospective_first_five_backcast_previous_season_anchor_frozen_v7_5
ireland,1961,Italian Grand Prix,Innes Ireland,Lotus-Climax,Lotus-Climax,9,0.0011166795843041497,0.5781901518426804,1961-1965_1.5l,43,0.0,22.94,22.94,0.6679999999999999,monza,0.6599956469462117,open_meteo_era5_air_temperature_track_proxy,7,1961-09-10,jolpica_cross_fitted_xw_xp,0.0,24,Chassis,-15.0,3.882277629791412,8,prior_same_circuit_grid_movement,other,0.3783783783783784,False,1494.2990781076455,0.0,0.4869501778655167,-0.3306721221625683,-0.150543350592313,0.3432217164143307,-0.14880245497315575,-0.18817918824039126,0.0514832574621496,3.8097418271676426,0.01389763926159264,0.6115116196110801,15.374070074390035,0.0,0.0,0.0,-0.14880245497315575,-0.18817918824039126,0.0514832574621496,-0.004504217886779286,-0.026088244913878955,-0.00010938436934562034,-0.022546203738851262,-0.040316187764266834,0.0035138684868874868,0.6293161765159493,0.03845911699759573,0.008763384399577471,0.030609839802520966,0.00813828847124587,-0.0010061145719856062,-0.022852569974929102,-0.00038101864365400456,-0.0010061145719856062,cross_fitted,season_grid_average,example_precomputed_capabilities,0.7316040515388227,-3.469446951953614e-18,-6.938893903907228e-18,0.007757269827591865,0.5699676534997187,0.03845911699759573,0.6293161765159493,0.2,0.7,0.006140369434000775,0.04154396611136146,-0.01389763926159264,-0.23313324123270174,0.0,0.0,0.0,0.0,1494.2990781076455,revised_v3_parallel,prior_similar_races_current_season_only,field_centered_bounded_no_teammate_term,innesireland,innes-ireland,lotus,team-lotus,,lotus-18|lotus-18-21|lotus-21,ambiguous_chassis_constructor_fallback,constructor:lotus,Chassis,other,9.0,9,True,,2:50.300,True,False,,,,False,0.6385135135135135,,-0.039263752478776795,0.0,0.0,-0.15512120022374415,0.04176374125954608,full_same_season_static_retrospective_baseline_plus_shape_distributions_v9,constructor_lineage_regulation_and_stability_shrunk,8.833260858587286,1503.1323389662327,1563.5970425049172,1.6309413320912083,1504.763280298324,1504.763280298324,ecc6062fa508ee5e,0.880009090909091,0.0728,0.4235,0.1755,0.4235,0.0,0.0,0.03761348897535668,0.0,0.27367055771725035,0.2305,0.3,0.0,0.2,0.3,0.2,0.367175663661622,0.6292825915713649,-0.04463465422376472,0.0,0.0,-0.15512120022374415,0.04176374125954608,full_same_season_static_retrospective_baseline_plus_shape_distributions_v9,constructor_lineage_regulation_and_stability_shrunk,high,baseline_plus_shape_distributions_v9,0.0694557051639346,0.02066631460050031,full_same_season_static_retrospective,1578.2006157218761,0.12735572653518656,25,DNF,,7393.0,43.0,,0.0,unavailable,,1.0,scheduled_distance_unavailable_assume_full,1610.740347858532,0.03949597205258722,0.0,0.0,0.0,0.0,,0.0,,0.0,0.0,0.0,-0.022450870387539193,8.883636010484121,7,0.022450870387539193,0.0,0.3783783783783784,0.3783783783783784,all_field_expected_seconds_gap_residual_same_car_crossfit_v7_4,89,8,16.0,2.0,48.0,12.0,56.0,18.0,384.0,96.0,1576.0067385228167,1492.4431172668544,0,1.0,12,2.193877199059528,0.5744365383079139,0.689820123091059,-0.3114417447126806,0.0,1578.2006157218761,1578.2006157218761,1531.600756430237,retrospective_first_five_backcast_previous_season_anchor_frozen_v7_5
fairman,1961,Italian Grand Prix,Jack Fairman,Cooper-Climax,Cooper-Climax,26,0.00012025343026672247,0.2041038349508063,1961-1965_1.5l,43,0.0,22.94,22.94,0.6679999999999999,monza,0.6599956469462117,open_meteo_era5_air_temperature_track_proxy,7,1961-09-10,jolpica_cross_fitted_xw_xp,0.0,25,Engine,1.0,3.882277629791412,8,prior_same_circuit_grid_movement,mechanical,,False,1497.8275243586565,0.0,0.49041297587844196,-0.2448213218296804,0.202112083272827,0.3730155152792192,-0.11016959482335617,0.25264010409103377,0.05595232729188288,3.8097418271676426,0.005321632472284565,0.3826887897014961,23.840514781044643,0.0,0.0,0.0,-0.11016959482335617,0.25264010409103377,0.05595232729188288,-0.0013005196326567995,-0.0069064623980275505,-4.2047671231045205e-05,-0.01140848300269089,0.08652363318839126,0.006934314119186583,0.35807395041003004,0.011920856233816881,0.004056554434132943,0.009782144636789763,0.0038352827093777395,-0.0003847279022314563,-0.006110318104888277,-0.00016345617747625307,-0.0003847279022314563,cross_fitted,season_grid_average,example_precomputed_capabilities,0.7316040515388227,0.0,1.3877787807814457e-17,0.0036718265319014864,0.440123414714917,0.011920856233816881,0.35807395041003004,0.2,0.7,0.001649805940383079,-0.05743462501342089,-0.005321632472284565,,0.0,0.0,0.0,0.0,1497.8275243586565,revised_v3_parallel,prior_similar_races_current_season_only,field_centered_bounded_no_teammate_term,jackfairman,jack-fairman,cooper,fred-tuck-cars,cooper-t45,cooper-t45,exact_chassis,cooper-t45,Engine,mechanical,26.0,26,True,,3:04.800,True,False,,,,False,0.6385135135135135,,0.06418918918918914,0.0,0.0,0.2230801210758471,0.12305159424441087,full_same_season_static_retrospective_baseline_plus_shape_distributions_v9,constructor_lineage_regulation_and_stability_shrunk,-13.39462200139063,1484.432902357266,1466.4881610877997,-1.8611267454918548,1482.571775611774,1482.571775611774,ecc6062fa508ee5e,0.880009090909091,0.0728,0.4235,0.1755,0.4235,0.0,0.0,0.03761348897535668,0.0,0.27367055771725035,0.2305,0.3,0.0,0.2,0.3,0.2,0.367175663661622,0.6292825915713649,0.06418918918918914,0.0,0.0,0.2230801210758471,0.12305159424441087,full_same_season_static_retrospective_baseline_plus_shape_distributions_v9,constructor_lineage_regulation_and_stability_shrunk,high,baseline_plus_shape_distributions_v9,0.7347738494573359,0.13829845185038117,full_same_season_static_retrospective,1445.3791828152748,0.0,24,DNF,,7393.0,43.0,,0.0,unavailable,,1.0,scheduled_distance_unavailable_assume_full,1473.4919914629063,0.023296902213580665,0.0,0.0,0.0,0.0,,0.0,,0.0,0.0,0.0,-0.020373469095138836,1.5,1,0.020373469095138836,0.0,,,all_field_expected_seconds_gap_residual_same_car_crossfit_v7_4,89,8,16.0,2.0,48.0,12.0,56.0,18.0,384.0,96.0,1448.6417514017319,1490.573471404986,0,1.0,4,-3.2625685864570046,0.4460528284294094,0.4636814658121203,,0.0,1445.3791828152748,1445.3791828152748,1454.573471404986,retrospective_first_five_backcast_previous_season_anchor_frozen_v7_5
surtees,1961,Italian Grand Prix,John Surtees,Cooper-Climax,Cooper-Climax,19,0.00031598891771616593,0.35818019875089374,1961-1965_1.5l,43,0.0,22.94,22.94,0.6679999999999999,monza,0.6599956469462117,open_meteo_era5_air_temperature_track_proxy,7,1961-09-10,jolpica_cross_fitted_xw_xp,0.0,26,Accident,-7.0,3.882277629791412,8,prior_same_circuit_grid_movement,driver_fault,0.0,True,1478.841336700023,0.0,0.47179725943764944,-0.7067751932531274,0.202112083272827,0.3730155152792192,-0.31804883696390734,0.25264010409103377,0.05595232729188288,3.8097418271676426,0.007934725272988013,0.4775374020886141,20.33111612272128,0.02,0.0,0.05880602015151773,-0.31804883696390734,0.25264010409103377,0.05595232729188288,-0.003639365972250495,-0.010519237134369091,-5.974167422870862e-05,-0.045337378022966134,0.0679929728449471,0.0058942883350582564,0.46897243714150233,0.01930940109766665,0.006570806249721135,0.013634545976792173,0.0053207848608752715,-0.0014797499329027826,-0.00854348965997382,-0.00022972854405691953,-0.0014797499329027826,cross_fitted,season_grid_average,example_precomputed_capabilities,0.7316040515388227,-1.734723475976807e-18,-6.938893903907228e-18,0.005091056316818352,0.49752232029854154,0.01930940109766665,0.46897243714150233,0.2,0.7,0.0028436689561696605,-0.019984918209927427,-0.007934725272988013,-0.4775374020886141,-8.786106644146766,-3.156194747039283,-11.94230139118605,0.0,1466.899035308837,revised_v3_parallel,prior_similar_races_current_season_only,field_centered_bounded_no_teammate_term,johnsurtees,john-surtees,cooper,yeoman-credit-racing-team,cooper-t53,cooper-t53,exact_chassis,cooper-t53,Accident,driver_fault,19.0,19,True,,2:55.600,True,False,,,,True,0.6385135135135135,-0.6385135135135135,-0.07126040222537286,0.0,0.0,-0.2377123834497956,0.03298502662609227,full_same_season_static_retrospective_baseline_plus_shape_distributions_v9,constructor_lineage_regulation_and_stability_shrunk,9.497115820972125,1488.3384525209951,1470.7364877980838,-0.12308473051400748,1488.2153677904812,1476.2730663992952,ecc6062fa508ee5e,0.880009090909091,0.0728,0.4235,0.1755,0.4235,0.0,0.0,0.03761348897535668,0.0,0.27367055771725035,0.2305,0.3,0.0,0.2,0.3,0.2,0.367175663661622,0.6292825915713649,-0.06839948391763738,0.0,0.0,-0.2377123834497956,0.03298502662609227,full_same_season_static_retrospective_baseline_plus_shape_distributions_v9,constructor_lineage_regulation_and_stability_shrunk,high,baseline_plus_shape_distributions_v9,-0.13631854629558682,0.011479681286783429,full_same_season_static_retrospective,1489.151418936781,0.12085361751954504,26,DNF,,7393.0,43.0,,0.0,unavailable,,1.0,scheduled_distance_unavailable_assume_full,1489.617349205288,0.024787537488183346,0.0,0.0,0.0,0.0,,0.0,,0.0,0.0,0.0,0.010559920414665051,5.947390346164935,3,-0.010559920414665051,0.0,0.0,0.0,all_field_expected_seconds_gap_residual_same_car_crossfit_v7_4,89,8,16.0,2.0,48.0,12.0,56.0,18.0,384.0,96.0,1489.7534784740674,1490.5022427856638,0,1.0,6,-0.6020595372863149,0.488419983742388,0.5911893808321612,-0.5911893808321612,-31.586815807898184,1457.564603128883,1457.564603128883,1450.428030033468,retrospective_first_five_backcast_previous_season_anchor_frozen_v7_5
trips,1961,Italian Grand Prix,Wolfgang von Trips,Ferrari,Ferrari,1,0.11956522431943535,0.9390165656529743,1961-1965_1.5l,43,0.0,22.94,22.94,0.6679999999999999,monza,0.6599956469462117,open_meteo_era5_air_temperature_track_proxy,7,1961-09-10,jolpica_cross_fitted_xw_xp,0.0,27,Accident,-26.0,3.882277629791412,8,prior_same_circuit_grid_movement,driver_fault,0.0,True,1515.0286311974858,0.0,0.5072996293849876,0.17369965983522895,2.0327338361484824,0.7668104320041876,0.07816484692585303,2.540917295185603,0.11502156480062814,3.8097418271676426,0.17300720223055505,0.7980721552633551,8.471330255255863,0.18,0.07350867077550396,0.28649132922449605,0.07816484692585303,2.540917295185603,0.11502156480062814,0.003423736470529841,0.12690091837602044,0.0025098261599406195,0.003195277965040025,0.17562539125282559,0.005655868250910282,0.7427291940227223,0.06673961742536229,0.1880724760709032,0.06500684373623326,0.19724508416014838,0.011501622360950009,0.13456725469561992,0.0023290142717048157,0.011501622360950009,cross_fitted,season_grid_average,example_precomputed_capabilities,0.7316040515388227,2.7755575615628914e-17,0.0,0.1995740984318532,0.9272057314914982,0.06673961742536229,0.7427291940227223,0.2,0.7,-0.02656689620129815,-0.12913357622814314,-0.17300720223055505,-0.7980721552633551,-18.517471648273713,-3.156194747039283,-21.673666395312996,0.0,1493.3549648021728,revised_v3_parallel,prior_similar_races_current_season_only,field_centered_bounded_no_teammate_term,wolfgangvontrips,wolfgang-von-trips,ferrari,scuderia-ferrari-spa-sefac,ferrari-156,ferrari-156,exact_chassis,ferrari-156,Fatal collision,driver_fault,1.0,1,True,,2:46.300,True,False,,,,True,0.6385135135135135,-0.6385135135135135,0.09733072183008035,0.0,0.0,0.33360389938049073,0.1687445371105934,full_same_season_static_retrospective_baseline_plus_shape_distributions_v9,constructor_lineage_regulation_and_stability_shrunk,15.2737575950672,1530.302388792553,1649.6022728500182,2.6117775471874154,1532.9141663397404,1511.2404999444275,ecc6062fa508ee5e,0.880009090909091,0.0728,0.4235,0.1755,0.4235,0.0,0.0,0.03761348897535668,0.0,0.27367055771725035,0.2305,0.3,0.0,0.2,0.3,0.2,0.367175663661622,0.6292825915713649,0.09599135820938914,0.0,0.0,0.33360389938049073,0.1687445371105934,full_same_season_static_retrospective_baseline_plus_shape_distributions_v9,constructor_lineage_regulation_and_stability_shrunk,high,baseline_plus_shape_distributions_v9,0.9479109786696275,0.254265061163433,full_same_season_static_retrospective,1627.2446365456067,0.11389532281904116,31,DNF,,7393.0,43.0,,0.0,unavailable,,1.0,scheduled_distance_unavailable_assume_full,1673.3531584397922,0.050250334095856004,0.0,0.0,0.0,0.0,,0.0,,0.0,0.0,0.0,0.01567919335034422,7.554812220783029,4,-0.01567919335034422,0.0,0.0,0.0,all_field_expected_seconds_gap_residual_same_car_crossfit_v7_4,89,8,16.0,2.0,48.0,12.0,56.0,18.0,384.0,96.0,1622.9139608995788,1497.2335534233293,0,1.0,18,4.330675646027885,0.6203630525104336,0.7579538227569862,-0.7579538227569862,-39.591509020289784,1587.653127525317,1587.653127525317,1563.8587562907119,retrospective_first_five_backcast_previous_season_anchor_frozen_v7_5
clark,1961,Italian Grand Prix,Jim Clark,Lotus-Climax,Lotus-Climax,7,0.003531490043491011,0.7340521891645834,1961-1965_1.5l,43,0.0,22.94,22.94,0.6679999999999999,monza,0.6599956469462117,open_meteo_era5_air_temperature_track_proxy,7,1961-09-10,jolpica_cross_fitted_xw_xp,0.0,28,Accident,-21.0,3.882277629791412,8,prior_same_circuit_grid_movement,driver_fault,0.0,True,1500.3235172982077,0.0,0.49286302849506924,-0.18409119410722985,-0.150543350592313,0.3432217164143307,-0.08284103734825343,-0.18817918824039126,0.0514832574621496,3.8097418271676426,0.01628940722208767,0.6417614798282273,14.25482524635559,0.0,0.0,0.0,-0.08284103734825343,-0.18817918824039126,0.0514832574621496,-0.00410110655265067,-0.030583691055847635,-0.00013010526581054734,-0.014159215075733865,-0.04786151615284279,0.0030058656099292147,0.6594659395138215,0.04414132952153475,0.010058146642571349,0.03684737110231994,0.009782857316182047,-0.0007317199953454506,-0.027520944455094044,-0.00045643066895614814,-0.0007317199953454506,cross_fitted,season_grid_average,example_precomputed_capabilities,0.7316040515388227,0.0,0.0,0.009326426647225898,0.600451073895174,0.04414132952153475,0.6594659395138215,0.2,0.7,0.006962980574861772,0.04131040593305324,-0.01628940722208767,-0.6417614798282273,-11.942652410238196,-3.156194747039283,-15.09884715727748,0.0,1485.2246701409301,revised_v3_parallel,prior_similar_races_current_season_only,field_centered_bounded_no_teammate_term,jimclark,jim-clark,lotus,team-lotus,,lotus-18|lotus-18-21|lotus-21,ambiguous_chassis_constructor_fallback,constructor:lotus,Collision,driver_fault,7.0,7,True,,2:49.200,True,False,,,,True,0.6385135135135135,-0.6385135135135135,-0.039263752478776795,0.0,0.0,-0.15512120022374415,0.04176374125954608,full_same_season_static_retrospective_baseline_plus_shape_distributions_v9,constructor_lineage_regulation_and_stability_shrunk,10.2299187797113,1510.553436077919,1526.5292007402,1.9747370445787418,1512.5281731224977,1497.4293259652202,ecc6062fa508ee5e,0.880009090909091,0.0728,0.4235,0.1755,0.4235,0.0,0.0,0.03761348897535668,0.0,0.27367055771725035,0.2305,0.3,0.0,0.2,0.3,0.2,0.367175663661622,0.6292825915713649,-0.04463465422376472,0.0,0.0,-0.15512120022374415,0.04176374125954608,full_same_season_static_retrospective_baseline_plus_shape_distributions_v9,constructor_lineage_regulation_and_stability_shrunk,high,baseline_plus_shape_distributions_v9,0.0694557051639346,0.02066631460050031,full_same_season_static_retrospective,1542.3345218570776,0.14390081163278745,30,DNF,,7393.0,43.0,,0.0,unavailable,,1.0,scheduled_distance_unavailable_assume_full,1587.6020125591697,0.036132946553816624,0.0,0.0,0.0,0.0,,0.0,,0.0,0.0,0.0,-0.018138304378036426,7.739920707829535,7,0.018138304378036426,0.0,0.0,0.0,all_field_expected_seconds_gap_residual_same_car_crossfit_v7_4,89,8,16.0,2.0,48.0,12.0,56.0,18.0,384.0,96.0,1538.9388967580994,1490.5022427856638,0,1.0,10,3.395625098978141,0.540026793515885,0.6719799105386791,-0.6719799105386791,-35.464761233811046,1506.8697606232665,1506.8697606232665,1471.0030797821917,retrospective_first_five_backcast_previous_season_anchor_frozen_v7_5
bussinello,1961,Italian Grand Prix,Roberto Bussinello,De Tomaso-Alfa Romeo,De Tomaso-Alfa Romeo,24,0.00034221544853321343,0.3722331544213942,1961-1965_1.5l,43,0.0,22.94,22.94,0.6679999999999999,monza,0.6599956469462117,open_meteo_era5_air_temperature_track_proxy,7,1961-09-10,jolpica_cross_fitted_xw_xp,0.0,29,Engine,-5.0,3.882277629791412,8,prior_same_circuit_grid_movement,mechanical,,False,1500.0,0.0,0.49254544719771504,-0.19196270949865835,-1.481180059822705,-1.256057360511924,-0.08638321927439625,-1.8514750747783812,-0.1884086040767886,0.0,0.003202706233531019,0.32085863886310356,26.128230362065167,0.0,0.0,0.0,-0.08638321927439625,-1.8514750747783812,-0.1884086040767886,-0.0011357400695571676,-0.011083830530260706,-0.0008797027622255625,-0.003685025888421155,-0.20831868940710685,-0.014853731775718878,0.38891587298447766,0.013682124923165768,0.0006205164588276496,0.009890202445426826,0.0006867694609088471,-3.7664897705318905e-05,-0.009307350884304495,-0.00010391789978651637,-3.7664897705318905e-05,cross_fitted,season_grid_average,example_precomputed_capabilities,0.6499999999999999,0.0,0.0,0.0005828515611223307,0.16205842591323077,0.013682124923165768,0.38891587298447766,0.2,0.7,0.002619854672408688,0.1588002129498728,-0.003202706233531019,,0.0,0.0,0.0,0.0,1500.0,revised_v3_parallel,prior_similar_races_current_season_only,field_centered_bounded_no_teammate_term,robertobussinello,roberto-bussinello,de-tomaso,isobele-de-tomaso,de-tomaso-f1-004,de-tomaso-f1-004,exact_chassis,de-tomaso-f1-004,Engine,mechanical,24.0,24,True,,3:01.700,True,False,,,,False,0.6385135135135135,,0.0,0.0,0.0,0.0,0.06505492794286155,full_same_season_static_retrospective_baseline_plus_shape_distributions_v9,constructor_lineage_regulation_and_stability_shrunk,0.0,1500.0,1451.8940609235983,-1.3719473406647866,1498.6280526593353,1498.6280526593353,ecc6062fa508ee5e,0.880009090909091,0.0728,0.4235,0.1755,0.4235,0.0,0.0,0.03761348897535668,0.0,0.27367055771725035,0.2305,0.3,0.0,0.2,0.3,0.2,0.367175663661622,0.6292825915713649,0.0,0.0,0.0,0.0,0.06505492794286155,full_same_season_static_retrospective_baseline_plus_shape_distributions_v9,constructor_lineage_regulation_and_stability_shrunk,high,baseline_plus_shape_distributions_v9,0.3219655566577383,0.042519456846704384,full_same_season_static_retrospective,1449.5741770099062,0.0,28,DNF,,7393.0,43.0,,0.0,unavailable,,1.0,scheduled_distance_unavailable_assume_full,1464.968392893391,0.02254554145244385,0.0,0.0,0.0,0.0,,0.0,,0.0,0.0,0.0,0.0,0.0,0,0.0,0.0,,,all_field_expected_seconds_gap_residual_same_car_crossfit_v7_4,89,8,16.0,2.0,48.0,12.0,56.0,18.0,384.0,96.0,1451.8940609235983,1487.8940609235983,0,1.0,0,-2.319883913692052,0.4500916829690416,0.45056872188064456,,0.0,1449.5741770099062,1449.5741770099062,1451.8940609235983,retrospective_first_five_backcast_previous_season_anchor_frozen_v7_5
seidel,1961,Italian Grand Prix,Wolfgang Seidel,Lotus-Climax,Lotus-Climax,28,0.00010838537387889399,0.1900340347204054,1961-1965_1.5l,43,0.0,22.94,22.94,0.6679999999999999,monza,0.6599956469462117,open_meteo_era5_air_temperature_track_proxy,7,1961-09-10,jolpica_cross_fitted_xw_xp,0.0,30,Engine,-2.0,3.882277629791412,8,prior_same_circuit_grid_movement,mechanical,,False,1486.4884201626096,0.0,0.47928923494434694,-0.5207136271211967,-0.150543350592313,0.3432217164143307,-0.23432113220453854,-0.18817918824039126,0.0514832574621496,3.8097418271676426,0.003655321249923741,0.32986884957715035,25.79485256564544,0.02,0.0,0.05880602015151773,-0.23432113220453854,-0.18817918824039126,0.0514832574621496,-0.0015251840285417828,-0.006860357359026305,-2.8196599837213763e-05,-0.025244004087405292,0.023587493534645565,0.007160919449323177,0.32821752690818135,0.010386311639847982,0.00236664927589169,0.0077711713246395985,0.002069917397985622,-0.0003940756234490097,-0.005798597672196919,-9.734374554294179e-05,-0.0003940756234490097,cross_fitted,season_grid_average,example_precomputed_capabilities,0.7316040515388227,0.0,8.673617379884035e-19,0.00197257365244268,0.3337219358047448,0.010386311639847982,0.32821752690818135,0.2,0.7,0.0016827475974810608,-0.003853086227594449,-0.003655321249923741,,0.0,0.0,0.0,0.0,1486.4884201626096,revised_v3_parallel,prior_similar_races_current_season_only,field_centered_bounded_no_teammate_term,wolfgangseidel,wolfgang-seidel,lotus,scuderia-colonia,lotus-18,lotus-18,exact_chassis,lotus-18,Engine,mechanical,28.0,28,True,,3:06.000,True,False,,,,False,0.6385135135135135,,-0.11284076401850837,0.0,0.0,-0.3956113649860798,0.021008219641589408,full_same_season_static_retrospective_baseline_plus_shape_distributions_v9,constructor_lineage_regulation_and_stability_shrunk,-12.758268797419989,1473.7301513651896,1371.8049592876173,-1.6590421001204034,1472.0711092650693,1472.0711092650693,ecc6062fa508ee5e,0.880009090909091,0.0728,0.4235,0.1755,0.4235,0.0,0.0,0.03761348897535668,0.0,0.27367055771725035,0.2305,0.3,0.0,0.2,0.3,0.2,0.367175663661622,0.6292825915713649,-0.11383341837012406,0.0,0.0,-0.3956113649860798,0.021008219641589408,full_same_season_static_retrospective_baseline_plus_shape_distributions_v9,constructor_lineage_regulation_and_stability_shrunk,high,baseline_plus_shape_distributions_v9,-0.40372678719458227,0.005347103875244648,full_same_season_static_retrospective,1400.4893124843486,0.0,27,DNF,,7393.0,43.0,,0.0,unavailable,,1.0,scheduled_distance_unavailable_assume_full,1397.4997883635663,0.01739256289977689,0.0,0.0,0.0,0.0,,0.0,,0.0,0.0,0.0,-0.022144020818205757,3.8403729705690903,5,0.022144020818205757,0.0,,,all_field_expected_seconds_gap_residual_same_car_crossfit_v7_4,89,8,16.0,2.0,48.0,12.0,56.0,18.0,384.0,96.0,1403.4538684865038,1490.573471404986,0,1.0,4,-2.964556002155065,0.40333111709365793,0.37480107067263707,,0.0,1400.4893124843486,1400.4893124843486,1454.573471404986,retrospective_first_five_backcast_previous_season_anchor_frozen_v7_5
lippi,1961,Italian Grand Prix,Roberto Lippi,De Tomaso-Osca,De Tomaso-Osca,32,6.321566140402586e-05,0.12648106957986013,1961-1965_1.5l,43,0.0,22.94,22.94,0.6679999999999999,monza,0.6599956469462117,open_meteo_era5_air_temperature_track_proxy,7,1961-09-10,jolpica_cross_fitted_xw_xp,0.0,31,Engine,1.0,3.882277629791412,8,prior_same_circuit_grid_movement,mechanical,,False,1500.0,0.0,0.49254544719771504,-0.19196270949865835,-1.481180059822705,-3.704337387837399,-0.08638321927439625,-1.8514750747783812,-0.5556506081756099,0.6619793351467952,0.0018038381098264434,0.21833820517193087,29.921486408638557,0.0,0.0,0.0,-0.08638321927439625,-1.8514750747783812,-0.5556506081756099,-0.0006134600124255603,-0.0058195625942920794,-0.0011676910605147044,-0.0017683881174179877,-0.14028313370933665,-0.037283203120308334,0.27213862265604977,0.007884409043612319,0.0003015495822013646,0.004590171367153643,0.0003957551461395077,-1.7854205821390132e-05,-0.0043064759907736685,-0.0001120597697595332,-1.7854205821390132e-05,cross_fitted,season_grid_average,example_precomputed_capabilities,0.6836467685627192,0.0,0.0,0.0002836953763799745,0.0928038977089868,0.007884409043612319,0.27213862265604977,0.2,0.7,0.0015201427334464689,0.12553430746294408,-0.0018038381098264434,,0.0,0.0,0.0,0.0,1500.0,revised_v3_parallel,prior_similar_races_current_season_only,field_centered_bounded_no_teammate_term,robertolippi,roberto-lippi,de-tomaso,scuderia-settecolli,de-tomaso-f1-002,de-tomaso-f1-002,exact_chassis,de-tomaso-f1-002,Engine,mechanical,32.0,32,True,,3:08.900,True,False,,,,False,0.6385135135135135,,0.0,0.0,0.0,0.0,0.06505492794286155,full_same_season_static_retrospective_baseline_plus_shape_distributions_v9,constructor_lineage_regulation_and_stability_shrunk,0.0,1500.0,1451.8940609235983,-2.92033443743898,1497.079665562561,1497.079665562561,ecc6062fa508ee5e,0.880009090909091,0.0728,0.4235,0.1755,0.4235,0.0,0.0,0.03761348897535668,0.0,0.27367055771725035,0.2305,0.3,0.0,0.2,0.3,0.2,0.367175663661622,0.6292825915713649,0.0,0.0,0.0,0.0,0.06505492794286155,full_same_season_static_retrospective_baseline_plus_shape_distributions_v9,constructor_lineage_regulation_and_stability_shrunk,high,baseline_plus_shape_distributions_v9,0.3219655566577383,0.042519456846704384,full_same_season_static_retrospective,1446.4774028163579,0.0,29,DNF,,7393.0,43.0,,0.0,unavailable,,1.0,scheduled_distance_unavailable_assume_full,1461.8716186998427,0.022278601819481873,0.0,0.0,0.0,0.0,,0.0,,0.0,0.0,0.0,0.0,0.0,0,0.0,0.0,,,all_field_expected_seconds_gap_residual_same_car_crossfit_v7_4,89,8,16.0,2.0,48.0,12.0,56.0,18.0,384.0,96.0,1451.8940609235983,1487.8940609235983,0,1.0,0,-5.416658107240439,0.44710957188053685,0.4476020718564019,,0.0,1446.4774028163579,1446.4774028163579,1451.8940609235983,retrospective_first_five_backcast_previous_season_anchor_frozen_v7_5
ashmore,1961,Italian Grand Prix,Gerry Ashmore,Lotus-Climax,Lotus-Climax,25,9.709133356915163e-05,0.17576404348181873,1961-1965_1.5l,43,0.0,22.94,22.94,0.6679999999999999,monza,0.6599956469462117,open_meteo_era5_air_temperature_track_proxy,7,1961-09-10,jolpica_cross_fitted_xw_xp,0.0,32,Accident,-7.0,3.882277629791412,8,prior_same_circuit_grid_movement,driver_fault,0.0,True,1502.0845601039457,0.0,0.4945918373340268,-0.14124317445842116,-0.150543350592313,0.3432217164143307,-0.06355942850628953,-0.18817918824039126,0.0514832574621496,3.8097418271676426,0.004742415403030047,0.3780217096191373,24.01319674409192,0.02,0.0,0.05880602015151773,-0.06355942850628953,-0.18817918824039126,0.0514832574621496,-0.0010933770680382358,-0.008904523632130255,-3.803574426171092e-05,-0.003741790601453465,0.012466908592943027,0.006734838958964206,0.3733837225340011,0.01277116455857421,0.0029100674428911744,0.010810414853903707,0.002868946413146555,-0.00017483932874716836,-0.008075186739759701,-0.00013371829900254897,-0.00017483932874716836,cross_fitted,season_grid_average,example_precomputed_capabilities,0.7316040515388227,-1.734723475976807e-18,0.0,0.002735228114144006,0.38884367948445486,0.01277116455857421,0.3733837225340011,0.2,0.7,0.0020071872888860406,-0.010821969865317582,-0.004742415403030047,-0.3780217096191373,-6.918208742817192,-3.156194747039284,-10.074403489856476,0.0,1492.0101566140893,revised_v3_parallel,prior_similar_races_current_season_only,field_centered_bounded_no_teammate_term,gerryashmore,gerry-ashmore,lotus,gerry-ashmore,lotus-18,lotus-18,exact_chassis,lotus-18,Accident,driver_fault,25.0,25,True,,3:03.000,True,False,,,,True,0.6385135135135135,-0.6385135135135135,-0.11284076401850837,0.0,0.0,-0.3956113649860798,0.021008219641589408,full_same_season_static_retrospective_baseline_plus_shape_distributions_v9,constructor_lineage_regulation_and_stability_shrunk,-4.019911823477693,1498.064648280468,1400.3801970835218,-1.217191861662906,1496.847456418805,1486.7730529289486,ecc6062fa508ee5e,0.880009090909091,0.0728,0.4235,0.1755,0.4235,0.0,0.0,0.03761348897535668,0.0,0.27367055771725035,0.2305,0.3,0.0,0.2,0.3,0.2,0.367175663661622,0.6292825915713649,-0.11383341837012406,0.0,0.0,-0.3956113649860798,0.021008219641589408,full_same_season_static_retrospective_baseline_plus_shape_distributions_v9,constructor_lineage_regulation_and_stability_shrunk,high,baseline_plus_shape_distributions_v9,-0.40372678719458227,0.005347103875244648,full_same_season_static_retrospective,1429.9086548577545,0.0,32,DNF,,7393.0,43.0,,0.0,unavailable,,1.0,scheduled_distance_unavailable_assume_full,1421.577548239896,0.01908016786720106,0.0,0.0,0.0,0.0,,0.0,,0.0,0.0,0.0,-0.023683829805734417,3.874585433491709,5,0.023683829805734417,0.0,0.0,0.0,all_field_expected_seconds_gap_residual_same_car_crossfit_v7_4,89,8,16.0,2.0,48.0,12.0,56.0,18.0,384.0,96.0,1432.0291062824083,1487.8940609235983,0,1.0,1,-2.12045142465383,0.4312172835112168,0.40195836778773625,-0.40195836778773625,-22.503727181765786,1407.4049276759888,1407.4049276759888,1441.3420549919074,retrospective_first_five_backcast_previous_season_anchor_frozen_v7_5
natili,1961,Italian Grand Prix,Massimo Natili,Cooper-Maserati,Cooper-Maserati,20,0.0005179713208267316,0.4462702784289793,1961-1965_1.5l,43,0.0,22.94,22.94,0.6679999999999999,monza,0.6599956469462117,open_meteo_era5_air_temperature_track_proxy,7,1961-09-10,jolpica_cross_fitted_xw_xp,0.0,35,Withdrew,,3.882277629791412,8,prior_same_circuit_grid_movement,dns,,False,1500.0,0.0,0.49254544719771504,-0.19196270949865835,-0.6980388466773657,-1.5332020712699557,-0.08638321927439625,-0.8725485583467072,-0.22998031069049335,3.242697868241887,0.005024308000635856,0.4118600246635141,22.761179087449978,0.0,0.0,0.0,-0.08638321927439625,-0.8725485583467072,-0.22998031069049335,-0.00152910971947049,-0.01325026577460285,-0.0014699580549420049,-0.0064196961516387865,-0.10509507518945851,-0.024739268411859333,0.45273623658940115,0.01802377483984813,0.0019048093460502394,0.012713277461915624,0.002165004512432339,-0.00013036805521745307,-0.010938836171082838,-0.00039056322159955275,-0.00013036805521745307,cross_fitted,season_grid_average,example_precomputed_capabilities,0.7271767249880976,0.0,0.0,0.0017744412908327863,0.3164821968364445,0.01802377483984813,0.45273623658940115,0.2,0.7,0.0032498667098030693,0.0953778278270696,-0.005024308000635856,,0.0,0.0,0.0,0.0,1500.0,revised_v3_parallel,prior_similar_races_current_season_only,field_centered_bounded_no_teammate_term,massimonatili,massimo-natili,cooper,scuderia-centro-sud,,cooper-t51|cooper-t53,ambiguous_chassis_constructor_fallback,constructor:cooper,Car raced by Pirocchi,dns,,,,,,True,False,,,,False,0.6385135135135135,,0.03379985153732694,0.0,0.0,0.13066856917629116,0.09449724941871375,full_same_season_static_retrospective_baseline_plus_shape_distributions_v9,constructor_lineage_regulation_and_stability_shrunk,-2.6944296877576974,1497.3055703122423,1457.6287777667428,0.0,1497.3055703122423,1497.3055703122423,ecc6062fa508ee5e,0.880009090909091,0.0728,0.4235,0.1755,0.4235,0.0,0.0,0.03761348897535668,0.0,0.27367055771725035,0.2305,0.3,0.0,0.2,0.3,0.2,0.367175663661622,0.6292825915713649,0.037598641544065926,0.0,0.0,0.13066856917629116,0.09449724941871375,full_same_season_static_retrospective_baseline_plus_shape_distributions_v9,constructor_lineage_regulation_and_stability_shrunk,high,baseline_plus_shape_distributions_v9,0.5393364128135869,0.07912440560560383,full_same_season_static_retrospective,1447.1752922326395,0.0,33,DNS,,7393.0,43.0,,0.0,unavailable,,1.0,scheduled_distance_unavailable_assume_full,1473.0242569777197,0.02325502925621879,0.0,0.0,0.0,0.0,,0.0,,0.0,0.0,0.0,-0.009317890661552733,11.955015703858441,7,0.009317890661552733,0.0,,,all_field_expected_seconds_gap_residual_same_car_crossfit_v7_4,89,8,16.0,2.0,48.0,12.0,56.0,18.0,384.0,96.0,1447.1752922326395,1487.8940609235983,0,1.0,0,0.0,0.4477813285870098,0.4582991468937382,,0.0,1447.1752922326395,1447.1752922326395,1451.8940609235983,retrospective_first_five_backcast_previous_season_anchor_frozen_v7_5
