driver_id,season,event,driver,constructor,team,grid,v02_XW,v02_XP,regulation_era,race_distance_laps,wet_fraction,track_temperature,air_temperature,wind_speed,circuit_id,overtake_index,weather_source,round,date,source,observed_winner,position,status,positions_gained,overtake_proxy_raw,circuit_history_races,overtake_source,status_class,observed_performance,rating_eligible,pre_rating,season_reversion_delta,driver_expected_from_rating,driver_score_raw_revised,car_score_raw_revised,team_score_raw_revised,XdW_score_revised,XcW_score_revised,XtW_score_revised,car_effective_prior_races,XW,XP,expected_position,XW_simulated,XW_lower_95,XW_upper_95,XdW_score,XcW_score,XtW_score,XdW_probability_contribution,XcW_probability_contribution,XtW_probability_contribution,XdP_performance_contribution,XcP_performance_contribution,XtP_performance_contribution,XP_neutral_baseline,XW_neutral_baseline,XW_with_neutral_driver,XW_with_neutral_car,XW_with_neutral_team,driver_direct_uplift,car_direct_uplift,team_direct_uplift,driver_above_car_expectation,analysis_mode,neutral_reference,data_quality,model_confidence,decomposition_error,xp_decomposition_error,XW_raw_revised,XP_raw_revised,XW_neutral_revised,XP_neutral_revised,xw_calibration_shrinkage,xp_calibration_shrinkage,xw_calibration_adjustment,xp_calibration_adjustment,win_surprise,performance_surprise,raw_rating_delta,field_centering_adjustment,rating_delta,teammate_rating_delta,post_rating,model_version,car_prior_scope,rating_update_method,driver_name_key,driver_id_f1db,constructor_id_f1db,entrant_id,car_model_id,car_model_candidates,car_identity_resolution,model_entity_id,reason_retired_f1db,status_class_f1db,qualifying_position,qualifying_position_text,qualifying_eligible,qualifying_laps,qualifying_time,f1db_joined,clean_pass_proxy_eligible,clean_grid_rank,clean_finish_rank,clean_positions_gained,car_fit_eligible,field_performance,relative_performance,current_car_score_raw,constructor_prior_z_x,prior_weight_total_x,car_suitability_score_v6,expected_car_win_v6,car_model_scope_v6,car_prior_scope_v6,qualifying_rating_carried_v6,pre_qualifying_rating_v6,pre_session_strength,qualifying_delta_v6,pre_race_rating_v6,post_event_rating_v6,layout_key,straight_demand,altitude_demand,top_three_straight_share,straight_600_1000_track_share,straight_over_1000_track_share,radius_under_50_distance_share,radius_50_90_distance_share,radius_90_150_distance_share,radius_150_250_distance_share,radius_250_450_distance_share,steady_long_turn_distance_share,opposite_direction_links_per_km,same_direction_links_per_km,multi_turn_complexes_per_km,multi_apex_turns_per_km,tightening_turns_per_km,approach_severity_per_km,top_three_turning_share,current_car_score_raw_v7_6,constructor_prior_z_y,prior_weight_total_y,car_suitability_score_v7_6,expected_car_win_v7_6,car_model_scope_v7_6,car_prior_scope_v7_6,shape_topology_quality,car_suitability_model_branch_v7_6,car_suitability_score_v6_baseline,expected_car_win_v6_baseline,car_model_scope_v6_baseline,retrospective_pre_race_rating,driver_context_adjustment,result_order,finish_position_text,gap_laps,winner_race_time_seconds,winner_race_laps,cumulative_gap_share,cumulative_gap_reliability,cumulative_gap_quality,race_completion_fraction_v7_4,race_completion_reliability_v7_4,race_completion_quality_v7_4,pairwise_pre_race_strength_v7_4,field_xw_v7_4,margin_comparison_count,margin_comparison_weight,weighted_pair_gap_residual,same_car_margin_comparisons,eligible_timed_field_size,margin_race_completion_reliability,mean_pair_gap_residual_score,margin_pair_coverage,margin_field_depth_factor,raw_pairwise_margin_performance_adjustment,crossfit_car_margin_component,crossfit_car_margin_effective_rows,crossfit_car_margin_other_drivers,driver_margin_adjustment_before_centering,pairwise_margin_performance_adjustment,observed_performance_position_only,gap_adjusted_observed_performance,pairwise_margin_model,event_index,season_rounds,calendar_reference_rounds,calendar_k_multiplier,effective_race_k,effective_qualifying_k,effective_max_race_delta,effective_max_qualifying_delta,scheduled_race_k_budget,scheduled_qualifying_k_budget,retrospective_pre_qualifying_rating,retrospective_debut_anchor,inactivity_seasons,return_uncertainty_multiplier,driver_context_prior_samples,retrospective_qualifying_delta,retrospective_driver_expected_from_rating,retrospective_expected_performance,retrospective_performance_residual,retrospective_race_delta,retrospective_post_rating,retrospective_rating,debut_rating_frozen,rating_history_scope
trips,1961,British Grand Prix,Wolfgang von Trips,Ferrari,Ferrari,4,0.011381194322775368,0.8048112477576832,1961-1965_1.5l,75,0.8,14.6,14.6,8.696000000000002,aintree,0.6921089060823991,open_meteo_era5_air_temperature_track_proxy,5,1961-07-15,jolpica_cross_fitted_xw_xp,1.0,1,Finished,3.0,4.495803352256911,3,prior_same_circuit_grid_movement,finished,1.054080723754655,True,1494.1686890013068,0.0,0.48519248623621114,-0.354265190059939,2.3199301618327035,0.7895454282202798,-0.15941933552697254,2.8999127022908793,0.11843181423304197,2.063805104399994,0.16633417465123096,0.7574687629486097,8.27593711154171,0.28,0.15554385832752168,0.40445614167247834,-0.15941933552697254,2.8999127022908793,0.11843181423304197,-0.02364393465240661,0.15111925081372984,0.0029835805025390074,-0.021002684666144467,0.2504332907474239,0.007876859624945996,0.6862765232367419,0.0619670573201411,0.22711272249913392,0.05297028358779176,0.1900344337578179,-0.034686768515130556,0.1394556703962116,0.0023915202261854673,-0.034686768515130556,cross_fitted,season_grid_average,example_precomputed_capabilities,0.7143039723020035,2.7755575615628914e-17,0.0,0.19242595398400336,0.9235839889429673,0.0619670573201411,0.6862765232367419,0.2,0.7,-0.026091779332772402,-0.16611522599435768,0.833665825348769,0.24253123705139035,24.373542075295482,-1.1034545518738206,23.27008752342166,0.0,1517.4387765247284,revised_v3_parallel,prior_similar_races_current_season_only,field_centered_bounded_no_teammate_term,wolfgangvontrips,wolfgang-von-trips,ferrari,scuderia-ferrari-spa-sefac,ferrari-156,ferrari-156,exact_chassis,ferrari-156,,finished,4.0,4,True,,1:58.800,True,True,4.0,1.0,3.0,True,0.5936507936507937,0.40634920634920635,0.10786577455702162,0.0,0.0,0.35328673868394816,0.2769830120639892,full_same_season_static_retrospective_baseline_plus_shape_distributions_v9,constructor_lineage_regulation_and_stability_shrunk,11.584848735780486,1505.7535377370873,1614.8947670793498,2.0148533339195973,1507.7683910710068,1531.0384785944284,4b3c2835e1f5a98c,0.44687747035573117,0.0076,0.2712215320910973,0.14803312629399587,0.0,0.049910873440285206,0.11942959001782531,0.22459893048128343,0.5811051693404634,0.0,0.16666666666666666,0.6211180124223602,0.0,0.41407867494824013,0.20703933747412007,0.6211180124223602,1.6231211827379661,0.40254540705509656,0.10165490855057115,0.0,0.0,0.35328673868394816,0.2769830120639892,full_same_season_static_retrospective_baseline_plus_shape_distributions_v9,constructor_lineage_regulation_and_stability_shrunk,high,baseline_plus_shape_distributions_v9,1.0187332589240572,0.45335100109948623,full_same_season_static_retrospective,1590.07454468094,0.07035008172744692,1,1,,9653.6,75.0,0.0,1.0,winner_origin,,1.0,scheduled_distance_unavailable_assume_full,1631.0236509173442,0.046750309462743535,16.0,16.7,3.0056839869895047,2.0,17.0,1.0,0.1799810770652398,1.0,0.9176629354822471,0.0660647854043778,0.01701821043427394,10.322899616082145,4,0.049046574970103854,0.05408072375465508,1.0,1.054080723754655,all_field_expected_seconds_gap_residual_same_car_crossfit_v7_4,87,8,16.0,2.0,48.0,12.0,56.0,18.0,384.0,96.0,1586.631827984634,1497.2335534233293,0,1.0,16,3.4427166963062428,0.5787036338741496,0.6831065878913222,0.37097413586333283,17.67174836334592,1607.746293044286,1607.746293044286,1563.8587562907119,retrospective_first_five_backcast_previous_season_anchor_frozen_v7_5
phil_hill,1961,British Grand Prix,Phil Hill,Ferrari,Ferrari,1,0.5323234712499577,0.978586762505121,1961-1965_1.5l,75,0.8,14.6,14.6,8.696000000000002,aintree,0.6921089060823991,open_meteo_era5_air_temperature_track_proxy,5,1961-07-15,jolpica_cross_fitted_xw_xp,0.0,2,Finished,-1.0,4.495803352256911,3,prior_same_circuit_grid_movement,finished,0.983409265867067,True,1521.3466262033317,0.0,0.5120147968424384,0.27542679255923047,2.3199301618327035,0.7895454282202798,0.12394205665165371,2.8999127022908793,0.11843181423304197,2.063805104399994,0.2747353153123165,0.7937445634760215,7.187663095719355,0.34,0.2086946276803573,0.47130537231964276,0.12394205665165371,2.8999127022908793,0.11843181423304197,0.024183764599830102,0.22034258363723333,0.004425028507862788,0.010642433214284725,0.20609742301293643,0.006905354348857603,0.7266510003031978,0.07557421391637546,0.27698371062879584,0.08228688253304595,0.3199549823089331,0.04754188003250587,0.24223870812825576,0.00457060835236861,0.04754188003250587,cross_fitted,season_grid_average,example_precomputed_capabilities,0.7143039723020035,0.0,2.7755575615628914e-17,0.3245255906613017,0.9502962108792766,0.07557421391637546,0.7266510003031978,0.2,0.7,-0.049790275348985225,-0.1565516474032551,-0.2747353153123165,0.17292210319064516,-3.4810497100639832,-1.1034545518738224,-4.584504261937806,0.0,1516.7621219413938,revised_v3_parallel,prior_similar_races_current_season_only,field_centered_bounded_no_teammate_term,philhill,phil-hill,ferrari,scuderia-ferrari-spa-sefac,ferrari-156,ferrari-156,exact_chassis,ferrari-156,,finished,1.0,1,True,,1:58.800,True,True,1.0,2.0,-1.0,True,0.5936507936507937,0.373015873015873,0.10786577455702162,0.0,0.0,0.35328673868394816,0.2769830120639892,full_same_season_static_retrospective_baseline_plus_shape_distributions_v9,constructor_lineage_regulation_and_stability_shrunk,21.753470697217413,1543.100096900549,1671.1227976549092,2.423894766051311,1545.5239916666003,1540.9394874046625,4b3c2835e1f5a98c,0.44687747035573117,0.0076,0.2712215320910973,0.14803312629399587,0.0,0.049910873440285206,0.11942959001782531,0.22459893048128343,0.5811051693404634,0.0,0.16666666666666666,0.6211180124223602,0.0,0.41407867494824013,0.20703933747412007,0.6211180124223602,1.6231211827379661,0.40254540705509656,0.10165490855057115,0.0,0.0,0.35328673868394816,0.2769830120639892,full_same_season_static_retrospective_baseline_plus_shape_distributions_v9,constructor_lineage_regulation_and_stability_shrunk,high,baseline_plus_shape_distributions_v9,1.0187332589240572,0.45335100109948623,full_same_season_static_retrospective,1646.936472151359,0.0825232299439266,2,2,,9653.6,75.0,0.004765061738626004,1.0,exact_seconds,,1.0,scheduled_distance_unavailable_assume_full,1702.1783485083595,0.06146652938679331,16.0,16.7,1.5246438437637762,2.0,17.0,1.0,0.09129603854872911,1.0,0.9176629354822471,0.03351159629301086,0.021803145877161787,8.893214654071189,4,0.011708450415849076,0.0167425992004003,0.9666666666666667,0.983409265867067,all_field_expected_seconds_gap_residual_same_car_crossfit_v7_4,87,8,16.0,2.0,48.0,12.0,56.0,18.0,384.0,96.0,1642.8598585601933,1494.4707977241642,0,1.0,21,4.076613591165863,0.6318212227345438,0.7462465579101818,0.2371627079568852,11.248799823836434,1658.1852719751955,1658.1852719751955,1589.1432704165784,retrospective_first_five_backcast_previous_season_anchor_frozen_v7_5
ginther,1961,British Grand Prix,Richie Ginther,Ferrari,Ferrari,2,0.2951797575155009,0.9627419214506687,1961-1965_1.5l,75,0.8,14.6,14.6,8.696000000000002,aintree,0.6921089060823991,open_meteo_era5_air_temperature_track_proxy,5,1961-07-15,jolpica_cross_fitted_xw_xp,0.0,3,Finished,-1.0,4.495803352256911,3,prior_same_circuit_grid_movement,finished,0.9614317939264466,True,1495.6626939672362,0.0,0.48666630533454863,-0.31965023962989314,2.3199301618327035,0.7895454282202798,-0.14384260783345193,2.8999127022908793,0.11843181423304197,2.063805104399994,0.19302930704293333,0.779015597312938,7.62953208061186,0.22,0.10517678283552581,0.33482321716447416,-0.14384260783345193,2.8999127022908793,0.11843181423304197,-0.024643087574485318,0.17407107177128817,0.003439555096115634,-0.018709568641273856,0.22967280335385376,0.007389373260520711,0.7135098149210077,0.07073527560859848,0.25924873174466245,0.06127511825642328,0.22080345284033748,-0.03564591684314547,0.1623276966450937,0.0027993620611795056,-0.03564591684314547,cross_fitted,season_grid_average,example_precomputed_capabilities,0.7143039723020035,2.7755575615628914e-17,2.7755575615628914e-17,0.22360281490151698,0.9318624228941084,0.07073527560859848,0.7135098149210077,0.2,0.7,-0.03057350785858365,-0.15284682558117035,-0.19302930704293333,0.15431773602039534,-1.8549841206632842,-1.103454551873822,-2.958438672537106,0.0,1492.7042552946991,revised_v3_parallel,prior_similar_races_current_season_only,field_centered_bounded_no_teammate_term,richieginther,richie-ginther,ferrari,scuderia-ferrari-spa-sefac,ferrari-156,ferrari-156,exact_chassis,ferrari-156,,finished,2.0,2,True,,1:58.800,True,True,2.0,3.0,-1.0,True,0.5936507936507937,0.3396825396825397,0.10786577455702162,0.0,0.0,0.35328673868394816,0.2769830120639892,full_same_season_static_retrospective_baseline_plus_shape_distributions_v9,constructor_lineage_regulation_and_stability_shrunk,7.693612615451599,1503.356306582688,1603.017360447862,2.4423684122300022,1505.798674994918,1502.8402363223809,4b3c2835e1f5a98c,0.44687747035573117,0.0076,0.2712215320910973,0.14803312629399587,0.0,0.049910873440285206,0.11942959001782531,0.22459893048128343,0.5811051693404634,0.0,0.16666666666666666,0.6211180124223602,0.0,0.41407867494824013,0.20703933747412007,0.6211180124223602,1.6231211827379661,0.40254540705509656,0.10165490855057115,0.0,0.0,0.35328673868394816,0.2769830120639892,full_same_season_static_retrospective_baseline_plus_shape_distributions_v9,constructor_lineage_regulation_and_stability_shrunk,high,baseline_plus_shape_distributions_v9,1.0187332589240572,0.45335100109948623,full_same_season_static_retrospective,1579.156879066169,0.13969526586576525,3,3,,9653.6,75.0,0.00484793237755863,1.0,exact_seconds,,1.0,scheduled_distance_unavailable_assume_full,1658.8628093874772,0.05203385485600575,16.0,16.7,2.082419557635479,2.0,17.0,1.0,0.12469578189434007,1.0,0.9176629354822471,0.04577147890216566,0.02270716709360357,9.640020217228901,4,0.02306431180856209,0.028098460593113314,0.9333333333333333,0.9614317939264466,all_field_expected_seconds_gap_residual_same_car_crossfit_v7_4,87,8,16.0,2.0,48.0,12.0,56.0,18.0,384.0,96.0,1574.7544213531462,1490.5022427856638,0,1.0,6,4.402457713022748,0.5682704189168425,0.7423671144631112,0.2190646794633354,10.380094456146043,1589.536973522315,1589.536973522315,1516.8767449082495,retrospective_first_five_backcast_previous_season_anchor_frozen_v7_5
jack_brabham,1961,British Grand Prix,Jack Brabham,Cooper-Climax,Cooper-Climax,9,0.00028482708708940223,0.22531179945712862,1961-1965_1.5l,75,0.8,14.6,14.6,8.696000000000002,aintree,0.6921089060823991,open_meteo_era5_air_temperature_track_proxy,5,1961-07-15,jolpica_cross_fitted_xw_xp,0.0,4,Finished,5.0,4.495803352256911,3,prior_same_circuit_grid_movement,finished,0.9743128925775791,True,1596.403577222018,0.0,0.5853027765495368,2.0144388428477717,-0.1507471423339284,-0.09349213866886712,0.9064974792814973,-0.1884339279174105,-0.014023820800330067,2.063805104399994,0.024633745682990937,0.6426158551422382,11.721524345732854,0.02,0.0,0.05880602015151773,0.9064974792814973,-0.1884339279174105,-0.014023820800330067,0.02688540907949265,-0.05049242525567009,-0.0012402664455655175,0.1390982112589547,-0.03883404041527168,-0.00288751512423759,0.6134028584264045,0.0445115717803853,0.009126522428759557,0.08675109980713999,0.021539442524296043,0.010537766729882783,-0.06708681064849766,-0.0018751533656537027,0.010537766729882783,cross_fitted,season_grid_average,example_precomputed_capabilities,0.7143039723020035,0.0,0.0,0.01966428915864234,0.7107795141458499,0.0445115717803853,0.6134028584264045,0.2,0.7,0.004969456524348596,-0.06816365900361177,-0.024633745682990937,0.25738414485776184,4.041704711047931,-1.103454551873822,2.938250159174109,0.0,1599.341827381192,revised_v3_parallel,prior_similar_races_current_season_only,field_centered_bounded_no_teammate_term,jackbrabham,jack-brabham,cooper,cooper-car-company,,cooper-t55|cooper-t58,ambiguous_chassis_constructor_fallback,constructor:cooper,,finished,9.0,9,True,,1:59.400,True,True,7.0,4.0,3.0,True,0.5936507936507937,0.30634920634920637,0.032653858641496,0.0,0.0,0.10612865332769089,0.13670020151333614,full_same_season_static_retrospective_baseline_plus_shape_distributions_v9,constructor_lineage_regulation_and_stability_shrunk,12.013965108917805,1608.4175423309357,1625.6222934514346,0.6210498382952936,1609.038592169231,1611.976842328405,4b3c2835e1f5a98c,0.44687747035573117,0.0076,0.2712215320910973,0.14803312629399587,0.0,0.049910873440285206,0.11942959001782531,0.22459893048128343,0.5811051693404634,0.0,0.16666666666666666,0.6211180124223602,0.0,0.41407867494824013,0.20703933747412007,0.6211180124223602,1.6231211827379661,0.40254540705509656,0.030537513490629838,0.0,0.0,0.10612865332769089,0.13670020151333614,full_same_season_static_retrospective_baseline_plus_shape_distributions_v9,constructor_lineage_regulation_and_stability_shrunk,high,baseline_plus_shape_distributions_v9,0.5348497900374182,0.11376585872740771,full_same_season_static_retrospective,1618.3874257126802,0.12184658171744778,4,4,,9653.6,75.0,0.007106157288472693,1.0,exact_seconds,,1.0,scheduled_distance_unavailable_assume_full,1659.1902767238573,0.052099432251486104,16.0,16.9,2.715431857529022,3.0,17.0,1.0,0.16067644127390665,1.0,0.9176629354822471,0.05897872590490163,-0.010300017888126227,12.19866957894631,6,0.06927874379302786,0.07431289257757909,0.9,0.9743128925775791,all_field_expected_seconds_gap_residual_same_car_crossfit_v7_4,87,8,16.0,2.0,48.0,12.0,56.0,18.0,384.0,96.0,1617.1320011852195,1490.7844453811138,0,1.0,24,1.2554245274607494,0.605439337089097,0.7424314576561413,0.23188143492143787,10.995298718134961,1629.3827244308152,1629.3827244308152,1517.2201176849997,retrospective_first_five_backcast_previous_season_anchor_frozen_v7_5
bonnier,1961,British Grand Prix,Jo Bonnier,Porsche,Porsche,3,0.0027249192303418174,0.6319436549519549,1961-1965_1.5l,75,0.8,14.6,14.6,8.696000000000002,aintree,0.6921089060823991,open_meteo_era5_air_temperature_track_proxy,5,1961-07-15,jolpica_cross_fitted_xw_xp,0.0,5,Finished,-2.0,4.495803352256911,3,prior_same_circuit_grid_movement,finished,0.9299973494084484,True,1510.742518414525,0.0,0.5015496950991544,0.029737739420069638,0.03394391998277092,1.2084493122753375,0.013381982739031337,0.04242989997846365,0.1812673968413006,2.063805104399994,0.028718303586286794,0.7025553973728444,9.923338078814666,0.0,0.0,0.0,0.013381982739031337,0.04242989997846365,0.1812673968413006,-0.0022740073070278842,-0.04816058052709411,0.0035747554577336338,-6.317348482813177e-06,-0.009213904359283636,0.017581424010838582,0.7000470366819228,0.06620616948739748,0.01880927941468877,0.06813375984188534,0.018811417890113712,0.0005370576963203456,-0.048787422730876225,0.0005349192208954044,0.0005370576963203456,cross_fitted,season_grid_average,example_precomputed_capabilities,0.7143039723020035,0.0,1.734723475976807e-18,0.019346337111009117,0.7084082389849949,0.06620616948739748,0.7000470366819228,0.2,0.7,0.009371966475277677,-0.0058528416121504945,-0.028718303586286794,0.16411126929382225,2.2647635612179173,-1.103454551873822,1.1613090093440954,0.0,1511.903827423869,revised_v3_parallel,prior_similar_races_current_season_only,field_centered_bounded_no_teammate_term,jobonnier,jo-bonnier,porsche,porsche-system-engineering,,porsche-718|porsche-787,ambiguous_chassis_constructor_fallback,constructor:porsche,,finished,3.0,3,True,,1:58.800,True,True,3.0,5.0,-2.0,True,0.5936507936507937,0.27301587301587305,0.08296507516300322,0.0,0.0,0.32084544684827315,0.2524635219547526,full_same_season_static_retrospective_baseline_plus_shape_distributions_v9,constructor_lineage_regulation_and_stability_shrunk,11.248857409172047,1521.9913758236971,1528.3308003619918,2.202187863256113,1524.1935636869532,1525.354872696297,4b3c2835e1f5a98c,0.44687747035573117,0.0076,0.2712215320910973,0.14803312629399587,0.0,0.049910873440285206,0.11942959001782531,0.22459893048128343,0.5811051693404634,0.0,0.16666666666666666,0.6211180124223602,0.0,0.41407867494824013,0.20703933747412007,0.6211180124223602,1.6231211827379661,0.40254540705509656,0.09232023449203487,0.0,0.0,0.32084544684827315,0.2524635219547526,full_same_season_static_retrospective_baseline_plus_shape_distributions_v9,constructor_lineage_regulation_and_stability_shrunk,high,baseline_plus_shape_distributions_v9,0.8585320906143182,0.2868470189343638,full_same_season_static_retrospective,1507.5031027891312,0.09214129899189243,5,5,,9653.6,75.0,0.007893428358332642,1.0,exact_seconds,,1.0,scheduled_distance_unavailable_assume_full,1565.8033970794838,0.03637834736693893,16.0,14.1,2.629457351978962,1.0,17.0,1.0,0.18648633701978454,1.0,0.9176629354822471,0.06845263978276286,0.01015610582553245,7.022543810256591,2,0.05829653395723042,0.06333068274178164,0.8666666666666667,0.9299973494084484,all_field_expected_seconds_gap_residual_same_car_crossfit_v7_4,87,8,16.0,2.0,48.0,12.0,56.0,18.0,384.0,96.0,1502.66316461413,1497.2335534233293,0,1.0,16,4.839938175001107,0.49878405067034753,0.6245021434361004,0.3054952059723479,14.528759728578644,1522.03186251771,1522.03186251771,1441.3028560464318,retrospective_first_five_backcast_previous_season_anchor_frozen_v7_5
salvadori,1961,British Grand Prix,Roy Salvadori,Cooper-Climax,Cooper-Climax,13,0.001603794376592461,0.5431271862909993,1961-1965_1.5l,75,0.8,14.6,14.6,8.696000000000002,aintree,0.6921089060823991,open_meteo_era5_air_temperature_track_proxy,5,1961-07-15,jolpica_cross_fitted_xw_xp,0.0,6,Finished,7.0,4.495803352256911,3,prior_same_circuit_grid_movement,finished,0.9040097722690976,True,1484.5610904269117,0.0,0.4757211494959083,-0.5768658881758065,-0.1507471423339284,-0.09349213866886712,-0.25958964967911297,-0.1884339279174105,-0.014023820800330067,2.063805104399994,0.011426880165959939,0.5349042931320822,14.952871206037534,0.0,0.0,0.0,-0.25958964967911297,-0.1884339279174105,-0.014023820800330067,-0.005154371056424506,-0.022644191086040443,-0.0006183011407735661,-0.044362545932196004,-0.008892032586713441,-0.002167695878026861,0.5515309754511631,0.03416037079255075,0.007004142467742319,0.02478741064987235,0.006286056779028313,-0.0012606349584300854,-0.019043903140560117,-0.0005425492697160791,-0.0012606349584300854,cross_fitted,season_grid_average,example_precomputed_capabilities,0.7143039723020035,0.0,-6.938893903907228e-18,0.005743507509312234,0.49610870105422683,0.03416037079255075,0.5515309754511631,0.2,0.7,0.005683372656647705,0.03879559207785538,-0.011426880165959939,0.29842904020125116,5.0974775996394825,-1.103454551873822,3.9940230477656606,0.0,1488.5551134746775,revised_v3_parallel,prior_similar_races_current_season_only,field_centered_bounded_no_teammate_term,roysalvadori,roy-salvadori,cooper,yeoman-credit-racing-team,cooper-t53,cooper-t53,exact_chassis,cooper-t53,,finished,13.0,13,True,,2:00.800,True,True,9.0,6.0,3.0,True,0.5936507936507937,0.23968253968253972,-0.05169494879105847,0.0,0.0,-0.1895010470287146,0.05874076393946384,full_same_season_static_retrospective_baseline_plus_shape_distributions_v9,constructor_lineage_regulation_and_stability_shrunk,-5.418422118401533,1479.14266830851,1481.8298468016408,0.7809478961811505,1479.9236162046914,1483.917639252457,4b3c2835e1f5a98c,0.44687747035573117,0.0076,0.2712215320910973,0.14803312629399587,0.0,0.049910873440285206,0.11942959001782531,0.22459893048128343,0.5811051693404634,0.0,0.16666666666666666,0.6211180124223602,0.0,0.41407867494824013,0.20703933747412007,0.6211180124223602,1.6231211827379661,0.40254540705509656,-0.054527129089820894,0.0,0.0,-0.1895010470287146,0.05874076393946384,full_same_season_static_retrospective_baseline_plus_shape_distributions_v9,constructor_lineage_regulation_and_stability_shrunk,high,baseline_plus_shape_distributions_v9,-0.007816794639895765,0.024135083028496377,full_same_season_static_retrospective,1498.2303007758358,0.13687987323264408,6,6,,9653.6,75.0,0.008929311344990469,1.0,exact_seconds,,1.0,scheduled_distance_unavailable_assume_full,1521.7287676923663,0.0307059344280003,16.0,12.7,2.6759390841448822,0.0,17.0,1.0,0.21070386489329782,1.0,0.9176629354822471,0.07734205087017539,0.011699760718962305,4.487882724037391,3,0.06564229015121308,0.07067643893576431,0.8333333333333334,0.9040097722690976,all_field_expected_seconds_gap_residual_same_car_crossfit_v7_4,87,8,16.0,2.0,48.0,12.0,56.0,18.0,384.0,96.0,1496.9899305639378,1493.1101281223268,0,1.0,17,1.2403702118979596,0.4897398019008145,0.6209604686473097,0.28304930362178793,13.451356415751764,1511.6816571915874,1511.6816571915874,1470.5032006392678,retrospective_first_five_backcast_previous_season_anchor_frozen_v7_5
gurney,1961,British Grand Prix,Dan Gurney,Porsche,Porsche,12,0.013066288763354772,0.816640461430133,1961-1965_1.5l,75,0.8,14.6,14.6,8.696000000000002,aintree,0.6921089060823991,open_meteo_era5_air_temperature_track_proxy,5,1961-07-15,jolpica_cross_fitted_xw_xp,0.0,7,+1 Lap,5.0,4.495803352256911,3,prior_same_circuit_grid_movement,finished,0.8606443725739343,True,1487.4704228693809,0.0,0.47858785102417584,-0.5094588844661886,0.03394391998277092,1.2084493122753375,-0.22925649800978487,0.04242989997846365,0.1812673968413006,2.063805104399994,0.014222364518266131,0.5693214754427476,13.920355736717573,0.0,0.0,0.0,-0.22925649800978487,0.04242989997846365,0.1812673968413006,-0.00549914394542819,-0.024153478806004665,0.0018090135660411737,-0.039304515959419785,0.024415174744482755,0.02195361150929522,0.5672021943544402,0.036497251866579476,0.0103689280552236,0.030507714581886388,0.008432897188037813,-0.0017152853740358062,-0.021854071900698595,0.00022074549314998054,-0.0017152853740358062,cross_fitted,season_grid_average,example_precomputed_capabilities,0.7143039723020035,0.0,0.0,0.008653642681187793,0.5742664646487984,0.036497251866579476,0.5672021943544402,0.2,0.7,0.005568721837078338,-0.004944989206050798,-0.014222364518266131,0.23067852455725246,3.8108766935921574,-1.103454551873822,2.7074221417183355,0.0,1490.1778450110992,revised_v3_parallel,prior_similar_races_current_season_only,field_centered_bounded_no_teammate_term,dangurney,dan-gurney,porsche,porsche-system-engineering,,porsche-718|porsche-787,ambiguous_chassis_constructor_fallback,constructor:porsche,,finished,12.0,12,True,,2:00.200,True,True,8.0,7.0,1.0,True,0.5936507936507937,0.2063492063492064,0.08296507516300322,0.0,0.0,0.32084544684827315,0.2524635219547526,full_same_season_static_retrospective_baseline_plus_shape_distributions_v9,constructor_lineage_regulation_and_stability_shrunk,18.22632257414804,1505.696745443529,1568.0650470141882,0.4335176484948098,1506.1302630920238,1508.8376852337421,4b3c2835e1f5a98c,0.44687747035573117,0.0076,0.2712215320910973,0.14803312629399587,0.0,0.049910873440285206,0.11942959001782531,0.22459893048128343,0.5811051693404634,0.0,0.16666666666666666,0.6211180124223602,0.0,0.41407867494824013,0.20703933747412007,0.6211180124223602,1.6231211827379661,0.40254540705509656,0.09232023449203487,0.0,0.0,0.32084544684827315,0.2524635219547526,full_same_season_static_retrospective_baseline_plus_shape_distributions_v9,constructor_lineage_regulation_and_stability_shrunk,high,baseline_plus_shape_distributions_v9,0.8585320906143182,0.2868470189343638,full_same_season_static_retrospective,1543.0567494966626,0.08795847231311968,7,7,1.0,9653.6,75.0,0.013333333333333334,0.7,lap_equivalent,,1.0,scheduled_distance_unavailable_assume_full,1585.239914855595,0.039202071221805156,15.0,11.899999999999999,1.8141243225510353,1.0,17.0,1.0,0.15244742206311224,0.9375,0.9176629354822471,0.05418123562581074,-0.0014289881635723074,5.305012813092866,2,0.055610223789383045,0.06064437257393427,0.8,0.8606443725739343,all_field_expected_seconds_gap_residual_same_car_crossfit_v7_4,87,8,16.0,2.0,48.0,12.0,56.0,18.0,384.0,96.0,1542.3974112663263,1492.4431172668544,0,1.0,9,0.6593382303362754,0.5334156494042428,0.6542954493780413,0.20634892319589304,9.76973815530881,1552.8264876519715,1552.8264876519715,1484.9906463612188,retrospective_first_five_backcast_previous_season_anchor_frozen_v7_5
mclaren,1961,British Grand Prix,Bruce McLaren,Cooper-Climax,Cooper-Climax,14,0.0005010644422256816,0.3236180887037518,1961-1965_1.5l,75,0.8,14.6,14.6,8.696000000000002,aintree,0.6921089060823991,open_meteo_era5_air_temperature_track_proxy,5,1961-07-15,jolpica_cross_fitted_xw_xp,0.0,8,+1 Lap,6.0,4.495803352256911,3,prior_same_circuit_grid_movement,finished,0.8486752999508733,True,1547.8558984100375,0.0,0.5381122306314731,0.8896263195339343,-0.1507471423339284,-0.09349213866886712,0.4003318437902705,-0.1884339279174105,-0.014023820800330067,2.063805104399994,0.013824218413687292,0.5512067827956484,14.463796516130548,0.0,0.0,0.0,0.4003318437902705,-0.1884339279174105,-0.014023820800330067,0.005911878024165646,-0.02788078283305113,-0.000717219402707178,0.07177074075888171,-0.017871314143221812,-0.0024356144009914553,0.5357676391312479,0.03197311778296142,0.006555674510962923,0.040581643817005776,0.010168975774502776,0.0027313190604058334,-0.03129465024563702,-0.0008819822031340199,0.0027313190604058334,cross_fitted,season_grid_average,example_precomputed_capabilities,0.7143039723020035,0.0,6.938893903907228e-18,0.009286993571368756,0.5872314513459164,0.03197311778296142,0.5357676391312479,0.2,0.7,0.0045372248423185355,-0.03602466855026798,-0.013824218413687292,0.21545988387101822,3.546496667749833,-1.103454551873822,2.443042115876011,0.0,1550.2989405259136,revised_v3_parallel,prior_similar_races_current_season_only,field_centered_bounded_no_teammate_term,brucemclaren,bruce-mclaren,cooper,cooper-car-company,,cooper-t55|cooper-t58,ambiguous_chassis_constructor_fallback,constructor:cooper,,finished,14.0,14,True,,2:01.000,True,True,10.0,8.0,2.0,True,0.5936507936507937,0.17301587301587296,0.032653858641496,0.0,0.0,0.10612865332769089,0.13670020151333614,full_same_season_static_retrospective_baseline_plus_shape_distributions_v9,constructor_lineage_regulation_and_stability_shrunk,-11.6418078105715,1536.214090599466,1562.8543034508848,-0.006832168289316846,1536.2072584311768,1538.650300547053,4b3c2835e1f5a98c,0.44687747035573117,0.0076,0.2712215320910973,0.14803312629399587,0.0,0.049910873440285206,0.11942959001782531,0.22459893048128343,0.5811051693404634,0.0,0.16666666666666666,0.6211180124223602,0.0,0.41407867494824013,0.20703933747412007,0.6211180124223602,1.6231211827379661,0.40254540705509656,0.030537513490629838,0.0,0.0,0.10612865332769089,0.13670020151333614,full_same_season_static_retrospective_baseline_plus_shape_distributions_v9,constructor_lineage_regulation_and_stability_shrunk,high,baseline_plus_shape_distributions_v9,0.5348497900374182,0.11376585872740771,full_same_season_static_retrospective,1554.2552497884226,0.13353673444732375,8,8,1.0,9653.6,75.0,0.013333333333333334,0.7,lap_equivalent,,1.0,scheduled_distance_unavailable_assume_full,1599.8051250338222,0.0414608505536143,15.0,14.699999999999998,2.566088794050608,3.0,17.0,1.0,0.17456386354085773,0.9375,0.9176629354822471,0.062041625199431065,-0.014932859300224487,9.468254195901087,6,0.07697448449965555,0.08200863328420677,0.7666666666666666,0.8486752999508733,all_field_expected_seconds_gap_residual_same_car_crossfit_v7_4,87,8,16.0,2.0,48.0,12.0,56.0,18.0,384.0,96.0,1554.3640111846696,1494.4707977241642,0,1.0,16,-0.10876139624700576,0.544275621272528,0.6941917155842318,0.15448358436664156,7.280201891504738,1561.5354516799273,1561.5354516799273,1499.0022285581426,retrospective_first_five_backcast_previous_season_anchor_frozen_v7_5
brooks,1961,British Grand Prix,Tony Brooks,BRM,BRM,6,0.0007952883697904237,0.4114796274132377,1961-1965_1.5l,75,0.8,14.6,14.6,8.696000000000002,aintree,0.6921089060823991,open_meteo_era5_air_temperature_track_proxy,5,1961-07-15,jolpica_cross_fitted_xw_xp,0.0,9,+2 Laps,-3.0,4.495803352256911,3,prior_same_circuit_grid_movement,finished,0.7575787546213594,True,1556.8146549781088,0.0,0.5468937344031416,1.09719384547299,-0.4757773945050948,-0.8423087163097672,0.49373723046284546,-0.5947217431313685,-0.12634630744646508,2.063805104399994,0.019536338151414787,0.6450337431835488,11.648987704493537,0.02,0.0,0.05880602015151773,0.49373723046284546,-0.5947217431313685,-0.12634630744646508,0.01212714434058472,-0.052202176475187434,-0.0033617097923588166,0.07730028678344555,-0.10434187971173865,-0.01576500613438971,0.6578757229023536,0.05428573169298401,0.007251720357083803,0.0694895995394258,0.012685202493289046,0.0035972694089386748,-0.05864060977340332,-0.0018362127272665684,0.0035972694089386748,cross_fitted,season_grid_average,example_precomputed_capabilities,0.7143039723020035,0.0,0.0,0.010848989766022478,0.6150691238396708,0.05428573169298401,0.6578757229023536,0.2,0.7,0.00868734838539231,0.029964619343877952,-0.019536338151414787,0.08829959014978461,1.1205205070621682,-1.103454551873822,0.017065955188346305,0.0,1556.8317209332972,revised_v3_parallel,prior_similar_races_current_season_only,field_centered_bounded_no_teammate_term,tonybrooks,tony-brooks,brm,owen-racing-organisation,brm-p48-57,brm-p48-57,exact_chassis,brm-p48-57,,finished,6.0,6,True,,1:59.000,True,True,5.0,9.0,-4.0,True,0.5936507936507937,0.13968253968253974,-0.002862733370580144,0.0,0.0,-0.02400482980781133,0.0942527747338181,full_same_season_static_retrospective_baseline_plus_shape_distributions_v9,constructor_lineage_regulation_and_stability_shrunk,32.05924157779793,1588.8738965559066,1548.7715148846853,1.452508447160136,1590.3264050030668,1590.3434709582552,4b3c2835e1f5a98c,0.44687747035573117,0.0076,0.2712215320910973,0.14803312629399587,0.0,0.049910873440285206,0.11942959001782531,0.22459893048128343,0.5811051693404634,0.0,0.16666666666666666,0.6211180124223602,0.0,0.41407867494824013,0.20703933747412007,0.6211180124223602,1.6231211827379661,0.40254540705509656,-0.0069071621198555835,0.0,0.0,-0.02400482980781133,0.0942527747338181,full_same_season_static_retrospective_baseline_plus_shape_distributions_v9,constructor_lineage_regulation_and_stability_shrunk,high,baseline_plus_shape_distributions_v9,0.3063502027494508,0.0592216095707698,full_same_season_static_retrospective,1554.0548903539352,0.0757746588411583,9,9,2.0,9653.6,75.0,0.02666666666666667,0.7,lap_equivalent,,1.0,scheduled_distance_unavailable_assume_full,1581.8455016439307,0.03869359750732786,16.0,11.2,0.8659927677144983,0.0,17.0,1.0,0.07732078283165164,1.0,0.9176629354822471,0.028381766618831513,0.00917049411535674,1.842450180585157,1,0.019211272503474774,0.024245421288026,0.7333333333333334,0.7575787546213594,all_field_expected_seconds_gap_residual_same_car_crossfit_v7_4,87,8,16.0,2.0,48.0,12.0,56.0,18.0,384.0,96.0,1550.6919012693102,1497.2335534233293,0,1.0,21,3.362989084624952,0.544081635744419,0.6263105275611827,0.1312682270601767,6.165864740794426,1560.2207550947296,1560.2207550947296,1475.2711792842495,retrospective_first_five_backcast_previous_season_anchor_frozen_v7_5
ireland,1961,British Grand Prix,Innes Ireland,Lotus-Climax,Lotus-Climax,7,0.007658159725663455,0.7664624135673092,1961-1965_1.5l,75,0.8,14.6,14.6,8.696000000000002,aintree,0.6921089060823991,open_meteo_era5_air_temperature_track_proxy,5,1961-07-15,jolpica_cross_fitted_xw_xp,0.0,10,+3 Laps,-3.0,4.495803352256911,3,prior_same_circuit_grid_movement,finished,0.7191792754637037,True,1494.6736165368623,0.0,0.4856905673809716,-0.34256640591088905,-0.054382341033205196,0.3395246971634553,-0.15415488265990007,-0.0679779262915065,0.05092870457451829,2.063805104399994,0.01878274080862803,0.6344610054408849,11.966169836773453,0.0,0.0,0.0,-0.15415488265990007,-0.0679779262915065,0.05092870457451829,-0.005694000236714369,-0.03447723535946253,0.00013732065878804876,-0.025972005568136503,-0.008294989852343504,0.004866956711172377,0.6432810170536772,0.05080987275853911,0.01207043064911462,0.04190662306614021,0.011351318174841021,-0.001294472827964365,-0.031130665244989954,-0.0005753603536907664,-0.001294472827964365,cross_fitted,season_grid_average,example_precomputed_capabilities,0.7143039723020035,-6.938893903907228e-18,0.0,0.010775957821150255,0.6138809783443696,0.05080987275853911,0.6432810170536772,0.2,0.7,0.008006782987477774,0.020580027096515296,-0.01878274080862803,0.06553899455911505,0.7289161226569982,-1.103454551873822,-0.3745384292168237,0.0,1494.2990781076455,revised_v3_parallel,prior_similar_races_current_season_only,field_centered_bounded_no_teammate_term,innesireland,innes-ireland,lotus,team-lotus,,lotus-18|lotus-18-21|lotus-21,ambiguous_chassis_constructor_fallback,constructor:lotus,,finished,7.0,7,True,,1:59.200,True,True,6.0,10.0,-4.0,True,0.5936507936507937,0.1063492063492063,-0.03992890659389421,0.0,0.0,-0.142027666306315,0.06727388762695889,full_same_season_static_retrospective_baseline_plus_shape_distributions_v9,constructor_lineage_regulation_and_stability_shrunk,7.3727486372710755,1502.0463651741334,1562.775867495934,1.8550502631962411,1503.9014154373297,1503.526877008113,4b3c2835e1f5a98c,0.44687747035573117,0.0076,0.2712215320910973,0.14803312629399587,0.0,0.049910873440285206,0.11942959001782531,0.22459893048128343,0.5811051693404634,0.0,0.16666666666666666,0.6211180124223602,0.0,0.41407867494824013,0.20703933747412007,0.6211180124223602,1.6231211827379661,0.40254540705509656,-0.04086711401566537,0.0,0.0,-0.142027666306315,0.06727388762695889,full_same_season_static_retrospective_baseline_plus_shape_distributions_v9,constructor_lineage_regulation_and_stability_shrunk,high,baseline_plus_shape_distributions_v9,0.06788122799557281,0.029962499226623873,full_same_season_static_retrospective,1576.9267676054226,0.13764642547817615,10,10,3.0,9653.6,75.0,0.04,0.7,lap_equivalent,,1.0,scheduled_distance_unavailable_assume_full,1613.6288290973976,0.04372489914779597,16.0,12.599999999999998,-0.14289614531695644,1.0,17.0,1.0,-0.011340963914044164,1.0,0.9176629354822471,-0.004162872894624001,-0.018307999573776584,11.36927638290035,7,0.014145126679152582,0.019179275463703807,0.7,0.7191792754637037,all_field_expected_seconds_gap_residual_same_car_crossfit_v7_4,87,8,16.0,2.0,48.0,12.0,56.0,18.0,384.0,96.0,1574.1380808004394,1492.4431172668544,0,1.0,11,2.7886868049832687,0.5661320441736457,0.7009823456641641,0.018196929799539685,0.7384424722838485,1577.6652100777064,1577.6652100777064,1531.600756430237,retrospective_first_five_backcast_previous_season_anchor_frozen_v7_5
gregory,1961,British Grand Prix,Masten Gregory,Cooper-Climax,Cooper-Climax,16,0.0009252885054956965,0.4405911877480727,1961-1965_1.5l,75,0.8,14.6,14.6,8.696000000000002,aintree,0.6921089060823991,open_meteo_era5_air_temperature_track_proxy,5,1961-07-15,jolpica_cross_fitted_xw_xp,0.0,11,+4 Laps,5.0,4.495803352256911,3,prior_same_circuit_grid_movement,finished,0.612699239903487,True,1501.5635437528272,0.0,0.4924891822858994,-0.1829320710284209,-0.1507471423339284,-0.09349213866886712,-0.08231943196278942,-0.1884339279174105,-0.014023820800330067,2.063805104399994,0.00996545872904453,0.49865740033926026,16.04027798982219,0.0,0.0,0.0,-0.08231943196278942,-0.1884339279174105,-0.014023820800330067,-0.0021899963962061352,-0.019832225281408475,-0.0005331889999709999,-0.0119506719381506,-0.004148374050459832,-0.001953193045120279,0.5040730720493795,0.02800978727111302,0.005743044820251552,0.02361836304455966,0.005970355744263248,-0.000288668226724147,-0.018163986451032257,-0.0005159791507358437,-0.000288668226724147,cross_fitted,season_grid_average,example_precomputed_capabilities,0.7143039723020035,-3.469446951953614e-18,0.0,0.005454376593527405,0.48602083301564875,0.02800978727111302,0.5040730720493795,0.2,0.7,0.004511082135517125,0.012636567323611514,-0.00996545872904453,0.16800926632740648,2.784995784396248,-1.103454551873822,1.681541232522426,0.0,1503.2450849853496,revised_v3_parallel,prior_similar_races_current_season_only,field_centered_bounded_no_teammate_term,mastengregory,masten-gregory,cooper,,,,unmatched_constructor_fallback,constructor:cooper,,finished,16.0,16,True,,2:01.400,True,True,11.0,11.0,0.0,True,0.5936507936507937,0.07301587301587309,0.032653858641496,0.0,0.0,0.10612865332769089,0.13670020151333614,full_same_season_static_retrospective_baseline_plus_shape_distributions_v9,constructor_lineage_regulation_and_stability_shrunk,-2.545466694797314,1499.0180770580298,1566.1136733323883,-0.2059840164574977,1498.8120930415723,1500.4936342740948,4b3c2835e1f5a98c,0.44687747035573117,0.0076,0.2712215320910973,0.14803312629399587,0.0,0.049910873440285206,0.11942959001782531,0.22459893048128343,0.5811051693404634,0.0,0.16666666666666666,0.6211180124223602,0.0,0.41407867494824013,0.20703933747412007,0.6211180124223602,1.6231211827379661,0.40254540705509656,0.030537513490629838,0.0,0.0,0.10612865332769089,0.13670020151333614,full_same_season_static_retrospective_baseline_plus_shape_distributions_v9,constructor_lineage_regulation_and_stability_shrunk,high,baseline_plus_shape_distributions_v9,0.5348497900374182,0.11376585872740771,full_same_season_static_retrospective,1556.6498078134794,0.03224085342606274,11,11,4.0,9653.6,75.0,0.05333333333333334,0.7,lap_equivalent,,1.0,scheduled_distance_unavailable_assume_full,1591.7052088174503,0.04018911138755562,15.0,13.299999999999999,-2.1972612736614257,2.0,17.0,1.0,-0.16520761456100946,0.9375,0.9176629354822471,-0.05871632704948239,0.0002852484982486243,12.036398175148271,6,-0.059001575547731014,-0.05396742676317979,0.6666666666666667,0.612699239903487,all_field_expected_seconds_gap_residual_same_car_crossfit_v7_4,87,8,16.0,2.0,48.0,12.0,56.0,18.0,384.0,96.0,1557.6233810661731,1496.185403012279,0,1.0,14,-0.9735732526936909,0.5465930154419781,0.5951733207372594,0.017525919166227588,0.7062339618848679,1557.3560417753642,1557.3560417753642,1612.9778343310354,retrospective_first_five_backcast_previous_season_anchor_frozen_v7_5
bandini,1961,British Grand Prix,Lorenzo Bandini,Cooper-Maserati,Cooper-Maserati,21,0.0008476394384871681,0.42375025665110233,1961-1965_1.5l,75,0.8,14.6,14.6,8.696000000000002,aintree,0.6921089060823991,open_meteo_era5_air_temperature_track_proxy,5,1961-07-15,jolpica_cross_fitted_xw_xp,0.0,12,+4 Laps,9.0,4.495803352256911,3,prior_same_circuit_grid_movement,finished,0.6034742101004668,True,1500.0,0.0,0.4909460733855784,-0.21915818187380937,-0.6718204196771871,-1.4978287465397222,-0.09862118184321422,-0.8397755245964839,-0.22467431198095833,1.5148207302140608,0.0055702997938627255,0.38426937633704367,19.471918709888687,0.0,0.0,0.0,-0.09862118184321422,-0.8397755245964839,-0.22467431198095833,-0.0015851341688335535,-0.015074489012448629,-0.001527148327750062,-0.01225643865026857,-0.09877315003510496,-0.025228070937150127,0.42514667422380076,0.02011971700108852,0.002047581071757949,0.014747970556103602,0.0023694367449418312,-0.00011463557970167325,-0.012815025064047325,-0.0004364912528855554,-0.00011463557970167325,cross_fitted,season_grid_average,example_precomputed_capabilities,0.7054116296314707,0.0,0.0,0.0019329454920562759,0.2888890146012771,0.02011971700108852,0.42514667422380076,0.2,0.7,0.0036373543018064494,0.09538036173576658,-0.0055702997938627255,0.24906395699628964,4.349464030880508,-1.103454551873822,3.2460094790066862,0.0,1503.2460094790067,revised_v3_parallel,prior_similar_races_current_season_only,field_centered_bounded_no_teammate_term,lorenzobandini,lorenzo-bandini,cooper,scuderia-centro-sud,,cooper-t51|cooper-t53,ambiguous_chassis_constructor_fallback,constructor:cooper,,finished,21.0,21,True,,2:03.600,True,True,13.0,12.0,1.0,True,0.5936507936507937,0.03968253968253965,0.032653858641496,0.0,0.0,0.10612865332769089,0.13670020151333614,full_same_season_static_retrospective_baseline_plus_shape_distributions_v9,constructor_lineage_regulation_and_stability_shrunk,-1.1078341560091267,1498.8921658439908,1465.8369963999126,-1.2397374814574298,1497.6524283625333,1500.89843784154,4b3c2835e1f5a98c,0.44687747035573117,0.0076,0.2712215320910973,0.14803312629399587,0.0,0.049910873440285206,0.11942959001782531,0.22459893048128343,0.5811051693404634,0.0,0.16666666666666666,0.6211180124223602,0.0,0.41407867494824013,0.20703933747412007,0.6211180124223602,1.6231211827379661,0.40254540705509656,0.030537513490629838,0.0,0.0,0.10612865332769089,0.13670020151333614,full_same_season_static_retrospective_baseline_plus_shape_distributions_v9,constructor_lineage_regulation_and_stability_shrunk,high,baseline_plus_shape_distributions_v9,0.5348497900374182,0.11376585872740771,full_same_season_static_retrospective,1455.4615958058505,0.0,12,12,4.0,9653.6,75.0,0.05333333333333334,0.7,lap_equivalent,,1.0,scheduled_distance_unavailable_assume_full,1475.7755255671432,0.025731417106402144,15.0,13.299999999999999,-1.4241491692332717,2.0,17.0,1.0,-0.10707888490475728,0.9375,0.9176629354822471,-0.0380568343830168,-0.0031635623655989864,12.611799553999461,6,-0.03489327201741781,-0.02985912323286659,0.6333333333333333,0.6034742101004668,all_field_expected_seconds_gap_residual_same_car_crossfit_v7_4,87,8,16.0,2.0,48.0,12.0,56.0,18.0,384.0,96.0,1457.3467041336974,1487.8940609235983,0,1.0,0,-1.8851083278469223,0.44818205703921066,0.46568229855614657,0.1377919115443202,6.479001596033313,1461.940597401884,1461.940597401884,1459.1068850821046,retrospective_first_five_backcast_previous_season_anchor_frozen_v7_5
maggs,1961,British Grand Prix,Tony Maggs,Lotus-Climax,Lotus-Climax,24,0.0007734956843077509,0.40613074655004083,1961-1965_1.5l,75,0.8,14.6,14.6,8.696000000000002,aintree,0.6921089060823991,open_meteo_era5_air_temperature_track_proxy,5,1961-07-15,jolpica_cross_fitted_xw_xp,0.0,13,+6 Laps,11.0,4.495803352256911,3,prior_same_circuit_grid_movement,finished,0.5834640870670189,True,1500.0,0.0,0.4909460733855784,-0.21915818187380937,-0.054382341033205196,0.3395246971634553,-0.09862118184321422,-0.0679779262915065,0.05092870457451829,2.063805104399994,0.006232730650685593,0.3878175685884876,19.365472942345374,0.0,0.0,0.0,-0.09862118184321422,-0.0679779262915065,0.05092870457451829,-0.0014425709395960483,-0.011433840442338075,4.58787009762278e-05,-0.012813816327006695,0.034804723992441035,0.007103892127663583,0.3790891286505582,0.016497156795451908,0.0039190766714448586,0.01426451868889201,0.0038618498982909643,-0.00025245255695084635,-0.010597894574397998,-0.00019522578379695208,-0.00025245255695084635,cross_fitted,season_grid_average,example_precomputed_capabilities,0.7143039723020035,-1.734723475976807e-18,0.0,0.003666624114494012,0.40818392844365614,0.016497156795451908,0.3790891286505582,0.2,0.7,0.0025661065361915806,-0.020366359855168548,-0.006232730650685593,0.21218243141151238,3.6696982297907685,-1.103454551873822,2.5662436779169466,0.0,1502.5662436779169,revised_v3_parallel,prior_similar_races_current_season_only,field_centered_bounded_no_teammate_term,tonymaggs,tony-maggs,lotus,louise-bryden-brown,lotus-18,lotus-18,exact_chassis,lotus-18,,finished,24.0,24,True,,2:06.400,True,True,16.0,13.0,3.0,True,0.5936507936507937,0.006349206349206327,-0.10676230600295,0.0,0.0,-0.369134670840952,0.03515950541231942,full_same_season_static_retrospective_baseline_plus_shape_distributions_v9,constructor_lineage_regulation_and_stability_shrunk,0.0,1500.0,1554.8907695946154,-1.4518887878156126,1498.5481112121845,1501.1143548901014,4b3c2835e1f5a98c,0.44687747035573117,0.0076,0.2712215320910973,0.14803312629399587,0.0,0.049910873440285206,0.11942959001782531,0.22459893048128343,0.5811051693404634,0.0,0.16666666666666666,0.6211180124223602,0.0,0.41407867494824013,0.20703933747412007,0.6211180124223602,1.6231211827379661,0.40254540705509656,-0.10621500072990739,0.0,0.0,-0.369134670840952,0.03515950541231942,full_same_season_static_retrospective_baseline_plus_shape_distributions_v9,constructor_lineage_regulation_and_stability_shrunk,high,baseline_plus_shape_distributions_v9,-0.36209820744205684,0.008770851563490785,full_same_season_static_retrospective,1580.266016691046,0.0,13,13,6.0,9653.6,75.0,0.08,0.7,lap_equivalent,,1.0,scheduled_distance_unavailable_assume_full,1528.9546711464702,0.03157128093289829,13.0,10.499999999999998,-2.0595418275044675,1.0,17.0,1.0,-0.19614684071471122,0.8125,0.9176629354822471,-0.06489872794735599,-0.04332866622982365,3.4832371204776553,5,-0.02157006171753234,-0.016535912932981116,0.6,0.5834640870670189,all_field_expected_seconds_gap_residual_same_car_crossfit_v7_4,87,8,16.0,2.0,48.0,12.0,56.0,18.0,384.0,96.0,1584.4215432618917,1487.8940609235983,0,1.0,0,-4.155526570845652,0.5693330577633163,0.5491984580680978,0.03426562899892116,1.5097400338541593,1581.7757567249,1581.7757567249,1584.4215432618917,retrospective_first_five_backcast_previous_season_anchor_frozen_v7_5
burgess,1961,British Grand Prix,Ian Burgess,Lotus-Climax,Lotus-Climax,25,0.0004833058595191064,0.31694306558301644,1961-1965_1.5l,75,0.8,14.6,14.6,8.696000000000002,aintree,0.6921089060823991,open_meteo_era5_air_temperature_track_proxy,5,1961-07-15,jolpica_cross_fitted_xw_xp,0.0,14,+6 Laps,11.0,4.495803352256911,3,prior_same_circuit_grid_movement,finished,0.4848881555894585,True,1496.2972996345113,0.0,0.48729239950602,-0.30494691252168143,-0.054382341033205196,0.3395246971634553,-0.13722611063475665,-0.0679779262915065,0.05092870457451829,2.063805104399994,0.005745667941476665,0.37158398763333866,19.85248037099984,0.0,0.0,0.0,-0.13722611063475665,-0.0679779262915065,0.05092870457451829,-0.0016163767184652982,-0.010544706107550606,4.209149595569329e-05,-0.019205180621798185,0.03697665945556297,0.007153921222760207,0.36410636761638115,0.015440861005524834,0.0036681422686397685,0.012919905910330194,0.003499083309566227,-0.0003462725931751469,-0.009598036234865572,-0.00017721363410160527,-0.0003462725931751469,cross_fitted,season_grid_average,example_precomputed_capabilities,0.7143039723020035,-1.734723475976807e-18,0.0,0.0033218696754646216,0.38903176767290615,0.015440861005524834,0.36410636761638115,0.2,0.7,0.0024237982660120436,-0.017447780039567484,-0.005745667941476665,0.195082679033328,3.373592192004464,-1.103454551873822,2.270137640130642,0.0,1498.5674372746419,revised_v3_parallel,prior_similar_races_current_season_only,field_centered_bounded_no_teammate_term,ianburgess,ian-burgess,lotus,,,,unmatched_constructor_fallback,constructor:lotus,,finished,25.0,25,True,,2:06.600,True,True,17.0,14.0,3.0,True,0.5936507936507937,-0.026984126984127,-0.03992890659389421,0.0,0.0,-0.142027666306315,0.06727388762695889,full_same_season_static_retrospective_baseline_plus_shape_distributions_v9,constructor_lineage_regulation_and_stability_shrunk,-21.149815869301097,1475.1474837652102,1413.5989380535489,-1.7136741544032636,1473.433809610807,1475.7039472509375,4b3c2835e1f5a98c,0.44687747035573117,0.0076,0.2712215320910973,0.14803312629399587,0.0,0.049910873440285206,0.11942959001782531,0.22459893048128343,0.5811051693404634,0.0,0.16666666666666666,0.6211180124223602,0.0,0.41407867494824013,0.20703933747412007,0.6211180124223602,1.6231211827379661,0.40254540705509656,-0.04086711401566537,0.0,0.0,-0.142027666306315,0.06727388762695889,full_same_season_static_retrospective_baseline_plus_shape_distributions_v9,constructor_lineage_regulation_and_stability_shrunk,high,baseline_plus_shape_distributions_v9,0.06788122799557281,0.029962499226623873,full_same_season_static_retrospective,1422.018393155461,0.08683680457975416,14,14,6.0,9653.6,75.0,0.08,0.7,lap_equivalent,,1.0,scheduled_distance_unavailable_assume_full,1477.3101762662147,0.02588374598360594,13.0,10.499999999999998,-2.931208690989255,1.0,17.0,1.0,-0.2791627324751672,0.8125,0.9176629354822471,-0.09236603639360876,-0.005553376531849369,12.051791025274646,7,-0.08681265986175939,-0.08177851107720815,0.5666666666666667,0.4848881555894585,all_field_expected_seconds_gap_residual_same_car_crossfit_v7_4,87,8,16.0,2.0,48.0,12.0,56.0,18.0,384.0,96.0,1424.9611513580542,1494.4707977241642,0,1.0,5,-2.942758202593243,0.41610769205473036,0.5018113055940531,-0.016923150004594545,-0.9473213583145945,1421.0710717971463,1421.0710717971463,1467.3385185490686,retrospective_first_five_backcast_previous_season_anchor_frozen_v7_5
greene,1961,British Grand Prix,Keith Greene,Gilby,Gilby,26,0.0004720494173209162,0.31260629469720336,1961-1965_1.5l,75,0.8,14.6,14.6,8.696000000000002,aintree,0.6921089060823991,open_meteo_era5_air_temperature_track_proxy,5,1961-07-15,jolpica_cross_fitted_xw_xp,0.0,15,+6 Laps,11.0,4.495803352256911,3,prior_same_circuit_grid_movement,finished,0.4470227499644831,True,1500.0,0.0,0.4909460733855784,-0.21915818187380937,-1.4095126286447366,-2.1883006866532995,-0.09862118184321422,-1.7618907858059207,-0.3282451029979949,0.0,0.003362541392612718,0.2810279162515511,22.569162512453467,0.0,0.0,0.0,-0.09862118184321422,-1.7618907858059207,-0.3282451029979949,-0.0010908079442414876,-0.011397270024466508,-0.0013739937109135565,-0.008821305812786676,-0.19117387977224692,-0.02773560352338296,0.3493471529840761,0.01445219873630996,0.0006191498150238302,0.009956014797140233,0.0007490038361528641,-2.902275833542307e-05,-0.009365887740451826,-0.00015887677946445702,-2.902275833542307e-05,cross_fitted,season_grid_average,example_precomputed_capabilities,0.6499999999999999,-1.734723475976807e-18,-2.7755575615628914e-17,0.0005901270566884071,0.12161636387565948,0.01445219873630996,0.3493471529840761,0.2,0.7,0.002772414335924311,0.1594115523758916,-0.003362541392612718,0.2523054170817822,4.460796514049375,-1.103454551873822,3.357341962175553,0.0,1503.3573419621755,revised_v3_parallel,prior_similar_races_current_season_only,field_centered_bounded_no_teammate_term,keithgreene,keith-greene,gilby,gilby-engineering,gilby-61,gilby-61,exact_chassis,gilby-61,,finished,23.0,23,True,,2:06.000,True,True,15.0,15.0,0.0,True,0.5936507936507937,-0.060317460317460325,-0.060317460317460325,0.0,0.0,-0.2096244947252406,0.05545868706047397,full_same_season_static_retrospective_baseline_plus_shape_distributions_v9,constructor_lineage_regulation_and_stability_shrunk,-1.6862766670065872,1498.3137233329935,1434.9823786642357,-1.3729879735557087,1496.940735359438,1500.2980773216134,4b3c2835e1f5a98c,0.44687747035573117,0.0076,0.2712215320910973,0.14803312629399587,0.0,0.049910873440285206,0.11942959001782531,0.22459893048128343,0.5811051693404634,0.0,0.16666666666666666,0.6211180124223602,0.0,0.41407867494824013,0.20703933747412007,0.6211180124223602,1.6231211827379661,0.40254540705509656,-0.060317460317460325,0.0,0.0,-0.2096244947252406,0.05545868706047397,full_same_season_static_retrospective_baseline_plus_shape_distributions_v9,constructor_lineage_regulation_and_stability_shrunk,high,baseline_plus_shape_distributions_v9,-0.06329059473024945,0.02059750470409742,full_same_season_static_retrospective,1449.3941321067794,0.0,15,15,6.0,9653.6,75.0,0.08,0.7,lap_equivalent,,1.0,scheduled_distance_unavailable_assume_full,1449.2494006754919,0.02323568267757171,13.0,9.1,-2.512291517415102,0.0,17.0,1.0,-0.2760759909247365,0.8125,0.9176629354822471,-0.09134473215340146,0.0,0.0,0,-0.09134473215340146,-0.08631058336885022,0.5333333333333333,0.4470227499644831,all_field_expected_seconds_gap_residual_same_car_crossfit_v7_4,87,8,16.0,2.0,48.0,12.0,56.0,18.0,384.0,96.0,1451.752338242255,1490.5022427856638,0,1.0,0,-2.358206135475715,0.4423265595082543,0.4357358597275022,0.011286890236980929,0.4067605732810282,1449.8008926800603,1449.8008926800603,1454.8425719202069,retrospective_first_five_backcast_previous_season_anchor_frozen_v7_5
beaufort,1961,British Grand Prix,Carel Godin de Beaufort,Porsche,Porsche,18,0.0002826402473973844,0.22408135143284463,1961-1965_1.5l,75,0.8,14.6,14.6,8.696000000000002,aintree,0.6921089060823991,open_meteo_era5_air_temperature_track_proxy,5,1961-07-15,jolpica_cross_fitted_xw_xp,0.0,16,+6 Laps,2.0,4.495803352256911,3,prior_same_circuit_grid_movement,finished,0.42578507623891215,True,1488.3257537449208,0.0,0.47943089712574377,-0.4896415233908965,0.03394391998277092,1.2084493122753375,-0.22033868552590344,0.04242989997846365,0.1812673968413006,2.063805104399994,0.00959783364967188,0.48067193754318405,16.579841873704478,0.0,0.0,0.0,-0.22033868552590344,0.04242989997846365,0.1812673968413006,-0.0036023846520823227,-0.016292300287536674,0.0012197968479527228,-0.036971800213889384,0.04138522965395912,0.02336397795908178,0.4723387153234386,0.024537744123004898,0.006971212637571357,0.020668240800908858,0.005712838863849601,-0.0011083566062327329,-0.014805384769570233,0.0001500171674890232,-0.0011083566062327329,cross_fitted,season_grid_average,example_precomputed_capabilities,0.7143039723020035,0.0,6.938893903907228e-18,0.005862856031338624,0.5001161227225901,0.024537744123004898,0.4723387153234386,0.2,0.7,0.0037349776183332566,-0.01944418517940605,-0.00959783364967188,0.019328062456815953,0.11755711663056201,-1.103454551873822,-0.9858974352432599,0.0,1487.3398563096775,revised_v3_parallel,prior_similar_races_current_season_only,field_centered_bounded_no_teammate_term,carelgodindebeaufort,carel-godin-de-beaufort,porsche,ecurie-maarsbergen,porsche-718,porsche-718,exact_chassis,porsche-718,,finished,18.0,18,True,,2:02.000,True,True,12.0,16.0,-4.0,True,0.5936507936507937,-0.09365079365079365,-0.15916434606005062,0.0,0.0,-0.5224298657362171,0.022689646856169296,full_same_season_static_retrospective_baseline_plus_shape_distributions_v9,constructor_lineage_regulation_and_stability_shrunk,-13.529683225577909,1474.796070519343,1338.1160787974566,0.08524591788261884,1474.8813164372257,1473.8954190019824,4b3c2835e1f5a98c,0.44687747035573117,0.0076,0.2712215320910973,0.14803312629399587,0.0,0.049910873440285206,0.11942959001782531,0.22459893048128343,0.5811051693404634,0.0,0.16666666666666666,0.6211180124223602,0.0,0.41407867494824013,0.20703933747412007,0.6211180124223602,1.6231211827379661,0.40254540705509656,-0.15032423923789723,0.0,0.0,-0.5224298657362171,0.022689646856169296,full_same_season_static_retrospective_baseline_plus_shape_distributions_v9,constructor_lineage_regulation_and_stability_shrunk,high,baseline_plus_shape_distributions_v9,-0.6992320327264125,0.0033474350654045513,full_same_season_static_retrospective,1380.693859258995,0.05152815720911401,16,16,6.0,9653.6,75.0,0.08,0.7,lap_equivalent,,1.0,scheduled_distance_unavailable_assume_full,1399.0285762909773,0.019154393725517443,13.0,9.1,-2.3458852210555303,0.0,17.0,1.0,-0.257789584731377,0.8125,0.9176629354822471,-0.08529434410558277,-0.006045271559943734,0.8295657947036588,1,-0.07924907254563904,-0.07421492376108782,0.5,0.42578507623891215,all_field_expected_seconds_gap_residual_same_car_crossfit_v7_4,87,8,16.0,2.0,48.0,12.0,56.0,18.0,384.0,96.0,1379.910468056354,1496.185403012279,0,1.0,7,0.7833912026411323,0.3773715772602294,0.400876939544547,0.024908136694365146,1.0605804032354706,1381.7544396622304,1381.7544396622304,1419.9883336149067,retrospective_first_five_backcast_previous_season_anchor_frozen_v7_5
seidel,1961,British Grand Prix,Wolfgang Seidel,Lotus-Climax,Lotus-Climax,22,0.0008829438217294012,0.43159706330858927,1961-1965_1.5l,75,0.8,14.6,14.6,8.696000000000002,aintree,0.6921089060823991,open_meteo_era5_air_temperature_track_proxy,5,1961-07-15,jolpica_cross_fitted_xw_xp,0.0,17,+17 Laps,5.0,4.495803352256911,3,prior_same_circuit_grid_movement,finished,0.31601364738967586,True,1486.735827127376,0.0,0.4778638931129939,-0.5264789049985832,-0.054382341033205196,0.3395246971634553,-0.23691550724936244,-0.0679779262915065,0.05092870457451829,2.063805104399994,0.00674587840278041,0.4101139628458873,18.69658111462338,0.0,0.0,0.0,-0.23691550724936244,-0.0679779262915065,0.05092870457451829,-0.0027620586395875465,-0.012393802941184941,4.886902270120636e-05,-0.037919117321679796,0.03252580968455965,0.0069945172337863015,0.4096335999668874,0.018831472449237434,0.0044736184107257455,0.01447598376043555,0.0039241678307155164,-0.0007491385195595932,-0.010751503869269397,-0.00019968793954936413,-0.0007491385195595932,cross_fitted,season_grid_average,example_precomputed_capabilities,0.7143039723020035,0.0,0.0,0.0037244798911661523,0.41123480956355357,0.018831472449237434,0.4096335999668874,0.2,0.7,0.0030213985116142577,-0.0011208467176662684,-0.00674587840278041,0.05655270382077937,0.8560475871072988,-1.103454551873822,-0.24740696476652313,0.0,1486.4884201626096,revised_v3_parallel,prior_similar_races_current_season_only,field_centered_bounded_no_teammate_term,wolfgangseidel,wolfgang-seidel,lotus,scuderia-colonia,lotus-18,lotus-18,exact_chassis,lotus-18,,finished,22.0,22,True,,2:04.200,True,True,14.0,17.0,-3.0,True,0.5936507936507937,-0.12698412698412698,-0.10676230600295,0.0,0.0,-0.369134670840952,0.03515950541231942,full_same_season_static_retrospective_baseline_plus_shape_distributions_v9,constructor_lineage_regulation_and_stability_shrunk,-10.293608892980398,1476.4422182343956,1381.4239319527323,-0.9035293729305482,1475.538688861465,1475.2912818966986,4b3c2835e1f5a98c,0.44687747035573117,0.0076,0.2712215320910973,0.14803312629399587,0.0,0.049910873440285206,0.11942959001782531,0.22459893048128343,0.5811051693404634,0.0,0.16666666666666666,0.6211180124223602,0.0,0.41407867494824013,0.20703933747412007,0.6211180124223602,1.6231211827379661,0.40254540705509656,-0.10621500072990739,0.0,0.0,-0.369134670840952,0.03515950541231942,full_same_season_static_retrospective_baseline_plus_shape_distributions_v9,constructor_lineage_regulation_and_stability_shrunk,high,baseline_plus_shape_distributions_v9,-0.36209820744205684,0.008770851563490785,full_same_season_static_retrospective,1409.6131772181664,0.0,17,17,17.0,9653.6,75.0,0.22666666666666666,0.7,lap_equivalent,,1.0,scheduled_distance_unavailable_assume_full,1402.3720940892802,0.01940230377899345,16.0,12.6,-6.266547721181758,1.0,17.0,1.0,-0.49734505723664746,1.0,0.9176629354822471,-0.18255805006854725,-0.02687088200700519,4.101452899137627,5,-0.15568716806154206,-0.15065301927699085,0.4666666666666667,0.31601364738967586,all_field_expected_seconds_gap_residual_same_car_crossfit_v7_4,87,8,16.0,2.0,48.0,12.0,56.0,18.0,384.0,96.0,1410.9547056200086,1490.573471404986,0,1.0,3,-1.3415284018421516,0.4043586631442371,0.3865417328327786,-0.07052808544310274,-3.520358259362988,1406.0928189588033,1406.0928189588033,1454.573471404986,retrospective_first_five_backcast_previous_season_anchor_frozen_v7_5
clark,1961,British Grand Prix,Jim Clark,Lotus-Climax,Lotus-Climax,8,0.004133920370608152,0.6924939413682141,1961-1965_1.5l,75,0.8,14.6,14.6,8.696000000000002,aintree,0.6921089060823991,open_meteo_era5_air_temperature_track_proxy,5,1961-07-15,jolpica_cross_fitted_xw_xp,0.0,18,Oil leak,-10.0,4.495803352256911,3,prior_same_circuit_grid_movement,mechanical,,False,1495.9591265621002,0.0,0.48695875765095287,-0.31278212351845647,-0.054382341033205196,0.3395246971634553,-0.14075195558330542,-0.0679779262915065,0.05092870457451829,2.063805104399994,0.017671866857753866,0.6211616785043327,12.36514964487002,0.0,0.0,0.0,-0.14075195558330542,-0.0679779262915065,0.05092870457451829,-0.005051850229247786,-0.03243343326409368,0.00012940524526299334,-0.023732865604664546,-0.005598547859896015,0.0050382990058106345,0.6284496128419577,0.04755656945621664,0.011297573529833219,0.03967308316026857,0.010744969642204418,-0.0010968823216950547,-0.029472391952130403,-0.0005442784340662539,-0.0010968823216950547,cross_fitted,season_grid_average,example_precomputed_capabilities,0.7143039723020035,0.0,-3.469446951953614e-18,0.010200691208138164,0.6041564983832077,0.04755656945621664,0.6284496128419577,0.2,0.7,0.0074711756496157015,0.017005180121124952,-0.017671866857753866,,0.0,0.0,0.0,0.0,1495.9591265621002,revised_v3_parallel,prior_similar_races_current_season_only,field_centered_bounded_no_teammate_term,jimclark,jim-clark,lotus,team-lotus,,lotus-18|lotus-18-21|lotus-21,ambiguous_chassis_constructor_fallback,constructor:lotus,Oil leak,mechanical,8.0,8,True,,1:59.200,True,False,,,,False,0.5936507936507937,,-0.03992890659389421,0.0,0.0,-0.142027666306315,0.06727388762695889,full_same_season_static_retrospective_baseline_plus_shape_distributions_v9,constructor_lineage_regulation_and_stability_shrunk,7.143419691955072,1503.1025462540554,1507.2050268248524,1.642036215837751,1504.7445824698932,1504.7445824698932,4b3c2835e1f5a98c,0.44687747035573117,0.0076,0.2712215320910973,0.14803312629399587,0.0,0.049910873440285206,0.11942959001782531,0.22459893048128343,0.5811051693404634,0.0,0.16666666666666666,0.6211180124223602,0.0,0.41407867494824013,0.20703933747412007,0.6211180124223602,1.6231211827379661,0.40254540705509656,-0.04086711401566537,0.0,0.0,-0.142027666306315,0.06727388762695889,full_same_season_static_retrospective_baseline_plus_shape_distributions_v9,constructor_lineage_regulation_and_stability_shrunk,high,baseline_plus_shape_distributions_v9,0.06788122799557281,0.029962499226623873,full_same_season_static_retrospective,1521.582661722176,0.10810548219568067,18,DNF,,9653.6,75.0,,0.0,unavailable,,1.0,scheduled_distance_unavailable_assume_full,1567.086573633299,0.036558328988181135,0.0,0.0,0.0,0.0,,0.0,,0.0,0.0,0.0,-0.012127622525953414,10.077147955688982,7,0.012127622525953414,0.0,,,all_field_expected_seconds_gap_residual_same_car_crossfit_v7_4,87,8,16.0,2.0,48.0,12.0,56.0,18.0,384.0,96.0,1518.5672401293577,1490.5022427856638,0,1.0,9,3.0154215928182797,0.5125151423917511,0.6183691671679186,,0.0,1521.582661722176,1521.582661722176,1471.0030797821917,retrospective_first_five_backcast_previous_season_anchor_frozen_v7_5
fairman,1961,British Grand Prix,Jack Fairman,Ferguson,Ferguson,20,0.0007021226723642172,0.38751339102924953,1961-1965_1.5l,75,0.8,14.6,14.6,8.696000000000002,aintree,0.6921089060823991,open_meteo_era5_air_temperature_track_proxy,5,1961-07-15,jolpica_cross_fitted_xw_xp,0.0,19,Disqualified,1.0,4.495803352256911,3,prior_same_circuit_grid_movement,driver_fault,0.0,True,1505.5402689184004,-0.29159310096838453,0.4964144062198505,-0.09079439570643905,-1.4095126286447366,-2.1883006866532995,-0.04085747806789757,-1.7618907858059207,-0.3282451029979949,0.0,0.005028511906997527,0.3604780956723386,20.185657129829842,0.0,0.0,0.0,-0.04085747806789757,-1.7618907858059207,-0.3282451029979949,-0.001182076158472462,-0.01732662333001804,-0.0020757721720859974,-0.0028773169742234333,-0.23277327614509957,-0.03204341318740241,0.4407862975643563,0.02149608923545873,0.000920918672425358,0.015537196399837564,0.0011581449814417018,-9.30109754313283e-06,-0.014625578824955339,-0.0002465274065594767,-9.30109754313283e-06,cross_fitted,season_grid_average,example_precomputed_capabilities,0.6499999999999999,-3.469446951953614e-18,0.0,0.0009116175748822251,0.17309229125763087,0.02149608923545873,0.4407862975643563,0.2,0.7,0.004116894332115302,0.18738580441470776,-0.005028511906997527,-0.3604780956723386,-6.609290007870036,-1.1034545518738215,-7.712744559743857,0.0,1497.8275243586565,revised_v3_parallel,prior_similar_races_current_season_only,field_centered_bounded_no_teammate_term,jackfairman,jack-fairman,ferguson,,,,unmatched_constructor_fallback,constructor:ferguson,Push start in pits,driver_fault,20.0,20,True,,2:03.400,True,False,,,,True,0.5936507936507937,-0.5936507936507937,-0.5936507936507937,0.0,0.0,-2.0631463428221046,0.0002779988387187555,full_same_season_static_retrospective_baseline_plus_shape_distributions_v9,constructor_lineage_regulation_and_stability_shrunk,-14.094698955640817,1491.4455699627597,1298.4622346141869,0.700076954250188,1492.1456469170098,1484.432902357266,4b3c2835e1f5a98c,0.44687747035573117,0.0076,0.2712215320910973,0.14803312629399587,0.0,0.049910873440285206,0.11942959001782531,0.22459893048128343,0.5811051693404634,0.0,0.16666666666666666,0.6211180124223602,0.0,0.41407867494824013,0.20703933747412007,0.6211180124223602,1.6231211827379661,0.40254540705509656,-0.5936507936507937,0.0,0.0,-2.0631463428221046,0.0002779988387187555,full_same_season_static_retrospective_baseline_plus_shape_distributions_v9,constructor_lineage_regulation_and_stability_shrunk,high,baseline_plus_shape_distributions_v9,-3.4945445425230512,1.1380798595486188e-06,full_same_season_static_retrospective,1463.8813894747386,0.0,30,DSQ,,9653.6,75.0,,0.0,unavailable,,1.0,scheduled_distance_unavailable_assume_full,1309.0160463970367,0.01354923500613509,0.0,0.0,0.0,0.0,,0.0,,0.0,0.0,0.0,0.0,0.0,0,0.0,0.0,0.0,0.0,all_field_expected_seconds_gap_residual_same_car_crossfit_v7_4,87,8,16.0,2.0,48.0,12.0,56.0,18.0,384.0,96.0,1463.5139420399553,1490.573471404986,0,1.0,3,0.36744743478326014,0.4563288941272046,0.3146797482273472,-0.3146797482273472,-15.239638073006722,1448.6417514017319,1448.6417514017319,1454.573471404986,retrospective_first_five_backcast_previous_season_anchor_frozen_v7_5
moss,1961,British Grand Prix,Stirling Moss,Ferguson,Ferguson,20,0.004923867183620787,0.7153357784226717,1961-1965_1.5l,75,0.8,14.6,14.6,8.696000000000002,aintree,0.6921089060823991,open_meteo_era5_air_temperature_track_proxy,5,1961-07-15,jolpica_cross_fitted_xw_xp,0.0,19,Disqualified,1.0,4.495803352256911,3,prior_same_circuit_grid_movement,driver_fault,0.0,True,1700.9821328585874,0.0,0.6812465369380405,4.4374438541822725,-1.4095126286447366,-2.1883006866532995,1.9968497343820226,-1.7618907858059207,-0.3282451029979949,0.0,0.007071947683266865,0.4277236533742508,18.168290398772477,0.0,0.0,0.0,1.9968497343820226,-1.7618907858059207,-0.3282451029979949,0.040823981888092976,-0.05346601718296553,-0.005388141645367275,0.29338013347542197,-0.29991434762921854,-0.03700793314655505,0.4407862975643563,0.02149608923545873,0.000920918672425358,0.08458604178498336,0.004552941607255074,0.0025449936227935404,-0.08112012948976446,-0.0010870293120361758,0.0025449936227935404,cross_fitted,season_grid_average,example_precomputed_capabilities,0.6499999999999999,0.0,1.3877787807814457e-17,0.003465912295218898,0.39724415026400467,0.02149608923545873,0.4407862975643563,0.2,0.7,0.003606035388047967,0.03047950311024611,-0.007071947683266865,-0.4277236533742508,-7.868752505134919,-1.1034545518738224,-8.972207057008742,0.0,1692.0099258015787,revised_v3_parallel,prior_similar_races_current_season_only,field_centered_bounded_no_teammate_term,stirlingmoss,stirling-moss,lotus,,,,unmatched_constructor_fallback,constructor:lotus,Brakes,mechanical,5.0,5,True,,1:59.000,True,False,,,,True,0.5936507936507937,-0.5936507936507937,-0.03992890659389421,0.0,0.0,-0.142027666306315,0.06727388762695889,full_same_season_static_retrospective_baseline_plus_shape_distributions_v9,constructor_lineage_regulation_and_stability_shrunk,74.88745575187428,1775.8695886104617,1691.5940767800923,0.7839154059491866,1776.6535040164108,1767.681296959402,4b3c2835e1f5a98c,0.44687747035573117,0.0076,0.2712215320910973,0.14803312629399587,0.0,0.049910873440285206,0.11942959001782531,0.22459893048128343,0.5811051693404634,0.0,0.16666666666666666,0.6211180124223602,0.0,0.41407867494824013,0.20703933747412007,0.6211180124223602,1.6231211827379661,0.40254540705509656,-0.04086711401566537,0.0,0.0,-0.142027666306315,0.06727388762695889,full_same_season_static_retrospective_baseline_plus_shape_distributions_v9,constructor_lineage_regulation_and_stability_shrunk,high,baseline_plus_shape_distributions_v9,0.06788122799557281,0.029962499226623873,full_same_season_static_retrospective,1705.1653568603044,0.10604291113946185,20,DNF,,9653.6,75.0,,0.0,unavailable,,1.0,scheduled_distance_unavailable_assume_full,1708.5372225492263,0.06298836311676557,0.0,0.0,0.0,0.0,,0.0,,0.0,0.0,0.0,-0.019835221243839157,11.090032341570478,7,0.019835221243839157,0.0,0.0,0.0,all_field_expected_seconds_gap_residual_same_car_crossfit_v7_4,87,8,16.0,2.0,48.0,12.0,56.0,18.0,384.0,96.0,1702.9562900845976,1495.388948458163,0,1.0,40,2.2090667757068645,0.6833231537834287,0.7857774173571958,-0.7857774173571958,-37.85232619123945,1667.313030669065,1667.313030669065,1513.3614206224383,retrospective_first_five_backcast_previous_season_anchor_frozen_v7_5
bianchi,1961,British Grand Prix,Lucien Bianchi,Lotus-Climax,Lotus-Climax,30,0.0005200347481277629,0.3305329607721173,1961-1965_1.5l,75,0.8,14.6,14.6,8.696000000000002,aintree,0.6921089060823991,open_meteo_era5_air_temperature_track_proxy,5,1961-07-15,jolpica_cross_fitted_xw_xp,0.0,20,Gearbox,10.0,4.495803352256911,3,prior_same_circuit_grid_movement,mechanical,,False,1504.6729591895032,0.0,0.49555828590162243,-0.11088929763643171,-0.054382341033205196,0.3395246971634553,-0.04990018393639427,-0.0679779262915065,0.05092870457451829,2.063805104399994,0.004273133781508933,0.30712888069081856,21.786133579275443,0.0,0.0,0.0,-0.04990018393639427,-0.0679779262915065,0.05092870457451829,-0.0007194669311051042,-0.007834932793028455,3.165624367039664e-05,-0.003115874741435274,0.043144571061165995,0.007230446768402999,0.2929511377643784,0.011091328565879462,0.002634864151248884,0.00999605241530703,0.0027050112466667545,-6.627906583258443e-05,-0.007427467329890731,-0.00013642616125045508,-6.627906583258443e-05,cross_fitted,season_grid_average,example_precomputed_capabilities,0.7143039723020035,-1.734723475976807e-18,6.938893903907228e-18,0.0025685850854162994,0.34021028085251215,0.011091328565879462,0.2929511377643784,0.2,0.7,0.0017045486960926338,-0.033081400161693586,-0.004273133781508933,,0.0,0.0,0.0,0.0,1504.6729591895032,revised_v3_parallel,prior_similar_races_current_season_only,field_centered_bounded_no_teammate_term,lucienbianchi,lucien-bianchi,lotus,udt-laystall-racing-team,,lotus-18|lotus-18-21,ambiguous_chassis_constructor_fallback,constructor:lotus,Gearbox,mechanical,30.0,30,True,,2:18.800,True,False,,,,False,0.5936507936507937,,-0.03992890659389421,0.0,0.0,-0.142027666306315,0.06727388762695889,full_same_season_static_retrospective_baseline_plus_shape_distributions_v9,constructor_lineage_regulation_and_stability_shrunk,-6.043751019323509,1498.6292081701797,1474.1187159191727,-2.883783463774949,1495.7454247064047,1495.7454247064047,4b3c2835e1f5a98c,0.44687747035573117,0.0076,0.2712215320910973,0.14803312629399587,0.0,0.049910873440285206,0.11942959001782531,0.22459893048128343,0.5811051693404634,0.0,0.16666666666666666,0.6211180124223602,0.0,0.41407867494824013,0.20703933747412007,0.6211180124223602,1.6231211827379661,0.40254540705509656,-0.04086711401566537,0.0,0.0,-0.142027666306315,0.06727388762695889,full_same_season_static_retrospective_baseline_plus_shape_distributions_v9,constructor_lineage_regulation_and_stability_shrunk,high,baseline_plus_shape_distributions_v9,0.06788122799557281,0.029962499226623873,full_same_season_static_retrospective,1479.776015714472,0.0,19,DNF,,9653.6,75.0,,0.0,unavailable,,1.0,scheduled_distance_unavailable_assume_full,1494.239721466459,0.02762521213454969,0.0,0.0,0.0,0.0,,0.0,,0.0,0.0,0.0,-0.013683696298319822,13.88216076878185,8,0.013683696298319822,0.0,,,all_field_expected_seconds_gap_residual_same_car_crossfit_v7_4,87,8,16.0,2.0,48.0,12.0,56.0,18.0,384.0,96.0,1485.480929223678,1490.5022427856638,0,1.0,1,-5.704913509206181,0.4717623981465401,0.46997032995777477,,0.0,1479.776015714472,1479.776015714472,1483.7838848812253,retrospective_first_five_backcast_previous_season_anchor_frozen_v7_5
hill,1961,British Grand Prix,Graham Hill,BRM,BRM,11,0.0014256872855234156,0.5218656511865104,1961-1965_1.5l,75,0.8,14.6,14.6,8.696000000000002,aintree,0.6921089060823991,open_meteo_era5_air_temperature_track_proxy,5,1961-07-15,jolpica_cross_fitted_xw_xp,0.0,22,Engine,-11.0,4.495803352256911,3,prior_same_circuit_grid_movement,mechanical,,False,1451.8735935052075,0.0,0.44365246731180374,-1.3342101483558038,-0.4757773945050948,-0.8423087163097672,-0.6003945667601117,-0.5947217431313685,-0.12634630744646508,2.063805104399994,0.01044793474952604,0.5244554833538739,15.266335499383782,0.0,0.0,0.0,-0.6003945667601117,-0.5947217431313685,-0.12634630744646508,-0.009508504457097226,-0.02443473821407813,-0.0017393350544227123,-0.10307900957785411,-0.07582513166173167,-0.01542718154875829,0.5827548801903772,0.03899399693000449,0.00520898498597419,0.01987398502118087,0.0038452132926021475,-0.0018975657815677666,-0.016562565816774448,-0.0005337940881957239,-0.0018975657815677666,cross_fitted,season_grid_average,example_precomputed_capabilities,0.7143039723020035,0.0,0.0,0.0033114192044064236,0.38842355740203316,0.03899399693000449,0.5827548801903772,0.2,0.7,0.007136515545119616,0.13603192595184077,-0.01044793474952604,,0.0,0.0,0.0,0.0,1451.8735935052075,revised_v3_parallel,prior_similar_races_current_season_only,field_centered_bounded_no_teammate_term,grahamhill,graham-hill,brm,owen-racing-organisation,brm-p48-57,brm-p48-57,exact_chassis,brm-p48-57,Engine,mechanical,11.0,11,True,,2:00.000,True,False,,,,False,0.5936507936507937,,-0.002862733370580144,0.0,0.0,-0.02400482980781133,0.0942527747338181,full_same_season_static_retrospective_baseline_plus_shape_distributions_v9,constructor_lineage_regulation_and_stability_shrunk,16.59748146905447,1468.471074974262,1463.4969833451587,1.111338637931545,1469.5824136121935,1469.5824136121935,4b3c2835e1f5a98c,0.44687747035573117,0.0076,0.2712215320910973,0.14803312629399587,0.0,0.049910873440285206,0.11942959001782531,0.22459893048128343,0.5811051693404634,0.0,0.16666666666666666,0.6211180124223602,0.0,0.41407867494824013,0.20703933747412007,0.6211180124223602,1.6231211827379661,0.40254540705509656,-0.0069071621198555835,0.0,0.0,-0.02400482980781133,0.0942527747338181,full_same_season_static_retrospective_baseline_plus_shape_distributions_v9,constructor_lineage_regulation_and_stability_shrunk,high,baseline_plus_shape_distributions_v9,0.3063502027494508,0.0592216095707698,full_same_season_static_retrospective,1467.6971926778256,0.01934773306050315,21,DNF,,9653.6,75.0,,0.0,unavailable,,1.0,scheduled_distance_unavailable_assume_full,1476.283293627588,0.025781718484542335,0.0,0.0,0.0,0.0,,0.0,,0.0,0.0,0.0,-0.0025782507944873707,4.089983711722955,1,0.0025782507944873707,0.0,,,all_field_expected_seconds_gap_residual_same_car_crossfit_v7_4,87,8,16.0,2.0,48.0,12.0,56.0,18.0,384.0,96.0,1465.4173697297836,1494.4707977241642,0,1.0,12,2.2798229480419154,0.460028164008635,0.4867833127990198,,0.0,1467.6971926778256,1467.6971926778256,1438.3262426072108,retrospective_first_five_backcast_previous_season_anchor_frozen_v7_5
baghetti,1961,British Grand Prix,Giancarlo Baghetti,Ferrari,Ferrari,19,0.11254238739620762,0.9316129213073746,1961-1965_1.5l,75,0.8,14.6,14.6,8.696000000000002,aintree,0.6921089060823991,open_meteo_era5_air_temperature_track_proxy,5,1961-07-15,jolpica_cross_fitted_xw_xp,0.0,23,Accident,-4.0,4.495803352256911,3,prior_same_circuit_grid_movement,driver_fault,0.0,True,1523.5937891056276,0.0,0.5142314465798477,0.3274918353436238,2.3199301618327035,0.7895454282202798,0.14737132590463073,2.8999127022908793,0.11843181423304197,2.063805104399994,0.08563378164405691,0.5842494520439507,13.472516438681478,0.12,0.0299252577022837,0.21007474229771628,0.14737132590463073,2.8999127022908793,0.11843181423304197,0.008919281037459155,0.0680459529294046,0.0013687207257155718,0.022280217096934153,0.39293459826070093,0.010530036162706905,0.4565259965878481,0.02296661788999343,0.08417393597772745,0.02551190214784102,0.09986000306811174,0.017126636604845313,0.07578867043473174,0.001440569514461018,0.017126636604845313,cross_fitted,season_grid_average,example_precomputed_capabilities,0.7143039723020035,0.0,5.551115123125783e-17,0.10130057258257276,0.8822708481081901,0.02296661788999343,0.4565259965878481,0.2,0.7,-0.015666790938515848,-0.2980213960642394,-0.08563378164405691,-0.5842494520439507,-12.57170089624848,-1.1034545518738224,-13.675155448122302,0.0,1509.9186336575053,revised_v3_parallel,prior_similar_races_current_season_only,field_centered_bounded_no_teammate_term,giancarlobaghetti,giancarlo-baghetti,ferrari,scuderia-santambroeus,ferrari-156,ferrari-156,exact_chassis,ferrari-156,Accident,driver_fault,19.0,19,True,,2:02.000,True,False,,,,True,0.5936507936507937,-0.5936507936507937,0.10786577455702162,0.0,0.0,0.35328673868394816,0.2769830120639892,full_same_season_static_retrospective_baseline_plus_shape_distributions_v9,constructor_lineage_regulation_and_stability_shrunk,0.15030260940530207,1523.744091715033,1525.0440790940972,-1.1910924505559535,1522.552999264477,1508.8778438163547,4b3c2835e1f5a98c,0.44687747035573117,0.0076,0.2712215320910973,0.14803312629399587,0.0,0.049910873440285206,0.11942959001782531,0.22459893048128343,0.5811051693404634,0.0,0.16666666666666666,0.6211180124223602,0.0,0.41407867494824013,0.20703933747412007,0.6211180124223602,1.6231211827379661,0.40254540705509656,0.10165490855057115,0.0,0.0,0.35328673868394816,0.2769830120639892,full_same_season_static_retrospective_baseline_plus_shape_distributions_v9,constructor_lineage_regulation_and_stability_shrunk,high,baseline_plus_shape_distributions_v9,1.0187332589240572,0.45335100109948623,full_same_season_static_retrospective,1495.0383718667977,0.0,22,DNF,,9653.6,75.0,,0.0,unavailable,,1.0,scheduled_distance_unavailable_assume_full,1531.4432510279007,0.03187491501249573,0.0,0.0,0.0,0.0,,0.0,,0.0,0.0,0.0,0.022404243850594138,13.601778900933065,4,-0.022404243850594138,0.0,0.0,0.0,all_field_expected_seconds_gap_residual_same_car_crossfit_v7_4,87,8,16.0,2.0,48.0,12.0,56.0,18.0,384.0,96.0,1496.7811399993814,1487.8940609235983,0,1.0,1,-1.742768132583786,0.48662757129574896,0.522867912839706,-0.522867912839706,-25.232669974399947,1469.8057018923978,1469.8057018923978,1475.70034105935,retrospective_first_five_backcast_previous_season_anchor_frozen_v7_5
marsh,1961,British Grand Prix,Tony Marsh,Lotus-Climax,Lotus-Climax,27,0.0006342275879894316,0.3680394461351992,1961-1965_1.5l,75,0.8,14.6,14.6,8.696000000000002,aintree,0.6921089060823991,open_meteo_era5_air_temperature_track_proxy,5,1961-07-15,jolpica_cross_fitted_xw_xp,0.0,24,Ignition,3.0,4.495803352256911,3,prior_same_circuit_grid_movement,other,0.23333333333333328,False,1496.3256952888999,0.0,0.4873204151375676,-0.30428900696480377,-0.054382341033205196,0.3395246971634553,-0.1369300531341617,-0.0679779262915065,0.05092870457451829,2.063805104399994,0.00503402683877745,0.34350152980188553,20.694954105943435,0.0,0.0,0.0,-0.1369300531341617,-0.0679779262915065,0.05092870457451829,-0.0014142542084463854,-0.009238641086364073,3.687948850003752e-05,-0.01838921813407045,0.04007379530500014,0.007211101367023196,0.33483282624049965,0.013526839483825786,0.0032134459117255836,0.0113212279215971,0.0030661067000222965,-0.0003026222342102187,-0.008410404244081736,-0.00015528302250693163,-0.0003026222342102187,cross_fitted,season_grid_average,example_precomputed_capabilities,0.7143039723020035,0.0,0.0,0.002910823677515365,0.36372850477845253,0.013526839483825786,0.33483282624049965,0.2,0.7,0.002123203161262085,-0.020226974976567003,-0.00503402683877745,-0.11016819646855225,0.0,0.0,0.0,0.0,1496.3256952888999,revised_v3_parallel,prior_similar_races_current_season_only,field_centered_bounded_no_teammate_term,tonymarsh,tony-marsh,lotus,tony-marsh,lotus-18,lotus-18,exact_chassis,lotus-18,Ignition,other,27.0,27,True,,2:09.600,True,False,,,,False,0.5936507936507937,,-0.10676230600295,0.0,0.0,-0.369134670840952,0.03515950541231942,full_same_season_static_retrospective_baseline_plus_shape_distributions_v9,constructor_lineage_regulation_and_stability_shrunk,-4.475924245878336,1491.8497710430215,1423.0998213525654,-2.0258653010532943,1489.8239057419682,1489.8239057419682,4b3c2835e1f5a98c,0.44687747035573117,0.0076,0.2712215320910973,0.14803312629399587,0.0,0.049910873440285206,0.11942959001782531,0.22459893048128343,0.5811051693404634,0.0,0.16666666666666666,0.6211180124223602,0.0,0.41407867494824013,0.20703933747412007,0.6211180124223602,1.6231211827379661,0.40254540705509656,-0.10621500072990739,0.0,0.0,-0.369134670840952,0.03515950541231942,full_same_season_static_retrospective_baseline_plus_shape_distributions_v9,constructor_lineage_regulation_and_stability_shrunk,high,baseline_plus_shape_distributions_v9,-0.36209820744205684,0.008770851563490785,full_same_season_static_retrospective,1448.752594541871,0.0,23,DNF,,9653.6,75.0,,0.0,unavailable,,1.0,scheduled_distance_unavailable_assume_full,1444.6922023959012,0.022831963402892043,0.0,0.0,0.0,0.0,,0.0,,0.0,0.0,0.0,-0.0389604522336552,4.983237120477656,5,0.0389604522336552,0.0,0.23333333333333328,0.23333333333333328,all_field_expected_seconds_gap_residual_same_car_crossfit_v7_4,87,8,16.0,2.0,48.0,12.0,56.0,18.0,384.0,96.0,1452.6305950198416,1496.185403012279,0,1.0,2,-3.8780004779705646,0.44170825283420806,0.4230410652804566,-0.18970773194712331,0.0,1448.752594541871,1448.752594541871,1465.6296366412353,retrospective_first_five_backcast_previous_season_anchor_frozen_v7_5
surtees,1961,British Grand Prix,John Surtees,Cooper-Climax,Cooper-Climax,10,0.00039613823640630386,0.28098140530796045,1961-1965_1.5l,75,0.8,14.6,14.6,8.696000000000002,aintree,0.6921089060823991,open_meteo_era5_air_temperature_track_proxy,5,1961-07-15,jolpica_cross_fitted_xw_xp,0.0,25,Differential,-15.0,4.495803352256911,3,prior_same_circuit_grid_movement,other,0.19999999999999996,False,1475.814137901654,0.0,0.4671117491692389,-0.7795260767163453,-0.1507471423339284,-0.09349213866886712,-0.3507867345223554,-0.1884339279174105,-0.014023820800330067,2.063805104399994,0.013528292569507449,0.5747041613303306,13.758875160090081,0.0,0.0,0.0,-0.3507867345223554,-0.1884339279174105,-0.014023820800330067,-0.0076765034041808905,-0.026753863799114996,-0.0007361947578849239,-0.0605850907008941,-0.015202077932936743,-0.0024101668940289347,0.5981633619886886,0.04166154213845209,0.008542160690691365,0.027982433457532752,0.007108061300736155,-0.0020471805134200816,-0.02148745328026147,-0.0006130811234648717,-0.0020471805134200816,cross_fitted,season_grid_average,example_precomputed_capabilities,0.7143039723020035,0.0,-1.3877787807814457e-17,0.006494980177271284,0.5199660264608288,0.04166154213845209,0.5981633619886886,0.2,0.7,0.007033312392236165,0.05473813486950185,-0.013528292569507449,-0.3747041613303307,0.0,0.0,0.0,0.0,1475.814137901654,revised_v3_parallel,prior_similar_races_current_season_only,field_centered_bounded_no_teammate_term,johnsurtees,john-surtees,cooper,yeoman-credit-racing-team,cooper-t53,cooper-t53,exact_chassis,cooper-t53,Differential,other,10.0,10,True,,1:59.600,True,False,,,,False,0.5936507936507937,,-0.05169494879105847,0.0,0.0,-0.1895010470287146,0.05874076393946384,full_same_season_static_retrospective_baseline_plus_shape_distributions_v9,constructor_lineage_regulation_and_stability_shrunk,6.902079461300275,1482.7162173629542,1451.1969738497526,1.3810595045091714,1484.0972768674635,1484.0972768674635,4b3c2835e1f5a98c,0.44687747035573117,0.0076,0.2712215320910973,0.14803312629399587,0.0,0.049910873440285206,0.11942959001782531,0.22459893048128343,0.5811051693404634,0.0,0.16666666666666666,0.6211180124223602,0.0,0.41407867494824013,0.20703933747412007,0.6211180124223602,1.6231211827379661,0.40254540705509656,-0.054527129089820894,0.0,0.0,-0.1895010470287146,0.05874076393946384,full_same_season_static_retrospective_baseline_plus_shape_distributions_v9,constructor_lineage_regulation_and_stability_shrunk,high,baseline_plus_shape_distributions_v9,-0.007816794639895765,0.024135083028496377,full_same_season_static_retrospective,1469.1923218452735,0.08437399072615648,24,DNF,,9653.6,75.0,,0.0,unavailable,,1.0,scheduled_distance_unavailable_assume_full,1466.8607686544474,0.024864104430022183,0.0,0.0,0.0,0.0,,0.0,,0.0,0.0,0.0,0.007427718607209554,5.243655037496952,3,-0.007427718607209554,0.0,0.19999999999999996,0.19999999999999996,all_field_expected_seconds_gap_residual_same_car_crossfit_v7_4,87,8,16.0,2.0,48.0,12.0,56.0,18.0,384.0,96.0,1466.3570576120496,1490.5022427856638,0,1.0,5,2.8352642332238505,0.46147873094290665,0.5405403913152089,-0.34054039131520897,0.0,1469.1923218452735,1469.1923218452735,1450.428030033468,retrospective_first_five_backcast_previous_season_anchor_frozen_v7_5
parnell,1961,British Grand Prix,Tim Parnell,Lotus-Climax,Lotus-Climax,29,0.0005556098701929505,0.34293856673348816,1961-1965_1.5l,75,0.8,14.6,14.6,8.696000000000002,aintree,0.6921089060823991,open_meteo_era5_air_temperature_track_proxy,5,1961-07-15,jolpica_cross_fitted_xw_xp,0.0,26,Clutch,3.0,4.495803352256911,3,prior_same_circuit_grid_movement,mechanical,,False,1500.0,0.0,0.4909460733855784,-0.21915818187380937,-0.054382341033205196,0.3395246971634553,-0.09862118184321422,-0.0679779262915065,0.05092870457451829,2.063805104399994,0.0044770342459948785,0.31809688262957947,21.457093521112615,0.0,0.0,0.0,-0.09862118184321422,-0.0679779262915065,0.05092870457451829,-0.0010362134770155846,-0.008213044665737,3.295514068295815e-05,-0.011324798552786071,0.0423617924666488,0.007228820760622691,0.30661713822723385,0.011850076647650578,0.0028151129022089575,0.010246349834767635,0.002774006325082994,-0.00018133925662800528,-0.007612576189186683,-0.00014023267950204156,-0.00018133925662800528,cross_fitted,season_grid_average,example_precomputed_capabilities,0.7143039723020035,0.0,0.0,0.0026337736455809523,0.3448829529017193,0.011850076647650578,0.30661713822723385,0.2,0.7,0.0018432606004139263,-0.026786070272139806,-0.0044770342459948785,,0.0,0.0,0.0,0.0,1500.0,revised_v3_parallel,prior_similar_races_current_season_only,field_centered_bounded_no_teammate_term,timparnell,tim-parnell,lotus,tim-parnell,lotus-18,lotus-18,exact_chassis,lotus-18,Clutch,mechanical,29.0,29,True,,2:16.800,True,False,,,,False,0.5936507936507937,,-0.10676230600295,0.0,0.0,-0.369134670840952,0.03515950541231942,full_same_season_static_retrospective_baseline_plus_shape_distributions_v9,constructor_lineage_regulation_and_stability_shrunk,0.0,1500.0,1433.7000279502522,-2.4863715464363025,1497.5136284535638,1497.5136284535638,4b3c2835e1f5a98c,0.44687747035573117,0.0076,0.2712215320910973,0.14803312629399587,0.0,0.049910873440285206,0.11942959001782531,0.22459893048128343,0.5811051693404634,0.0,0.16666666666666666,0.6211180124223602,0.0,0.41407867494824013,0.20703933747412007,0.6211180124223602,1.6231211827379661,0.40254540705509656,-0.10621500072990739,0.0,0.0,-0.369134670840952,0.03515950541231942,full_same_season_static_retrospective_baseline_plus_shape_distributions_v9,constructor_lineage_regulation_and_stability_shrunk,high,baseline_plus_shape_distributions_v9,-0.36209820744205684,0.008770851563490785,full_same_season_static_retrospective,1458.4044826730128,0.0,25,DNF,,9653.6,75.0,,0.0,unavailable,,1.0,scheduled_distance_unavailable_assume_full,1442.4267502727675,0.022633886375480545,0.0,0.0,0.0,0.0,,0.0,,0.0,0.0,0.0,-0.04374649344137569,5.185017079487118,5,0.04374649344137569,0.0,,,all_field_expected_seconds_gap_residual_same_car_crossfit_v7_4,87,8,16.0,2.0,48.0,12.0,56.0,18.0,384.0,96.0,1463.2308016175284,1487.8940609235983,0,1.0,0,-4.826318944515616,0.45102689980750416,0.43217504437111104,,0.0,1458.4044826730128,1458.4044826730128,1463.2308016175284,retrospective_first_five_backcast_previous_season_anchor_frozen_v7_5
lewis,1961,British Grand Prix,Jackie Lewis,Cooper-Climax,Cooper-Climax,15,0.000980089254612026,0.4516096464773344,1961-1965_1.5l,75,0.8,14.6,14.6,8.696000000000002,aintree,0.6921089060823991,open_meteo_era5_air_temperature_track_proxy,5,1961-07-15,jolpica_cross_fitted_xw_xp,0.0,27,Handling,-12.0,4.495803352256911,3,prior_same_circuit_grid_movement,other,0.1333333333333333,False,1499.7573616774891,0.0,0.4907066186762804,-0.2247799259092569,-0.1507471423339284,-0.09349213866886712,-0.1011509666591656,-0.1884339279174105,-0.014023820800330067,2.063805104399994,0.01057501911464387,0.5127267429359326,15.618197711922022,0.0,0.0,0.0,-0.1011509666591656,-0.1884339279174105,-0.014023820800330067,-0.0025866877053566,-0.021035444747648468,-0.0005664840392933408,-0.015588748329559494,-0.0063977000375246736,-0.002055049174761921,0.5199391921984864,0.029925912308482596,0.0061359214909776005,0.024834636470054464,0.006279955948268715,-0.00039862567479341353,-0.019097340653870278,-0.0005426601320845277,-0.00039862567479341353,cross_fitted,season_grid_average,example_precomputed_capabilities,0.7143039723020035,0.0,-3.469446951953614e-18,0.005737295816184187,0.4958976946566403,0.029925912308482596,0.5199391921984864,0.2,0.7,0.0048377232984596836,0.01682904827929227,-0.01057501911464387,-0.37939340960259926,0.0,0.0,0.0,0.0,1499.7573616774891,revised_v3_parallel,prior_similar_races_current_season_only,field_centered_bounded_no_teammate_term,jackielewis,jackie-lewis,cooper,hl-motors,cooper-t53,cooper-t53,exact_chassis,cooper-t53,Handling,other,15.0,15,True,,2:01.000,True,False,,,,False,0.5936507936507937,,-0.05169494879105847,0.0,0.0,-0.1895010470287146,0.05874076393946384,full_same_season_static_retrospective_baseline_plus_shape_distributions_v9,constructor_lineage_regulation_and_stability_shrunk,-0.6027037967369153,1499.1546578807522,1440.655024898793,0.2516672925291755,1499.4063251732814,1499.4063251732814,4b3c2835e1f5a98c,0.44687747035573117,0.0076,0.2712215320910973,0.14803312629399587,0.0,0.049910873440285206,0.11942959001782531,0.22459893048128343,0.5811051693404634,0.0,0.16666666666666666,0.6211180124223602,0.0,0.41407867494824013,0.20703933747412007,0.6211180124223602,1.6231211827379661,0.40254540705509656,-0.054527129089820894,0.0,0.0,-0.1895010470287146,0.05874076393946384,full_same_season_static_retrospective_baseline_plus_shape_distributions_v9,constructor_lineage_regulation_and_stability_shrunk,high,baseline_plus_shape_distributions_v9,-0.007816794639895765,0.024135083028496377,full_same_season_static_retrospective,1456.7023638172786,0.0,26,DNF,,9653.6,75.0,,0.0,unavailable,,1.0,scheduled_distance_unavailable_assume_full,1456.6386640877947,0.02390551982830788,0.0,0.0,0.0,0.0,,0.0,,0.0,0.0,0.0,0.013421922959040315,5.6567850125501025,3,-0.013421922959040315,0.0,0.1333333333333333,0.1333333333333333,all_field_expected_seconds_gap_residual_same_car_crossfit_v7_4,87,8,16.0,2.0,48.0,12.0,56.0,18.0,384.0,96.0,1455.81510866109,1487.8940609235983,0,1.0,1,0.8872551561886413,0.4493811254545072,0.4442264992909885,-0.3108931659576552,0.0,1456.7023638172786,1456.7023638172786,1450.4254506109912,retrospective_first_five_backcast_previous_season_anchor_frozen_v7_5
ashmore,1961,British Grand Prix,Gerry Ashmore,Lotus-Climax,Lotus-Climax,26,0.0006776145423055892,0.38069693710047053,1961-1965_1.5l,75,0.8,14.6,14.6,8.696000000000002,aintree,0.6921089060823991,open_meteo_era5_air_temperature_track_proxy,5,1961-07-15,jolpica_cross_fitted_xw_xp,0.0,28,Ignition,-2.0,4.495803352256911,3,prior_same_circuit_grid_movement,other,0.09999999999999998,False,1500.0,0.0,0.4909460733855784,-0.21915818187380937,-0.054382341033205196,0.3395246971634553,-0.09862118184321422,-0.0679779262915065,0.05092870457451829,2.063805104399994,0.005460132503464588,0.35931015997351873,20.220695200794438,0.0,0.0,0.0,-0.09862118184321422,-0.0679779262915065,0.05092870457451829,-0.0012637524252673133,-0.010016522025024586,4.019165923518326e-05,-0.012214528308617531,0.038234611700523405,0.007189939906236277,0.3493471529840761,0.01445219873630996,0.0034332749346343166,0.012496314457440892,0.003383141889958048,-0.00022115898938107224,-0.009284198512187647,-0.00017102594470480353,-0.00022115898938107224,cross_fitted,season_grid_average,example_precomputed_capabilities,0.7143039723020035,1.734723475976807e-18,6.938893903907228e-18,0.0032121159452532444,0.38255717628221825,0.01445219873630996,0.3493471529840761,0.2,0.7,0.0022480165582113437,-0.02324701630869952,-0.005460132503464588,-0.25931015997351875,0.0,0.0,0.0,0.0,1500.0,revised_v3_parallel,prior_similar_races_current_season_only,field_centered_bounded_no_teammate_term,gerryashmore,gerry-ashmore,lotus,gerry-ashmore,lotus-18,lotus-18,exact_chassis,lotus-18,Ignition,other,26.0,26,True,,2:08.200,True,False,,,,False,0.5936507936507937,,-0.10676230600295,0.0,0.0,-0.369134670840952,0.03515950541231942,full_same_season_static_retrospective_baseline_plus_shape_distributions_v9,constructor_lineage_regulation_and_stability_shrunk,0.0,1500.0,1411.8112813246312,-1.865681891263888,1498.1343181087361,1498.1343181087361,4b3c2835e1f5a98c,0.44687747035573117,0.0076,0.2712215320910973,0.14803312629399587,0.0,0.049910873440285206,0.11942959001782531,0.22459893048128343,0.5811051693404634,0.0,0.16666666666666666,0.6211180124223602,0.0,0.41407867494824013,0.20703933747412007,0.6211180124223602,1.6231211827379661,0.40254540705509656,-0.10621500072990739,0.0,0.0,-0.369134670840952,0.03515950541231942,full_same_season_static_retrospective_baseline_plus_shape_distributions_v9,constructor_lineage_regulation_and_stability_shrunk,high,baseline_plus_shape_distributions_v9,-0.36209820744205684,0.008770851563490785,full_same_season_static_retrospective,1438.005695911853,0.0,27,DNF,,9653.6,75.0,,0.0,unavailable,,1.0,scheduled_distance_unavailable_assume_full,1427.0985325061406,0.02133808483926319,0.0,0.0,0.0,0.0,,0.0,,0.0,0.0,0.0,-0.03903885662025271,4.983237120477656,5,0.03903885662025271,0.0,0.09999999999999998,0.09999999999999998,all_field_expected_seconds_gap_residual_same_car_crossfit_v7_4,87,8,16.0,2.0,48.0,12.0,56.0,18.0,384.0,96.0,1441.3420549919074,1487.8940609235983,0,1.0,0,-3.3363590800543523,0.4313761116725497,0.4129267366884731,-0.3129267366884731,0.0,1438.005695911853,1438.005695911853,1441.3420549919074,retrospective_first_five_backcast_previous_season_anchor_frozen_v7_5
henry_taylor,1961,British Grand Prix,Henry Taylor,Lotus-Climax,Lotus-Climax,17,0.0015387677483736106,0.5357059226040969,1961-1965_1.5l,75,0.8,14.6,14.6,8.696000000000002,aintree,0.6921089060823991,open_meteo_era5_air_temperature_track_proxy,5,1961-07-15,jolpica_cross_fitted_xw_xp,0.0,29,Accident,-12.0,4.495803352256911,3,prior_same_circuit_grid_movement,driver_fault,0.0,True,1495.6010144820996,0.0,0.48660545503442576,-0.3210793060448285,-0.054382341033205196,0.3395246971634553,-0.1444856877201728,-0.0679779262915065,0.05092870457451829,2.063805104399994,0.009727760560831543,0.4891477950183482,16.32556614944955,0.0,0.0,0.0,-0.1444856877201728,-0.0679779262915065,0.05092870457451829,-0.0028277174378785555,-0.017854220342552716,7.120132295914716e-05,-0.02312318830200555,0.019823672290503552,0.006468896987903509,0.4881969807254278,0.02621634972680924,0.006227975274691168,0.021801102726463475,0.005904768201317357,-0.0006223620053540536,-0.01619548945712636,-0.00029915493198024237,-0.0006223620053540536,cross_fitted,season_grid_average,example_precomputed_capabilities,0.7143039723020035,-3.469446951953614e-18,1.734723475976807e-18,0.005605613269337115,0.4913663617018293,0.02621634972680924,0.4881969807254278,0.2,0.7,0.004122147291494428,-0.0022185666834810824,-0.009727760560831543,-0.4891477950183482,-9.038126563790225,-1.1034545518738224,-10.141581115664048,0.0,1485.4594333664356,revised_v3_parallel,prior_similar_races_current_season_only,field_centered_bounded_no_teammate_term,henrytaylor,henry-taylor,lotus,udt-laystall-racing-team,,lotus-18|lotus-18-21,ambiguous_chassis_constructor_fallback,constructor:lotus,Accident,driver_fault,17.0,17,True,,2:01.800,True,False,,,,True,0.5936507936507937,-0.5936507936507937,-0.03992890659389421,0.0,0.0,-0.142027666306315,0.06727388762695889,full_same_season_static_retrospective_baseline_plus_shape_distributions_v9,constructor_lineage_regulation_and_stability_shrunk,-6.353154709384443,1489.2478597727152,1486.9099150519223,-0.1398601019228321,1489.1079996707924,1478.9664185551285,4b3c2835e1f5a98c,0.44687747035573117,0.0076,0.2712215320910973,0.14803312629399587,0.0,0.049910873440285206,0.11942959001782531,0.22459893048128343,0.5811051693404634,0.0,0.16666666666666666,0.6211180124223602,0.0,0.41407867494824013,0.20703933747412007,0.6211180124223602,1.6231211827379661,0.40254540705509656,-0.04086711401566537,0.0,0.0,-0.142027666306315,0.06727388762695889,full_same_season_static_retrospective_baseline_plus_shape_distributions_v9,constructor_lineage_regulation_and_stability_shrunk,high,baseline_plus_shape_distributions_v9,0.06788122799557281,0.029962499226623873,full_same_season_static_retrospective,1497.7985151010582,0.12653516700157277,28,DNF,,9653.6,75.0,,0.0,unavailable,,1.0,scheduled_distance_unavailable_assume_full,1541.2163624883958,0.03309586093996696,0.0,0.0,0.0,0.0,,0.0,,0.0,0.0,0.0,-0.01173858883244434,13.135355205624137,7,0.01173858883244434,0.0,0.0,0.0,all_field_expected_seconds_gap_residual_same_car_crossfit_v7_4,87,8,16.0,2.0,48.0,12.0,56.0,18.0,384.0,96.0,1498.2721283564276,1492.4431172668544,0,1.0,6,-0.4736132553694825,0.48931875353808896,0.6138603608240971,-0.6138603608240971,-29.600307477650716,1468.1982076234076,1468.1982076234076,1506.4974031283523,retrospective_first_five_backcast_previous_season_anchor_frozen_v7_5
natili,1961,British Grand Prix,Massimo Natili,Cooper-Maserati,Cooper-Maserati,28,0.0005333938884875241,0.3352749325839475,1961-1965_1.5l,75,0.8,14.6,14.6,8.696000000000002,aintree,0.6921089060823991,open_meteo_era5_air_temperature_track_proxy,5,1961-07-15,jolpica_cross_fitted_xw_xp,0.0,30,Gearbox,-2.0,4.495803352256911,3,prior_same_circuit_grid_movement,mechanical,,False,1500.0,0.0,0.4909460733855784,-0.21915818187380937,-0.6718204196771871,-1.4978287465397222,-0.09862118184321422,-0.8397755245964839,-0.22467431198095833,1.5148207302140608,0.003505221362036322,0.28850868584932926,22.34473942452012,0.0,0.0,0.0,-0.09862118184321422,-0.8397755245964839,-0.22467431198095833,-0.0009974770399989684,-0.00948592048249081,-0.0009609883021602184,-0.009969628279203066,-0.07541963265844356,-0.02152623383551757,0.3205833342812785,0.012660730021756317,0.00128848090387073,0.009280452283177604,0.0014910149546196211,-7.213670676440762e-05,-0.008064108086071282,-0.0002746707575132987,-7.213670676440762e-05,cross_fitted,season_grid_average,example_precomputed_capabilities,0.7054116296314707,0.0,0.0,0.0012163441971063224,0.2136678395081143,0.012660730021756317,0.3205833342812785,0.2,0.7,0.0022888771649299997,0.07484084634121496,-0.003505221362036322,,0.0,0.0,0.0,0.0,1500.0,revised_v3_parallel,prior_similar_races_current_season_only,field_centered_bounded_no_teammate_term,massimonatili,massimo-natili,cooper,scuderia-centro-sud,,cooper-t51|cooper-t53,ambiguous_chassis_constructor_fallback,constructor:cooper,Gearbox,mechanical,28.0,28,True,,2:10.200,True,False,,,,False,0.5936507936507937,,0.032653858641496,0.0,0.0,0.10612865332769089,0.13670020151333614,full_same_season_static_retrospective_baseline_plus_shape_distributions_v9,constructor_lineage_regulation_and_stability_shrunk,0.0,1500.0,1460.3843531898135,-2.6944296877576974,1497.3055703122423,1497.3055703122423,4b3c2835e1f5a98c,0.44687747035573117,0.0076,0.2712215320910973,0.14803312629399587,0.0,0.049910873440285206,0.11942959001782531,0.22459893048128343,0.5811051693404634,0.0,0.16666666666666666,0.6211180124223602,0.0,0.41407867494824013,0.20703933747412007,0.6211180124223602,1.6231211827379661,0.40254540705509656,0.030537513490629838,0.0,0.0,0.10612865332769089,0.13670020151333614,full_same_season_static_retrospective_baseline_plus_shape_distributions_v9,constructor_lineage_regulation_and_stability_shrunk,high,baseline_plus_shape_distributions_v9,0.5348497900374182,0.11376585872740771,full_same_season_static_retrospective,1447.1752922326395,0.0,29,DNF,,9653.6,75.0,,0.0,unavailable,,1.0,scheduled_distance_unavailable_assume_full,1471.0610637098316,0.025269045666341857,0.0,0.0,0.0,0.0,,0.0,,0.0,0.0,0.0,-0.005652426673374422,14.528235373649972,7,0.005652426673374422,0.0,,,all_field_expected_seconds_gap_residual_same_car_crossfit_v7_4,87,8,16.0,2.0,48.0,12.0,56.0,18.0,384.0,96.0,1451.8940609235983,1487.8940609235983,0,1.0,0,-4.718768690958749,0.44018876400434037,0.45773145252573855,,0.0,1447.1752922326395,1447.1752922326395,1451.8940609235983,retrospective_first_five_backcast_previous_season_anchor_frozen_v7_5
