driver_id,season,event,driver,constructor,team,grid,v02_XW,v02_XP,regulation_era,race_distance_laps,wet_fraction,track_temperature,air_temperature,wind_speed,circuit_id,overtake_index,weather_source,round,date,source,observed_winner,position,status,positions_gained,overtake_proxy_raw,circuit_history_races,overtake_source,status_class,observed_performance,rating_eligible,pre_rating,season_reversion_delta,driver_expected_from_rating,driver_score_raw_revised,car_score_raw_revised,team_score_raw_revised,XdW_score_revised,XcW_score_revised,XtW_score_revised,car_effective_prior_races,XW,XP,expected_position,XW_simulated,XW_lower_95,XW_upper_95,XdW_score,XcW_score,XtW_score,XdW_probability_contribution,XcW_probability_contribution,XtW_probability_contribution,XdP_performance_contribution,XcP_performance_contribution,XtP_performance_contribution,XP_neutral_baseline,XW_neutral_baseline,XW_with_neutral_driver,XW_with_neutral_car,XW_with_neutral_team,driver_direct_uplift,car_direct_uplift,team_direct_uplift,driver_above_car_expectation,analysis_mode,neutral_reference,data_quality,model_confidence,decomposition_error,xp_decomposition_error,XW_raw_revised,XP_raw_revised,XW_neutral_revised,XP_neutral_revised,xw_calibration_shrinkage,xp_calibration_shrinkage,xw_calibration_adjustment,xp_calibration_adjustment,win_surprise,performance_surprise,raw_rating_delta,field_centering_adjustment,rating_delta,teammate_rating_delta,post_rating,model_version,car_prior_scope,rating_update_method,driver_name_key,driver_id_f1db,constructor_id_f1db,entrant_id,car_model_id,car_model_candidates,car_identity_resolution,model_entity_id,reason_retired_f1db,status_class_f1db,qualifying_position,qualifying_position_text,qualifying_eligible,qualifying_laps,qualifying_time,f1db_joined,clean_pass_proxy_eligible,clean_grid_rank,clean_finish_rank,clean_positions_gained,car_fit_eligible,field_performance,relative_performance,current_car_score_raw,constructor_prior_z_x,prior_weight_total_x,car_suitability_score_v6,expected_car_win_v6,car_model_scope_v6,car_prior_scope_v6,qualifying_rating_carried_v6,pre_qualifying_rating_v6,pre_session_strength,qualifying_delta_v6,pre_race_rating_v6,post_event_rating_v6,layout_key,straight_demand,altitude_demand,top_three_straight_share,straight_600_1000_track_share,straight_over_1000_track_share,radius_under_50_distance_share,radius_50_90_distance_share,radius_90_150_distance_share,radius_150_250_distance_share,radius_250_450_distance_share,steady_long_turn_distance_share,opposite_direction_links_per_km,same_direction_links_per_km,multi_turn_complexes_per_km,multi_apex_turns_per_km,tightening_turns_per_km,approach_severity_per_km,top_three_turning_share,current_car_score_raw_v7_6,constructor_prior_z_y,prior_weight_total_y,car_suitability_score_v7_6,expected_car_win_v7_6,car_model_scope_v7_6,car_prior_scope_v7_6,shape_topology_quality,car_suitability_model_branch_v7_6,car_suitability_score_v6_baseline,expected_car_win_v6_baseline,car_model_scope_v6_baseline,retrospective_pre_race_rating,driver_context_adjustment,result_order,finish_position_text,gap_laps,winner_race_time_seconds,winner_race_laps,cumulative_gap_share,cumulative_gap_reliability,cumulative_gap_quality,race_completion_fraction_v7_4,race_completion_reliability_v7_4,race_completion_quality_v7_4,pairwise_pre_race_strength_v7_4,field_xw_v7_4,margin_comparison_count,margin_comparison_weight,weighted_pair_gap_residual,same_car_margin_comparisons,eligible_timed_field_size,margin_race_completion_reliability,mean_pair_gap_residual_score,margin_pair_coverage,margin_field_depth_factor,raw_pairwise_margin_performance_adjustment,crossfit_car_margin_component,crossfit_car_margin_effective_rows,crossfit_car_margin_other_drivers,driver_margin_adjustment_before_centering,pairwise_margin_performance_adjustment,observed_performance_position_only,gap_adjusted_observed_performance,pairwise_margin_model,event_index,season_rounds,calendar_reference_rounds,calendar_k_multiplier,effective_race_k,effective_qualifying_k,effective_max_race_delta,effective_max_qualifying_delta,scheduled_race_k_budget,scheduled_qualifying_k_budget,retrospective_pre_qualifying_rating,retrospective_debut_anchor,inactivity_seasons,return_uncertainty_multiplier,driver_context_prior_samples,retrospective_qualifying_delta,retrospective_driver_expected_from_rating,retrospective_expected_performance,retrospective_performance_residual,retrospective_race_delta,retrospective_post_rating,retrospective_rating,debut_rating_frozen,rating_history_scope
cevert,1971,United States Grand Prix,François Cevert,Tyrrell,Tyrrell,5,0.0234275299277984,0.784330683189523,1966-1982_3l_and_ground_effect,59,0.0,16.14,16.14,2.012,watkins_glen,0.7257328448351839,open_meteo_era5_air_temperature_track_proxy,11,1971-10-03,jolpica_cross_fitted_xw_xp,1.0,1,Finished,4.0,5.292160079460241,8,prior_same_circuit_grid_movement,finished,1.0788765821713802,True,1452.7992048257022,0.0,0.4507354463401817,-0.8807815511222035,1.3931165169553432,1.3989217433960255,-0.3963516980049916,1.741395646194179,0.20983826150940382,7.5137040917354065,0.0584271012834571,0.6672142848837104,10.31800002325611,0.04,0.0,0.09431711332536,-0.3963516980049916,1.741395646194179,0.20983826150940382,-0.05680644942307918,0.05414314270965863,0.005611500802697922,-0.05153664388603655,0.21096656426908517,0.020058647701655066,0.64926542807524,0.056658184829890684,0.15484596525256147,0.0391026611390308,0.05746968902465633,-0.09523958633339341,0.020503717780137265,0.0021366898945117327,-0.09523958633339341,cross_fitted,season_grid_average,example_precomputed_capabilities,0.7485918490623895,5.204170427930421e-18,2.7755575615628914e-17,0.05960637891916806,0.8287539961599437,0.056658184829890684,0.64926542807524,0.39999999999999997,0.8999999999999999,-0.0011792776357109624,-0.16153971127623334,0.9415728987165429,0.3327857151162896,28.587892441290244,-2.6148914971448463,25.973000944145397,0.0,1478.7722057698477,revised_v3_parallel,prior_similar_races_current_season_only,field_centered_bounded_no_teammate_term,francoiscevert,francois-cevert,tyrrell,elf-team-tyrrell,,tyrrell-001|tyrrell-002|tyrrell-003,ambiguous_chassis_constructor_fallback,constructor:tyrrell,,finished,5.0,5,True,,1:43.152,True,True,3.0,1.0,2.0,True,0.657563025210084,0.34243697478991597,0.12492952619773129,0.0,0.0,0.4318404048119619,0.15662693208165285,full_same_season_static_retrospective_baseline_plus_shape_distributions_v9,constructor_lineage_regulation_and_stability_shrunk,7.523808308782208,1460.3230131344844,1542.1105393823464,2.345696850885374,1462.6687099853698,1488.6417109295153,8ca416052e09b97d,0.377806305929581,0.1936,0.21527138914443422,0.11775528978840846,0.0,0.13354531001589826,0.3052464228934817,0.4864864864864865,0.07472178060413355,0.0,0.36798528058877644,1.8399264029438824,0.0,0.735970561177553,0.18399264029438825,0.9199632014719412,2.9725957545623496,0.3238303605789938,0.1284751929677322,0.0,0.0,0.4318404048119619,0.15662693208165285,full_same_season_static_retrospective_baseline_plus_shape_distributions_v9,constructor_lineage_regulation_and_stability_shrunk,high,baseline_plus_shape_distributions_v9,1.0176861547092695,0.16891082285773695,full_same_season_static_retrospective,1510.7080953124646,0.08389163341287371,1,1,,6231.991,59.0,0.0,1.0,winner_origin,,1.0,scheduled_distance_unavailable_assume_full,1563.6849666787105,0.037410767975974195,14.0,13.299999999999999,2.894806203042464,1.0,15.0,1.0,0.2176546017325161,1.0,0.8583950752789521,0.0747334552955974,-0.0029191029431681103,6.787402324274684,1,0.0776525582387655,0.07887658217138024,1.0,1.0788765821713802,all_field_expected_seconds_gap_residual_same_car_crossfit_v7_4,196,11,16.0,1.4545454545454546,34.90909090909091,8.727272727272727,40.72727272727273,13.090909090909092,384.0,96.0,1507.5633069973894,1484.1853249422263,0,1.0,14,3.14478831507514,0.513423605436838,0.6317115868571452,0.4471649953142349,13.457611809044266,1524.1657071215088,1524.1657071215088,1488.0098394910676,retrospective_first_five_backcast_previous_season_anchor_frozen_v7_5
siffert,1971,United States Grand Prix,Jo Siffert,BRM,BRM,6,0.0013322741568978218,0.4123241538915306,1966-1982_3l_and_ground_effect,59,0.0,16.14,16.14,2.012,watkins_glen,0.7257328448351839,open_meteo_era5_air_temperature_track_proxy,11,1971-10-03,jolpica_cross_fitted_xw_xp,0.0,2,Finished,4.0,5.292160079460241,8,prior_same_circuit_grid_movement,finished,1.0332317517307226,True,1442.0449136538518,0.0,0.44025645413294096,-1.0675348454289877,0.15949306011824635,0.38657382679598024,-0.48039068044304445,0.19936632514780794,0.05798607401939703,7.5137040917354065,0.028748646019064093,0.6298526679334903,11.364125297862273,0.02,0.0,0.05880602015151773,-0.48039068044304445,0.19936632514780794,0.05798607401939703,-0.020879362131088763,-0.01968604427697709,-0.00015718317216476799,-0.0668483003613175,0.009736678978163863,0.0054669165588991184,0.6350171384159158,0.053182199767202475,0.03231267988729586,0.0316289541553906,0.013451002473230732,-0.019853069700324005,-0.019169343968418743,-0.0009913922862588784,-0.019853069700324005,cross_fitted,season_grid_average,example_precomputed_capabilities,0.7485918490623895,6.938893903907228e-18,-1.3877787807814457e-17,0.012459610186971854,0.5833724335916612,0.053182199767202475,0.6350171384159158,0.39999999999999997,0.8999999999999999,0.01628903583209224,0.04648023434182902,-0.028748646019064093,0.33443304635222404,5.3298273298824945,-2.6148914971448454,2.714935832737649,0.0,1444.7598494865895,revised_v3_parallel,prior_similar_races_current_season_only,field_centered_bounded_no_teammate_term,josiffert,jo-siffert,brm,yardley-team-brm,,brm-p153|brm-p160,ambiguous_chassis_constructor_fallback,constructor:brm,,finished,7.0,7,True,,1:43.468,True,True,4.0,2.0,2.0,True,0.657563025210084,0.3067226890756303,0.00466085503831672,-0.08714989467913692,0.022413287110233462,0.04213911473780813,0.05144094710002961,full_same_season_static_retrospective_baseline_plus_shape_distributions_v9,constructor_lineage_regulation_and_stability_shrunk,16.890991365627215,1458.9359050194792,1495.6264705029391,2.281390208082227,1461.2172952275614,1463.932231060299,8ca416052e09b97d,0.377806305929581,0.1936,0.21527138914443422,0.11775528978840846,0.0,0.13354531001589826,0.3052464228934817,0.4864864864864865,0.07472178060413355,0.0,0.36798528058877644,1.8399264029438824,0.0,0.735970561177553,0.18399264029438825,0.9199632014719412,2.9725957545623496,0.3238303605789938,0.013398758382227422,-0.08714989467913692,0.022413287110233462,0.04213911473780813,0.05144094710002961,full_same_season_static_retrospective_baseline_plus_shape_distributions_v9,constructor_lineage_regulation_and_stability_shrunk,high,baseline_plus_shape_distributions_v9,0.2443425640056007,0.018537909247546436,full_same_season_static_retrospective,1495.1680704858593,0.0884378217973561,2,2,,6231.991,59.0,0.006428443173297265,1.0,exact_seconds,,1.0,scheduled_distance_unavailable_assume_full,1523.0254500316707,0.031994877774571724,14.0,17.5,2.7903142880169733,4.0,15.0,1.0,0.15944653074382706,1.0,0.8583950752789521,0.054747246704326076,-0.012974766808067445,16.675746730919453,7,0.06772201351239351,0.06894603744500825,0.9642857142857143,1.0332317517307226,all_field_expected_seconds_gap_residual_same_car_crossfit_v7_4,196,11,16.0,1.4545454545454546,34.90909090909091,8.727272727272727,40.72727272727273,13.090909090909092,384.0,96.0,1492.2553413239145,1486.9951125331952,0,1.0,50,2.912729161944819,0.4983363655453798,0.5912581362334075,0.44197361549731506,13.27638545907179,1508.4444559449312,1508.4444559449312,1484.96452780023,retrospective_first_five_backcast_previous_season_anchor_frozen_v7_5
peterson,1971,United States Grand Prix,Ronnie Peterson,March-Ford,March-Ford,11,0.0022240728091616575,0.48949512809227796,1966-1982_3l_and_ground_effect,59,0.0,16.14,16.14,2.012,watkins_glen,0.7257328448351839,open_meteo_era5_air_temperature_track_proxy,11,1971-10-03,jolpica_cross_fitted_xw_xp,0.0,3,Finished,8.0,5.292160079460241,8,prior_same_circuit_grid_movement,finished,0.9933420105027728,True,1499.7326877989506,0.0,0.49681474992728053,-0.0657596758090188,0.5249359965735803,-0.7140395921280944,-0.02959185411405846,0.6561699957169753,-0.10710593881921417,7.5137040917354065,0.025832576861277892,0.5693197496471121,13.059047009880862,0.0,0.0,0.0,-0.02959185411405846,0.6561699957169753,-0.10710593881921417,-0.011028848931390452,-0.007124807620180323,-0.003377284199243046,0.0021531635790844232,0.09591580080265621,-0.015512472826813487,0.5610641004916194,0.03875114131176619,0.03198568846136455,0.02892290248734573,0.02061098524334933,-0.01476548790041218,-0.01170270192639336,-0.0033907846823969592,-0.01476548790041218,cross_fitted,season_grid_average,example_precomputed_capabilities,0.7485918490623895,-3.469446951953614e-18,1.3877787807814457e-17,0.01722020056095237,0.6436205920465465,0.03875114131176619,0.5610641004916194,0.39999999999999997,0.8999999999999999,0.008612376300325523,-0.07430084239943446,-0.025832576861277892,0.35925167892431653,5.846548375967028,-2.6148914971448454,3.231656878822182,0.0,1502.9643446777727,revised_v3_parallel,prior_similar_races_current_season_only,field_centered_bounded_no_teammate_term,ronniepeterson,ronnie-peterson,march,,,,unmatched_constructor_fallback,constructor:march,,finished,12.0,12,True,,1:44.193,True,True,7.0,3.0,4.0,True,0.657563025210084,0.2710084033613446,0.08135577481779205,0.28683287927603496,0.02013344651672646,0.25988461309770083,0.09582891697959818,full_same_season_static_retrospective_baseline_plus_shape_distributions_v9,constructor_lineage_regulation_and_stability_shrunk,-0.4321168946635956,1499.300570904287,1534.2043621938312,0.7532513950838077,1500.053822299371,1503.285479178193,8ca416052e09b97d,0.377806305929581,0.1936,0.21527138914443422,0.11775528978840846,0.0,0.13354531001589826,0.3052464228934817,0.4864864864864865,0.07472178060413355,0.0,0.36798528058877644,1.8399264029438824,0.0,0.735970561177553,0.18399264029438825,0.9199632014719412,2.9725957545623496,0.3238303605789938,0.07715586535094357,0.28683287927603496,0.02013344651672646,0.25988461309770083,0.09582891697959818,full_same_season_static_retrospective_baseline_plus_shape_distributions_v9,constructor_lineage_regulation_and_stability_shrunk,high,baseline_plus_shape_distributions_v9,0.7312454224745757,0.07451264243899411,full_same_season_static_retrospective,1514.4428594824997,0.2124085457035174,3,3,,6231.991,59.0,0.007071576322879799,1.0,exact_seconds,,1.0,scheduled_distance_unavailable_assume_full,1591.5969122339393,0.0416504516931754,14.0,12.7,1.3909627672118305,1.0,15.0,1.0,0.10952462733951422,1.0,0.8583950752789521,0.0376061602920006,-0.025940397706728856,7.548382292837727,3,0.06354655799872945,0.06477058193134419,0.9285714285714286,0.9933420105027728,all_field_expected_seconds_gap_residual_same_car_crossfit_v7_4,196,11,16.0,1.4545454545454546,34.90909090909091,8.727272727272727,40.72727272727273,13.090909090909092,384.0,96.0,1513.4135931460153,1484.1853249422263,0,1.0,12,1.0292663364844468,0.5170468426816804,0.7506137563641092,0.2427282541386636,6.320911026187958,1520.7637705086877,1520.7637705086877,1443.704434895771,retrospective_first_five_backcast_previous_season_anchor_frozen_v7_5
ganley,1971,United States Grand Prix,Howden Ganley,BRM,BRM,12,0.000696792823310972,0.3143719366684409,1966-1982_3l_and_ground_effect,59,0.0,16.14,16.14,2.012,watkins_glen,0.7257328448351839,open_meteo_era5_air_temperature_track_proxy,11,1971-10-03,jolpica_cross_fitted_xw_xp,0.0,4,Finished,8.0,5.292160079460241,8,prior_same_circuit_grid_movement,finished,0.9535958742837648,True,1481.7020150883545,0.0,0.4790693686940406,-0.37887073756687883,0.15949306011824635,0.38657382679598024,-0.17049183190509548,0.19936632514780794,0.05798607401939703,7.5137040917354065,0.02098606280681087,0.5467541061304857,13.6908850283464,0.0,0.0,0.0,-0.17049183190509548,0.19936632514780794,0.05798607401939703,-0.010447548118246323,-0.015042888580433495,-0.00015571709495849906,-0.019441276518407154,0.021814945816923892,0.00631546771921082,0.5458851924287129,0.03637375508299387,0.022100129544105677,0.0270644858850744,0.011570779342847063,-0.011372528254750127,-0.01633688459571885,-0.0008431780534915133,-0.011372528254750127,cross_fitted,season_grid_average,example_precomputed_capabilities,0.7485918490623895,0.0,-3.469446951953614e-18,0.01072760128935555,0.5545743294464405,0.03637375508299387,0.5458851924287129,0.39999999999999997,0.8999999999999999,0.010258461517455322,-0.007820223315954777,-0.02098606280681087,0.3461030367266572,5.726189153716368,-2.6148914971448454,3.111297656571523,0.0,1484.813312744926,revised_v3_parallel,prior_similar_races_current_season_only,field_centered_bounded_no_teammate_term,howdenganley,howden-ganley,brm,yardley-team-brm,,brm-p153|brm-p160,ambiguous_chassis_constructor_fallback,constructor:brm,,finished,13.0,13,True,,1:44.430,True,True,8.0,4.0,4.0,True,0.657563025210084,0.23529411764705888,0.00466085503831672,-0.08714989467913692,0.022413287110233462,0.04213911473780813,0.05144094710002961,full_same_season_static_retrospective_baseline_plus_shape_distributions_v9,constructor_lineage_regulation_and_stability_shrunk,-1.5926151357656295,1480.109399952589,1473.4158918110766,0.8740440150443212,1480.9834439676333,1484.0947416242047,8ca416052e09b97d,0.377806305929581,0.1936,0.21527138914443422,0.11775528978840846,0.0,0.13354531001589826,0.3052464228934817,0.4864864864864865,0.07472178060413355,0.0,0.36798528058877644,1.8399264029438824,0.0,0.735970561177553,0.18399264029438825,0.9199632014719412,2.9725957545623496,0.3238303605789938,0.013398758382227422,-0.08714989467913692,0.022413287110233462,0.04213911473780813,0.05144094710002961,full_same_season_static_retrospective_baseline_plus_shape_distributions_v9,constructor_lineage_regulation_and_stability_shrunk,high,baseline_plus_shape_distributions_v9,0.2443425640056007,0.018537909247546436,full_same_season_static_retrospective,1471.2747578816166,0.05101234622332627,4,4,,6231.991,59.0,0.00910607861917644,1.0,exact_seconds,,1.0,scheduled_distance_unavailable_assume_full,1501.4630635561773,0.029448517367354387,14.0,17.5,2.6682235113196477,4.0,15.0,1.0,0.1524699149325513,1.0,0.8583950752789521,0.05235176964252112,-0.007162937851485994,17.84019864153977,7,0.05951470749400711,0.060738731426621846,0.8928571428571429,0.9535958742837648,all_field_expected_seconds_gap_residual_same_car_crossfit_v7_4,196,11,16.0,1.4545454545454546,34.90909090909091,8.727272727272727,40.72727272727273,13.090909090909092,384.0,96.0,1470.044762632052,1487.1091117041938,0,1.0,6,1.2299952495646203,0.4751490315915712,0.5307505509263247,0.4228453233574401,12.608634169825244,1483.883392051442,1483.883392051442,1473.9548590378913,retrospective_first_five_backcast_previous_season_anchor_frozen_v7_5
stewart,1971,United States Grand Prix,Jackie Stewart,Tyrrell,Tyrrell,1,0.7099804236419253,0.986074505827809,1966-1982_3l_and_ground_effect,59,0.0,16.14,16.14,2.012,watkins_glen,0.7257328448351839,open_meteo_era5_air_temperature_track_proxy,11,1971-10-03,jolpica_cross_fitted_xw_xp,0.0,5,Finished,-4.0,5.292160079460241,8,prior_same_circuit_grid_movement,finished,0.793471920730173,True,1743.5525683837066,0.0,0.7215206131745446,4.168286547142135,1.3931165169553432,1.3989217433960255,1.875728946213961,1.741395646194179,0.20983826150940382,7.5137040917354065,0.3890076227263669,0.7311938071444939,8.52657339995417,0.54,0.40185128013622423,0.6781487198637759,1.875728946213961,1.741395646194179,0.20983826150940382,0.2819777498329946,0.22263477735548262,0.02208778721949656,0.13945754956815484,0.12155940587856333,0.012805958038408559,0.7038115157959811,0.0729874340815827,0.19947355736161837,0.2648537783028565,0.5645707411274989,0.40021419112793816,0.3348339701867,0.035117007362057584,0.40021419112793816,cross_fitted,season_grid_average,example_precomputed_capabilities,0.7485918490623895,0.0,5.551115123125783e-17,0.5996877484895565,0.9776344292811079,0.0729874340815827,0.7038115157959811,0.39999999999999997,0.8999999999999999,-0.21068012576318962,-0.246440622136614,-0.3890076227263669,0.12594904999836332,-7.0691000454622674,-2.6148914971448463,-9.683991542607114,0.0,1733.8685768410994,revised_v3_parallel,prior_similar_races_current_season_only,field_centered_bounded_no_teammate_term,jackiestewart,jackie-stewart,tyrrell,elf-team-tyrrell,,tyrrell-001|tyrrell-002|tyrrell-003,ambiguous_chassis_constructor_fallback,constructor:tyrrell,,finished,1.0,1,True,,1:42.642,True,True,1.0,5.0,-4.0,True,0.657563025210084,0.19957983193277318,0.12492952619773129,0.0,0.0,0.4318404048119619,0.15662693208165285,full_same_season_static_retrospective_baseline_plus_shape_distributions_v9,constructor_lineage_regulation_and_stability_shrunk,81.70886130875645,1825.261429692463,1773.7081578423736,1.4013985971197607,1826.6628282895829,1816.9788367469757,8ca416052e09b97d,0.377806305929581,0.1936,0.21527138914443422,0.11775528978840846,0.0,0.13354531001589826,0.3052464228934817,0.4864864864864865,0.07472178060413355,0.0,0.36798528058877644,1.8399264029438824,0.0,0.735970561177553,0.18399264029438825,0.9199632014719412,2.9725957545623496,0.3238303605789938,0.1284751929677322,0.0,0.0,0.4318404048119619,0.15662693208165285,full_same_season_static_retrospective_baseline_plus_shape_distributions_v9,constructor_lineage_regulation_and_stability_shrunk,high,baseline_plus_shape_distributions_v9,1.0176861547092695,0.16891082285773695,full_same_season_static_retrospective,1741.7857628143825,0.11066165435594891,5,5,,6231.991,59.0,0.009628223147305572,1.0,exact_seconds,,1.0,scheduled_distance_unavailable_assume_full,1804.7775064282862,0.09456028577554158,14.0,13.3,-1.826883794587261,1.0,15.0,1.0,-0.13735968380355346,1.0,0.8583950752789521,-0.04716355044753773,0.017731409897761237,5.692607195571118,1,-0.06489496034529896,-0.06367093641268422,0.8571428571428572,0.793471920730173,all_field_expected_seconds_gap_residual_same_car_crossfit_v7_4,196,11,16.0,1.4545454545454546,34.90909090909091,8.727272727272727,40.72727272727273,13.090909090909092,384.0,96.0,1739.1609254574166,1481.9991428272128,0,1.0,42,2.624837356965732,0.722484093799798,0.8597301387712916,-0.06625821804111853,-4.465525820815346,1737.320236993567,1737.320236993567,1550.006973047847,retrospective_first_five_backcast_previous_season_anchor_frozen_v7_5
regazzoni,1971,United States Grand Prix,Clay Regazzoni,Ferrari,Ferrari,4,0.028200621457928496,0.803182336422368,1966-1982_3l_and_ground_effect,59,0.0,16.14,16.14,2.012,watkins_glen,0.7257328448351839,open_meteo_era5_air_temperature_track_proxy,11,1971-10-03,jolpica_cross_fitted_xw_xp,0.0,6,Finished,-2.0,5.292160079460241,8,prior_same_circuit_grid_movement,finished,0.8238705914304233,True,1485.4074164092171,0.0,0.48271380046911166,-0.31452471119081027,-0.9244022127047038,-1.4153027525394826,-0.14153612003586463,-1.1555027658808799,-0.21229541288092238,7.5137040917354065,0.026990766232567246,0.6366805881097242,11.172943532927723,0.0,0.0,0.0,-0.14153612003586463,-1.1555027658808799,-0.21229541288092238,-0.009500291925401146,-0.04162210245122422,-0.004495261980087692,-0.014574702636072624,-0.22659475381350982,-0.024885972782824353,0.6632861310329649,0.06036136004659509,0.009365037364778696,0.03907515694780025,0.005907389736002023,-0.004621333674896671,-0.03433145325791822,-0.0011636860461199973,-0.004621333674896671,cross_fitted,season_grid_average,example_precomputed_capabilities,0.7485918490623895,-6.938893903907228e-18,0.0,0.004743703689882026,0.39723070180055803,0.06036136004659509,0.6632861310329649,0.39999999999999997,0.8999999999999999,0.02224706254268522,0.23944988630916614,-0.026990766232567246,0.18474798331884723,2.6776853101576363,-2.6148914971448454,0.06279381301279097,0.0,1485.47021022223,revised_v3_parallel,prior_similar_races_current_season_only,field_centered_bounded_no_teammate_term,clayregazzoni,clay-regazzoni,ferrari,scuderia-ferrari-spa-sefac,,ferrari-312b|ferrari-312b2,ambiguous_chassis_constructor_fallback,constructor:ferrari,,finished,4.0,4,True,,1:43.002,True,True,2.0,6.0,-4.0,True,0.657563025210084,0.16386554621848737,0.04009026587121827,0.6716183982818433,0.022413287110233462,0.1625080640965368,0.07255506388044711,full_same_season_static_retrospective_baseline_plus_shape_distributions_v9,constructor_lineage_regulation_and_stability_shrunk,31.11990343076104,1516.5273198399782,1619.8143658581198,2.4832891324565822,1519.0106089724347,1519.0734027854476,8ca416052e09b97d,0.377806305929581,0.1936,0.21527138914443422,0.11775528978840846,0.0,0.13354531001589826,0.3052464228934817,0.4864864864864865,0.07472178060413355,0.0,0.36798528058877644,1.8399264029438824,0.0,0.735970561177553,0.18399264029438825,0.9199632014719412,2.9725957545623496,0.3238303605789938,0.044952360429007694,0.6716183982818433,0.022413287110233462,0.1625080640965368,0.07255506388044711,full_same_season_static_retrospective_baseline_plus_shape_distributions_v9,constructor_lineage_regulation_and_stability_shrunk,high,baseline_plus_shape_distributions_v9,0.4816571685080516,0.03651998011056721,full_same_season_static_retrospective,1609.6318611816398,-0.02359135902287926,6,6,,6231.991,59.0,0.01226349652943979,1.0,exact_seconds,,1.0,scheduled_distance_unavailable_assume_full,1610.1204721267752,0.04472607543717202,14.0,11.299999999999999,0.3111276945009933,0.0,15.0,1.0,0.027533424292123305,1.0,0.8583950752789521,0.009453822327169806,0.008235826257932633,5.01293440381812,2,0.0012179960692371723,0.0024420200018519067,0.8214285714285714,0.8238705914304233,all_field_expected_seconds_gap_residual_same_car_crossfit_v7_4,196,11,16.0,1.4545454545454546,34.90909090909091,8.727272727272727,40.72727272727273,13.090909090909092,384.0,96.0,1606.8137207303969,1484.1853249422263,0,1.0,13,2.8181404512428205,0.6078688719148834,0.5968778489186055,0.22699274251181778,5.7715986203053395,1615.4034598019452,1615.4034598019452,1616.3583490030023,retrospective_first_five_backcast_previous_season_anchor_frozen_v7_5
hill,1971,United States Grand Prix,Graham Hill,Brabham,Brabham,18,0.00097755836395866,0.3651362703962506,1966-1982_3l_and_ground_effect,59,0.0,16.14,16.14,2.012,watkins_glen,0.7257328448351839,open_meteo_era5_air_temperature_track_proxy,11,1971-10-03,jolpica_cross_fitted_xw_xp,0.0,7,+1 Lap,11.0,5.292160079460241,8,prior_same_circuit_grid_movement,finished,0.8190798692260525,True,1541.136951420449,0.0,0.537511198618935,0.6532447203060017,-2.017027344573296,-0.992484313558516,0.2939601241377008,-2.52128418071662,-0.1488726470337774,7.5137040917354065,0.010399032324421157,0.42202145818392517,17.183399170850095,0.0,0.0,0.0,0.2939601241377008,-2.52128418071662,-0.1488726470337774,0.00014662835360506653,-0.02287197801879603,-0.0014057395509143923,0.03547689673797515,-0.34412423976177475,-0.01228615084981865,0.454114807571287,0.024877685854084373,0.001183573625442604,0.022805666318195073,0.0008902169639312613,-0.00043697698746358686,-0.022059069680216058,-0.00014362032595224416,-0.00043697698746358686,cross_fitted,season_grid_average,example_precomputed_capabilities,0.7485918490623895,-3.469446951953614e-18,0.0,0.0007465966379790171,0.13318131369766875,0.024877685854084373,0.454114807571287,0.39999999999999997,0.8999999999999999,0.00965243568644214,0.2888401444862564,-0.010399032324421157,0.36369282753036053,6.296894119760382,-2.6148914971448454,3.6820026226155367,0.0,1544.8189540430644,revised_v3_parallel,prior_similar_races_current_season_only,field_centered_bounded_no_teammate_term,grahamhill,graham-hill,brabham,motor-racing-developments,,brabham-bt33|brabham-bt34,ambiguous_chassis_constructor_fallback,constructor:brabham,,finished,20.0,20,True,,1:45.448,True,True,11.0,7.0,4.0,True,0.657563025210084,0.12815126050420167,-0.09816491747465375,0.2762385866180803,0.022413287110233462,-0.3033422866467032,0.019169965804647117,full_same_season_static_retrospective_baseline_plus_shape_distributions_v9,constructor_lineage_regulation_and_stability_shrunk,59.51909706050343,1600.6560484809522,1499.1206393336402,-1.0287549018773157,1599.6272935790748,1603.3092962016904,8ca416052e09b97d,0.377806305929581,0.1936,0.21527138914443422,0.11775528978840846,0.0,0.13354531001589826,0.3052464228934817,0.4864864864864865,0.07472178060413355,0.0,0.36798528058877644,1.8399264029438824,0.0,0.735970561177553,0.18399264029438825,0.9199632014719412,2.9725957545623496,0.3238303605789938,-0.09411090594248522,0.2762385866180803,0.022413287110233462,-0.3033422866467032,0.019169965804647117,full_same_season_static_retrospective_baseline_plus_shape_distributions_v9,constructor_lineage_regulation_and_stability_shrunk,high,baseline_plus_shape_distributions_v9,-0.3881672425232028,0.003042400701366741,full_same_season_static_retrospective,1522.2193100932116,0.04825012585662297,7,7,1.0,6231.991,59.0,0.01694915254237288,0.7,lap_equivalent,,1.0,scheduled_distance_unavailable_assume_full,1519.5626537175547,0.03157158076559769,11.0,7.699999999999999,0.7220614816622482,0.0,15.0,1.0,0.09377421839769458,0.7857142857142857,0.8583950752789521,0.028540592609505464,-0.003600966969646627,2.6363294749948425,1,0.03214155957915209,0.03336558351176682,0.7857142857142857,0.8190798692260525,all_field_expected_seconds_gap_residual_same_car_crossfit_v7_4,196,11,16.0,1.4545454545454546,34.90909090909091,8.727272727272727,40.72727272727273,13.090909090909092,384.0,96.0,1523.3880222653763,1494.4707977241642,0,1.0,81,-1.1687121721648297,0.5245850206602544,0.5505029414370479,0.26857692778900455,7.223264724527131,1529.4425748177387,1529.4425748177387,1438.3262426072108,retrospective_first_five_backcast_previous_season_anchor_frozen_v7_5
beltoise,1971,United States Grand Prix,Jean-Pierre Beltoise,Matra,Matra,10,0.0029013846491276135,0.5281562838889352,1966-1982_3l_and_ground_effect,59,0.0,16.14,16.14,2.012,watkins_glen,0.7257328448351839,open_meteo_era5_air_temperature_track_proxy,11,1971-10-03,jolpica_cross_fitted_xw_xp,0.0,8,+1 Lap,2.0,5.292160079460241,8,prior_same_circuit_grid_movement,finished,0.7906245847594955,True,1453.981058896642,0.0,0.4518895994343817,-0.8602581026111918,0.21354207039146564,2.2136796116716226,-0.3871161461750363,0.266927587989332,0.3320519417507434,6.898754708087771,0.02428406841856339,0.5776034455738692,12.827103523931662,0.04,0.0,0.09431711332536,-0.3871161461750363,0.266927587989332,0.3320519417507434,-0.016960418617623454,-0.015943813116447905,0.004571156852741018,-0.05362457618388079,0.027612374339093283,0.04060357454953404,0.5761443083033945,0.0412839133473616,0.03158746990042621,0.03079329066569979,0.011858083413351274,-0.01863663143439495,-0.017842452199668533,0.0010927550526799862,-0.01863663143439495,cross_fitted,season_grid_average,example_precomputed_capabilities,0.7466281882621388,0.0,0.0,0.01295083846603126,0.590735681008141,0.0412839133473616,0.5761443083033945,0.39999999999999997,0.8999999999999999,0.011333229952532132,-0.013132235434271777,-0.02428406841856339,0.17239655442613078,2.520320337624833,-2.6148914971448454,-0.0945711595200125,0.0,1453.886487737122,revised_v3_parallel,prior_similar_races_current_season_only,field_centered_bounded_no_teammate_term,jeanpierrebeltoise,jean-pierre-beltoise,matra,equipe-matra-sports,matra-ms120b,matra-ms120b,exact_chassis,matra-ms120b,,finished,11.0,11,True,,1:44.067,True,True,6.0,8.0,-2.0,True,0.657563025210084,0.09243697478991597,-0.05701460499839822,0.33288133231146017,0.022413287110233462,-0.17175968147041903,0.027918654173136718,full_same_season_static_retrospective_baseline_plus_shape_distributions_v9,constructor_lineage_regulation_and_stability_shrunk,2.4113420001947476,1456.3924008968368,1488.0972785462545,1.609508836434061,1458.0019097332708,1457.9073385737508,8ca416052e09b97d,0.377806305929581,0.1936,0.21527138914443422,0.11775528978840846,0.0,0.13354531001589826,0.3052464228934817,0.4864864864864865,0.07472178060413355,0.0,0.36798528058877644,1.8399264029438824,0.0,0.735970561177553,0.18399264029438825,0.9199632014719412,2.9725957545623496,0.3238303605789938,-0.05446456072623504,0.33288133231146017,0.022413287110233462,-0.17175968147041903,0.027918654173136718,full_same_season_static_retrospective_baseline_plus_shape_distributions_v9,constructor_lineage_regulation_and_stability_shrunk,high,baseline_plus_shape_distributions_v9,-0.1306105313690664,0.006350434436402459,full_same_season_static_retrospective,1503.5675811901635,0.11479512319467707,8,8,1.0,6231.991,59.0,0.01694915254237288,0.7,lap_equivalent,,1.0,scheduled_distance_unavailable_assume_full,1523.509290290188,0.03205447324690422,11.0,9.1,1.0227250453347052,1.0,15.0,1.0,0.11238736761919838,0.7857142857142857,0.8583950752789521,0.03420558580473463,-0.005194975022146071,4.7830655949985035,1,0.039400560826880704,0.04062458475949544,0.75,0.7906245847594955,all_field_expected_seconds_gap_residual_same_car_crossfit_v7_4,196,11,16.0,1.4545454545454546,34.90909090909091,8.727272727272727,40.72727272727273,13.090909090909092,384.0,96.0,1501.838053063888,1488.8902888648772,0,1.0,29,1.7295281262753996,0.5064926738386919,0.6091960704319247,0.1814285143275708,4.180992836418899,1507.7485740265824,1507.7485740265824,1458.7829088946582,retrospective_first_five_backcast_previous_season_anchor_frozen_v7_5
gethin,1971,United States Grand Prix,Peter Gethin,BRM,BRM,21,0.00019969614515208048,0.15421645404022663,1966-1982_3l_and_ground_effect,59,0.0,16.14,16.14,2.012,watkins_glen,0.7257328448351839,open_meteo_era5_air_temperature_track_proxy,11,1971-10-03,jolpica_cross_fitted_xw_xp,0.0,9,+1 Lap,12.0,5.292160079460241,8,prior_same_circuit_grid_movement,finished,0.763070377139455,True,1477.1996567146164,0.0,0.47464370039410403,-0.45705629577886336,0.15949306011824635,0.38657382679598024,-0.20567533310048852,0.19936632514780794,0.05798607401939703,7.5137040917354065,0.011776436138748498,0.41188188983847274,17.467307084522762,0.02,0.0,0.05880602015151773,-0.20567533310048852,0.19936632514780794,0.05798607401939703,-0.006180868738415159,-0.008397207074190241,-8.470152369289847e-05,-0.023491744017954865,0.04600879947035915,0.00732392238995344,0.408897792054237,0.02057410254052748,0.01250050566299536,0.014924048158768122,0.006376599507901122,-0.006589180458766178,-0.00901272295453894,-0.0004652743036719399,-0.006589180458766178,cross_fitted,season_grid_average,example_precomputed_capabilities,0.7485918490623895,0.0,3.469446951953614e-18,0.0059113252042291824,0.4387387698965947,0.02057410254052748,0.408897792054237,0.39999999999999997,0.8999999999999999,0.005865110934519316,-0.02685688005812198,-0.011776436138748498,0.30240382444724156,5.160634372720384,-2.6148914971448454,2.545742875575539,0.0,1479.745399590192,revised_v3_parallel,prior_similar_races_current_season_only,field_centered_bounded_no_teammate_term,petergethin,peter-gethin,brm,yardley-team-brm,,brm-p153|brm-p160,ambiguous_chassis_constructor_fallback,constructor:brm,,finished,23.0,23,True,,1:45.729,True,True,12.0,9.0,3.0,True,0.657563025210084,0.05672268907563027,0.00466085503831672,-0.08714989467913692,0.022413287110233462,0.04213911473780813,0.05144094710002961,full_same_season_static_retrospective_baseline_plus_shape_distributions_v9,constructor_lineage_regulation_and_stability_shrunk,-9.817734780708289,1467.3819219339082,1417.2878612832249,-1.1956252975988568,1466.1862966363094,1468.732039511885,8ca416052e09b97d,0.377806305929581,0.1936,0.21527138914443422,0.11775528978840846,0.0,0.13354531001589826,0.3052464228934817,0.4864864864864865,0.07472178060413355,0.0,0.36798528058877644,1.8399264029438824,0.0,0.735970561177553,0.18399264029438825,0.9199632014719412,2.9725957545623496,0.3238303605789938,0.013398758382227422,-0.08714989467913692,0.022413287110233462,0.04213911473780813,0.05144094710002961,full_same_season_static_retrospective_baseline_plus_shape_distributions_v9,constructor_lineage_regulation_and_stability_shrunk,high,baseline_plus_shape_distributions_v9,0.2443425640056007,0.018537909247546436,full_same_season_static_retrospective,1412.4993962235649,0.049351454020084395,9,9,1.0,6231.991,59.0,0.01694915254237288,0.7,lap_equivalent,,1.0,scheduled_distance_unavailable_assume_full,1437.8745933042292,0.02305937763043972,11.0,13.299999999999997,1.840700471286608,4.0,15.0,1.0,0.13839853167568483,0.7857142857142857,0.8583950752789521,0.042122197100675246,-0.005438441820450692,18.90535400759477,7,0.04756063892112594,0.048784662853740675,0.7142857142857143,0.763070377139455,all_field_expected_seconds_gap_residual_same_car_crossfit_v7_4,196,11,16.0,1.4545454545454546,34.90909090909091,8.727272727272727,40.72727272727273,13.090909090909092,384.0,96.0,1413.9167321042003,1484.1853249422263,0,1.0,11,-1.4173358806354424,0.418687243242286,0.47280118410270283,0.2902691930367522,7.980521984084867,1420.4799182076497,1420.4799182076497,1434.0620102724276,retrospective_first_five_backcast_previous_season_anchor_frozen_v7_5
hobbs,1971,United States Grand Prix,David Hobbs,McLaren,McLaren,22,0.0004858752684346493,0.2627294712304482,1966-1982_3l_and_ground_effect,59,0.0,16.14,16.14,2.012,watkins_glen,0.7257328448351839,open_meteo_era5_air_temperature_track_proxy,11,1971-10-03,jolpica_cross_fitted_xw_xp,0.0,10,+1 Lap,12.0,5.292160079460241,8,prior_same_circuit_grid_movement,finished,0.6892249336616015,True,1497.2337370387713,0.14559278743308823,0.4943541673399066,-0.10915512412973032,-0.45099268943885695,0.13350481794405786,-0.04911980585837864,-0.5637408617985712,0.02002572269160868,7.5137040917354065,0.00956833007027949,0.38670719128940756,18.17219864389659,0.0,0.0,0.0,-0.04911980585837864,-0.5637408617985712,0.02002572269160868,-0.003219193436601903,-0.012779151358007475,-0.00024090405541444916,9.177426316756923e-05,-0.0769637773446037,0.0030927836914616904,0.394085113228405,0.01931187938029379,0.005762067981193553,0.01533540620383892,0.0033943603154302044,-0.0026894374509235913,-0.01226277567356896,-0.000321729785160243,-0.0026894374509235913,cross_fitted,season_grid_average,example_precomputed_capabilities,0.7485918490623895,0.0,0.0,0.0030726305302699614,0.32030589383843056,0.01931187938029379,0.394085113228405,0.39999999999999997,0.8999999999999999,0.006495699540009529,0.066401297450977,-0.00956833007027949,0.29186423728202104,5.023916349389671,-2.6148914971448454,2.4090248522448254,0.0,1499.642761891016,revised_v3_parallel,prior_similar_races_current_season_only,field_centered_bounded_no_teammate_term,davidhobbs,david-hobbs,mclaren,penske-white-racing,mclaren-m19a,mclaren-m19a,exact_chassis,mclaren-m19a,,finished,24.0,24,True,,1:46.270,True,True,13.0,10.0,3.0,True,0.657563025210084,0.021008403361344574,0.19383753501400558,0.41447187612860964,0.022413287110233462,0.6463441657258294,0.2890890109859256,full_same_season_static_retrospective_baseline_plus_shape_distributions_v9,constructor_lineage_regulation_and_stability_shrunk,-3.3228207071481615,1493.9109163316232,1542.3671366703413,-2.1075983470207422,1491.8033179846025,1494.2123428368473,8ca416052e09b97d,0.377806305929581,0.1936,0.21527138914443422,0.11775528978840846,0.0,0.13354531001589826,0.3052464228934817,0.4864864864864865,0.07472178060413355,0.0,0.36798528058877644,1.8399264029438824,0.0,0.735970561177553,0.18399264029438825,0.9199632014719412,2.9725957545623496,0.3238303605789938,0.19383753501400558,0.41447187612860964,0.022413287110233462,0.6463441657258294,0.2890890109859256,full_same_season_static_retrospective_baseline_plus_shape_distributions_v9,constructor_lineage_regulation_and_stability_shrunk,high,baseline_plus_shape_distributions_v9,1.433673256692514,0.5544105500411547,full_same_season_static_retrospective,1487.8801648523502,0.0,10,10,1.0,6231.991,59.0,0.01694915254237288,0.7,lap_equivalent,,1.0,scheduled_distance_unavailable_assume_full,1563.7064269156342,0.037413855964736856,11.0,7.699999999999999,0.4669140261990085,0.0,15.0,1.0,0.06063818522065046,0.7857142857142857,0.8583950752789521,0.018455496303074144,0.009026015145515893,0.8385380768191026,1,0.009429481157558251,0.010653505090172986,0.6785714285714286,0.6892249336616015,all_field_expected_seconds_gap_residual_same_car_crossfit_v7_4,196,11,16.0,1.4545454545454546,34.90909090909091,8.727272727272727,40.72727272727273,13.090909090909092,384.0,96.0,1490.659603412275,1488.8902888648772,2,1.16,3,-2.779438559924827,0.49125946195214043,0.542386158440005,0.1468387752215965,3.7936577939571494,1491.6738226463074,1491.6738226463074,1498.0500588773448,retrospective_first_five_backcast_previous_season_anchor_frozen_v7_5
adamich,1971,United States Grand Prix,Andrea de Adamich,March-Alfa Romeo,March-Alfa Romeo,26,3.846595953324489e-05,0.037699221402011304,1966-1982_3l_and_ground_effect,59,0.0,16.14,16.14,2.012,watkins_glen,0.7257328448351839,open_meteo_era5_air_temperature_track_proxy,11,1971-10-03,jolpica_cross_fitted_xw_xp,0.0,11,+2 Laps,15.0,5.292160079460241,8,prior_same_circuit_grid_movement,finished,0.6220136286063953,True,1483.0676021150289,0.0,0.48041228257825697,-0.35515668037624004,-1.4939554412412719,-1.8461578392211084,-0.159820506169308,-1.8674443015515898,-0.27692367588316624,5.636795611343319,0.006362077076193863,0.3144648899955289,20.19498308012519,0.0,0.0,0.0,-0.159820506169308,-1.8674443015515898,-0.27692367588316624,-0.0021197737256996485,-0.010997920026635553,-0.0012643332829988846,-0.011049204291123124,-0.19000648825078714,-0.021434097173152446,0.3367138689670352,0.014991293297394317,0.0012015692452654763,0.00922020172610262,0.0007732935069688731,-0.0005923029832052466,-0.00861093546404239,-0.00016402724490864335,-0.0005923029832052466,cross_fitted,season_grid_average,example_precomputed_capabilities,0.7417746594322494,-1.734723475976807e-18,0.0,0.0006092662620602298,0.11422407925197249,0.014991293297394317,0.3367138689670352,0.39999999999999997,0.8999999999999999,0.005752810814133633,0.20024081074355643,-0.006362077076193863,0.3283922528616139,5.7583707016803976,-2.6148914971448454,3.143479204535552,0.0,1486.2110813195645,revised_v3_parallel,prior_similar_races_current_season_only,field_centered_bounded_no_teammate_term,andreadeadamich,andrea-de-adamich,march,,,,unmatched_constructor_fallback,constructor:march,,finished,28.0,28,True,,1:47.952,True,True,15.0,11.0,4.0,True,0.657563025210084,-0.014705882352941235,0.08135577481779205,0.28683287927603496,0.02013344651672646,0.25988461309770083,0.09582891697959818,full_same_season_static_retrospective_baseline_plus_shape_distributions_v9,constructor_lineage_regulation_and_stability_shrunk,-16.002312865293934,1467.0652892497349,1416.1054514175116,-2.4896109189281566,1464.5756783308068,1467.7191575353424,8ca416052e09b97d,0.377806305929581,0.1936,0.21527138914443422,0.11775528978840846,0.0,0.13354531001589826,0.3052464228934817,0.4864864864864865,0.07472178060413355,0.0,0.36798528058877644,1.8399264029438824,0.0,0.735970561177553,0.18399264029438825,0.9199632014719412,2.9725957545623496,0.3238303605789938,0.07715586535094357,0.28683287927603496,0.02013344651672646,0.25988461309770083,0.09582891697959818,full_same_season_static_retrospective_baseline_plus_shape_distributions_v9,constructor_lineage_regulation_and_stability_shrunk,high,baseline_plus_shape_distributions_v9,0.7312454224745757,0.07451264243899411,full_same_season_static_retrospective,1392.3486844814324,0.0,11,11,2.0,6231.991,59.0,0.03389830508474576,0.7,lap_equivalent,,1.0,scheduled_distance_unavailable_assume_full,1437.942367304251,0.023065389284163147,12.0,9.799999999999999,-0.7498237005247713,1.0,15.0,1.0,-0.07651262250252769,0.8571428571428571,0.8583950752789521,-0.024322426614840215,-0.0022548884314780486,12.477692897911975,3,-0.022067538183362167,-0.020843514250747434,0.6428571428571428,0.6220136286063953,all_field_expected_seconds_gap_residual_same_car_crossfit_v7_4,196,11,16.0,1.4545454545454546,34.90909090909091,8.727272727272727,40.72727272727273,13.090909090909092,384.0,96.0,1395.3146823696957,1488.5025109801286,0,1.0,4,-2.9659978882633524,0.3996936975461213,0.42086649650408336,0.20114713210231194,4.869351856918954,1397.2180363383513,1397.2180363383513,1430.5368955875126,retrospective_first_five_backcast_previous_season_anchor_frozen_v7_5
amon,1971,United States Grand Prix,Chris Amon,Matra,Matra,8,0.004851815980298176,0.5990623235200658,1966-1982_3l_and_ground_effect,59,0.0,16.14,16.14,2.012,watkins_glen,0.7257328448351839,open_meteo_era5_air_temperature_track_proxy,11,1971-10-03,jolpica_cross_fitted_xw_xp,0.0,12,+2 Laps,-4.0,5.292160079460241,8,prior_same_circuit_grid_movement,finished,0.5553360918151028,True,1414.5733475267696,0.0,0.41372454904302486,-1.544591435400092,0.21354207039146564,2.2136796116716226,-0.6950661459300415,0.266927587989332,0.3320519417507434,6.898754708087771,0.02571477077397997,0.6023236427992206,12.134938001621824,0.0,0.0,0.0,-0.6950661459300415,0.266927587989332,0.3320519417507434,-0.023888751870404068,-0.016234138421011984,0.004886003816093493,-0.10153908167991114,0.025934643979118627,0.03969199797704706,0.6059148867715951,0.04685690265917351,0.035851518966247296,0.027857033323006694,0.010694089023377321,-0.024231502782396348,-0.016237017139155745,0.0009259271604736274,-0.024231502782396348,cross_fitted,season_grid_average,example_precomputed_capabilities,0.7466281882621388,-6.938893903907228e-18,-1.3877787807814457e-17,0.011620016183850949,0.5700024470478496,0.04685690265917351,0.6059148867715951,0.39999999999999997,0.8999999999999999,0.01409475459012902,0.032321195751370935,-0.02571477077397997,0.004819214343636635,-0.5304086403900599,-2.6148914971448454,-3.145300137534905,0.0,1411.4280473892347,revised_v3_parallel,prior_similar_races_current_season_only,field_centered_bounded_no_teammate_term,chrisamon,chris-amon,matra,equipe-matra-sports,matra-ms120b,matra-ms120b,exact_chassis,matra-ms120b,,finished,9.0,9,True,,1:43.970,True,True,5.0,12.0,-7.0,True,0.657563025210084,-0.05042016806722682,-0.05701460499839822,0.33288133231146017,0.022413287110233462,-0.17175968147041903,0.027918654173136718,full_same_season_static_retrospective_baseline_plus_shape_distributions_v9,constructor_lineage_regulation_and_stability_shrunk,83.36055797122744,1497.933905497997,1548.9430622738814,1.8011832984462974,1499.7350887964435,1496.5897886589087,8ca416052e09b97d,0.377806305929581,0.1936,0.21527138914443422,0.11775528978840846,0.0,0.13354531001589826,0.3052464228934817,0.4864864864864865,0.07472178060413355,0.0,0.36798528058877644,1.8399264029438824,0.0,0.735970561177553,0.18399264029438825,0.9199632014719412,2.9725957545623496,0.3238303605789938,-0.05446456072623504,0.33288133231146017,0.022413287110233462,-0.17175968147041903,0.027918654173136718,full_same_season_static_retrospective_baseline_plus_shape_distributions_v9,constructor_lineage_regulation_and_stability_shrunk,high,baseline_plus_shape_distributions_v9,-0.1306105313690664,0.006350434436402459,full_same_season_static_retrospective,1564.5247150613814,0.09003752629970212,12,12,2.0,6231.991,59.0,0.03389830508474576,0.7,lap_equivalent,,1.0,scheduled_distance_unavailable_assume_full,1573.2484512797134,0.038812455372033275,12.0,9.799999999999999,-1.6313222275994446,1.0,15.0,1.0,-0.16646145179586172,0.8571428571428571,0.8583950752789521,-0.052916058985834055,0.00011473027453512381,4.257760706151387,1,-0.05303078926036918,-0.051806765327754446,0.6071428571428572,0.5553360918151028,all_field_expected_seconds_gap_residual_same_car_crossfit_v7_4,196,11,16.0,1.4545454545454546,34.90909090909091,8.727272727272727,40.72727272727273,13.090909090909092,384.0,96.0,1562.683836791515,1483.935938936164,0,1.0,35,1.8408782698664155,0.5653260536719894,0.6431477289741977,-0.0878116371590949,-5.217936088206521,1559.306778973175,1559.306778973175,1462.1490530247306,retrospective_first_five_backcast_previous_season_anchor_frozen_v7_5
marko,1971,United States Grand Prix,Helmut Marko,BRM,BRM,16,0.0008811184285252036,0.34941184789250135,1966-1982_3l_and_ground_effect,59,0.0,16.14,16.14,2.012,watkins_glen,0.7257328448351839,open_meteo_era5_air_temperature_track_proxy,11,1971-10-03,jolpica_cross_fitted_xw_xp,0.0,13,+2 Laps,3.0,5.292160079460241,8,prior_same_circuit_grid_movement,finished,0.5427623106393753,True,1497.2900531351283,0.0,0.49440961714590215,-0.10817716878622043,0.15949306011824635,0.38657382679598024,-0.04867972595379919,0.19936632514780794,0.05798607401939703,7.5137040917354065,0.01676412137629568,0.4884941881272246,15.32216273243771,0.0,0.0,0.0,-0.04867972595379919,0.19936632514780794,0.05798607401939703,-0.006744340723882395,-0.01223764734700284,-0.00013775825023047694,0.00020501649720287374,0.03119445528956686,0.0068263707923579085,0.48467160386931185,0.028235969168965112,0.017155737014605224,0.022943379921686168,0.00982927624798604,-0.008039514166755826,-0.01382715707383677,-0.0007130534001366408,-0.008039514166755826,cross_fitted,season_grid_average,example_precomputed_capabilities,0.7485918490623895,-3.469446951953614e-18,0.0,0.009116222847849399,0.5228974464484395,0.028235969168965112,0.48467160386931185,0.39999999999999997,0.8999999999999999,0.00764789852844628,-0.03440325832121488,-0.01676412137629568,0.08293438330134678,1.0904799863931456,-2.6148914971448454,-1.5244115107516998,0.0,1495.7656416243767,revised_v3_parallel,prior_similar_races_current_season_only,field_centered_bounded_no_teammate_term,helmutmarko,helmut-marko,brm,yardley-team-brm,,brm-p153|brm-p160,ambiguous_chassis_constructor_fallback,constructor:brm,,finished,17.0,17,True,,1:45.204,True,True,10.0,13.0,-3.0,True,0.657563025210084,-0.08613445378151263,0.00466085503831672,-0.08714989467913692,0.022413287110233462,0.04213911473780813,0.05144094710002961,full_same_season_static_retrospective_baseline_plus_shape_distributions_v9,constructor_lineage_regulation_and_stability_shrunk,-2.8863655841392424,1494.4036875509892,1438.2672088491945,-0.06547518492114444,1494.338212366068,1492.8138008553165,8ca416052e09b97d,0.377806305929581,0.1936,0.21527138914443422,0.11775528978840846,0.0,0.13354531001589826,0.3052464228934817,0.4864864864864865,0.07472178060413355,0.0,0.36798528058877644,1.8399264029438824,0.0,0.735970561177553,0.18399264029438825,0.9199632014719412,2.9725957545623496,0.3238303605789938,0.013398758382227422,-0.08714989467913692,0.022413287110233462,0.04213911473780813,0.05144094710002961,full_same_season_static_retrospective_baseline_plus_shape_distributions_v9,constructor_lineage_regulation_and_stability_shrunk,high,baseline_plus_shape_distributions_v9,0.2443425640056007,0.018537909247546436,full_same_season_static_retrospective,1435.1744366834978,0.0,13,13,2.0,6231.991,59.0,0.03389830508474576,0.7,lap_equivalent,,1.0,scheduled_distance_unavailable_assume_full,1459.5604654219085,0.025065182350398073,12.0,13.999999999999998,-1.3785141056389523,4.0,15.0,1.0,-0.09846529325992517,0.8571428571428571,0.8583950752789521,-0.03130091207296067,-0.0014106273511498343,19.52153827544561,7,-0.029890284721810836,-0.028666260789196103,0.5714285714285714,0.5427623106393753,all_field_expected_seconds_gap_residual_same_car_crossfit_v7_4,196,11,16.0,1.4545454545454546,34.90909090909091,8.727272727272727,40.72727272727273,13.090909090909092,384.0,96.0,1434.89607967017,1487.1091117041938,0,1.0,2,0.2783570133278756,0.44031914065219663,0.44502982184918416,0.09773248879019114,1.259240672204919,1436.4336773557027,1436.4336773557027,1438.4617414502068,retrospective_first_five_backcast_previous_season_anchor_frozen_v7_5
Cannoc,1971,United States Grand Prix,John Cannon,BRM,BRM,24,0.0005827170276545832,0.28835823105515973,1966-1982_3l_and_ground_effect,59,0.0,16.14,16.14,2.012,watkins_glen,0.7257328448351839,open_meteo_era5_air_temperature_track_proxy,11,1971-10-03,jolpica_cross_fitted_xw_xp,0.0,14,+3 Laps,10.0,5.292160079460241,8,prior_same_circuit_grid_movement,finished,0.448920921238426,True,1500.0,0.0,0.497077964291833,-0.06111767445749782,0.15949306011824635,0.38657382679598024,-0.02750295350587402,0.19936632514780794,0.05798607401939703,7.5137040917354065,0.010154319283502886,0.3712598882008757,18.60472313037548,0.0,0.0,0.0,-0.02750295350587402,0.19936632514780794,0.05798607401939703,-0.003913469008018757,-0.007436126138779869,-8.486404098938914e-05,0.004022689972058957,0.0512707906488169,0.007476785547040342,0.36498286158408405,0.017014994796175697,0.010338046988268663,0.014038961756115922,0.006016664937839705,-0.0047575113798809816,-0.008458426147728241,-0.00043612932945202333,-0.0047575113798809816,cross_fitted,season_grid_average,example_precomputed_capabilities,0.7485918490623895,0.0,0.0,0.0055805356083876816,0.42775312775200025,0.017014994796175697,0.36498286158408405,0.39999999999999997,0.8999999999999999,0.004573783675115205,-0.05649323955112456,-0.010154319283502886,0.16445439751341,2.716475492437311,-2.6148914971448454,0.10158399529246553,0.0,1500.1015839952925,revised_v3_parallel,prior_similar_races_current_season_only,field_centered_bounded_no_teammate_term,johncannon,john-cannon,brm,yardley-team-brm,,brm-p153|brm-p160,ambiguous_chassis_constructor_fallback,constructor:brm,,finished,26.0,26,True,,1:47.471,True,True,14.0,14.0,0.0,True,0.657563025210084,-0.12184873949579833,0.00466085503831672,-0.08714989467913692,0.022413287110233462,0.04213911473780813,0.05144094710002961,full_same_season_static_retrospective_baseline_plus_shape_distributions_v9,constructor_lineage_regulation_and_stability_shrunk,0.0,1500.0,1454.4802408832184,-2.0263254523424057,1497.9736745476575,1498.07525854295,8ca416052e09b97d,0.377806305929581,0.1936,0.21527138914443422,0.11775528978840846,0.0,0.13354531001589826,0.3052464228934817,0.4864864864864865,0.07472178060413355,0.0,0.36798528058877644,1.8399264029438824,0.0,0.735970561177553,0.18399264029438825,0.9199632014719412,2.9725957545623496,0.3238303605789938,0.013398758382227422,-0.08714989467913692,0.022413287110233462,0.04213911473780813,0.05144094710002961,full_same_season_static_retrospective_baseline_plus_shape_distributions_v9,constructor_lineage_regulation_and_stability_shrunk,high,baseline_plus_shape_distributions_v9,0.2443425640056007,0.018537909247546436,full_same_season_static_retrospective,1448.4464857058083,0.0,14,14,3.0,6231.991,59.0,0.05084745762711865,0.7,lap_equivalent,,1.0,scheduled_distance_unavailable_assume_full,1465.1882129646858,0.025613637094264976,14.0,15.399999999999999,-3.9932903089850464,4.0,15.0,1.0,-0.25930456551850956,1.0,0.8583950752789521,-0.0890343048153748,-0.001016916406900369,21.214143615542,7,-0.08801738840847444,-0.0867933644758597,0.5357142857142857,0.448920921238426,all_field_expected_seconds_gap_residual_same_car_crossfit_v7_4,196,11,16.0,1.4545454545454546,34.90909090909091,8.727272727272727,40.72727272727273,13.090909090909092,384.0,96.0,1451.1091117041938,1487.1091117041938,0,1.0,0,-2.662625998385392,0.45308007591607374,0.45775153686641545,-0.00883061562798948,-2.4607804274842953,1445.985705278324,1445.985705278324,1451.1091117041938,retrospective_first_five_backcast_previous_season_anchor_frozen_v7_5
hailwood,1971,United States Grand Prix,Mike Hailwood,Surtees,Surtees,14,0.028074135073931625,0.8027338338125666,1966-1982_3l_and_ground_effect,59,0.0,16.14,16.14,2.012,watkins_glen,0.7257328448351839,open_meteo_era5_air_temperature_track_proxy,11,1971-10-03,jolpica_cross_fitted_xw_xp,0.0,15,Accident,-1.0,5.292160079460241,8,prior_same_circuit_grid_movement,driver_fault,0.0,True,1497.8513889038725,0.0,0.49496232296155923,-0.09842931071263616,-0.2064311831178575,0.04475503111527737,-0.04429318982068627,-0.25803897889732186,0.006713254667291606,7.5137040917354065,0.01682550867525498,0.5100165409088427,14.719536854552404,0.0,0.0,0.0,-0.04429318982068627,-0.25803897889732186,0.006713254667291606,-0.0059737883725333,-0.01876256995792093,-0.0006337824705379606,0.0003926036062227023,-0.05383995668298943,0.00032880085831266115,0.5153283961306881,0.0320475931558503,0.012498586887153829,0.025335136627831645,0.007430533800543564,-0.005821134532295722,-0.01865768427297354,-0.0007530814456854574,-0.005821134532295722,cross_fitted,season_grid_average,example_precomputed_capabilities,0.7485918490623895,3.469446951953614e-18,-6.938893903907228e-18,0.006677452354858107,0.4622098439122341,0.0320475931558503,0.5153283961306881,0.39999999999999997,0.8999999999999999,0.010148056320396873,0.047806696996608666,-0.01682550867525498,-0.5100165409088427,-9.584109944565288,-2.6148914971448463,-12.199001441710134,0.0,1485.6523874621623,revised_v3_parallel,prior_similar_races_current_season_only,field_centered_bounded_no_teammate_term,mikehailwood,mike-hailwood,surtees,team-surtees,,surtees-ts7|surtees-ts9,ambiguous_chassis_constructor_fallback,constructor:surtees,Accident,driver_fault,15.0,15,True,,1:45.094,True,False,,,,True,0.657563025210084,-0.657563025210084,-0.15027365797309553,0.38434265218017427,0.02013344651672646,-0.5079777262278464,0.010683196523920179,full_same_season_static_retrospective_baseline_plus_shape_distributions_v9,constructor_lineage_regulation_and_stability_shrunk,-17.124915579079097,1480.7264733247935,1451.5476516761155,0.8772658029916791,1481.603739127785,1469.404737686075,8ca416052e09b97d,0.377806305929581,0.1936,0.21527138914443422,0.11775528978840846,0.0,0.13354531001589826,0.3052464228934817,0.4864864864864865,0.07472178060413355,0.0,0.36798528058877644,1.8399264029438824,0.0,0.735970561177553,0.18399264029438825,0.9199632014719412,2.9725957545623496,0.3238303605789938,-0.15647136013698612,0.38434265218017427,0.02013344651672646,-0.5079777262278464,0.010683196523920179,full_same_season_static_retrospective_baseline_plus_shape_distributions_v9,constructor_lineage_regulation_and_stability_shrunk,high,baseline_plus_shape_distributions_v9,-0.7128162002242238,0.0012033128454480466,full_same_season_static_retrospective,1492.9764274471293,0.21185734080679006,15,15,,6231.991,59.0,,0.0,unavailable,,1.0,scheduled_distance_unavailable_assume_full,1512.590541899294,0.030736213688750038,0.0,0.0,0.0,0.0,,0.0,,0.0,0.0,0.0,-0.005421729362382204,4.53216631998255,2,0.005421729362382204,0.0,0.0,0.0,all_field_expected_seconds_gap_residual_same_car_crossfit_v7_4,196,11,16.0,1.4545454545454546,34.90909090909091,8.727272727272727,40.72727272727273,13.090909090909092,384.0,96.0,1492.1858697743432,1483.935938936164,0,1.0,6,0.7905576727861122,0.4962080454220712,0.6701089720544725,-0.6701089720544725,-25.54540668819061,1467.4310207589388,1467.4310207589388,1501.3694896914915,retrospective_first_five_backcast_previous_season_anchor_frozen_v7_5
bonnier,1971,United States Grand Prix,Jo Bonnier,McLaren,McLaren,28,0.00013553286307428105,0.11728113482606695,1966-1982_3l_and_ground_effect,59,0.0,16.14,16.14,2.012,watkins_glen,0.7257328448351839,open_meteo_era5_air_temperature_track_proxy,11,1971-10-03,jolpica_cross_fitted_xw_xp,0.0,16,Out of fuel,12.0,5.292160079460241,8,prior_same_circuit_grid_movement,mechanical,,False,1481.927553643999,0.0,0.47929114516172683,-0.37495415509884356,-0.45099268943885695,0.13350481794405786,-0.1687293697944796,-0.5637408617985712,0.02002572269160868,7.5137040917354065,0.006447865321894283,0.303327112475681,20.50684085068093,0.0,0.0,0.0,-0.1687293697944796,-0.5637408617985712,0.02002572269160868,-0.002723073759017391,-0.008387521078848202,-0.00015676876386378838,-0.014386458054411294,-0.05007064346132213,0.003478047601748903,0.3094250178670795,0.013208283482931914,0.003940943594603781,0.00962197348226314,0.0021444070237261717,-0.0020000237134012496,-0.007681053601060609,-0.00020348714252364027,-0.0020000237134012496,cross_fitted,season_grid_average,example_precomputed_capabilities,0.7485918490623895,0.0,-6.938893903907228e-18,0.0019409198812025315,0.24844596395309496,0.013208283482931914,0.3094250178670795,0.39999999999999997,0.8999999999999999,0.004506945440691751,0.05488114852258605,-0.006447865321894283,,0.0,0.0,0.0,0.0,1481.927553643999,revised_v3_parallel,prior_similar_races_current_season_only,field_centered_bounded_no_teammate_term,jobonnier,jo-bonnier,mclaren,ecurie-bonnier,mclaren-m7c,mclaren-m7c,exact_chassis,mclaren-m7c,Out of fuel,mechanical,31.0,31,True,,1:49.391,True,False,,,,False,0.657563025210084,,-0.12252964426877477,0.41447187612860964,0.022413287110233462,-0.39374107399899666,0.014806444477786071,full_same_season_static_retrospective_baseline_plus_shape_distributions_v9,constructor_lineage_regulation_and_stability_shrunk,-32.342628013090874,1449.5849256309082,1398.4940747218718,-2.4567025243493235,1447.1282231065588,1447.1282231065588,8ca416052e09b97d,0.377806305929581,0.1936,0.21527138914443422,0.11775528978840846,0.0,0.13354531001589826,0.3052464228934817,0.4864864864864865,0.07472178060413355,0.0,0.36798528058877644,1.8399264029438824,0.0,0.735970561177553,0.18399264029438825,0.9199632014719412,2.9725957545623496,0.3238303605789938,-0.12252964426877477,0.41447187612860964,0.022413287110233462,-0.39374107399899666,0.014806444477786071,full_same_season_static_retrospective_baseline_plus_shape_distributions_v9,constructor_lineage_regulation_and_stability_shrunk,high,baseline_plus_shape_distributions_v9,-0.5368986821264221,0.0019891351332641024,full_same_season_static_retrospective,1426.2371873880038,0.08526457611072741,16,16,,6231.991,59.0,,0.0,unavailable,,1.0,scheduled_distance_unavailable_assume_full,1441.0008116269273,0.02333831526534372,0.0,0.0,0.0,0.0,,0.0,,0.0,0.0,0.0,0.0,0.0,0,0.0,0.0,,,all_field_expected_seconds_gap_residual_same_car_crossfit_v7_4,196,11,16.0,1.4545454545454546,34.90909090909091,8.727272727272727,40.72727272727273,13.090909090909092,384.0,96.0,1429.9933606417915,1497.2335534233293,0,1.0,51,-3.7561732537877,0.4317645691846799,0.488832305002742,,0.0,1426.2371873880038,1426.2371873880038,1441.3028560464318,retrospective_first_five_backcast_previous_season_anchor_frozen_v7_5
surtees,1971,United States Grand Prix,John Surtees,Surtees,Surtees,13,0.05112684710064714,0.8582444028633869,1966-1982_3l_and_ground_effect,59,0.0,16.14,16.14,2.012,watkins_glen,0.7257328448351839,open_meteo_era5_air_temperature_track_proxy,11,1971-10-03,jolpica_cross_fitted_xw_xp,0.0,17,+5 Laps,-4.0,5.292160079460241,8,prior_same_circuit_grid_movement,finished,0.27114998063628815,True,1561.8296404431408,0.0,0.5577025513127134,1.012582939933975,-0.2064311831178575,0.04475503111527737,0.45566232297028875,-0.25803897889732186,0.006713254667291606,7.5137040917354065,0.019697218410794245,0.5317925938376484,14.109807372545845,0.0,0.0,0.0,0.45566232297028875,-0.25803897889732186,0.006713254667291606,0.001119915886813299,-0.0243584884458887,-0.000836432967804788,0.07558761993259716,-0.06391069986840951,-6.855198262236312e-05,0.5306317570294918,0.03414222172692236,0.013315493700234736,0.03869230432440218,0.011200714562570336,-0.003248277500192562,-0.02862508812436001,-0.0011334983625281621,-0.003248277500192562,cross_fitted,season_grid_average,example_precomputed_capabilities,0.7485918490623895,0.0,5.204170427930421e-18,0.010067216200042174,0.5422401251110571,0.03414222172692236,0.5306317570294918,0.39999999999999997,0.8999999999999999,0.00963000221075207,-0.010447531273408694,-0.019697218410794245,-0.10322116526621983,-2.330714216651019,-2.614891497144845,-4.945605713795864,0.0,1556.8840347293449,revised_v3_parallel,prior_similar_races_current_season_only,field_centered_bounded_no_teammate_term,johnsurtees,john-surtees,surtees,brooke-bond-oxo-team-surtees,surtees-ts9,surtees-ts9,exact_chassis,surtees-ts9,,finished,14.0,14,True,,1:44.908,True,True,9.0,15.0,-6.0,True,0.657563025210084,-0.22899159663865543,0.03475162807121296,0.38434265218017427,0.02013344651672646,0.1131424741199204,0.06301049076412175,full_same_season_static_retrospective_baseline_plus_shape_distributions_v9,constructor_lineage_regulation_and_stability_shrunk,57.02760227157874,1618.8572427147194,1588.8793585272342,-0.21782170465886827,1618.6394210100605,1613.6938152962646,8ca416052e09b97d,0.377806305929581,0.1936,0.21527138914443422,0.11775528978840846,0.0,0.13354531001589826,0.3052464228934817,0.4864864864864865,0.07472178060413355,0.0,0.36798528058877644,1.8399264029438824,0.0,0.735970561177553,0.18399264029438825,0.9199632014719412,2.9725957545623496,0.3238303605789938,0.03203614466697303,0.38434265218017427,0.02013344651672646,0.1131424741199204,0.06301049076412175,full_same_season_static_retrospective_baseline_plus_shape_distributions_v9,constructor_lineage_regulation_and_stability_shrunk,high,baseline_plus_shape_distributions_v9,0.44223558083655123,0.032629813776911654,full_same_season_static_retrospective,1579.7797741304844,0.08170273607538131,17,17,5.0,6231.991,59.0,0.0847457627118644,0.7,lap_equivalent,,1.0,scheduled_distance_unavailable_assume_full,1618.9983211603242,0.04627964575271643,14.0,9.799999999999999,-4.528001351239004,0.0,15.0,1.0,-0.4620409542080617,1.0,0.8583950752789521,-0.15864547186775518,0.0,0.0,0,-0.15864547186775518,-0.15742144793514046,0.4285714285714286,0.27114998063628815,all_field_expected_seconds_gap_residual_same_car_crossfit_v7_4,196,11,16.0,1.4545454545454546,34.90909090909091,8.727272727272727,40.72727272727273,13.090909090909092,384.0,96.0,1579.8279605976406,1490.5022427856638,0,1.0,55,-0.048186467156148535,0.5798443618871689,0.670860303581942,-0.3997103229456539,-16.10603566475549,1563.673738465729,1563.673738465729,1450.428030033468,retrospective_first_five_backcast_previous_season_anchor_frozen_v7_5
barber,1971,United States Grand Prix,Skip Barber,March-Ford,March-Ford,25,0.00045388077041031756,0.25337326637312774,1966-1982_3l_and_ground_effect,59,0.0,16.14,16.14,2.012,watkins_glen,0.7257328448351839,open_meteo_era5_air_temperature_track_proxy,11,1971-10-03,jolpica_cross_fitted_xw_xp,0.0,18,Not classified,7.0,5.292160079460241,8,prior_same_circuit_grid_movement,other,0.3928571428571429,False,1500.0,0.0,0.497077964291833,-0.06111767445749782,0.5249359965735803,-0.7140395921280944,-0.02750295350587402,0.6561699957169753,-0.10710593881921417,7.5137040917354065,0.010653736405813831,0.3630968285869983,18.83328879956405,0.02,0.0,0.05880602015151773,-0.02750295350587402,0.6561699957169753,-0.10710593881921417,-0.00452976970558863,-0.002939498123301891,-0.001393043555984937,0.0044427974505614285,0.1330815181131061,-0.013901748941285003,0.3507345719247601,0.015971123236739108,0.013182769718147275,0.011938263501426336,0.008508684596068251,-0.006073957866283626,-0.004829451649562687,-0.0013998727442046024,-0.006073957866283626,cross_fitted,season_grid_average,example_precomputed_capabilities,0.7485918490623895,0.0,1.3877787807814457e-17,0.007108811851863649,0.4743571385471426,0.015971123236739108,0.3507345719247601,0.39999999999999997,0.8999999999999999,0.0035449245539501822,-0.1112603099601443,-0.010653736405813831,0.029760314270144583,0.0,0.0,0.0,0.0,1500.0,revised_v3_parallel,prior_similar_races_current_season_only,field_centered_bounded_no_teammate_term,skipbarber,skip-barber,march,gene-mason-racing,march-711,march-711,exact_chassis,march-711,,finished,27.0,27,True,,1:47.673,True,False,,,,False,0.657563025210084,,-0.5210084033613446,0.28683287927603496,0.02013344651672646,-1.71102848561331,0.0003434836402075016,full_same_season_static_retrospective_baseline_plus_shape_distributions_v9,constructor_lineage_regulation_and_stability_shrunk,-3.078298464535984,1496.921701535464,1306.98460774748,-0.8286952351348255,1496.0930063003293,1496.0930063003293,8ca416052e09b97d,0.377806305929581,0.1936,0.21527138914443422,0.11775528978840846,0.0,0.13354531001589826,0.3052464228934817,0.4864864864864865,0.07472178060413355,0.0,0.36798528058877644,1.8399264029438824,0.0,0.735970561177553,0.18399264029438825,0.9199632014719412,2.9725957545623496,0.3238303605789938,-0.5210084033613446,0.28683287927603496,0.02013344651672646,-1.71102848561331,0.0003434836402075016,full_same_season_static_retrospective_baseline_plus_shape_distributions_v9,constructor_lineage_regulation_and_stability_shrunk,high,baseline_plus_shape_distributions_v9,-3.029115292149078,1.6077510370601851e-06,full_same_season_static_retrospective,1442.0780537695837,0.0,18,NC,7.0,6231.991,59.0,0.11864406779661017,0.7,lap_equivalent,,1.0,scheduled_distance_unavailable_assume_full,1318.2546438374056,0.014555891075946693,0.0,0.0,0.0,0.0,,0.0,,0.0,0.0,0.0,0.0,0.0,0,0.0,0.0,0.3928571428571429,0.3928571428571429,all_field_expected_seconds_gap_residual_same_car_crossfit_v7_4,196,11,16.0,1.4545454545454546,34.90909090909091,8.727272727272727,40.72727272727273,13.090909090909092,384.0,96.0,1443.8668865965446,1487.1091117041938,0,1.0,0,-1.7888328269610327,0.4469491120732797,0.32303290290196607,0.06982423995517684,0.0,1442.0780537695837,1442.0780537695837,1449.3730980275861,retrospective_first_five_backcast_previous_season_anchor_frozen_v7_5
ickx,1971,United States Grand Prix,Jacky Ickx,Ferrari,Ferrari,7,0.051021568032082965,0.8580698614036891,1966-1982_3l_and_ground_effect,59,0.0,16.14,16.14,2.012,watkins_glen,0.7257328448351839,open_meteo_era5_air_temperature_track_proxy,11,1971-10-03,jolpica_cross_fitted_xw_xp,0.0,19,Alternator,-12.0,5.292160079460241,8,prior_same_circuit_grid_movement,other,0.3571428571428571,False,1608.9486291337244,0.0,0.6029201535757661,1.8308262087608276,-0.9244022127047038,-1.4153027525394826,0.8238717939423724,-1.1555027658808799,-0.21229541288092238,7.5137040917354065,0.024143759811083344,0.605528735977891,12.045195392619052,0.0,0.0,0.0,0.8238717939423724,-1.1555027658808799,-0.21229541288092238,0.011738282350319429,-0.049678575178223855,-0.005019218688347867,0.11239102994682604,-0.23679938903644693,-0.025906786843704,0.6205602505712235,0.049919466720834735,0.007744982397838051,0.064096828337633,0.008756589361453748,-0.0007850271932556179,-0.05713687313305057,-0.0017966341568713146,-0.0007850271932556179,cross_fitted,season_grid_average,example_precomputed_capabilities,0.7485918490623895,-6.938893903907228e-18,0.0,0.006959955204582433,0.47024510463789865,0.049919466720834735,0.6205602505712235,0.39999999999999997,0.8999999999999999,0.01718380460650091,0.13528363133999238,-0.024143759811083344,-0.24838587883503394,0.0,0.0,0.0,0.0,1608.9486291337244,revised_v3_parallel,prior_similar_races_current_season_only,field_centered_bounded_no_teammate_term,jackyickx,jacky-ickx,ferrari,scuderia-ferrari-spa-sefac,,ferrari-312b|ferrari-312b2,ambiguous_chassis_constructor_fallback,constructor:ferrari,Alternator,other,8.0,8,True,,1:43.843,True,False,,,,False,0.657563025210084,,0.04009026587121827,0.6716183982818433,0.022413287110233462,0.1625080640965368,0.07255506388044711,full_same_season_static_retrospective_baseline_plus_shape_distributions_v9,constructor_lineage_regulation_and_stability_shrunk,47.27237307252261,1656.221002206247,1639.777588472672,0.85126572904855,1657.0722679352955,1657.0722679352955,8ca416052e09b97d,0.377806305929581,0.1936,0.21527138914443422,0.11775528978840846,0.0,0.13354531001589826,0.3052464228934817,0.4864864864864865,0.07472178060413355,0.0,0.36798528058877644,1.8399264029438824,0.0,0.735970561177553,0.18399264029438825,0.9199632014719412,2.9725957545623496,0.3238303605789938,0.044952360429007694,0.6716183982818433,0.022413287110233462,0.1625080640965368,0.07255506388044711,full_same_season_static_retrospective_baseline_plus_shape_distributions_v9,constructor_lineage_regulation_and_stability_shrunk,high,baseline_plus_shape_distributions_v9,0.4816571685080516,0.03651998011056721,full_same_season_static_retrospective,1628.1899660910262,0.10652386143017983,21,DNF,,6231.991,59.0,,0.0,unavailable,,1.0,scheduled_distance_unavailable_assume_full,1674.274614325654,0.0572428861554146,0.0,0.0,0.0,0.0,,0.0,,0.0,0.0,0.0,0.00790242684514564,5.211595445454932,2,-0.00790242684514564,0.0,0.3571428571428571,0.3571428571428571,all_field_expected_seconds_gap_residual_same_car_crossfit_v7_4,196,11,16.0,1.4545454545454546,34.90909090909091,8.727272727272727,40.72727272727273,13.090909090909092,384.0,96.0,1626.7769433449491,1488.8902888648772,0,1.0,29,1.413022746076992,0.6249781734940435,0.7438171916502097,-0.38667433450735256,0.0,1628.1899660910262,1628.1899660910262,1517.1760279169691,retrospective_first_five_backcast_previous_season_anchor_frozen_v7_5
emerson_fittipaldi,1971,United States Grand Prix,Emerson Fittipaldi,Lotus-Ford,Lotus-Ford,2,0.028947929356515294,0.8057831012049801,1966-1982_3l_and_ground_effect,59,0.0,16.14,16.14,2.012,watkins_glen,0.7257328448351839,open_meteo_era5_air_temperature_track_proxy,11,1971-10-03,jolpica_cross_fitted_xw_xp,0.0,20,Not classified,-18.0,5.292160079460241,8,prior_same_circuit_grid_movement,other,0.3214285714285714,False,1526.2235736772348,0.0,0.522881858560965,0.3942669431302404,1.287490179835401,-0.19379949373374195,0.1774201244086082,1.6093627247942512,-0.02906992406006129,6.897548274618012,0.0814865339034096,0.708662373645257,9.157453537932804,0.08,0.0048013617144565535,0.15519863828554345,0.1774201244086082,1.6093627247942512,-0.02906992406006129,-0.026615289458026225,0.05581931379352363,-0.00757588118690172,0.018798789966759967,0.16715913269276964,-0.005084007536164577,0.6905749821329205,0.06850964801425219,0.1399685283245325,0.06217026977011021,0.1028277969145718,-0.04983073716168461,0.02796752139273767,-0.012690005751723923,-0.04983073716168461,cross_fitted,season_grid_average,example_precomputed_capabilities,0.7466241118653301,6.938893903907228e-18,0.0,0.09013779116284788,0.8714488972562855,0.06850964801425219,0.6905749821329205,0.39999999999999997,0.8999999999999999,-0.008651257259438286,-0.16278652361102852,-0.0814865339034096,-0.3872338022166856,0.0,0.0,0.0,0.0,1526.2235736772348,revised_v3_parallel,prior_similar_races_current_season_only,field_centered_bounded_no_teammate_term,emersonfittipaldi,emerson-fittipaldi,lotus,,,,unmatched_constructor_fallback,constructor:lotus,,finished,2.0,2,True,,1:42.659,True,False,,,,False,0.657563025210084,,0.07340795837121837,0.5247495590346626,0.022413287110233462,0.2542194950739515,0.0942903107654776,full_same_season_static_retrospective_baseline_plus_shape_distributions_v9,constructor_lineage_regulation_and_stability_shrunk,-6.3853879947523335,1519.8381856824824,1518.4272192110034,2.7991248056820695,1522.6373104881645,1522.6373104881645,8ca416052e09b97d,0.377806305929581,0.1936,0.21527138914443422,0.11775528978840846,0.0,0.13354531001589826,0.3052464228934817,0.4864864864864865,0.07472178060413355,0.0,0.36798528058877644,1.8399264029438824,0.0,0.735970561177553,0.18399264029438825,0.9199632014719412,2.9725957545623496,0.3238303605789938,0.07382795382218145,0.5247495590346626,0.022413287110233462,0.2542194950739515,0.0942903107654776,full_same_season_static_retrospective_baseline_plus_shape_distributions_v9,constructor_lineage_regulation_and_stability_shrunk,high,baseline_plus_shape_distributions_v9,0.6859650815570865,0.06547028696099999,full_same_season_static_retrospective,1502.3685058911258,0.18219649682111588,19,NC,10.0,6231.991,59.0,0.1694915254237288,0.7,lap_equivalent,,1.0,scheduled_distance_unavailable_assume_full,1584.665269827518,0.04055471501713583,0.0,0.0,0.0,0.0,,0.0,,0.0,0.0,0.0,0.0061672657834274695,3.652525826035615,1,-0.0061672657834274695,0.0,0.3214285714285714,0.3214285714285714,all_field_expected_seconds_gap_residual_same_car_crossfit_v7_4,196,11,16.0,1.4545454545454546,34.90909090909091,8.727272727272727,40.72727272727273,13.090909090909092,384.0,96.0,1498.0896596050873,1484.1853249422263,0,1.0,10,4.278846286038417,0.5053284573711376,0.7083457498951138,-0.3869171784665424,0.0,1502.3685058911258,1502.3685058911258,1473.8522371912575,retrospective_first_five_backcast_previous_season_anchor_frozen_v7_5
lovely,1971,United States Grand Prix,Pete Lovely,Lotus-Ford,Lotus-Ford,29,0.0005890631207325115,0.2899134505070073,1966-1982_3l_and_ground_effect,59,0.0,16.14,16.14,2.012,watkins_glen,0.7257328448351839,open_meteo_era5_air_temperature_track_proxy,11,1971-10-03,jolpica_cross_fitted_xw_xp,0.0,21,Not classified,8.0,5.292160079460241,8,prior_same_circuit_grid_movement,other,0.2857142857142857,False,1504.7135808562114,0.0,0.5017192833907649,0.020735860918502907,1.287490179835401,-0.19379949373374195,0.009331137413326309,1.6093627247942512,-0.02906992406006129,6.897548274618012,0.01340135172952785,0.3272086691735707,19.83815726314002,0.02,0.0,0.05880602015151773,0.009331137413326309,1.6093627247942512,-0.02906992406006129,-0.006652376863175772,0.009578271812044924,-0.0012535654445640608,0.010593916954563909,0.3040694010824513,-0.004461468341497077,0.2961884842040189,0.012397954026944798,0.02532962042113647,0.009970732308393343,0.016047240570449376,-0.011259336889886581,0.004099551222856546,-0.001976957039199487,-0.011259336889886581,cross_fitted,season_grid_average,example_precomputed_capabilities,0.7466241118653301,0.0,0.0,0.014070283531249889,0.606390333899537,0.012397954026944798,0.2961884842040189,0.39999999999999997,0.8999999999999999,-0.0006689318017220388,-0.2791816647259663,-0.01340135172952785,-0.04149438345928502,0.0,0.0,0.0,0.0,1504.7135808562114,revised_v3_parallel,prior_similar_races_current_season_only,field_centered_bounded_no_teammate_term,petelovely,pete-lovely,lotus,pete-lovely-volkswagen-inc,lotus-69-special,lotus-69-special,exact_chassis,lotus-69-special,,finished,32.0,32,True,,1:52.140,True,False,,,,False,0.657563025210084,,0.0,0.5247495590346626,0.022413287110233462,0.011503530593635783,0.04712974126430218,full_same_season_static_retrospective_baseline_plus_shape_distributions_v9,constructor_lineage_regulation_and_stability_shrunk,-13.790030574353514,1490.9235502818578,1447.2085574317339,-3.25249082998151,1487.6710594518763,1487.6710594518763,8ca416052e09b97d,0.377806305929581,0.1936,0.21527138914443422,0.11775528978840846,0.0,0.13354531001589826,0.3052464228934817,0.4864864864864865,0.07472178060413355,0.0,0.36798528058877644,1.8399264029438824,0.0,0.735970561177553,0.18399264029438825,0.9199632014719412,2.9725957545623496,0.3238303605789938,0.0,0.5247495590346626,0.022413287110233462,0.011503530593635783,0.04712974126430218,full_same_season_static_retrospective_baseline_plus_shape_distributions_v9,constructor_lineage_regulation_and_stability_shrunk,high,baseline_plus_shape_distributions_v9,0.22872529081693155,0.01772891643462485,full_same_season_static_retrospective,1441.816509185099,0.0,20,NC,10.0,6231.991,59.0,0.1694915254237288,0.7,lap_equivalent,,1.0,scheduled_distance_unavailable_assume_full,1462.9992956969215,0.025398903303840318,0.0,0.0,0.0,0.0,,0.0,,0.0,0.0,0.0,0.0,0.0,0,0.0,0.0,0.2857142857142857,0.2857142857142857,all_field_expected_seconds_gap_residual_same_car_crossfit_v7_4,196,11,16.0,1.4545454545454546,34.90909090909091,8.727272727272727,40.72727272727273,13.090909090909092,384.0,96.0,1446.2882749842431,1490.5022427856638,0,1.0,3,-4.471765799144125,0.44669761466665453,0.44904110664358854,-0.16332682092930284,0.0,1441.816509185099,1441.816509185099,1454.5022427856638,retrospective_first_five_backcast_previous_season_anchor_frozen_v7_5
hulme,1971,United States Grand Prix,Denny Hulme,McLaren,McLaren,3,0.003057319820045264,0.5356195640518047,1966-1982_3l_and_ground_effect,59,0.0,16.14,16.14,2.012,watkins_glen,0.7257328448351839,open_meteo_era5_air_temperature_track_proxy,11,1971-10-03,jolpica_cross_fitted_xw_xp,0.0,22,Accident,-19.0,5.292160079460241,8,prior_same_circuit_grid_movement,driver_fault,0.0,True,1517.477080732787,0.0,0.5142824201656733,0.24238000377693197,-0.45099268943885695,0.13350481794405786,0.10907100169961939,-0.5637408617985712,0.02002572269160868,7.5137040917354065,0.032542140969446416,0.6659296827345655,10.353968883432165,0.0,0.0,0.0,0.10907100169961939,-0.5637408617985712,0.02002572269160868,-0.007013270199024041,-0.04506885107953914,-0.000858601356976565,0.019793830142269653,-0.13190329435971254,0.000791528870991598,0.6770614762692108,0.06430657455077027,0.01918709447705718,0.0572347663566543,0.012553961817929879,-0.007821242561826657,-0.04586891444142378,-0.001188109902699356,-0.007821242561826657,cross_fitted,season_grid_average,example_precomputed_capabilities,0.7485918490623895,0.0,0.0,0.011365851915230523,0.5657435409227595,0.06430657455077027,0.6770614762692108,0.39999999999999997,0.8999999999999999,0.021176289054215893,0.10018614181180607,-0.032542140969446416,-0.6659296827345655,-12.767745672488894,-2.6148914971448445,-15.382637169633739,0.0,1502.0944435631534,revised_v3_parallel,prior_similar_races_current_season_only,field_centered_bounded_no_teammate_term,dennyhulme,denny-hulme,mclaren,bruce-mclaren-motor-racing,,mclaren-m14a|mclaren-m19a,ambiguous_chassis_constructor_fallback,constructor:mclaren,Accident,driver_fault,3.0,3,True,,1:42.925,True,False,,,,True,0.657563025210084,-0.657563025210084,-0.14921693397475505,0.41447187612860964,0.022413287110233462,-0.507263886061681,0.010705007600911556,full_same_season_static_retrospective_baseline_plus_shape_distributions_v9,constructor_lineage_regulation_and_stability_shrunk,55.4982615321259,1572.975342264913,1574.9303731990879,2.918525361662271,1575.8938676265752,1560.5112304569416,8ca416052e09b97d,0.377806305929581,0.1936,0.21527138914443422,0.11775528978840846,0.0,0.13354531001589826,0.3052464228934817,0.4864864864864865,0.07472178060413355,0.0,0.36798528058877644,1.8399264029438824,0.0,0.735970561177553,0.18399264029438825,0.9199632014719412,2.9725957545623496,0.3238303605789938,-0.15706036392981199,0.41447187612860964,0.022413287110233462,-0.507263886061681,0.010705007600911556,full_same_season_static_retrospective_baseline_plus_shape_distributions_v9,constructor_lineage_regulation_and_stability_shrunk,high,baseline_plus_shape_distributions_v9,-0.7031271269889976,0.0012370895998528781,full_same_season_static_retrospective,1619.0065715029825,0.13087318507185872,22,DNF,,6231.991,59.0,,0.0,unavailable,,1.0,scheduled_distance_unavailable_assume_full,1612.3780624589992,0.04511612468348029,0.0,0.0,0.0,0.0,,0.0,,0.0,0.0,0.0,0.006176491317340278,2.861600022393982,2,-0.006176491317340278,0.0,0.0,0.0,all_field_expected_seconds_gap_residual_same_car_crossfit_v7_4,196,11,16.0,1.4545454545454546,34.90909090909091,8.727272727272727,40.72727272727273,13.090909090909092,384.0,96.0,1615.5114840840224,1481.9991428272128,0,1.0,46,3.4950874189601917,0.6165448036337898,0.7102440640438996,-0.7102440640438996,-26.946486263094247,1592.0600852398882,1592.0600852398882,1455.9732072244167,retrospective_first_five_backcast_previous_season_anchor_frozen_v7_5
schenken,1971,United States Grand Prix,Tim Schenken,Brabham,Brabham,15,0.0016054360435624872,0.440686123594647,1966-1982_3l_and_ground_effect,59,0.0,16.14,16.14,2.012,watkins_glen,0.7257328448351839,open_meteo_era5_air_temperature_track_proxy,11,1971-10-03,jolpica_cross_fitted_xw_xp,0.0,23,Engine,-8.0,5.292160079460241,8,prior_same_circuit_grid_movement,mechanical,,False,1504.9693679379816,0.0,0.5019711410856706,0.025177723185236457,-2.017027344573296,-0.992484313558516,0.011329975433356405,-2.52128418071662,-0.1488726470337774,7.5137040917354065,0.012508154608429778,0.46391087253582225,16.010495568996976,0.0,0.0,0.0,0.011329975433356405,-2.52128418071662,-0.1488726470337774,-0.0026316025371499662,-0.02508266678681063,-0.0015745900755119524,0.005045915718040486,-0.3534436823984096,-0.012493507961407635,0.49999999999999994,0.030081470248113314,0.001431147374761063,0.02254599038655924,0.0009430966057486881,-0.000638536526120302,-0.02175337953791848,-0.00015048575710792725,-0.000638536526120302,cross_fitted,season_grid_average,example_precomputed_capabilities,0.7485918490623895,-3.469446951953614e-18,5.551115123125783e-17,0.0007926108486407609,0.1391087253582232,0.030081470248113314,0.49999999999999994,0.39999999999999997,0.8999999999999999,0.011715543759789017,0.32480214717759903,-0.012508154608429778,,0.0,0.0,0.0,0.0,1504.9693679379816,revised_v3_parallel,prior_similar_races_current_season_only,field_centered_bounded_no_teammate_term,timschenken,tim-schenken,brabham,motor-racing-developments,,brabham-bt33|brabham-bt34,ambiguous_chassis_constructor_fallback,constructor:brabham,Engine,mechanical,16.0,16,True,,1:45.110,True,False,,,,False,0.657563025210084,,-0.09816491747465375,0.2762385866180803,0.022413287110233462,-0.3033422866467032,0.019169965804647117,full_same_season_static_retrospective_baseline_plus_shape_distributions_v9,constructor_lineage_regulation_and_stability_shrunk,-2.4808380045883514,1502.4885299333932,1563.5311195101683,0.39314984113387264,1502.8816797745271,1502.8816797745271,8ca416052e09b97d,0.377806305929581,0.1936,0.21527138914443422,0.11775528978840846,0.0,0.13354531001589826,0.3052464228934817,0.4864864864864865,0.07472178060413355,0.0,0.36798528058877644,1.8399264029438824,0.0,0.735970561177553,0.18399264029438825,0.9199632014719412,2.9725957545623496,0.3238303605789938,-0.09411090594248522,0.2762385866180803,0.022413287110233462,-0.3033422866467032,0.019169965804647117,full_same_season_static_retrospective_baseline_plus_shape_distributions_v9,constructor_lineage_regulation_and_stability_shrunk,high,baseline_plus_shape_distributions_v9,-0.3881672425232028,0.003042400701366741,full_same_season_static_retrospective,1587.3360352154912,0.0,23,DNF,,6231.991,59.0,,0.0,unavailable,,1.0,scheduled_distance_unavailable_assume_full,1582.5574648514973,0.040227269370771444,0.0,0.0,0.0,0.0,,0.0,,0.0,0.0,0.0,-0.005335125664477086,4.130399207763672,1,0.005335125664477086,0.0,,,all_field_expected_seconds_gap_residual_same_car_crossfit_v7_4,196,11,16.0,1.4545454545454546,34.90909090909091,8.727272727272727,40.72727272727273,13.090909090909092,384.0,96.0,1587.7985024419045,1484.1853249422263,0,1.0,4,-0.4624672264133512,0.5869901129195313,0.5648235957225789,,0.0,1587.3360352154912,1587.3360352154912,1591.963654115423,retrospective_first_five_backcast_previous_season_anchor_frozen_v7_5
craft,1971,United States Grand Prix,Chris Craft,Brabham,Brabham,27,0.0006848957185761113,0.31183667391454356,1966-1982_3l_and_ground_effect,59,0.0,16.14,16.14,2.012,watkins_glen,0.7257328448351839,open_meteo_era5_air_temperature_track_proxy,11,1971-10-03,jolpica_cross_fitted_xw_xp,0.0,24,Suspension,3.0,5.292160079460241,8,prior_same_circuit_grid_movement,mechanical,,False,1500.0,0.0,0.497077964291833,-0.06111767445749782,-2.017027344573296,-0.992484313558516,-0.02750295350587402,-2.52128418071662,-0.1488726470337774,7.5137040917354065,0.005847149738048048,0.2980437519957956,20.654774944117722,0.0,0.0,0.0,-0.02750295350587402,-2.52128418071662,-0.1488726470337774,-0.0013917554149736886,-0.011586168661497812,-0.0007294530578127016,0.001972749233440145,-0.241211621037658,-0.009708845545718194,0.32293852373078924,0.01407157601861857,0.0006694652525855108,0.010258781711999303,0.00043322074437320257,-0.0003052663682511424,-0.009894582827664934,-6.902186003883415e-05,-0.0003052663682511424,cross_fitted,season_grid_average,example_precomputed_capabilities,0.7485918490623895,0.0,-5.551115123125783e-17,0.0003641988843343684,0.07399080638085313,0.01407157601861857,0.32293852373078924,0.39999999999999997,0.8999999999999999,0.00548295085371368,0.22405294561494243,-0.005847149738048048,,0.0,0.0,0.0,0.0,1500.0,revised_v3_parallel,prior_similar_races_current_season_only,field_centered_bounded_no_teammate_term,chriscraft,chris-craft,brabham,ecurie-evergreen,brabham-bt33,brabham-bt33,exact_chassis,brabham-bt33,Suspension,mechanical,30.0,30,True,,1:48.698,True,False,,,,False,0.657563025210084,,0.0,0.2762385866180803,0.022413287110233462,0.006055686903576587,0.04640183395783577,full_same_season_static_retrospective_baseline_plus_shape_distributions_v9,constructor_lineage_regulation_and_stability_shrunk,0.0,1500.0,1451.5935666564799,-2.8737473579522352,1497.1262526420478,1497.1262526420478,8ca416052e09b97d,0.377806305929581,0.1936,0.21527138914443422,0.11775528978840846,0.0,0.13354531001589826,0.3052464228934817,0.4864864864864865,0.07472178060413355,0.0,0.36798528058877644,1.8399264029438824,0.0,0.735970561177553,0.18399264029438825,0.9199632014719412,2.9725957545623496,0.3238303605789938,0.0,0.2762385866180803,0.022413287110233462,0.006055686903576587,0.04640183395783577,full_same_season_static_retrospective_baseline_plus_shape_distributions_v9,constructor_lineage_regulation_and_stability_shrunk,high,baseline_plus_shape_distributions_v9,0.22327744712687236,0.017455097664092572,full_same_season_static_retrospective,1447.2239595098472,0.0,24,DNF,,6231.991,59.0,,0.0,unavailable,,1.0,scheduled_distance_unavailable_assume_full,1461.079086092232,0.02521201267838217,0.0,0.0,0.0,0.0,,0.0,,0.0,0.0,0.0,0.0,0.0,0,0.0,0.0,,,all_field_expected_seconds_gap_residual_same_car_crossfit_v7_4,196,11,16.0,1.4545454545454546,34.90909090909091,8.727272727272727,40.72727272727273,13.090909090909092,384.0,96.0,1451.1091117041938,1487.1091117041938,0,1.0,0,-3.885152194346667,0.4519021034883319,0.4538068428418541,,0.0,1447.2239595098472,1447.2239595098472,1451.1091117041938,retrospective_first_five_backcast_previous_season_anchor_frozen_v7_5
posey,1971,United States Grand Prix,Sam Posey,Surtees,Surtees,17,0.011884112798869617,0.7098973515465696,1966-1982_3l_and_ground_effect,59,0.0,16.14,16.14,2.012,watkins_glen,0.7257328448351839,open_meteo_era5_air_temperature_track_proxy,11,1971-10-03,jolpica_cross_fitted_xw_xp,0.0,25,Engine,-8.0,5.292160079460241,8,prior_same_circuit_grid_movement,mechanical,,False,1500.0,0.0,0.497077964291833,-0.06111767445749782,-0.2064311831178575,0.04475503111527737,-0.02750295350587402,-0.25803897889732186,0.006713254667291606,7.5137040917354065,0.01395373385712802,0.46522906895165955,15.97358606935353,0.0,0.0,0.0,-0.02750295350587402,-0.25803897889732186,0.006713254667291606,-0.00477708812221894,-0.0156118257935625,-0.0005276792517980826,0.0032306722387558753,-0.045317690144463005,0.0006952777172205641,0.4693682429705082,0.02650368975767574,0.010336460140876694,0.021207368948635747,0.006217172939745439,-0.00474936355078048,-0.015620272358539532,-0.0006300763496492248,-0.00474936355078048,cross_fitted,season_grid_average,example_precomputed_capabilities,0.7485918490623895,0.0,-6.938893903907228e-18,0.005587096590096215,0.42797650278202165,0.02650368975767574,0.4693682429705082,0.39999999999999997,0.8999999999999999,0.008366637267031806,0.0372525661696379,-0.01395373385712802,,0.0,0.0,0.0,0.0,1500.0,revised_v3_parallel,prior_similar_races_current_season_only,field_centered_bounded_no_teammate_term,samposey,sam-posey,surtees,team-surtees,,surtees-ts7|surtees-ts9,ambiguous_chassis_constructor_fallback,constructor:surtees,Engine,mechanical,18.0,18,True,,1:45.267,True,False,,,,False,0.657563025210084,,-0.15027365797309553,0.38434265218017427,0.02013344651672646,-0.5079777262278464,0.010683196523920179,full_same_season_static_retrospective_baseline_plus_shape_distributions_v9,constructor_lineage_regulation_and_stability_shrunk,0.0,1500.0,1423.2161151942182,0.12627390468713842,1500.1262739046872,1500.1262739046872,8ca416052e09b97d,0.377806305929581,0.1936,0.21527138914443422,0.11775528978840846,0.0,0.13354531001589826,0.3052464228934817,0.4864864864864865,0.07472178060413355,0.0,0.36798528058877644,1.8399264029438824,0.0,0.735970561177553,0.18399264029438825,0.9199632014719412,2.9725957545623496,0.3238303605789938,-0.15647136013698612,0.38434265218017427,0.02013344651672646,-0.5079777262278464,0.010683196523920179,full_same_season_static_retrospective_baseline_plus_shape_distributions_v9,constructor_lineage_regulation_and_stability_shrunk,high,baseline_plus_shape_distributions_v9,-0.7128162002242238,0.0012033128454480466,full_same_season_static_retrospective,1463.946318099449,0.0,26,DNF,,6231.991,59.0,,0.0,unavailable,,1.0,scheduled_distance_unavailable_assume_full,1435.0704655698307,0.02281201609095165,0.0,0.0,0.0,0.0,,0.0,,0.0,0.0,0.0,-0.003651438484754557,5.1483505878333915,3,0.003651438484754557,0.0,,,all_field_expected_seconds_gap_residual_same_car_crossfit_v7_4,196,11,16.0,1.4545454545454546,34.90909090909091,8.727272727272727,40.72727272727273,13.090909090909092,384.0,96.0,1463.854333292446,1487.1091117041938,0,1.0,0,0.09198480700293234,0.468051402240428,0.43050327134341604,,0.0,1463.946318099449,1463.946318099449,1463.854333292446,retrospective_first_five_backcast_previous_season_anchor_frozen_v7_5
pescarolo,1971,United States Grand Prix,Henri Pescarolo,March-Ford,March-Ford,20,0.0015052445206360406,0.4309094067733624,1966-1982_3l_and_ground_effect,59,0.0,16.14,16.14,2.012,watkins_glen,0.7257328448351839,open_meteo_era5_air_temperature_track_proxy,11,1971-10-03,jolpica_cross_fitted_xw_xp,0.0,26,Engine,-6.0,5.292160079460241,8,prior_same_circuit_grid_movement,mechanical,,False,1464.8090258315149,0.0,0.46248393083797595,-0.6722253942328384,0.5249359965735803,-0.7140395921280944,-0.3025014274047773,0.6561699957169753,-0.10710593881921417,7.5137040917354065,0.013490804078077574,0.43089350680585625,16.934981809436024,0.04,0.0,0.09431711332536,-0.3025014274047773,0.6561699957169753,-0.10710593881921417,-0.008788160684848284,-0.0035268619928329427,-0.0017316780640406345,-0.03939767775389155,0.12433714984426492,-0.014561320997867026,0.4238556916966056,0.021918824523110694,0.01809207855312022,0.013460857106296301,0.00940844249612235,-0.010219954771731389,-0.005588733324907469,-0.0015363187147335172,-0.010219954771731389,cross_fitted,season_grid_average,example_precomputed_capabilities,0.7485918490623895,0.0,0.0,0.007872123781388832,0.4942338427891119,0.021918824523110694,0.4238556916966056,0.39999999999999997,0.8999999999999999,0.005618680296688742,-0.06334033598325567,-0.013490804078077574,,0.0,0.0,0.0,0.0,1464.8090258315149,revised_v3_parallel,prior_similar_races_current_season_only,field_centered_bounded_no_teammate_term,henripescarolo,henri-pescarolo,march,frank-williams-racing-cars,,march-701|march-711,ambiguous_chassis_constructor_fallback,constructor:march,Engine,mechanical,22.0,22,True,,1:45.568,True,False,,,,False,0.657563025210084,,0.08135577481779205,0.28683287927603496,0.02013344651672646,0.25988461309770083,0.09582891697959818,full_same_season_static_retrospective_baseline_plus_shape_distributions_v9,constructor_lineage_regulation_and_stability_shrunk,-8.804191342717456,1456.0048344887973,1499.5980067241742,-1.1400951281667222,1454.8647393606307,1454.8647393606307,8ca416052e09b97d,0.377806305929581,0.1936,0.21527138914443422,0.11775528978840846,0.0,0.13354531001589826,0.3052464228934817,0.4864864864864865,0.07472178060413355,0.0,0.36798528058877644,1.8399264029438824,0.0,0.735970561177553,0.18399264029438825,0.9199632014719412,2.9725957545623496,0.3238303605789938,0.07715586535094357,0.28683287927603496,0.02013344651672646,0.25988461309770083,0.09582891697959818,full_same_season_static_retrospective_baseline_plus_shape_distributions_v9,constructor_lineage_regulation_and_stability_shrunk,high,baseline_plus_shape_distributions_v9,0.7312454224745757,0.07451264243899411,full_same_season_static_retrospective,1477.01111977806,0.08400938828563197,25,DNF,,6231.991,59.0,,0.0,unavailable,,1.0,scheduled_distance_unavailable_assume_full,1536.8738960387896,0.03374523001077895,0.0,0.0,0.0,0.0,,0.0,,0.0,0.0,0.0,-0.005439485102778956,11.842441822931356,3,0.005439485102778956,0.0,,,all_field_expected_seconds_gap_residual_same_car_crossfit_v7_4,196,11,16.0,1.4545454545454546,34.90909090909091,8.727272727272727,40.72727272727273,13.090909090909092,384.0,96.0,1478.8072376763582,1488.5025109801286,0,1.0,15,-1.796117898298216,0.4807109112803518,0.5861172158974232,,0.0,1477.01111977806,1477.01111977806,1510.2253954810587,retrospective_first_five_backcast_previous_season_anchor_frozen_v7_5
galli,1971,United States Grand Prix,Nanni Galli,March-Ford,March-Ford,23,0.0005343284763957925,0.27601977213230916,1966-1982_3l_and_ground_effect,59,0.0,16.14,16.14,2.012,watkins_glen,0.7257328448351839,open_meteo_era5_air_temperature_track_proxy,11,1971-10-03,jolpica_cross_fitted_xw_xp,0.0,27,Wheel,-4.0,5.292160079460241,8,prior_same_circuit_grid_movement,other,0.0714285714285714,False,1495.8164577696054,0.0,0.49295872393525525,-0.13376684127964808,0.5249359965735803,-0.7140395921280944,-0.06019507857584164,0.6561699957169753,-0.10710593881921417,7.5137040917354065,0.011969977116325047,0.3909020614960495,18.054742278110616,0.02,0.0,0.05880602015151773,-0.06019507857584164,0.6561699957169753,-0.10710593881921417,-0.005417421831079109,-0.00328282021644084,-0.0015616189782076723,-0.0007296474906122822,0.12967107470196784,-0.014318306538625238,0.37943974942877645,0.018127093731761624,0.014962335383862145,0.013236932301252977,0.009412412399474358,-0.0070971026778281435,-0.005371699595218975,-0.0015471796934403564,-0.0070971026778281435,cross_fitted,season_grid_average,example_precomputed_capabilities,0.7485918490623895,0.0,1.3877787807814457e-17,0.007865232706034002,0.4940628701015068,0.018127093731761624,0.37943974942877645,0.39999999999999997,0.8999999999999999,0.004104744410291045,-0.10316080860545729,-0.011969977116325047,-0.3194734900674781,0.0,0.0,0.0,0.0,1495.8164577696054,revised_v3_parallel,prior_similar_races_current_season_only,field_centered_bounded_no_teammate_term,nannigalli,nanni-galli,march,,,,unmatched_constructor_fallback,constructor:march,Wheel,other,25.0,25,True,,1:46.608,True,False,,,,False,0.657563025210084,,0.08135577481779205,0.28683287927603496,0.02013344651672646,0.25988461309770083,0.09582891697959818,full_same_season_static_retrospective_baseline_plus_shape_distributions_v9,constructor_lineage_regulation_and_stability_shrunk,-10.286025280949278,1485.530432488656,1344.2339650410245,-1.9532245528544694,1483.5772079358017,1483.5772079358017,8ca416052e09b97d,0.377806305929581,0.1936,0.21527138914443422,0.11775528978840846,0.0,0.13354531001589826,0.3052464228934817,0.4864864864864865,0.07472178060413355,0.0,0.36798528058877644,1.8399264029438824,0.0,0.735970561177553,0.18399264029438825,0.9199632014719412,2.9725957545623496,0.3238303605789938,0.07715586535094357,0.28683287927603496,0.02013344651672646,0.25988461309770083,0.09582891697959818,full_same_season_static_retrospective_baseline_plus_shape_distributions_v9,constructor_lineage_regulation_and_stability_shrunk,high,baseline_plus_shape_distributions_v9,0.7312454224745757,0.07451264243899411,full_same_season_static_retrospective,1321.9920682045945,0.0,27,DNF,,6231.991,59.0,,0.0,unavailable,,1.0,scheduled_distance_unavailable_assume_full,1358.0916557780058,0.016966063316001343,0.0,0.0,0.0,0.0,,0.0,,0.0,0.0,0.0,0.01038666322758785,11.375545957242975,3,-0.01038666322758785,0.0,0.0714285714285714,0.0714285714285714,all_field_expected_seconds_gap_residual_same_car_crossfit_v7_4,196,11,16.0,1.4545454545454546,34.90909090909091,8.727272727272727,40.72727272727273,13.090909090909092,384.0,96.0,1323.4431959932085,1487.1091117041938,0,1.0,4,-1.4511277886140488,0.33576659619692556,0.3559836833692393,-0.2845551119406679,0.0,1321.9920682045945,1321.9920682045945,1337.2634496058333,retrospective_first_five_backcast_previous_season_anchor_frozen_v7_5
wisell,1971,United States Grand Prix,Reine Wisell,Lotus-Ford,Lotus-Ford,9,0.004945703110286334,0.6015994443610758,1966-1982_3l_and_ground_effect,59,0.0,16.14,16.14,2.012,watkins_glen,0.7257328448351839,open_meteo_era5_air_temperature_track_proxy,11,1971-10-03,jolpica_cross_fitted_xw_xp,0.0,28,Brakes,-19.0,5.292160079460241,8,prior_same_circuit_grid_movement,mechanical,,False,1496.2444972759004,0.0,0.4933801611958608,-0.12633373512540308,1.287490179835401,-0.19379949373374195,-0.05685018080643139,1.6093627247942512,-0.02906992406006129,6.897548274618012,0.045848393817431436,0.6120143344946415,11.863598634150039,0.1,0.016844242532462014,0.18315575746753798,-0.05685018080643139,1.6093627247942512,-0.02906992406006129,-0.02592697170708945,0.03333645805381326,-0.00429920864408256,-0.005086606884697864,0.21968535014280383,-0.005477477769320449,0.591102207945763,0.04398222719584669,0.08985781990526676,0.033728859687322144,0.05370411068854315,-0.04276531500677882,0.013363645211165794,-0.006611605790055215,-0.04276531500677882,cross_fitted,season_grid_average,example_precomputed_capabilities,0.7466241118653301,-3.469446951953614e-18,0.0,0.04709250489848794,0.8002234734345485,0.04398222719584669,0.591102207945763,0.39999999999999997,0.8999999999999999,-0.001244111081056501,-0.18820913893990698,-0.045848393817431436,,0.0,0.0,0.0,0.0,1496.2444972759004,revised_v3_parallel,prior_similar_races_current_season_only,field_centered_bounded_no_teammate_term,reinewisell,reine-wisell,lotus,,,,unmatched_constructor_fallback,constructor:lotus,Brakes,mechanical,10.0,10,True,,1:44.024,True,False,,,,False,0.657563025210084,,0.07340795837121837,0.5247495590346626,0.022413287110233462,0.2542194950739515,0.0942903107654776,full_same_season_static_retrospective_baseline_plus_shape_distributions_v9,constructor_lineage_regulation_and_stability_shrunk,-3.7762374740643794,1492.468259801836,1513.7452935778683,1.241965707910878,1493.7102255097468,1493.7102255097468,8ca416052e09b97d,0.377806305929581,0.1936,0.21527138914443422,0.11775528978840846,0.0,0.13354531001589826,0.3052464228934817,0.4864864864864865,0.07472178060413355,0.0,0.36798528058877644,1.8399264029438824,0.0,0.735970561177553,0.18399264029438825,0.9199632014719412,2.9725957545623496,0.3238303605789938,0.07382795382218145,0.5247495590346626,0.022413287110233462,0.2542194950739515,0.0942903107654776,full_same_season_static_retrospective_baseline_plus_shape_distributions_v9,constructor_lineage_regulation_and_stability_shrunk,high,baseline_plus_shape_distributions_v9,0.6859650815570865,0.06547028696099999,full_same_season_static_retrospective,1495.232528892082,0.17883943970506533,28,DNF,,6231.991,59.0,,0.0,unavailable,,1.0,scheduled_distance_unavailable_assume_full,1564.8915329614176,0.037584781319710624,0.0,0.0,0.0,0.0,,0.0,,0.0,0.0,0.0,0.00807598470738525,3.8369842135895116,1,-0.00807598470738525,0.0,,,all_field_expected_seconds_gap_residual_same_car_crossfit_v7_4,196,11,16.0,1.4545454545454546,34.90909090909091,8.727272727272727,40.72727272727273,13.090909090909092,384.0,96.0,1493.4077339719522,1484.1853249422263,0,1.0,7,1.8247949201296652,0.4983989620674482,0.6981073932847417,,0.0,1495.232528892082,1495.232528892082,1466.8140995556535,retrospective_first_five_backcast_previous_season_anchor_frozen_v7_5
revson,1971,United States Grand Prix,Peter Revson,Tyrrell,Tyrrell,19,0.03865365655452738,0.8334837651173147,1966-1982_3l_and_ground_effect,59,0.0,16.14,16.14,2.012,watkins_glen,0.7257328448351839,open_meteo_era5_air_temperature_track_proxy,11,1971-10-03,jolpica_cross_fitted_xw_xp,0.0,29,Clutch,-10.0,5.292160079460241,8,prior_same_circuit_grid_movement,mechanical,,False,1471.5333428854995,1.4982451112894069,0.46907890335612507,-0.5554544846742456,1.3931165169553432,1.3989217433960255,-0.24995451810341054,1.741395646194179,0.20983826150940382,7.5137040917354065,0.02616774016580637,0.4676720685221796,15.905182081378971,0.06,0.0,0.12582799404508693,-0.24995451810341054,1.741395646194179,0.20983826150940382,-0.02085269111915635,0.0231477080200313,0.0023988209661007483,-0.03195109604936419,0.2941681501103758,0.025144636076978585,0.4389358995083805,0.023351437445620956,0.0638191266126547,0.017935008158308688,0.02699844461430957,-0.03577385130005804,0.010110267154287964,0.001046830698287083,-0.03577385130005804,cross_fitted,season_grid_average,example_precomputed_capabilities,0.7485918490623895,-8.673617379884035e-19,0.0,0.02804527531259665,0.7262975896463707,0.023351437445620956,0.4389358995083805,0.39999999999999997,0.8999999999999999,-0.001877535146790281,-0.2586255211241911,-0.02616774016580637,,0.0,0.0,0.0,0.0,1471.5333428854995,revised_v3_parallel,prior_similar_races_current_season_only,field_centered_bounded_no_teammate_term,peterrevson,peter-revson,tyrrell,elf-team-tyrrell,,tyrrell-001|tyrrell-002|tyrrell-003,ambiguous_chassis_constructor_fallback,constructor:tyrrell,Clutch,mechanical,21.0,21,True,,1:45.515,True,False,,,,False,0.657563025210084,,0.12492952619773129,0.0,0.0,0.4318404048119619,0.15662693208165285,full_same_season_static_retrospective_baseline_plus_shape_distributions_v9,constructor_lineage_regulation_and_stability_shrunk,-4.56261279366927,1466.97073009183,1423.9149638938138,-1.121166050882315,1465.8495640409478,1465.8495640409478,8ca416052e09b97d,0.377806305929581,0.1936,0.21527138914443422,0.11775528978840846,0.0,0.13354531001589826,0.3052464228934817,0.4864864864864865,0.07472178060413355,0.0,0.36798528058877644,1.8399264029438824,0.0,0.735970561177553,0.18399264029438825,0.9199632014719412,2.9725957545623496,0.3238303605789938,0.1284751929677322,0.0,0.0,0.4318404048119619,0.15662693208165285,full_same_season_static_retrospective_baseline_plus_shape_distributions_v9,constructor_lineage_regulation_and_stability_shrunk,high,baseline_plus_shape_distributions_v9,1.0176861547092695,0.16891082285773695,full_same_season_static_retrospective,1388.5188513312105,0.0,29,DNF,,6231.991,59.0,,0.0,unavailable,,1.0,scheduled_distance_unavailable_assume_full,1445.9082566640084,0.02378300453844876,0.0,0.0,0.0,0.0,,0.0,,0.0,0.0,0.0,0.009747225991944176,12.480009519845803,2,-0.009747225991944176,0.0,,,all_field_expected_seconds_gap_residual_same_car_crossfit_v7_4,196,11,16.0,1.4545454545454546,34.90909090909091,8.727272727272727,40.72727272727273,13.090909090909092,384.0,96.0,1389.3677315088569,1481.7297387229828,6,1.48,3,-0.8488801776464446,0.3961125956242536,0.4302733412383475,,0.0,1388.5188513312105,1388.5188513312105,1430.6006404773666,retrospective_first_five_backcast_previous_season_anchor_frozen_v7_5
