driver_id,season,event,driver,constructor,team,grid,v02_XW,v02_XP,regulation_era,race_distance_laps,wet_fraction,track_temperature,air_temperature,wind_speed,circuit_id,overtake_index,weather_source,round,date,source,observed_winner,position,status,positions_gained,overtake_proxy_raw,circuit_history_races,overtake_source,status_class,observed_performance,rating_eligible,pre_rating,season_reversion_delta,driver_expected_from_rating,driver_score_raw_revised,car_score_raw_revised,team_score_raw_revised,XdW_score_revised,XcW_score_revised,XtW_score_revised,car_effective_prior_races,XW,XP,expected_position,XW_simulated,XW_lower_95,XW_upper_95,XdW_score,XcW_score,XtW_score,XdW_probability_contribution,XcW_probability_contribution,XtW_probability_contribution,XdP_performance_contribution,XcP_performance_contribution,XtP_performance_contribution,XP_neutral_baseline,XW_neutral_baseline,XW_with_neutral_driver,XW_with_neutral_car,XW_with_neutral_team,driver_direct_uplift,car_direct_uplift,team_direct_uplift,driver_above_car_expectation,analysis_mode,neutral_reference,data_quality,model_confidence,decomposition_error,xp_decomposition_error,XW_raw_revised,XP_raw_revised,XW_neutral_revised,XP_neutral_revised,xw_calibration_shrinkage,xp_calibration_shrinkage,xw_calibration_adjustment,xp_calibration_adjustment,win_surprise,performance_surprise,raw_rating_delta,field_centering_adjustment,rating_delta,teammate_rating_delta,post_rating,model_version,car_prior_scope,rating_update_method,driver_name_key,driver_id_f1db,constructor_id_f1db,entrant_id,car_model_id,car_model_candidates,car_identity_resolution,model_entity_id,reason_retired_f1db,status_class_f1db,qualifying_position,qualifying_position_text,qualifying_eligible,qualifying_laps,qualifying_time,f1db_joined,clean_pass_proxy_eligible,clean_grid_rank,clean_finish_rank,clean_positions_gained,car_fit_eligible,field_performance,relative_performance,current_car_score_raw,constructor_prior_z_x,prior_weight_total_x,car_suitability_score_v6,expected_car_win_v6,car_model_scope_v6,car_prior_scope_v6,qualifying_rating_carried_v6,pre_qualifying_rating_v6,pre_session_strength,qualifying_delta_v6,pre_race_rating_v6,post_event_rating_v6,layout_key,straight_demand,altitude_demand,top_three_straight_share,straight_600_1000_track_share,straight_over_1000_track_share,radius_under_50_distance_share,radius_50_90_distance_share,radius_90_150_distance_share,radius_150_250_distance_share,radius_250_450_distance_share,steady_long_turn_distance_share,opposite_direction_links_per_km,same_direction_links_per_km,multi_turn_complexes_per_km,multi_apex_turns_per_km,tightening_turns_per_km,approach_severity_per_km,top_three_turning_share,current_car_score_raw_v7_6,constructor_prior_z_y,prior_weight_total_y,car_suitability_score_v7_6,expected_car_win_v7_6,car_model_scope_v7_6,car_prior_scope_v7_6,shape_topology_quality,car_suitability_model_branch_v7_6,car_suitability_score_v6_baseline,expected_car_win_v6_baseline,car_model_scope_v6_baseline,retrospective_pre_race_rating,driver_context_adjustment,result_order,finish_position_text,gap_laps,winner_race_time_seconds,winner_race_laps,cumulative_gap_share,cumulative_gap_reliability,cumulative_gap_quality,race_completion_fraction_v7_4,race_completion_reliability_v7_4,race_completion_quality_v7_4,pairwise_pre_race_strength_v7_4,field_xw_v7_4,margin_comparison_count,margin_comparison_weight,weighted_pair_gap_residual,same_car_margin_comparisons,eligible_timed_field_size,margin_race_completion_reliability,mean_pair_gap_residual_score,margin_pair_coverage,margin_field_depth_factor,raw_pairwise_margin_performance_adjustment,crossfit_car_margin_component,crossfit_car_margin_effective_rows,crossfit_car_margin_other_drivers,driver_margin_adjustment_before_centering,pairwise_margin_performance_adjustment,observed_performance_position_only,gap_adjusted_observed_performance,pairwise_margin_model,event_index,season_rounds,calendar_reference_rounds,calendar_k_multiplier,effective_race_k,effective_qualifying_k,effective_max_race_delta,effective_max_qualifying_delta,scheduled_race_k_budget,scheduled_qualifying_k_budget,retrospective_pre_qualifying_rating,retrospective_debut_anchor,inactivity_seasons,return_uncertainty_multiplier,driver_context_prior_samples,retrospective_qualifying_delta,retrospective_driver_expected_from_rating,retrospective_expected_performance,retrospective_performance_residual,retrospective_race_delta,retrospective_post_rating,retrospective_rating,debut_rating_frozen,rating_history_scope
stewart,1972,United States Grand Prix,Jackie Stewart,Tyrrell,Tyrrell,1,0.16291215905124937,0.907037262033828,1966-1982_3l_and_ground_effect,59,0.0,10.3,10.3,4.432,watkins_glen,0.7344028853776043,open_meteo_era5_air_temperature_track_proxy,12,1972-10-08,jolpica_cross_fitted_xw_xp,1.0,1,Finished,0.0,5.530202287187633,8,prior_same_circuit_grid_movement,finished,1.0064845752182012,True,1765.1581033902112,0.0,0.736336840452912,4.004724362127679,-0.27330853678134776,0.5615601108425263,1.8021259629574558,-0.3416356709766847,0.08423401662637894,9.028475361048027,0.06205118406156625,0.7251795920788017,9.24461223763595,0.04,0.0,0.09431711332536,1.8021259629574558,-0.3416356709766847,0.08423401662637894,0.09385174699100307,-0.1135587275743687,0.0007563844169416075,0.17455606604245721,-0.08982388781172335,0.005503839214191952,0.7116441894620629,0.07057895233645707,0.014360050510102593,0.22569737332228101,0.054050777464667535,0.03726830565993044,-0.17406901715224798,-0.0024224212946345053,0.03726830565993044,cross_fitted,season_grid_average,example_precomputed_capabilities,0.7526332264556647,-1.734723475976807e-17,0.0,0.05162835617003303,0.8018802069069887,0.07057895233645707,0.7116441894620629,0.5499999999999999,0.85,0.010422827891533218,-0.07670061482818702,0.9379488159384337,0.27482040792119833,27.45753892510398,-2.8458902528454466,24.611648672258532,0.0,1789.7697520624697,revised_v3_parallel,prior_similar_races_current_season_only,field_centered_bounded_no_teammate_term,jackiestewart,jackie-stewart,tyrrell,elf-team-tyrrell,,tyrrell-002|tyrrell-003|tyrrell-004|tyrrell-005|tyrrell-006,ambiguous_chassis_constructor_fallback,constructor:tyrrell,,finished,1.0,1,True,,1:40.481,True,True,1.0,1.0,0.0,True,0.6666666666666666,0.33333333333333337,0.08765208826113254,1.8162343073210114,0.009963607452445001,0.3342220153018097,0.11339111094818609,full_same_season_static_retrospective_baseline_plus_shape_distributions_v9,constructor_lineage_regulation_and_stability_shrunk,89.4837999615413,1854.6419033517525,1742.1356168685095,1.1805362667517627,1855.8224396185042,1880.4340882907627,8ca416052e09b97d,0.377806305929581,0.1936,0.21527138914443422,0.11775528978840846,0.0,0.13354531001589826,0.3052464228934817,0.4864864864864865,0.07472178060413355,0.0,0.36798528058877644,1.8399264029438824,0.0,0.735970561177553,0.18399264029438825,0.9199632014719412,2.9725957545623496,0.3238303605789938,0.0969693525802702,1.8162343073210114,0.009963607452445001,0.3342220153018097,0.11339111094818609,full_same_season_static_retrospective_baseline_plus_shape_distributions_v9,constructor_lineage_regulation_and_stability_shrunk,high,baseline_plus_shape_distributions_v9,0.7927972210505111,0.08461829693386064,full_same_season_static_retrospective,1717.7029946054306,0.07129904041199174,1,1,,6105.354,59.0,0.0,1.0,winner_origin,,1.0,scheduled_distance_unavailable_assume_full,1767.6705569827625,0.07596926816189707,15.0,15.1,0.35628550495525213,2.0,16.0,1.0,0.023595066553327958,1.0,0.8885233166386386,0.008385906716108947,0.01043975808811189,6.418637784701247,2,-0.002053851372002943,0.006484575218201139,1.0,1.0064845752182012,all_field_expected_seconds_gap_residual_same_car_crossfit_v7_4,208,12,16.0,1.3333333333333333,32.0,8.0,37.33333333333333,12.0,384.0,96.0,1715.3978556443647,1481.9991428272128,0,1.0,51,2.3051389610659094,0.6989659822080879,0.7923701438346511,0.21411443138355013,3.9432736489462688,1721.6462682543768,1721.6462682543768,1550.006973047847,retrospective_first_five_backcast_previous_season_anchor_frozen_v7_5
cevert,1972,United States Grand Prix,François Cevert,Tyrrell,Tyrrell,4,0.02512270778959959,0.7371038418657359,1966-1982_3l_and_ground_effect,59,0.0,10.3,10.3,4.432,watkins_glen,0.7344028853776043,open_meteo_era5_air_temperature_track_proxy,12,1972-10-08,jolpica_cross_fitted_xw_xp,0.0,2,Finished,2.0,5.530202287187633,8,prior_same_circuit_grid_movement,finished,1.0326794001720776,True,1467.9866740657656,0.0,0.46448857880132366,-0.5709628306021065,-0.27330853678134776,0.5615601108425263,-0.25693327377094793,-0.3416356709766847,0.08423401662637894,9.028475361048027,0.03682484364322108,0.6572709905062618,11.281870284812145,0.04,0.0,0.09431711332536,-0.25693327377094793,-0.3416356709766847,0.08423401662637894,-0.009563259547147162,-0.038906978617455734,0.00030608972183873506,-0.03784657940199872,-0.0713676690027102,0.008165669806915668,0.6724282772959308,0.058498710442464956,0.011902194760912362,0.04210948405010633,0.010913699357402778,-0.0015676327612115723,-0.03177492205040554,-0.0005791373577019882,-0.0015676327612115723,cross_fitted,season_grid_average,example_precomputed_capabilities,0.7526332264556647,0.0,-1.3877787807814457e-17,0.01033456199970079,0.5713796986981375,0.058498710442464956,0.6724282772959308,0.5499999999999999,0.85,0.026490281643520287,0.08589129180812427,-0.03682484364322108,0.30939567616040486,4.685325923449982,-2.8458902528454484,1.8394356706045336,0.0,1469.8261097363702,revised_v3_parallel,prior_similar_races_current_season_only,field_centered_bounded_no_teammate_term,francoiscevert,francois-cevert,tyrrell,elf-team-tyrrell,,tyrrell-002|tyrrell-003|tyrrell-004|tyrrell-005|tyrrell-006,ambiguous_chassis_constructor_fallback,constructor:tyrrell,,finished,4.0,4,True,,1:41.445,True,True,3.0,2.0,1.0,True,0.6666666666666666,0.30000000000000004,0.08765208826113254,1.8162343073210114,0.009963607452445001,0.3342220153018097,0.11339111094818609,full_same_season_static_retrospective_baseline_plus_shape_distributions_v9,constructor_lineage_regulation_and_stability_shrunk,18.128622696974627,1486.1152967627402,1546.3911491064073,2.3913962724037563,1488.5066930351438,1490.3461287057485,8ca416052e09b97d,0.377806305929581,0.1936,0.21527138914443422,0.11775528978840846,0.0,0.13354531001589826,0.3052464228934817,0.4864864864864865,0.07472178060413355,0.0,0.36798528058877644,1.8399264029438824,0.0,0.735970561177553,0.18399264029438825,0.9199632014719412,2.9725957545623496,0.3238303605789938,0.0969693525802702,1.8162343073210114,0.009963607452445001,0.3342220153018097,0.11339111094818609,full_same_season_static_retrospective_baseline_plus_shape_distributions_v9,constructor_lineage_regulation_and_stability_shrunk,high,baseline_plus_shape_distributions_v9,0.7927972210505111,0.08461829693386064,full_same_season_static_retrospective,1522.547893582442,0.07633644935976168,2,2,,6105.354,59.0,0.005285197221979266,1.0,exact_seconds,,1.0,scheduled_distance_unavailable_assume_full,1567.1492530714313,0.035131322376590834,15.0,15.1,2.5204485114996364,2.0,16.0,1.0,0.16691711996686334,1.0,0.8885233166386386,0.059323901214690784,0.001849594299483828,7.332075262647177,2,0.057474306915206955,0.06601273350541104,0.9666666666666667,1.0326794001720776,all_field_expected_seconds_gap_residual_same_car_crossfit_v7_4,208,12,16.0,1.3333333333333333,32.0,8.0,37.33333333333333,12.0,384.0,96.0,1519.6533878822625,1484.1853249422263,0,1.0,21,2.894505700179575,0.5197903717460225,0.6247840089397365,0.4078953912323411,10.14426436410758,1532.6921579465495,1532.6921579465495,1488.0098394910676,retrospective_first_five_backcast_previous_season_anchor_frozen_v7_5
hulme,1972,United States Grand Prix,Denny Hulme,McLaren,McLaren,3,0.1479786327714111,0.9004947683306572,1966-1982_3l_and_ground_effect,59,0.0,10.3,10.3,4.432,watkins_glen,0.7344028853776043,open_meteo_era5_air_temperature_track_proxy,12,1972-10-08,jolpica_cross_fitted_xw_xp,0.0,3,Finished,0.0,5.530202287187633,8,prior_same_circuit_grid_movement,finished,0.9317459092843287,True,1503.144789584853,0.0,0.49888038157836195,-0.029616917009701628,2.354110930894219,1.2173503940170927,-0.013327612654365733,2.9426386636177737,0.1826025591025639,9.028475361048027,0.15793013647656245,0.7235596282466401,9.293211152600797,0.16,0.05838198584896476,0.26161801415103525,-0.013327612654365733,2.9426386636177737,0.1826025591025639,-0.0026504802027753228,0.20714253974830954,0.008072086704544543,-0.003468922993602611,0.2431674153676741,0.012261442881295345,0.6857656379583351,0.062276270664026995,0.26874492744521056,0.056723849419578545,0.26273290920265935,0.00609548946889521,0.21811656749452724,0.012107507711446419,0.00609548946889521,cross_fitted,season_grid_average,example_precomputed_capabilities,0.7526332264556647,0.0,0.0,0.27484041691410577,0.937725573213702,0.062276270664026995,0.6857656379583351,0.5499999999999999,0.85,-0.11691028043754331,-0.21416594496706187,-0.15793013647656245,0.20977370508669324,-0.014396583877020586,-2.8458902528454484,-2.860286836722469,0.0,1500.2845027481305,revised_v3_parallel,prior_similar_races_current_season_only,field_centered_bounded_no_teammate_term,dennyhulme,denny-hulme,mclaren,yardley-team-mclaren,,mclaren-m19a|mclaren-m19c,ambiguous_chassis_constructor_fallback,constructor:mclaren,,finished,3.0,3,True,,1:41.084,True,True,2.0,3.0,-1.0,True,0.6666666666666666,0.2666666666666667,0.23193109918619872,-1.0575286058730424,0.010520379325159984,0.7276834871229334,0.34898140336499817,full_same_season_static_retrospective_baseline_plus_shape_distributions_v9,constructor_lineage_regulation_and_stability_shrunk,71.02625522031286,1574.1710448051658,1675.0044030586048,1.8310251750058726,1576.0020699801717,1573.1417831434492,8ca416052e09b97d,0.377806305929581,0.1936,0.21527138914443422,0.11775528978840846,0.0,0.13354531001589826,0.3052464228934817,0.4864864864864865,0.07472178060413355,0.0,0.36798528058877644,1.8399264029438824,0.0,0.735970561177553,0.18399264029438825,0.9199632014719412,2.9725957545623496,0.3238303605789938,0.22658590805904952,-1.0575286058730424,0.010520379325159984,0.7276834871229334,0.34898140336499817,full_same_season_static_retrospective_baseline_plus_shape_distributions_v9,constructor_lineage_regulation_and_stability_shrunk,high,baseline_plus_shape_distributions_v9,1.4025504407003677,0.4831381198446204,full_same_season_static_retrospective,1619.0070852737888,0.10517806467819482,3,3,,6105.354,59.0,0.006146736127012454,1.0,exact_seconds,,1.0,scheduled_distance_unavailable_assume_full,1715.4522274287635,0.062146168272728876,15.0,13.1,0.2645696608682172,1.0,16.0,1.0,0.02019615731818452,1.0,0.8885233166386386,0.007177902673483609,0.017303753312692377,8.697874441676342,3,-0.010125850639208768,-0.0015874240490046862,0.9333333333333333,0.9317459092843287,all_field_expected_seconds_gap_residual_same_car_crossfit_v7_4,208,12,16.0,1.3333333333333333,32.0,8.0,37.33333333333333,12.0,384.0,96.0,1616.78972408877,1481.9991428272128,0,1.0,56,2.2173611850186306,0.6118694145311454,0.7706807552654388,0.16106515401888988,2.2456967732771407,1621.252782047066,1621.252782047066,1455.9732072244167,retrospective_first_five_backcast_previous_season_anchor_frozen_v7_5
peterson,1972,United States Grand Prix,Ronnie Peterson,March,March,26,0.0025992089234500204,0.4221339088975144,1966-1982_3l_and_ground_effect,59,0.0,10.3,10.3,4.432,watkins_glen,0.7344028853776043,open_meteo_era5_air_temperature_track_proxy,12,1972-10-08,jolpica_cross_fitted_xw_xp,0.0,4,Finished,22.0,5.530202287187633,8,prior_same_circuit_grid_movement,finished,0.9781625356148769,True,1479.8761232741788,0.0,0.47610111710063635,-0.3878954321135652,-0.549339067417654,1.0007032358495358,-0.17455294445110434,-0.6866738342720675,0.15010548537743038,9.028475361048027,0.009069180778842556,0.34302070009056346,20.709378997283096,0.0,0.0,0.0,-0.17455294445110434,-0.6866738342720675,0.15010548537743038,-0.0020042514448452824,-0.011069802334487702,0.0004140989815961869,-0.016329443336225897,-0.06304202690758119,0.018248882487664327,0.35218908825398487,0.014766160437824116,0.0022791961758885752,0.011730519773844176,0.0021497252526383147,-0.00017299053580125756,-0.009624314133756858,-4.3519612550997015e-05,-0.00017299053580125756,cross_fitted,season_grid_average,example_precomputed_capabilities,0.7526332264556647,0.0,0.0,0.0021062056400873177,0.2910665004978421,0.014766160437824116,0.35218908825398487,0.5499999999999999,0.85,0.006962975138755238,0.05195419959272135,-0.009069180778842556,0.5569792999094365,9.807967059677635,-2.8458902528454484,6.9620768068321865,0.0,1486.8382000810109,revised_v3_parallel,prior_similar_races_current_season_only,field_centered_bounded_no_teammate_term,ronniepeterson,ronnie-peterson,march,stp-march-racing-team,,march-721|march-721g|march-721x,ambiguous_chassis_constructor_fallback,constructor:march,,finished,27.0,27,True,,1:46.142,True,True,15.0,4.0,11.0,True,0.6666666666666666,0.2333333333333334,-0.09907579788197829,0.5979960271460203,0.010465111846838647,-0.2731568365347643,0.019994852259843744,full_same_season_static_retrospective_baseline_plus_shape_distributions_v9,constructor_lineage_regulation_and_stability_shrunk,9.76348300932506,1489.6396062835038,1479.5380250508122,-1.84614221567148,1487.7934640678322,1494.7555408746643,8ca416052e09b97d,0.377806305929581,0.1936,0.21527138914443422,0.11775528978840846,0.0,0.13354531001589826,0.3052464228934817,0.4864864864864865,0.07472178060413355,0.0,0.36798528058877644,1.8399264029438824,0.0,0.735970561177553,0.18399264029438825,0.9199632014719412,2.9725957545623496,0.3238303605789938,-0.08568284247481536,0.5979960271460203,0.010465111846838647,-0.2731568365347643,0.019994852259843744,full_same_season_static_retrospective_baseline_plus_shape_distributions_v9,constructor_lineage_regulation_and_stability_shrunk,high,baseline_plus_shape_distributions_v9,-0.046498981763253754,0.007691850318358449,full_same_season_static_retrospective,1498.6649499292682,0.10021486656779303,4,4,,6105.354,59.0,0.013515350625041559,1.0,exact_seconds,,1.0,scheduled_distance_unavailable_assume_full,1504.791515133861,0.027639769357256146,15.0,13.1,1.8015762855213044,1.0,16.0,1.0,0.13752490729170264,1.0,0.8885233166386386,0.04887763469889797,-0.020746474325774845,11.639098249341052,3,0.06962410902467281,0.07816253561487689,0.9,0.9781625356148769,all_field_expected_seconds_gap_residual_same_car_crossfit_v7_4,208,12,16.0,1.3333333333333333,32.0,8.0,37.33333333333333,12.0,384.0,96.0,1501.3905719735933,1484.1853249422263,0,1.0,23,-2.7256220443250996,0.4965548319484847,0.5791869437484143,0.3989755918664626,9.858830784399467,1508.5237807136677,1508.5237807136677,1443.704434895771,retrospective_first_five_backcast_previous_season_anchor_frozen_v7_5
ickx,1972,United States Grand Prix,Jacky Ickx,Ferrari,Ferrari,12,0.031267142760566476,0.7617257243842003,1966-1982_3l_and_ground_effect,59,0.0,10.3,10.3,4.432,watkins_glen,0.7344028853776043,open_meteo_era5_air_temperature_track_proxy,12,1972-10-08,jolpica_cross_fitted_xw_xp,0.0,5,Finished,7.0,5.530202287187633,8,prior_same_circuit_grid_movement,finished,0.8479652038235338,True,1617.5387934281482,0.0,0.6091806793011519,1.7317609499701565,0.17239252129651167,0.6354325097915428,0.7792924274865705,0.21549065162063957,0.09531487646873141,9.028475361048027,0.029544955121096922,0.5787104487786572,13.638686536640284,0.0,0.0,0.0,0.7792924274865705,0.21549065162063957,0.09531487646873141,0.013883974207668123,-0.0272857411387188,0.0002577450650434206,0.10530428046468324,0.020557833752972966,0.00987589667759884,0.5583497471443689,0.03545976496080019,0.01203269583296148,0.05444496866767315,0.02321791654123469,0.010283047261831449,-0.03212922557288022,-0.0009021734464417612,0.010283047261831449,cross_fitted,season_grid_average,example_precomputed_capabilities,0.7526332264556647,-1.734723475976807e-18,0.0,0.02231574309479293,0.694087758039624,0.03545976496080019,0.5583497471443689,0.5499999999999999,0.85,0.0072292120263039925,-0.11537730926096679,-0.029544955121096922,0.2879562178880095,4.4741329990778445,-2.8458902528454484,1.628242746232396,0.0,1619.1670361743807,revised_v3_parallel,prior_similar_races_current_season_only,field_centered_bounded_no_teammate_term,jackyickx,jacky-ickx,ferrari,scuderia-ferrari-spa-sefac,ferrari-312b2,ferrari-312b2,exact_chassis,ferrari-312b2,,finished,12.0,12,True,,1:42.597,True,True,9.0,5.0,4.0,True,0.6666666666666666,0.20000000000000007,0.06466935361712846,0.1974293751949686,0.010520379325159984,0.20401955470516484,0.07816609386551147,full_same_season_static_retrospective_baseline_plus_shape_distributions_v9,constructor_lineage_regulation_and_stability_shrunk,61.804701001920186,1679.3434944300684,1666.4046889843294,-0.21182660205599688,1679.1316678280125,1680.759910574245,8ca416052e09b97d,0.377806305929581,0.1936,0.21527138914443422,0.11775528978840846,0.0,0.13354531001589826,0.3052464228934817,0.4864864864864865,0.07472178060413355,0.0,0.36798528058877644,1.8399264029438824,0.0,0.735970561177553,0.18399264029438825,0.9199632014719412,2.9725957545623496,0.3238303605789938,0.06195024628447104,0.1974293751949686,0.010520379325159984,0.20401955470516484,0.07816609386551147,full_same_season_static_retrospective_baseline_plus_shape_distributions_v9,constructor_lineage_regulation_and_stability_shrunk,high,baseline_plus_shape_distributions_v9,0.6747021587433801,0.06038471773580149,full_same_season_static_retrospective,1649.9603616084373,0.09465146047375125,5,5,,6105.354,59.0,0.013614116396854302,1.0,exact_seconds,,1.0,scheduled_distance_unavailable_assume_full,1701.100039668234,0.05880861989462537,15.0,14.499999999999998,-0.7730267631663417,2.0,16.0,1.0,-0.053312190563195985,1.0,0.8885233166386386,-0.018947649750592814,0.008292239682744134,9.697181016518119,4,-0.027239889433336946,-0.018701462843132864,0.8666666666666667,0.8479652038235338,all_field_expected_seconds_gap_residual_same_car_crossfit_v7_4,208,12,16.0,1.3333333333333333,32.0,8.0,37.33333333333333,12.0,384.0,96.0,1650.0831246079163,1488.8902888648772,0,1.0,36,-0.12276299947883584,0.640197180051381,0.7506499859919703,0.0973152178315635,0.2056988152826964,1650.16606042372,1650.16606042372,1517.1760279169691,retrospective_first_five_backcast_previous_season_anchor_frozen_v7_5
mario_andretti,1972,United States Grand Prix,Mario Andretti,Ferrari,Ferrari,10,0.015776278732893594,0.6808238202996286,1966-1982_3l_and_ground_effect,59,0.0,10.3,10.3,4.432,watkins_glen,0.7344028853776043,open_meteo_era5_air_temperature_track_proxy,12,1972-10-08,jolpica_cross_fitted_xw_xp,0.0,6,+1 Lap,4.0,5.530202287187633,8,prior_same_circuit_grid_movement,finished,0.8662957892310896,True,1514.0459532218827,0.0,0.5095562786480059,0.1382333872850288,0.17239252129651167,0.6354325097915428,0.06220502427826296,0.21549065162063957,0.09531487646873141,9.028475361048027,0.02876728529898204,0.5943380626681886,13.169858119954343,0.08,0.0048013617144565535,0.15519863828554345,0.06220502427826296,0.21549065162063957,0.09531487646873141,-0.0017547491936792446,-0.023880053108603274,0.0002570671839346496,0.006575633123052908,0.02663869320384047,0.01014078791001847,0.5878347955326517,0.040187266102238585,0.013636896632030255,0.03669430502632966,0.0154609928448741,0.001172634351860458,-0.021884774042438944,-0.000651461860983386,0.001172634351860458,cross_fitted,season_grid_average,example_precomputed_capabilities,0.7526332264556647,-3.469446951953614e-18,0.0,0.014809530983890713,0.6311899097695636,0.040187266102238585,0.5878347955326517,0.5499999999999999,0.85,0.013957754315091327,-0.03685184710137501,-0.02876728529898204,0.2389952706651448,3.6115000247970372,-2.8458902528454484,0.7656097719515889,0.0,1514.8115629938343,revised_v3_parallel,prior_similar_races_current_season_only,field_centered_bounded_no_teammate_term,marioandretti,mario-andretti,ferrari,scuderia-ferrari-spa-sefac,ferrari-312b2,ferrari-312b2,exact_chassis,ferrari-312b2,,finished,10.0,10,True,,1:42.482,True,True,7.0,6.0,1.0,True,0.6666666666666666,0.16666666666666674,0.06466935361712846,0.1974293751949686,0.010520379325159984,0.20401955470516484,0.07816609386551147,full_same_season_static_retrospective_baseline_plus_shape_distributions_v9,constructor_lineage_regulation_and_stability_shrunk,7.529622354555397,1521.575575576438,1506.6826426114512,1.0432658247852327,1522.6188414012233,1523.384451173175,8ca416052e09b97d,0.377806305929581,0.1936,0.21527138914443422,0.11775528978840846,0.0,0.13354531001589826,0.3052464228934817,0.4864864864864865,0.07472178060413355,0.0,0.36798528058877644,1.8399264029438824,0.0,0.735970561177553,0.18399264029438825,0.9199632014719412,2.9725957545623496,0.3238303605789938,0.06195024628447104,0.1974293751949686,0.010520379325159984,0.20401955470516484,0.07816609386551147,full_same_season_static_retrospective_baseline_plus_shape_distributions_v9,constructor_lineage_regulation_and_stability_shrunk,high,baseline_plus_shape_distributions_v9,0.6747021587433801,0.06038471773580149,full_same_season_static_retrospective,1491.9600241489381,0.12379544019207375,6,6,1.0,6105.354,59.0,0.01694915254237288,0.7,lap_equivalent,,1.0,scheduled_distance_unavailable_assume_full,1545.8122787506497,0.03236338923715486,12.0,9.799999999999999,0.8009829717754,1.0,16.0,1.0,0.08173295630361226,0.8,0.8885233166386386,0.025981906863052268,0.0015578775555001195,13.257788736007896,4,0.024424029307552147,0.03296245589775623,0.8333333333333334,0.8662957892310896,all_field_expected_seconds_gap_residual_same_car_crossfit_v7_4,208,12,16.0,1.3333333333333333,32.0,8.0,37.33333333333333,12.0,384.0,96.0,1490.3610782350381,1488.5025109801286,0,1.0,8,1.5989459139000322,0.49002926217880555,0.6329953089976795,0.2333004802334101,4.557227212141788,1496.5172513610798,1496.5172513610798,1444.463023276646,retrospective_first_five_backcast_previous_season_anchor_frozen_v7_5
depailler,1972,United States Grand Prix,Patrick Depailler,Tyrrell,Tyrrell,11,0.009795307692076809,0.6181387098846876,1966-1982_3l_and_ground_effect,59,0.0,10.3,10.3,4.432,watkins_glen,0.7344028853776043,open_meteo_era5_air_temperature_track_proxy,12,1972-10-08,jolpica_cross_fitted_xw_xp,0.0,7,+1 Lap,4.0,5.530202287187633,8,prior_same_circuit_grid_movement,finished,0.8130888997210896,True,1500.0,0.0,0.4958000204621595,-0.07803870997934718,-0.27330853678134776,0.5615601108425263,-0.035117419490706236,-0.3416356709766847,0.08423401662637894,9.028475361048027,0.02425966925259907,0.5654276454700325,14.037170635899024,0.0,0.0,0.0,-0.035117419490706236,-0.3416356709766847,0.08423401662637894,-0.0032875903861681204,-0.026891761262385024,0.00020176572780774117,-0.004773273615785001,-0.05627204791608098,0.009572626560368891,0.5731485497157571,0.037749582916934504,0.007680560556329972,0.0319088800832017,0.008199866986140227,9.143643985912945e-05,-0.024136883087012603,-0.0004278699899511254,9.143643985912945e-05,cross_fitted,season_grid_average,example_precomputed_capabilities,0.7526332264556647,0.0,0.0,0.0077719969961891015,0.52167585474426,0.037749582916934504,0.5731485497157571,0.5499999999999999,0.85,0.01648767225640997,0.04375179072577251,-0.02425966925259907,0.2345723545299675,3.6400703194770374,-2.8458902528454484,0.794180066631589,0.0,1500.7941800666315,revised_v3_parallel,prior_similar_races_current_season_only,field_centered_bounded_no_teammate_term,patrickdepailler,patrick-depailler,tyrrell,elf-team-tyrrell,,tyrrell-002|tyrrell-003|tyrrell-004|tyrrell-005|tyrrell-006,ambiguous_chassis_constructor_fallback,constructor:tyrrell,,finished,11.0,11,True,,1:42.521,True,True,8.0,7.0,1.0,True,0.6666666666666666,0.13333333333333341,0.08765208826113254,1.8162343073210114,0.009963607452445001,0.3342220153018097,0.11339111094818609,full_same_season_static_retrospective_baseline_plus_shape_distributions_v9,constructor_lineage_regulation_and_stability_shrunk,-0.9650256332527652,1499.0349743667473,1536.8557289741964,0.9177383668942063,1499.9527127336414,1500.746892800273,8ca416052e09b97d,0.377806305929581,0.1936,0.21527138914443422,0.11775528978840846,0.0,0.13354531001589826,0.3052464228934817,0.4864864864864865,0.07472178060413355,0.0,0.36798528058877644,1.8399264029438824,0.0,0.735970561177553,0.18399264029438825,0.9199632014719412,2.9725957545623496,0.3238303605789938,0.0969693525802702,1.8162343073210114,0.009963607452445001,0.3342220153018097,0.11339111094818609,full_same_season_static_retrospective_baseline_plus_shape_distributions_v9,constructor_lineage_regulation_and_stability_shrunk,high,baseline_plus_shape_distributions_v9,0.7927972210505111,0.08461829693386064,full_same_season_static_retrospective,1511.2186695100147,0.0,7,7,1.0,6105.354,59.0,0.01694915254237288,0.7,lap_equivalent,,1.0,scheduled_distance_unavailable_assume_full,1555.701417370459,0.03361804480678685,12.0,11.2,0.4279762547632377,2.0,16.0,1.0,0.03821216560386051,0.8,0.8885233166386386,0.012147179946201877,0.007596706815316412,10.750713047348423,2,0.004550473130885464,0.013088899721089547,0.8,0.8130888997210896,all_field_expected_seconds_gap_residual_same_car_crossfit_v7_4,208,12,16.0,1.3333333333333333,32.0,8.0,37.33333333333333,12.0,384.0,96.0,1510.1179677500515,1485.2152772242866,0,1.0,0,1.1007017599631665,0.5087730077081972,0.5376412039729835,0.275447695748106,5.905938108612057,1517.1246076186267,1517.1246076186267,1511.5439142753735,retrospective_first_five_backcast_previous_season_anchor_frozen_v7_5
regazzoni,1972,United States Grand Prix,Clay Regazzoni,Ferrari,Ferrari,6,0.018115962192258993,0.6980857762901187,1966-1982_3l_and_ground_effect,59,0.0,10.3,10.3,4.432,watkins_glen,0.7344028853776043,open_meteo_era5_air_temperature_track_proxy,12,1972-10-08,jolpica_cross_fitted_xw_xp,0.0,8,+1 Lap,-2.0,5.530202287187633,8,prior_same_circuit_grid_movement,finished,0.7822073588178635,True,1440.755035373408,0.0,0.4380359941752091,-0.9902610810595085,0.17239252129651167,0.6354325097915428,-0.44561748647677885,0.21549065162063957,0.09531487646873141,9.028475361048027,0.0342489486884241,0.639812360644122,11.805629180676341,0.0,0.0,0.0,-0.44561748647677885,0.21549065162063957,0.09531487646873141,-0.01237849535494424,-0.026539481836953593,0.000322063840726978,-0.06598954140571081,0.021618980262669858,0.00957808341949153,0.6450312323026544,0.05161710969645099,0.01751542858337056,0.03261825907355025,0.013626929867737182,-0.004494232238090432,-0.019597062728270123,-0.000605733522457054,-0.004494232238090432,cross_fitted,season_grid_average,example_precomputed_capabilities,0.7526332264556647,0.0,-6.938893903907228e-18,0.013021196345280128,0.6102387545791049,0.05161710969645099,0.6450312323026544,0.5499999999999999,0.85,0.021227752343143967,0.029573606065017022,-0.0342489486884241,0.12685430602254466,1.4614027398836256,-2.8458902528454484,-1.3844875129618228,0.0,1439.370547860446,revised_v3_parallel,prior_similar_races_current_season_only,field_centered_bounded_no_teammate_term,clayregazzoni,clay-regazzoni,ferrari,scuderia-ferrari-spa-sefac,ferrari-312b2,ferrari-312b2,exact_chassis,ferrari-312b2,,finished,6.0,6,True,,1:41.951,True,True,4.0,8.0,-4.0,True,0.6666666666666666,0.09999999999999998,0.06466935361712846,0.1974293751949686,0.010520379325159984,0.20401955470516484,0.07816609386551147,full_same_season_static_retrospective_baseline_plus_shape_distributions_v9,constructor_lineage_regulation_and_stability_shrunk,51.48803675889879,1492.2430721323067,1618.9865441432826,2.0103409836835238,1494.2534131159903,1492.8689256030284,8ca416052e09b97d,0.377806305929581,0.1936,0.21527138914443422,0.11775528978840846,0.0,0.13354531001589826,0.3052464228934817,0.4864864864864865,0.07472178060413355,0.0,0.36798528058877644,1.8399264029438824,0.0,0.735970561177553,0.18399264029438825,0.9199632014719412,2.9725957545623496,0.3238303605789938,0.06195024628447104,0.1974293751949686,0.010520379325159984,0.20401955470516484,0.07816609386551147,full_same_season_static_retrospective_baseline_plus_shape_distributions_v9,constructor_lineage_regulation_and_stability_shrunk,high,baseline_plus_shape_distributions_v9,0.6747021587433801,0.06038471773580149,full_same_season_static_retrospective,1604.4819954901013,-0.031332251505790734,8,8,1.0,6105.354,59.0,0.01694915254237288,0.7,lap_equivalent,,1.0,scheduled_distance_unavailable_assume_full,1606.4866612846179,0.040869776615969654,12.0,9.799999999999999,0.26192621542932937,1.0,16.0,1.0,0.02672716483972749,0.8,0.8885233166386386,0.008496238714279254,0.0014939731532864456,10.99135743425817,4,0.007002265560992808,0.01554069215119689,0.7666666666666666,0.7822073588178635,all_field_expected_seconds_gap_residual_same_car_crossfit_v7_4,208,12,16.0,1.3333333333333333,32.0,8.0,37.33333333333333,12.0,384.0,96.0,1602.6649797668695,1484.1853249422263,0,1.0,22,1.8170157232318576,0.5983190164314534,0.5839888750231244,0.19821848379473916,3.434603326104318,1607.9165988162056,1607.9165988162056,1616.3583490030023,retrospective_first_five_backcast_previous_season_anchor_frozen_v7_5
scheckter,1972,United States Grand Prix,Jody Scheckter,McLaren,McLaren,8,0.04356427907037682,0.796666924663214,1966-1982_3l_and_ground_effect,59,0.0,10.3,10.3,4.432,watkins_glen,0.7344028853776043,open_meteo_era5_air_temperature_track_proxy,12,1972-10-08,jolpica_cross_fitted_xw_xp,0.0,9,+1 Lap,-1.0,5.530202287187633,8,prior_same_circuit_grid_movement,finished,0.768971212319731,True,1500.0,0.0,0.4958000204621596,-0.07803870997934718,2.354110930894219,1.2173503940170927,-0.035117419490706236,2.9426386636177737,0.1826025591025639,9.028475361048027,0.11350571331098253,0.6619171792011065,11.142484623966805,0.26,0.13841679063291676,0.38158320936708323,-0.035117419490706236,2.9426386636177737,0.1826025591025639,-0.004423167142319378,0.14963086941689918,0.005816019751234877,-0.0053496595134008285,0.29205240303443347,0.014188720072443872,0.6167834596620849,0.04554503839936591,0.19654352949553203,0.04083045988260491,0.18794673051352329,2.5230929648567546e-05,0.15573830054257568,0.008622029911657308,2.5230929648567546e-05,cross_fitted,season_grid_average,example_precomputed_capabilities,0.7526332264556647,0.0,0.0,0.1965687604251806,0.9176749232555614,0.04554503839936591,0.6167834596620849,0.5499999999999999,0.85,-0.08306304711419807,-0.25575774405445495,-0.11350571331098253,0.0714161541322269,-1.4386463450834963,-2.8458902528454484,-4.284536597928945,0.0,1495.715463402071,revised_v3_parallel,prior_similar_races_current_season_only,field_centered_bounded_no_teammate_term,jodyscheckter,jody-scheckter,mclaren,yardley-team-mclaren,,mclaren-m19a|mclaren-m19c,ambiguous_chassis_constructor_fallback,constructor:mclaren,,finished,8.0,8,True,,1:42.058,True,True,6.0,9.0,-3.0,True,0.6666666666666666,0.06666666666666676,0.23193109918619872,-1.0575286058730424,0.010520379325159984,0.7276834871229334,0.34898140336499817,full_same_season_static_retrospective_baseline_plus_shape_distributions_v9,constructor_lineage_regulation_and_stability_shrunk,0.0,1500.0,1483.5285988103615,1.2364156442521312,1501.236415644252,1496.951879046323,8ca416052e09b97d,0.377806305929581,0.1936,0.21527138914443422,0.11775528978840846,0.0,0.13354531001589826,0.3052464228934817,0.4864864864864865,0.07472178060413355,0.0,0.36798528058877644,1.8399264029438824,0.0,0.735970561177553,0.18399264029438825,0.9199632014719412,2.9725957545623496,0.3238303605789938,0.22658590805904952,-1.0575286058730424,0.010520379325159984,0.7276834871229334,0.34898140336499817,full_same_season_static_retrospective_baseline_plus_shape_distributions_v9,constructor_lineage_regulation_and_stability_shrunk,high,baseline_plus_shape_distributions_v9,1.4025504407003677,0.4831381198446204,full_same_season_static_retrospective,1427.6242903136547,0.0,9,9,1.0,6105.354,59.0,0.01694915254237288,0.7,lap_equivalent,,1.0,scheduled_distance_unavailable_assume_full,1498.072579452211,0.026934650867842885,12.0,9.799999999999999,1.0752017938155094,1.0,16.0,1.0,0.10971446875668464,0.8,0.8885233166386386,0.03487688733754335,0.007777434941349786,14.948034066571184,3,0.027099452396193564,0.03563787898639764,0.7333333333333334,0.768971212319731,all_field_expected_seconds_gap_residual_same_car_crossfit_v7_4,208,12,16.0,1.3333333333333333,32.0,8.0,37.33333333333333,12.0,384.0,96.0,1425.3139198405268,1485.2152772242866,0,1.0,0,2.3103704731280454,0.42784849359384425,0.4876382670956374,0.2813329452240936,6.094266091843659,1433.7185564054982,1433.7185564054982,1425.3139198405268,retrospective_first_five_backcast_previous_season_anchor_frozen_v7_5
wisell,1972,United States Grand Prix,Reine Wisell,Team Lotus,Team Lotus,16,0.014373983640922985,0.6689613672137001,1966-1982_3l_and_ground_effect,59,0.0,10.3,10.3,4.432,watkins_glen,0.7344028853776043,open_meteo_era5_air_temperature_track_proxy,12,1972-10-08,jolpica_cross_fitted_xw_xp,0.0,10,+2 Laps,6.0,5.530202287187633,8,prior_same_circuit_grid_movement,finished,0.6484194008498239,True,1481.561960479803,0.0,0.47774973187685055,-0.36193780984705737,0.688429534780638,-0.7569486247929504,-0.16287201443117583,0.8605369184757974,-0.11354229371894256,9.028475361048027,0.02118294752694814,0.5158246107657047,15.525261677028858,0.0,0.0,0.0,-0.16287201443117583,0.8605369184757974,-0.11354229371894256,-0.004040391457676394,-0.007735379328768944,-0.0025015142352633733,-0.02511715422244501,0.1554383662637229,-0.014704139395813443,0.49848204986888506,0.02760772578671706,0.014648556870948723,0.01892516733197594,0.015894858734634153,-0.0013181161059403756,-0.005594726566967592,-0.002564417969625806,-0.0013181161059403756,cross_fitted,season_grid_average,example_precomputed_capabilities,0.7526332264556647,0.0,0.0,0.013330440765008347,0.6140991225143495,0.02760772578671706,0.49848204986888506,0.5499999999999999,0.85,0.007852506761939791,-0.09827451174864477,-0.02118294752694814,0.18417538923429522,2.8067662655705585,-2.8458902528454484,-0.03912398727488986,0.0,1481.522836492528,revised_v3_parallel,prior_similar_races_current_season_only,field_centered_bounded_no_teammate_term,reinewisell,reine-wisell,lotus,john-player-team-lotus,lotus-72d,lotus-72d,exact_chassis,lotus-72d,,finished,16.0,16,True,,1:43.543,True,True,10.0,10.0,0.0,True,0.6666666666666666,0.033333333333333326,0.1483201998556807,0.939342511547266,0.010520379325159984,0.49516688290494654,0.1795916172792406,full_same_season_static_retrospective_baseline_plus_shape_distributions_v9,constructor_lineage_regulation_and_stability_shrunk,-4.0555396845026195,1477.5064207953003,1506.5226585954774,-0.07819109105833319,1477.4282297042419,1477.389105716967,8ca416052e09b97d,0.377806305929581,0.1936,0.21527138914443422,0.11775528978840846,0.0,0.13354531001589826,0.3052464228934817,0.4864864864864865,0.07472178060413355,0.0,0.36798528058877644,1.8399264029438824,0.0,0.735970561177553,0.18399264029438825,0.9199632014719412,2.9725957545623496,0.3238303605789938,0.14888720250776355,0.939342511547266,0.010520379325159984,0.49516688290494654,0.1795916172792406,full_same_season_static_retrospective_baseline_plus_shape_distributions_v9,constructor_lineage_regulation_and_stability_shrunk,high,baseline_plus_shape_distributions_v9,1.0529713158346807,0.17795043840027552,full_same_season_static_retrospective,1466.9094842198201,0.056740379971320094,10,10,2.0,6105.354,59.0,0.03389830508474576,0.7,lap_equivalent,,1.0,scheduled_distance_unavailable_assume_full,1534.1148799437954,0.030939628151020228,9.0,6.3,-1.19019183258325,0.0,16.0,1.0,-0.18891933850527776,0.6,0.8885233166386386,-0.05200928242263525,0.008109743317744934,8.319593273103354,2,-0.06011902574038018,-0.0515805991501761,0.7,0.6484194008498239,all_field_expected_seconds_gap_residual_same_car_crossfit_v7_4,208,12,16.0,1.3333333333333333,32.0,8.0,37.33333333333333,12.0,384.0,96.0,1466.9093079630818,1484.1853249422263,0,1.0,9,0.00017625673836596702,0.465689480962129,0.5642509267326126,0.08416847411721129,-0.21499698357657415,1466.6944872362435,1466.6944872362435,1466.8140995556535,retrospective_first_five_backcast_previous_season_anchor_frozen_v7_5
hill,1972,United States Grand Prix,Graham Hill,Brabham,Brabham,27,0.0014015019819037006,0.32622434139580997,1966-1982_3l_and_ground_effect,59,0.0,10.3,10.3,4.432,watkins_glen,0.7344028853776043,open_meteo_era5_air_temperature_track_proxy,12,1972-10-08,jolpica_cross_fitted_xw_xp,0.0,11,+2 Laps,16.0,5.530202287187633,8,prior_same_circuit_grid_movement,finished,0.6251622493040998,True,1548.333629322024,0.0,0.5430292787869607,0.6661767388936902,0.37087429325318255,-0.3161358550973037,0.2997795325021606,0.4635928665664782,-0.04742037826459555,9.028475361048027,0.010787897856347912,0.36319851298728256,20.10404461038152,0.04,0.0,0.09431711332536,0.2997795325021606,0.4635928665664782,-0.04742037826459555,0.001189284252783373,-0.007189928193457416,-0.000849523509572417,0.048779465038175304,0.12152407174738569,-0.005152146060229993,0.3384258043784829,0.01387047320895882,0.0053855067249211986,0.013780918343125167,0.008015964977330594,0.001634799033791161,-0.006760612584412807,-0.000995659218618234,0.001634799033791161,cross_fitted,season_grid_average,example_precomputed_capabilities,0.7526332264556647,-8.673617379884035e-19,2.7755575615628914e-17,0.0070203057587123596,0.5035771951038139,0.01387047320895882,0.3384258043784829,0.5499999999999999,0.85,0.0037675920976355526,-0.14037868211653137,-0.010787897856347912,0.3034681536793842,5.203517217676565,-2.8458902528454484,2.357626964831117,0.0,1550.6912562868552,revised_v3_parallel,prior_similar_races_current_season_only,field_centered_bounded_no_teammate_term,grahamhill,graham-hill,brabham,motor-racing-developments,,brabham-bt33|brabham-bt34|brabham-bt37,ambiguous_chassis_constructor_fallback,constructor:brabham,,finished,28.0,28,True,,1:46.313,True,True,16.0,11.0,5.0,True,0.6666666666666666,1.1102230246251565e-16,0.0550965645758253,-1.3638940256123326,0.010520379325159984,0.15157168712810506,0.06728820229255987,full_same_season_static_retrospective_baseline_plus_shape_distributions_v9,constructor_lineage_regulation_and_stability_shrunk,40.14845114106269,1588.4820804630867,1530.1776132359241,-2.9057157941854648,1585.5763646689013,1587.9339916337324,8ca416052e09b97d,0.377806305929581,0.1936,0.21527138914443422,0.11775528978840846,0.0,0.13354531001589826,0.3052464228934817,0.4864864864864865,0.07472178060413355,0.0,0.36798528058877644,1.8399264029438824,0.0,0.735970561177553,0.18399264029438825,0.9199632014719412,2.9725957545623496,0.3238303605789938,0.050848399030771776,-1.3638940256123326,0.010520379325159984,0.15157168712810506,0.06728820229255987,full_same_season_static_retrospective_baseline_plus_shape_distributions_v9,constructor_lineage_regulation_and_stability_shrunk,high,baseline_plus_shape_distributions_v9,0.6160432034488993,0.05106702778800946,full_same_season_static_retrospective,1514.670389430546,0.05022707576218974,11,11,2.0,6105.354,59.0,0.03389830508474576,0.7,lap_equivalent,,1.0,scheduled_distance_unavailable_assume_full,1547.9158503975038,0.03262629251819692,9.0,6.3,-1.2145629236807087,0.0,16.0,1.0,-0.19278776566360456,0.6,0.8885233166386386,-0.05307425608917808,-0.003031412136407067,6.494671064846582,2,-0.05004284395277102,-0.04150441736256694,0.6666666666666667,0.6251622493040998,all_field_expected_seconds_gap_residual_same_car_crossfit_v7_4,208,12,16.0,1.3333333333333333,32.0,8.0,37.33333333333333,12.0,384.0,96.0,1518.0518782656757,1494.4707977241642,0,1.0,90,-3.3814888351295473,0.5121311116558992,0.5771900763162546,0.047972172987845174,-1.3732786197162898,1513.2971108108297,1513.2971108108297,1438.3262426072108,retrospective_first_five_backcast_previous_season_anchor_frozen_v7_5
posey,1972,United States Grand Prix,Sam Posey,Surtees,Surtees,22,0.0019265545376341304,0.3753764039985407,1966-1982_3l_and_ground_effect,59,0.0,10.3,10.3,4.432,watkins_glen,0.7344028853776043,open_meteo_era5_air_temperature_track_proxy,12,1972-10-08,jolpica_cross_fitted_xw_xp,0.0,12,+2 Laps,10.0,5.530202287187633,8,prior_same_circuit_grid_movement,finished,0.6152722255688752,True,1500.0,0.0,0.4958000204621595,-0.07803870997934718,-0.5714797716767683,-1.1569732180373742,-0.035117419490706236,-0.7143497145959604,-0.17354598270560612,9.028475361048027,0.0115211581555035,0.3949919161736073,19.15024251479178,0.0,0.0,0.0,-0.035117419490706236,-0.7143497145959604,-0.17354598270560612,-0.0015734595249781093,-0.013608893028309916,-0.0013614547839930337,0.0015188224128215577,-0.07760354571252212,-0.018801496389995176,0.4092248491270617,0.01896587145727998,0.0023893563101835625,0.013741474428810817,0.0029495448403739598,3.270780981535831e-05,-0.011319410308811896,-0.000527480720375039,3.270780981535831e-05,cross_fitted,season_grid_average,example_precomputed_capabilities,0.7526332264556647,0.0,0.0,0.0024220641199989208,0.31433862943736596,0.01896587145727998,0.4092248491270617,0.5499999999999999,0.85,0.00909909403550458,0.08065328673624134,-0.0115211581555035,0.238341417159726,4.013637713142984,-2.8458902528454484,1.1677474602975355,0.0,1501.1677474602975,revised_v3_parallel,prior_similar_races_current_season_only,field_centered_bounded_no_teammate_term,samposey,sam-posey,surtees,champcarr-inc,surtees-ts9b,surtees-ts9b,exact_chassis,surtees-ts9b,,finished,23.0,23,True,,1:44.525,True,True,14.0,12.0,2.0,True,0.6666666666666666,-0.033333333333333326,-0.09957350728666074,-0.6964060834158691,0.010465111846838647,-0.3583435729979938,0.01567526790823269,full_same_season_static_retrospective_baseline_plus_shape_distributions_v9,constructor_lineage_regulation_and_stability_shrunk,0.12627390468713842,1500.1262739046872,1435.2788322596095,-1.0985361289211206,1499.0277377757661,1500.1954852360636,8ca416052e09b97d,0.377806305929581,0.1936,0.21527138914443422,0.11775528978840846,0.0,0.13354531001589826,0.3052464228934817,0.4864864864864865,0.07472178060413355,0.0,0.36798528058877644,1.8399264029438824,0.0,0.735970561177553,0.18399264029438825,0.9199632014719412,2.9725957545623496,0.3238303605789938,-0.10769964804457151,-0.6964060834158691,0.010465111846838647,-0.3583435729979938,0.01567526790823269,full_same_season_static_retrospective_baseline_plus_shape_distributions_v9,constructor_lineage_regulation_and_stability_shrunk,high,baseline_plus_shape_distributions_v9,-0.062109558154520614,0.007356319364517892,full_same_season_static_retrospective,1462.6258728033301,0.0,12,12,2.0,6105.354,59.0,0.03389830508474576,0.7,lap_equivalent,,1.0,scheduled_distance_unavailable_assume_full,1445.7056047089688,0.022021123520071947,9.0,6.3,-0.7139264404797978,0.0,16.0,1.0,-0.11332165721901553,0.6,0.8885233166386386,-0.031197325385194437,-0.0045977910305322455,10.453773676145389,3,-0.02659953435466219,-0.018061107764458108,0.6333333333333333,0.6152722255688752,all_field_expected_seconds_gap_residual_same_car_crossfit_v7_4,208,12,16.0,1.3333333333333333,32.0,8.0,37.33333333333333,12.0,384.0,96.0,1463.946318099449,1487.1091117041938,0,1.0,0,-1.3204452961188924,0.46153892053807954,0.4380526289390116,0.17721959662986358,2.7626389368282993,1465.3885117401585,1465.3885117401585,1463.854333292446,retrospective_first_five_backcast_previous_season_anchor_frozen_v7_5
beuttler,1972,United States Grand Prix,Mike Beuttler,March,March,20,0.0010468768898339136,0.2826494816368144,1966-1982_3l_and_ground_effect,59,0.0,10.3,10.3,4.432,watkins_glen,0.7344028853776043,open_meteo_era5_air_temperature_track_proxy,12,1972-10-08,jolpica_cross_fitted_xw_xp,0.0,13,+2 Laps,7.0,5.530202287187633,8,prior_same_circuit_grid_movement,finished,0.5766181409765403,True,1505.138286827779,0.0,0.5008330141636776,0.0010778904417902745,-0.549339067417654,1.0007032358495358,0.0004850506988056235,-0.6866738342720675,0.15010548537743038,9.028475361048027,0.013370220787854492,0.4291555789668581,18.125332630994258,0.02,0.0,0.05880602015151773,0.0004850506988056235,-0.6866738342720675,0.15010548537743038,-0.001624295219233519,-0.017058270997156278,0.0006288251620048861,0.005292161626002341,-0.08740746186644474,0.018770538363897377,0.4386572932483398,0.021494404262327703,0.003317718522968953,0.01939450088412345,0.003507145744070088,0.0001229446849738392,-0.01595383767618066,-6.648253612729542e-05,0.0001229446849738392,cross_fitted,season_grid_average,example_precomputed_capabilities,0.7526332264556647,0.0,-1.3877787807814457e-17,0.0034406632079427924,0.37531253137179477,0.021494404262327703,0.4386572932483398,0.5499999999999999,0.85,0.0099295575799117,0.05384304759506331,-0.013370220787854492,0.1708444210331419,2.7543142796880464,-2.8458902528454484,-0.09157597315740196,0.0,1505.0467108546216,revised_v3_parallel,prior_similar_races_current_season_only,field_centered_bounded_no_teammate_term,mikebeuttler,mike-beuttler,march,clarke-mordaunt-guthrie-racing,march-721g,march-721g,exact_chassis,march-721g,,finished,21.0,21,True,,1:44.369,True,True,12.0,13.0,-1.0,True,0.6666666666666666,-0.06666666666666665,0.011270425789372245,0.5979960271460203,0.010465111846838647,0.03919946913901349,0.04880932794738848,full_same_season_static_retrospective_baseline_plus_shape_distributions_v9,constructor_lineage_regulation_and_stability_shrunk,-24.173643841002313,1480.9646429867767,1422.3990706324726,-0.8191746038451059,1480.1454683829315,1480.053892409774,8ca416052e09b97d,0.377806305929581,0.1936,0.21527138914443422,0.11775528978840846,0.0,0.13354531001589826,0.3052464228934817,0.4864864864864865,0.07472178060413355,0.0,0.36798528058877644,1.8399264029438824,0.0,0.735970561177553,0.18399264029438825,0.9199632014719412,2.9725957545623496,0.3238303605789938,0.010123725580712782,0.5979960271460203,0.010465111846838647,0.03919946913901349,0.04880932794738848,full_same_season_static_retrospective_baseline_plus_shape_distributions_v9,constructor_lineage_regulation_and_stability_shrunk,high,baseline_plus_shape_distributions_v9,0.44232453486432105,0.03108731900760422,full_same_season_static_retrospective,1418.5735464410616,0.05587895692942883,13,13,2.0,6105.354,59.0,0.03389830508474576,0.7,lap_equivalent,,1.0,scheduled_distance_unavailable_assume_full,1456.0625708105129,0.022916029359136926,9.0,6.3,-0.7304708210043069,0.0,16.0,1.0,-0.115947749365763,0.6,0.8885233166386386,-0.03192028561366378,0.0,0.0,0,-0.03192028561366378,-0.023381859023459697,0.6,0.5766181409765403,all_field_expected_seconds_gap_residual_same_car_crossfit_v7_4,208,12,16.0,1.3333333333333333,32.0,8.0,37.33333333333333,12.0,384.0,96.0,1419.2631131013516,1487.1091117041938,0,1.0,5,-0.6895666602899587,0.41922260527640937,0.4823490532356977,0.09426908774084258,0.10822265237962725,1418.6817690934413,1418.6817690934413,1440.2571913101892,retrospective_first_five_backcast_previous_season_anchor_frozen_v7_5
pescarolo,1972,United States Grand Prix,Henri Pescarolo,March,March,21,0.0014609133036510497,0.3325665355512814,1966-1982_3l_and_ground_effect,59,0.0,10.3,10.3,4.432,watkins_glen,0.7344028853776043,open_meteo_era5_air_temperature_track_proxy,12,1972-10-08,jolpica_cross_fitted_xw_xp,0.0,14,+2 Laps,7.0,5.530202287187633,8,prior_same_circuit_grid_movement,finished,0.5466291720968233,True,1437.668358899978,0.0,0.4350548142122828,-1.0377880793301042,-0.549339067417654,1.0007032358495358,-0.4670046356985469,-0.6866738342720675,0.15010548537743038,9.028475361048027,0.012173674407150295,0.40695677217402865,18.791296834779143,0.0,0.0,0.0,-0.4670046356985469,-0.6866738342720675,0.15010548537743038,-0.004460586506615564,-0.01388763290455533,0.0005328413155295288,-0.058819628879683124,-0.07235368502123907,0.018336406310984894,0.4238823083125193,0.02019059455018891,0.0031164720227358157,0.012965767292076213,0.0024296215219465314,-0.0007412555681882696,-0.010590550837528667,-5.4405067398985256e-05,-0.0007412555681882696,cross_fitted,season_grid_average,example_precomputed_capabilities,0.7526332264556647,0.0,-1.3877787807814457e-17,0.002375216454547546,0.31104540072258197,0.02019059455018891,0.4238823083125193,0.5499999999999999,0.85,0.009798457952602748,0.09591137145144668,-0.012173674407150295,0.159709894492638,2.582609915095877,-2.8458902528454484,-0.2632803377495714,0.0,1437.4050785622285,revised_v3_parallel,prior_similar_races_current_season_only,field_centered_bounded_no_teammate_term,henripescarolo,henri-pescarolo,march,,,,unmatched_constructor_fallback,constructor:march,,finished,22.0,22,True,,1:44.433,True,True,13.0,14.0,-1.0,True,0.6666666666666666,-0.09999999999999998,-0.09907579788197829,0.5979960271460203,0.010465111846838647,-0.2731568365347643,0.019994852259843744,full_same_season_static_retrospective_baseline_plus_shape_distributions_v9,constructor_lineage_regulation_and_stability_shrunk,-13.807933847952778,1423.8604250520252,1405.0955546643834,-0.47929398834974873,1423.3811310636754,1423.1178507259258,8ca416052e09b97d,0.377806305929581,0.1936,0.21527138914443422,0.11775528978840846,0.0,0.13354531001589826,0.3052464228934817,0.4864864864864865,0.07472178060413355,0.0,0.36798528058877644,1.8399264029438824,0.0,0.735970561177553,0.18399264029438825,0.9199632014719412,2.9725957545623496,0.3238303605789938,-0.08568284247481536,0.5979960271460203,0.010465111846838647,-0.2731568365347643,0.019994852259843744,full_same_season_static_retrospective_baseline_plus_shape_distributions_v9,constructor_lineage_regulation_and_stability_shrunk,high,baseline_plus_shape_distributions_v9,-0.046498981763253754,0.007691850318358449,full_same_season_static_retrospective,1426.1219131737628,-0.00021611864053145682,14,14,2.0,6105.354,59.0,0.03389830508474576,0.7,lap_equivalent,,1.0,scheduled_distance_unavailable_assume_full,1426.0354498624208,0.020416588067318508,9.0,7.699999999999999,-0.8246396955662295,1.0,16.0,1.0,-0.10709606435925059,0.6,0.8885233166386386,-0.029483426639551672,-0.0009075054795042572,14.200536818695559,3,-0.028575921160047413,-0.02003749456984333,0.5666666666666667,0.5466291720968233,all_field_expected_seconds_gap_residual_same_car_crossfit_v7_4,208,12,16.0,1.3333333333333333,32.0,8.0,37.33333333333333,12.0,384.0,96.0,1426.9481015871645,1488.5025109801286,0,1.0,22,-0.8261884134017733,0.4264137585477784,0.4098880431866621,0.13674112891016116,1.4673279697978217,1427.5892411435607,1427.5892411435607,1510.2253954810587,retrospective_first_five_backcast_previous_season_anchor_frozen_v7_5
amon,1972,United States Grand Prix,Chris Amon,Matra,Matra,7,0.020921638752610324,0.7155867617813302,1966-1982_3l_and_ground_effect,59,0.0,10.3,10.3,4.432,watkins_glen,0.7344028853776043,open_meteo_era5_air_temperature_track_proxy,12,1972-10-08,jolpica_cross_fitted_xw_xp,0.0,15,+2 Laps,-8.0,5.530202287187633,8,prior_same_circuit_grid_movement,finished,0.472496884768254,True,1416.6326538537062,0.0,0.4148601082065461,-1.3616846476815014,1.1298421760402024,1.0072370609767756,-0.6127580914566757,1.4123027200502531,0.15108555914651634,9.028475361048027,0.04053815418730253,0.6472099774632384,11.583700676102849,0.08,0.0048013617144565535,0.15519863828554345,-0.6127580914566757,1.4123027200502531,0.15108555914651634,-0.021268065728008087,0.0023426970744718457,0.0012632359113228355,-0.08678192500624868,0.1802378001109794,0.014579305212546263,0.6310047004156468,0.04848611392129856,0.05063183042239366,0.02801932523950654,0.030855792366474802,-0.019807849243308504,0.0028046559395786125,-3.181118738964858e-05,-0.019807849243308504,cross_fitted,season_grid_average,example_precomputed_capabilities,0.7526332264556647,-3.469446951953614e-18,1.3877787807814457e-17,0.030823981179085153,0.7390398807329238,0.04848611392129856,0.6310047004156468,0.5499999999999999,0.85,0.009714173008217374,-0.09182990326968543,-0.04053815418730253,-0.11387664412990506,-3.022695294833552,-2.8458902528454484,-5.868585547679,0.0,1410.7640683060272,revised_v3_parallel,prior_similar_races_current_season_only,field_centered_bounded_no_teammate_term,chrisamon,chris-amon,matra,equipe-matra-sports,,matra-ms120c|matra-ms120d,ambiguous_chassis_constructor_fallback,constructor:matra,,finished,7.0,7,True,,1:41.979,True,True,5.0,15.0,-10.0,True,0.6666666666666666,-0.1333333333333333,0.09478264856062443,-0.4890470245306367,0.010520379325159984,0.2968801164555419,0.10191629732755458,full_same_season_static_retrospective_baseline_plus_shape_distributions_v9,constructor_lineage_regulation_and_stability_shrunk,95.94469496517263,1512.5773488188788,1603.8615158842802,1.637011830783337,1514.2143606496622,1508.3457751019832,8ca416052e09b97d,0.377806305929581,0.1936,0.21527138914443422,0.11775528978840846,0.0,0.13354531001589826,0.3052464228934817,0.4864864864864865,0.07472178060413355,0.0,0.36798528058877644,1.8399264029438824,0.0,0.735970561177553,0.18399264029438825,0.9199632014719412,2.9725957545623496,0.3238303605789938,0.09262638910680769,-0.4890470245306367,0.010520379325159984,0.2968801164555419,0.10191629732755458,full_same_season_static_retrospective_baseline_plus_shape_distributions_v9,constructor_lineage_regulation_and_stability_shrunk,high,baseline_plus_shape_distributions_v9,0.800947156080073,0.08661179850605494,full_same_season_static_retrospective,1581.7728303452132,0.08417935266381427,15,15,2.0,6105.354,59.0,0.03389830508474576,0.7,lap_equivalent,,1.0,scheduled_distance_unavailable_assume_full,1631.7783431310108,0.04504520455637384,9.0,6.3,-1.5875898676188112,0.0,16.0,1.0,-0.25199839168552557,0.6,0.8885233166386386,-0.06937487515528336,0.0,0.0,0,-0.06937487515528336,-0.060836448565079276,0.5333333333333333,0.472496884768254,all_field_expected_seconds_gap_residual_same_car_crossfit_v7_4,208,12,16.0,1.3333333333333333,32.0,8.0,37.33333333333333,12.0,384.0,96.0,1580.1111065678367,1483.935938936164,0,1.0,44,1.6617237773763907,0.5768585028052455,0.6854640602300103,-0.21296717546175625,-9.723337770103536,1572.0494925751095,1572.0494925751095,1462.1490530247306,retrospective_first_five_backcast_previous_season_anchor_frozen_v7_5
barber,1972,United States Grand Prix,Skip Barber,March,March,20,0.0009466710421161462,0.2681345209107366,1966-1982_3l_and_ground_effect,59,0.0,10.3,10.3,4.432,watkins_glen,0.7344028853776043,open_meteo_era5_air_temperature_track_proxy,12,1972-10-08,jolpica_cross_fitted_xw_xp,0.0,16,+2 Laps,4.0,5.530202287187633,8,prior_same_circuit_grid_movement,finished,0.48780104223279164,True,1500.0,0.0,0.4958000204621595,-0.07803870997934718,-0.549339067417654,1.0007032358495358,-0.035117419490706236,-0.6866738342720675,0.15010548537743038,9.028475361048027,0.013334326125570693,0.4285315574260264,18.144053277219207,0.0,0.0,0.0,-0.035117419490706236,-0.6866738342720675,0.15010548537743038,-0.0019005636813917497,-0.016856145899659242,0.0006232026104798609,0.00025153720649403094,-0.08650600753702525,0.018749564848441636,0.4386572932483398,0.021494404262327703,0.003317718522968953,0.018898613913494303,0.003426754071485064,4.317876878761999e-05,-0.015537716621737729,-6.585677972849096e-05,4.317876878761999e-05,cross_fitted,season_grid_average,example_precomputed_capabilities,0.7526332264556647,0.0,-1.3877787807814457e-17,0.003360897291756573,0.3711523877662502,0.021494404262327703,0.4386572932483398,0.5499999999999999,0.85,0.00997342883381412,0.057379169659776186,-0.013334326125570693,0.07146844257397361,0.9664081393178283,-2.8458902528454484,-1.87948211352762,0.0,1498.1205178864723,revised_v3_parallel,prior_similar_races_current_season_only,field_centered_bounded_no_teammate_term,skipbarber,skip-barber,march,gene-mason-racing,march-711,march-711,exact_chassis,march-711,,finished,20.0,20,True,,1:44.280,True,True,11.0,16.0,-5.0,True,0.6666666666666666,-0.16666666666666663,-0.16666666666666663,0.5979960271460203,0.010465111846838647,-0.5371868363281008,0.009403701848627658,full_same_season_static_retrospective_baseline_plus_shape_distributions_v9,constructor_lineage_regulation_and_stability_shrunk,-5.927944599149508,1494.0720554008506,1396.6381257497926,-0.3359781157687806,1493.7360772850818,1491.856595171554,8ca416052e09b97d,0.377806305929581,0.1936,0.21527138914443422,0.11775528978840846,0.0,0.13354531001589826,0.3052464228934817,0.4864864864864865,0.07472178060413355,0.0,0.36798528058877644,1.8399264029438824,0.0,0.735970561177553,0.18399264029438825,0.9199632014719412,2.9725957545623496,0.3238303605789938,-0.16666666666666663,0.5979960271460203,0.010465111846838647,-0.5371868363281008,0.009403701848627658,full_same_season_static_retrospective_baseline_plus_shape_distributions_v9,constructor_lineage_regulation_and_stability_shrunk,high,baseline_plus_shape_distributions_v9,-0.34592024940580546,0.0032696143168116773,full_same_season_static_retrospective,1439.383294004091,0.0,16,16,2.0,6105.354,59.0,0.03389830508474576,0.7,lap_equivalent,,1.0,scheduled_distance_unavailable_assume_full,1409.4188601753515,0.01915258609530833,9.0,6.3,-0.474558854528441,0.0,16.0,1.0,-0.07532680230610174,0.6,0.8885233166386386,-0.02073738435741247,0.0,0.0,0,-0.02073738435741247,-0.012198957767208387,0.5,0.48780104223279164,all_field_expected_seconds_gap_residual_same_car_crossfit_v7_4,208,12,16.0,1.3333333333333333,32.0,8.0,37.33333333333333,12.0,384.0,96.0,1439.6130726560407,1487.1091117041938,0,1.0,0,-0.22977865194963243,0.43911427341669035,0.40278289430815734,0.0850181479246343,-0.18780742173903775,1439.195486582352,1439.195486582352,1449.3730980275861,retrospective_first_five_backcast_previous_season_anchor_frozen_v7_5
hailwood,1972,United States Grand Prix,Mike Hailwood,Surtees,Surtees,14,0.004679647351183068,0.512274903795502,1966-1982_3l_and_ground_effect,59,0.0,10.3,10.3,4.432,watkins_glen,0.7344028853776043,open_meteo_era5_air_temperature_track_proxy,12,1972-10-08,jolpica_cross_fitted_xw_xp,0.0,17,Collision,-3.0,5.530202287187633,8,prior_same_circuit_grid_movement,driver_fault,0.0,True,1487.5220827059059,0.0,0.4835812938945237,-0.2701670262320946,-0.5714797716767683,-1.1569732180373742,-0.12157516180444257,-0.7143497145959604,-0.17354598270560612,9.028475361048027,0.018909919877185776,0.5080457071572716,15.758628785281852,0.0,0.0,0.0,-0.12157516180444257,-0.7143497145959604,-0.17354598270560612,-0.0034568433853984486,-0.02185615759378716,-0.002194714620364403,-0.013627435235587607,-0.10213213773492893,-0.020630776118426876,0.5285042595206131,0.031288391896983285,0.003941770710770965,0.02131743480696778,0.004600584850751203,-0.00016109441333769228,-0.017536758509534508,-0.0008199085533179295,-0.00016109441333769228,cross_fitted,season_grid_average,example_precomputed_capabilities,0.7526332264556647,0.0,0.0,0.003780676297433273,0.39211391043166965,0.031288391896983285,0.5285042595206131,0.5499999999999999,0.85,0.015129243579752504,0.11593179672560194,-0.018909919877185776,-0.5080457071572716,-9.598660805883346,-2.8458902528454484,-12.444551058728795,0.0,1475.077531647177,revised_v3_parallel,prior_similar_races_current_season_only,field_centered_bounded_no_teammate_term,mikehailwood,mike-hailwood,surtees,brooke-bond-oxo-team-surtees,surtees-ts9b,surtees-ts9b,exact_chassis,surtees-ts9b,Collision,driver_fault,14.0,14,True,,1:43.204,True,False,,,,True,0.6666666666666666,-0.6666666666666666,-0.09957350728666074,-0.6964060834158691,0.010465111846838647,-0.3583435729979938,0.01567526790823269,full_same_season_static_retrospective_baseline_plus_shape_distributions_v9,constructor_lineage_regulation_and_stability_shrunk,-5.575332914393786,1481.946749791512,1481.7115141185536,0.8044222519941394,1482.7511720435061,1470.3066209847773,8ca416052e09b97d,0.377806305929581,0.1936,0.21527138914443422,0.11775528978840846,0.0,0.13354531001589826,0.3052464228934817,0.4864864864864865,0.07472178060413355,0.0,0.36798528058877644,1.8399264029438824,0.0,0.735970561177553,0.18399264029438825,0.9199632014719412,2.9725957545623496,0.3238303605789938,-0.10769964804457151,-0.6964060834158691,0.010465111846838647,-0.3583435729979938,0.01567526790823269,full_same_season_static_retrospective_baseline_plus_shape_distributions_v9,constructor_lineage_regulation_and_stability_shrunk,high,baseline_plus_shape_distributions_v9,-0.062109558154520614,0.007356319364517892,full_same_season_static_retrospective,1511.103339295031,0.14899986769964554,17,17,,6105.354,59.0,,0.0,unavailable,,1.0,scheduled_distance_unavailable_assume_full,1513.848453158868,0.02861954944541103,0.0,0.0,0.0,0.0,,0.0,,0.0,0.0,0.0,-0.019375851709354783,8.909833420901379,3,0.019375851709354783,0.0,0.0,0.0,all_field_expected_seconds_gap_residual_same_car_crossfit_v7_4,208,12,16.0,1.3333333333333333,32.0,8.0,37.33333333333333,12.0,384.0,96.0,1510.378999958393,1483.935938936164,0,1.0,12,0.7243393366379377,0.5086607895528964,0.6333699478488434,-0.6333699478488434,-23.17622648649032,1487.9271128085406,1487.9271128085406,1501.3694896914915,retrospective_first_five_backcast_previous_season_anchor_frozen_v7_5
revson,1972,United States Grand Prix,Peter Revson,McLaren,McLaren,2,0.3212392367751776,0.9466365226395452,1966-1982_3l_and_ground_effect,59,0.0,10.3,10.3,4.432,watkins_glen,0.7344028853776043,open_meteo_era5_air_temperature_track_proxy,12,1972-10-08,jolpica_cross_fitted_xw_xp,0.0,18,Electrical,-16.0,5.530202287187633,8,prior_same_circuit_grid_movement,mechanical,,False,1467.0854152534457,0.0,0.463609531308418,-0.5848399331696094,2.354110930894219,1.2173503940170927,-0.2631779699263242,2.9426386636177737,0.1826025591025639,9.028475361048027,0.13842201328061332,0.7330002738817115,9.009991783548655,0.24,0.12161859605495463,0.35838140394504536,-0.2631779699263242,2.9426386636177737,0.1826025591025639,-0.03999009812777285,0.19295717091176207,0.007309029564024084,-0.029292038115109716,0.2446903342712134,0.012322776047970217,0.6988421130511004,0.06629776722400733,0.2860991586750097,0.05032978649894026,0.21708728922586878,-0.05952528910298904,0.17624408307308037,0.009486580346151852,-0.05952528910298904,cross_fitted,season_grid_average,example_precomputed_capabilities,0.7526332264556647,2.7755575615628914e-17,0.0,0.22657386957202064,0.9265631852551743,0.06629776722400733,0.6988421130511004,0.5499999999999999,0.85,-0.08815185629140732,-0.19356291137346282,-0.13842201328061332,,0.0,0.0,0.0,0.0,1467.0854152534457,revised_v3_parallel,prior_similar_races_current_season_only,field_centered_bounded_no_teammate_term,peterrevson,peter-revson,mclaren,yardley-team-mclaren,,mclaren-m19a|mclaren-m19c,ambiguous_chassis_constructor_fallback,constructor:mclaren,Electrical,mechanical,2.0,2,True,,1:40.527,True,False,,,,False,0.6666666666666666,,0.23193109918619872,-1.0575286058730424,0.010520379325159984,0.7276834871229334,0.34898140336499817,full_same_season_static_retrospective_baseline_plus_shape_distributions_v9,constructor_lineage_regulation_and_stability_shrunk,6.198330477781216,1473.2837457312269,1534.3906101096493,2.586917214757637,1475.8706629459846,1475.8706629459846,8ca416052e09b97d,0.377806305929581,0.1936,0.21527138914443422,0.11775528978840846,0.0,0.13354531001589826,0.3052464228934817,0.4864864864864865,0.07472178060413355,0.0,0.36798528058877644,1.8399264029438824,0.0,0.735970561177553,0.18399264029438825,0.9199632014719412,2.9725957545623496,0.3238303605789938,0.22658590805904952,-1.0575286058730424,0.010520379325159984,0.7276834871229334,0.34898140336499817,full_same_season_static_retrospective_baseline_plus_shape_distributions_v9,constructor_lineage_regulation_and_stability_shrunk,high,baseline_plus_shape_distributions_v9,1.4025504407003677,0.4831381198446204,full_same_season_static_retrospective,1479.6955015856593,0.17793293900255142,18,18,,6105.354,59.0,,0.0,unavailable,,1.0,scheduled_distance_unavailable_assume_full,1593.0759864389381,0.038815176350338945,0.0,0.0,0.0,0.0,,0.0,,0.0,0.0,0.0,0.001528268429043803,11.204066707721633,3,-0.001528268429043803,0.0,,,all_field_expected_seconds_gap_residual_same_car_crossfit_v7_4,208,12,16.0,1.3333333333333333,32.0,8.0,37.33333333333333,12.0,384.0,96.0,1476.1759311398146,1481.7297387229828,0,1.0,10,3.5195704458447037,0.4781013550020321,0.7155299521053395,,0.0,1479.6955015856593,1479.6955015856593,1430.6006404773666,retrospective_first_five_backcast_previous_season_anchor_frozen_v7_5
lauda,1972,United States Grand Prix,Niki Lauda,March,March,25,0.000729099474508803,0.2320643158278641,1966-1982_3l_and_ground_effect,59,0.0,10.3,10.3,4.432,watkins_glen,0.7344028853776043,open_meteo_era5_air_temperature_track_proxy,12,1972-10-08,jolpica_cross_fitted_xw_xp,0.0,19,Not classified,6.0,5.530202287187633,8,prior_same_circuit_grid_movement,other,0.4,False,1498.126982231447,0.0,0.4939654312616426,-0.10687843873391067,-0.549339067417654,1.0007032358495358,-0.0480952974302598,-0.6866738342720675,0.15010548537743038,9.028475361048027,0.00974248991719863,0.35855068115745053,20.24347956527648,0.0,0.0,0.0,-0.0480952974302598,-0.6866738342720675,0.15010548537743038,-0.0014623393325907152,-0.012274624859014146,0.000454304538090202,8.976176885944212e-05,-0.06942048806345585,0.01854124781474642,0.36616910292942806,0.015719686761280226,0.002426375502510501,0.013691405950327943,0.0024850226876995227,1.0651605255066528e-05,-0.011254378842562376,-4.7995579933955354e-05,1.0651605255066528e-05,cross_fitted,season_grid_average,example_precomputed_capabilities,0.7526332264556647,0.0,0.0,0.0024370271077655673,0.31537962444957807,0.015719686761280226,0.36616910292942806,0.5499999999999999,0.85,0.007305462809433063,0.04317105670787247,-0.00974248991719863,0.04144931884254949,0.0,0.0,0.0,0.0,1498.126982231447,revised_v3_parallel,prior_similar_races_current_season_only,field_centered_bounded_no_teammate_term,nikilauda,niki-lauda,march,stp-march-racing-team,,march-721|march-721g|march-721x,ambiguous_chassis_constructor_fallback,constructor:march,,finished,26.0,26,True,,1:45.290,True,False,,,,False,0.6666666666666666,,-0.09907579788197829,0.5979960271460203,0.010465111846838647,-0.2731568365347643,0.019994852259843744,full_same_season_static_retrospective_baseline_plus_shape_distributions_v9,constructor_lineage_regulation_and_stability_shrunk,-24.420215669363373,1473.7067665620837,1427.1361510447787,-1.556163396552549,1472.150603165531,1472.150603165531,8ca416052e09b97d,0.377806305929581,0.1936,0.21527138914443422,0.11775528978840846,0.0,0.13354531001589826,0.3052464228934817,0.4864864864864865,0.07472178060413355,0.0,0.36798528058877644,1.8399264029438824,0.0,0.735970561177553,0.18399264029438825,0.9199632014719412,2.9725957545623496,0.3238303605789938,-0.08568284247481536,0.5979960271460203,0.010465111846838647,-0.2731568365347643,0.019994852259843744,full_same_season_static_retrospective_baseline_plus_shape_distributions_v9,constructor_lineage_regulation_and_stability_shrunk,high,baseline_plus_shape_distributions_v9,-0.046498981763253754,0.007691850318358449,full_same_season_static_retrospective,1446.9299888258831,-0.00436125210184749,19,NC,10.0,6105.354,59.0,0.1694915254237288,0.7,lap_equivalent,,1.0,scheduled_distance_unavailable_assume_full,1442.4526252575401,0.02174732351702834,0.0,0.0,0.0,0.0,,0.0,,0.0,0.0,0.0,-0.005423627769063486,13.763421949819481,3,0.005423627769063486,0.0,0.4,0.4,all_field_expected_seconds_gap_residual_same_car_crossfit_v7_4,208,12,16.0,1.3333333333333333,32.0,8.0,37.33333333333333,12.0,384.0,96.0,1448.9886979675598,1487.1091117041938,0,1.0,8,-2.0587091416766676,0.4463750162701478,0.4252869405956066,-0.0252869405956066,0.0,1446.9299888258831,1446.9299888258831,1492.3709337177127,retrospective_first_five_backcast_previous_season_anchor_frozen_v7_5
pace,1972,United States Grand Prix,Carlos Pace,March,March,15,0.0014190674937445613,0.3281240797790293,1966-1982_3l_and_ground_effect,59,0.0,10.3,10.3,4.432,watkins_glen,0.7344028853776043,open_meteo_era5_air_temperature_track_proxy,12,1972-10-08,jolpica_cross_fitted_xw_xp,0.0,20,Fuel system,-5.0,5.530202287187633,8,prior_same_circuit_grid_movement,mechanical,,False,1490.7972369865813,0.0,0.48678743530304214,-0.21973794719724798,-0.549339067417654,1.0007032358495358,-0.0988820762387616,-0.6866738342720675,0.15010548537743038,9.028475361048027,0.01814768964237751,0.49942478432195536,16.017256470341337,0.0,0.0,0.0,-0.0988820762387616,-0.6866738342720675,0.15010548537743038,-0.003251807428735745,-0.02257116106402677,0.0008389510124105611,-0.0109056814551903,-0.10125449473533282,0.018301632072698998,0.513503565939629,0.029390497508535892,0.004536501537483544,0.024669760715555895,0.004494975652191317,-0.00013002150929960522,-0.020263280687371956,-8.849562400737795e-05,-0.00013002150929960522,cross_fitted,season_grid_average,example_precomputed_capabilities,0.7526332264556647,0.0,0.0,0.004406480028183939,0.41964502182180485,0.029390497508535892,0.513503565939629,0.5499999999999999,0.85,0.013741209614193572,0.07977976250015051,-0.01814768964237751,,0.0,0.0,0.0,0.0,1490.7972369865813,revised_v3_parallel,prior_similar_races_current_season_only,field_centered_bounded_no_teammate_term,carlospace,carlos-pace,march,,,,unmatched_constructor_fallback,constructor:march,Fuel system,mechanical,15.0,15,True,,1:43.319,True,False,,,,False,0.6666666666666666,,-0.09907579788197829,0.5979960271460203,0.010465111846838647,-0.2731568365347643,0.019994852259843744,full_same_season_static_retrospective_baseline_plus_shape_distributions_v9,constructor_lineage_regulation_and_stability_shrunk,-5.14961643334018,1485.647620553241,1419.170076587196,0.5764519074459961,1486.224072460687,1486.224072460687,8ca416052e09b97d,0.377806305929581,0.1936,0.21527138914443422,0.11775528978840846,0.0,0.13354531001589826,0.3052464228934817,0.4864864864864865,0.07472178060413355,0.0,0.36798528058877644,1.8399264029438824,0.0,0.735970561177553,0.18399264029438825,0.9199632014719412,2.9725957545623496,0.3238303605789938,-0.08568284247481536,0.5979960271460203,0.010465111846838647,-0.2731568365347643,0.019994852259843744,full_same_season_static_retrospective_baseline_plus_shape_distributions_v9,constructor_lineage_regulation_and_stability_shrunk,high,baseline_plus_shape_distributions_v9,-0.046498981763253754,0.007691850318358449,full_same_season_static_retrospective,1441.9574176444123,0.009187229428091574,20,DNF,,6105.354,59.0,,0.0,unavailable,,1.0,scheduled_distance_unavailable_assume_full,1444.3503812148163,0.02190663928658007,0.0,0.0,0.0,0.0,,0.0,,0.0,0.0,0.0,-0.008674678453833537,15.79572330948428,3,0.008674678453833537,0.0,,,all_field_expected_seconds_gap_residual_same_car_crossfit_v7_4,208,12,16.0,1.3333333333333333,32.0,8.0,37.33333333333333,12.0,384.0,96.0,1441.0226235099772,1485.2152772242866,0,1.0,5,0.93479413443511,0.4415883707502371,0.4341450196710828,,0.0,1441.9574176444123,1441.9574176444123,1449.7326398707169,retrospective_first_five_backcast_previous_season_anchor_frozen_v7_5
gethin,1972,United States Grand Prix,Peter Gethin,BRM,BRM,28,0.0002627304374680391,0.12015735837722347,1966-1982_3l_and_ground_effect,59,0.0,10.3,10.3,4.432,watkins_glen,0.7344028853776043,open_meteo_era5_air_temperature_track_proxy,12,1972-10-08,jolpica_cross_fitted_xw_xp,0.0,21,Engine,7.0,5.530202287187633,8,prior_same_circuit_grid_movement,mechanical,,False,1468.881114439255,0.0,0.4653611662509821,-0.5571907147195666,-0.7958000170262863,-0.9823068056460766,-0.250735821623805,-0.9947500212828579,-0.14734602084691148,9.028475361048027,0.007685104046540179,0.30621408135392103,21.81357755938237,0.0,0.0,0.0,-0.250735821623805,-0.9947500212828579,-0.14734602084691148,-0.0019179290328020066,-0.009201459951385218,-0.0007561946126800905,-0.02193845604808566,-0.09021929404370196,-0.01238909167488023,0.32489610761892124,0.013029116665130472,0.001297582273996188,0.008223310650974498,0.001378538868853027,-0.00014404920573303243,-0.007069777582711342,-0.00022500580058987143,-0.00014404920573303243,cross_fitted,season_grid_average,example_precomputed_capabilities,0.7526332264556647,-1.734723475976807e-18,0.0,0.0011535330682631555,0.20034926585225338,0.013029116665130472,0.32489610761892124,0.5499999999999999,0.85,0.006531570978277023,0.10586481550166765,-0.007685104046540179,,0.0,0.0,0.0,0.0,1468.881114439255,revised_v3_parallel,prior_similar_races_current_season_only,field_centered_bounded_no_teammate_term,petergethin,peter-gethin,brm,marlboro-brm,,brm-p153|brm-p160b|brm-p160c|brm-p180,ambiguous_chassis_constructor_fallback,constructor:brm,Engine,mechanical,29.0,29,True,,1:46.599,True,False,,,,False,0.6666666666666666,,-0.10987255382352822,0.2962052681060592,0.010520379325159984,-0.35928093397109495,0.015633342976199015,full_same_season_static_retrospective_baseline_plus_shape_distributions_v9,constructor_lineage_regulation_and_stability_shrunk,-11.35393385416544,1457.5271805850896,1389.886169917003,-2.0426887345059415,1455.4844918505837,1455.4844918505837,8ca416052e09b97d,0.377806305929581,0.1936,0.21527138914443422,0.11775528978840846,0.0,0.13354531001589826,0.3052464228934817,0.4864864864864865,0.07472178060413355,0.0,0.36798528058877644,1.8399264029438824,0.0,0.735970561177553,0.18399264029438825,0.9199632014719412,2.9725957545623496,0.3238303605789938,-0.11115131959285429,0.2962052681060592,0.010520379325159984,-0.35928093397109495,0.015633342976199015,full_same_season_static_retrospective_baseline_plus_shape_distributions_v9,constructor_lineage_regulation_and_stability_shrunk,high,baseline_plus_shape_distributions_v9,-0.09743164192350996,0.006650150473283943,full_same_season_static_retrospective,1416.0489681311972,0.055047107022866415,21,DNF,,6105.354,59.0,,0.0,unavailable,,1.0,scheduled_distance_unavailable_assume_full,1408.7702373449538,0.019104865626558224,0.0,0.0,0.0,0.0,,0.0,,0.0,0.0,0.0,-0.0015718275851603761,11.813301896601725,4,0.0015718275851603761,0.0,,,all_field_expected_seconds_gap_residual_same_car_crossfit_v7_4,208,12,16.0,1.3333333333333333,32.0,8.0,37.33333333333333,12.0,384.0,96.0,1418.6286446346905,1484.1853249422263,0,1.0,15,-2.5796765034933684,0.41682426687689206,0.44940133579966407,,0.0,1416.0489681311972,1416.0489681311972,1434.0620102724276,retrospective_first_five_backcast_previous_season_anchor_frozen_v7_5
ganley,1972,United States Grand Prix,Howden Ganley,BRM,BRM,17,0.0015857375754658668,0.34516647298017883,1966-1982_3l_and_ground_effect,59,0.0,10.3,10.3,4.432,watkins_glen,0.7344028853776043,open_meteo_era5_air_temperature_track_proxy,12,1972-10-08,jolpica_cross_fitted_xw_xp,0.0,22,Engine,-5.0,5.530202287187633,8,prior_same_circuit_grid_movement,mechanical,,False,1486.6218714150857,0.0,0.4827002323293867,-0.284027999622169,-0.7958000170262863,-0.9823068056460766,-0.12781259982997606,-0.9947500212828579,-0.14734602084691148,9.028475361048027,0.015377278632312691,0.4586509765055118,17.240470704834646,0.0,0.0,0.0,-0.12781259982997606,-0.9947500212828579,-0.14734602084691148,-0.0029059083268821928,-0.01900068373926664,-0.0015507745495147906,-0.012095334425009641,-0.13706737363540356,-0.016252383638396945,0.4834632402603333,0.025933093609361323,0.0025827017626949885,0.017866104119432118,0.0029613178287741402,-0.00010697476899728829,-0.015390377125734418,-0.00048559083507644,-0.00010697476899728829,cross_fitted,season_grid_average,example_precomputed_capabilities,0.7526332264556647,0.0,0.0,0.0024757269936977002,0.3180481485615232,0.025933093609361323,0.4834632402603333,0.5499999999999999,0.85,0.012901551638614991,0.1406028279439886,-0.015377278632312691,,0.0,0.0,0.0,0.0,1486.6218714150857,revised_v3_parallel,prior_similar_races_current_season_only,field_centered_bounded_no_teammate_term,howdenganley,howden-ganley,brm,marlboro-brm,,brm-p153|brm-p160b|brm-p160c|brm-p180,ambiguous_chassis_constructor_fallback,constructor:brm,Engine,mechanical,17.0,17,True,,1:44.075,True,False,,,,False,0.6666666666666666,,-0.10987255382352822,0.2962052681060592,0.010520379325159984,-0.35928093397109495,0.015633342976199015,full_same_season_static_retrospective_baseline_plus_shape_distributions_v9,constructor_lineage_regulation_and_stability_shrunk,-3.7266849284513808,1482.8951864866344,1457.7017129024598,0.21501714711723954,1483.1102036337518,1483.1102036337518,8ca416052e09b97d,0.377806305929581,0.1936,0.21527138914443422,0.11775528978840846,0.0,0.13354531001589826,0.3052464228934817,0.4864864864864865,0.07472178060413355,0.0,0.36798528058877644,1.8399264029438824,0.0,0.735970561177553,0.18399264029438825,0.9199632014719412,2.9725957545623496,0.3238303605789938,-0.11115131959285429,0.2962052681060592,0.010520379325159984,-0.35928093397109495,0.015633342976199015,full_same_season_static_retrospective_baseline_plus_shape_distributions_v9,constructor_lineage_regulation_and_stability_shrunk,high,baseline_plus_shape_distributions_v9,-0.09743164192350996,0.006650150473283943,full_same_season_static_retrospective,1486.5527404034458,0.09445964307609286,22,DNF,,6105.354,59.0,,0.0,unavailable,,1.0,scheduled_distance_unavailable_assume_full,1489.1060680458465,0.02602160128380969,0.0,0.0,0.0,0.0,,0.0,,0.0,0.0,0.0,-0.006417950061948456,8.954868294782461,4,0.006417950061948456,0.0,,,all_field_expected_seconds_gap_residual_same_car_crossfit_v7_4,208,12,16.0,1.3333333333333333,32.0,8.0,37.33333333333333,12.0,384.0,96.0,1486.4441876201474,1487.1091117041938,0,1.0,14,0.10855278329844753,0.4847685201689697,0.5552283298455386,,0.0,1486.5527404034458,1486.5527404034458,1473.9548590378913,retrospective_first_five_backcast_previous_season_anchor_frozen_v7_5
walker,1972,United States Grand Prix,David Walker,Team Lotus,Team Lotus,30,0.00113667597071572,0.2947377987095813,1966-1982_3l_and_ground_effect,59,0.0,10.3,10.3,4.432,watkins_glen,0.7344028853776043,open_meteo_era5_air_temperature_track_proxy,12,1972-10-08,jolpica_cross_fitted_xw_xp,0.0,23,Engine,7.0,5.530202287187633,8,prior_same_circuit_grid_movement,mechanical,,False,1483.9251086087932,0.0,0.48006138027122275,-0.3255513151799066,0.688429534780638,-0.7569486247929504,-0.14649809183095797,0.8605369184757974,-0.11354229371894256,9.028475361048027,0.008853958288583808,0.32336827495158077,21.298951751452577,0.0,0.0,0.0,-0.14649809183095797,0.8605369184757974,-0.11354229371894256,-0.0015937502426872534,-0.0032301242259989166,-0.0010482474517678213,-0.017084961334120574,0.19469453599781164,-0.012480987673677113,0.2985989869030787,0.011496413152788106,0.006099954164336304,0.007973538266207753,0.006706876888497398,-0.00047566293200219066,-0.0023492470338736388,-0.001082585656163284,-0.00047566293200219066,cross_fitted,season_grid_average,example_precomputed_capabilities,0.7526332264556647,0.0,2.7755575615628914e-17,0.005624291232334114,0.46372757389309266,0.011496413152788106,0.2985989869030787,0.5499999999999999,0.85,0.0032296670562496944,-0.1403592989415119,-0.008853958288583808,,0.0,0.0,0.0,0.0,1483.9251086087932,revised_v3_parallel,prior_similar_races_current_season_only,field_centered_bounded_no_teammate_term,davidwalker,david-walker,lotus,john-player-team-lotus,lotus-72d,lotus-72d,exact_chassis,lotus-72d,Engine,mechanical,31.0,31,True,,1:50.600,True,False,,,,False,0.6666666666666666,,0.1483201998556807,0.939342511547266,0.010520379325159984,0.49516688290494654,0.1795916172792406,full_same_season_static_retrospective_baseline_plus_shape_distributions_v9,constructor_lineage_regulation_and_stability_shrunk,-17.12418103895577,1466.8009275698373,1424.9543522349475,-3.017159155086416,1463.783768414751,1463.783768414751,8ca416052e09b97d,0.377806305929581,0.1936,0.21527138914443422,0.11775528978840846,0.0,0.13354531001589826,0.3052464228934817,0.4864864864864865,0.07472178060413355,0.0,0.36798528058877644,1.8399264029438824,0.0,0.735970561177553,0.18399264029438825,0.9199632014719412,2.9725957545623496,0.3238303605789938,0.14888720250776355,0.939342511547266,0.010520379325159984,0.49516688290494654,0.1795916172792406,full_same_season_static_retrospective_baseline_plus_shape_distributions_v9,constructor_lineage_regulation_and_stability_shrunk,high,baseline_plus_shape_distributions_v9,1.0529713158346807,0.17795043840027552,full_same_season_static_retrospective,1381.9654622556181,-0.07771893938235593,23,DNF,,6105.354,59.0,,0.0,unavailable,,1.0,scheduled_distance_unavailable_assume_full,1428.022712842598,0.02057323646017423,0.0,0.0,0.0,0.0,,0.0,,0.0,0.0,0.0,0.010429385924102466,8.038143776589605,2,-0.010429385924102466,0.0,,,all_field_expected_seconds_gap_residual_same_car_crossfit_v7_4,208,12,16.0,1.3333333333333333,32.0,8.0,37.33333333333333,12.0,384.0,96.0,1385.3410016025518,1487.1091117041938,0,1.0,6,-3.3755393469337025,0.3848330248334534,0.34862793950327775,,0.0,1381.9654622556181,1381.9654622556181,1422.2010920795633,retrospective_first_five_backcast_previous_season_anchor_frozen_v7_5
wilson_fittipaldi,1972,United States Grand Prix,Wilson Fittipaldi,Brabham,Brabham,13,0.007573181487435762,0.5823895845378143,1966-1982_3l_and_ground_effect,59,0.0,10.3,10.3,4.432,watkins_glen,0.7344028853776043,open_meteo_era5_air_temperature_track_proxy,12,1972-10-08,jolpica_cross_fitted_xw_xp,0.0,24,Engine,-11.0,5.530202287187633,8,prior_same_circuit_grid_movement,mechanical,,False,1510.640933827114,0.0,0.5062222593401847,0.0858047144780293,0.37087429325318255,-0.3161358550973037,0.03861212151511319,0.4635928665664782,-0.04742037826459555,9.028475361048027,0.02453402518286829,0.5549221931134961,14.352334206595117,0.0,0.0,0.0,0.03861212151511319,0.4635928665664782,-0.04742037826459555,-0.0016854748487306523,-0.01597899972828659,-0.0018351205945068504,0.004354612698968455,0.0788097206887157,-0.0067544642652928215,0.5434607127451374,0.033308843010054136,0.012932867922208144,0.027437869834698217,0.015757992090000273,0.0008763799163218934,-0.01362862199616818,-0.0019487442514702358,0.0008763799163218934,cross_fitted,season_grid_average,example_precomputed_capabilities,0.7526332264556647,-3.469446951953614e-18,1.3877787807814457e-17,0.013809247838530037,0.6198705818675287,0.033308843010054136,0.5434607127451374,0.5499999999999999,0.85,0.010724777344338254,-0.06494838875403264,-0.02453402518286829,,0.0,0.0,0.0,0.0,1510.640933827114,revised_v3_parallel,prior_similar_races_current_season_only,field_centered_bounded_no_teammate_term,wilsonfittipaldi,wilson-fittipaldi,brabham,motor-racing-developments,,brabham-bt33|brabham-bt34|brabham-bt37,ambiguous_chassis_constructor_fallback,constructor:brabham,Engine,mechanical,13.0,13,True,,1:42.766,True,False,,,,False,0.6666666666666666,,0.0550965645758253,-1.3638940256123326,0.010520379325159984,0.15157168712810506,0.06728820229255987,full_same_season_static_retrospective_baseline_plus_shape_distributions_v9,constructor_lineage_regulation_and_stability_shrunk,-8.64591413411967,1501.9950196929942,1569.1697240896608,0.5814725883109177,1502.576492281305,1502.576492281305,8ca416052e09b97d,0.377806305929581,0.1936,0.21527138914443422,0.11775528978840846,0.0,0.13354531001589826,0.3052464228934817,0.4864864864864865,0.07472178060413355,0.0,0.36798528058877644,1.8399264029438824,0.0,0.735970561177553,0.18399264029438825,0.9199632014719412,2.9725957545623496,0.3238303605789938,0.050848399030771776,-1.3638940256123326,0.010520379325159984,0.15157168712810506,0.06728820229255987,full_same_season_static_retrospective_baseline_plus_shape_distributions_v9,constructor_lineage_regulation_and_stability_shrunk,high,baseline_plus_shape_distributions_v9,0.6160432034488993,0.05106702778800946,full_same_season_static_retrospective,1557.3654478005362,0.0,24,DNF,,6105.354,59.0,,0.0,unavailable,,1.0,scheduled_distance_unavailable_assume_full,1561.014254180758,0.03431206214419957,0.0,0.0,0.0,0.0,,0.0,,0.0,0.0,0.0,-0.010128854305209538,9.992231795420594,2,0.010128854305209538,0.0,,,all_field_expected_seconds_gap_residual_same_car_crossfit_v7_4,208,12,16.0,1.3333333333333333,32.0,8.0,37.33333333333333,12.0,384.0,96.0,1557.0439891194123,1485.2152772242866,0,1.0,4,0.32145868112394693,0.5534901201998355,0.5676086369663694,,0.0,1557.3654478005362,1557.3654478005362,1551.7234328718932,retrospective_first_five_backcast_previous_season_anchor_frozen_v7_5
beltoise,1972,United States Grand Prix,Jean-Pierre Beltoise,BRM,BRM,18,0.0015974546690094742,0.3463021897690073,1966-1982_3l_and_ground_effect,59,0.0,10.3,10.3,4.432,watkins_glen,0.7344028853776043,open_meteo_era5_air_temperature_track_proxy,12,1972-10-08,jolpica_cross_fitted_xw_xp,0.0,25,Ignition,-7.0,5.530202287187633,8,prior_same_circuit_grid_movement,other,0.19999999999999996,False,1487.266652770274,0.0,0.48333128899002237,-0.27410000016490904,-0.7958000170262863,-0.9823068056460766,-0.12334500007420907,-0.9947500212828579,-0.14734602084691148,9.028475361048027,0.014447392786101517,0.44439344874383335,17.668196537685,0.0,0.0,0.0,-0.12334500007420907,-0.9947500212828579,-0.14734602084691148,-0.00269709856842535,-0.01787266868323995,-0.0014583408619363485,-0.011073231151397614,-0.13342716946818958,-0.01601425997194576,0.46847064783256326,0.02436004143722226,0.0024260399822305,0.01683589637610031,0.002789412176665801,-9.410665860988847e-05,-0.0145039630524797,-0.0004574788530451895,-9.410665860988847e-05,cross_fitted,season_grid_average,example_precomputed_capabilities,0.7526332264556647,-3.469446951953614e-18,0.0,0.0023319333236206117,0.3079559872410303,0.02436004143722226,0.46847064783256326,0.5499999999999999,0.85,0.012115459462480906,0.13643746150280306,-0.014447392786101517,-0.2443934487438334,0.0,0.0,0.0,0.0,1487.266652770274,revised_v3_parallel,prior_similar_races_current_season_only,field_centered_bounded_no_teammate_term,jeanpierrebeltoise,jean-pierre-beltoise,brm,marlboro-brm,,brm-p153|brm-p160b|brm-p160c|brm-p180,ambiguous_chassis_constructor_fallback,constructor:brm,Ignition,other,18.0,18,True,,1:44.240,True,False,,,,False,0.6666666666666666,,-0.10987255382352822,0.2962052681060592,0.010520379325159984,-0.35928093397109495,0.015633342976199015,full_same_season_static_retrospective_baseline_plus_shape_distributions_v9,constructor_lineage_regulation_and_stability_shrunk,7.391818611666962,1494.658471381941,1491.1203898098458,-0.051490957381675063,1494.6069804245592,1494.6069804245592,8ca416052e09b97d,0.377806305929581,0.1936,0.21527138914443422,0.11775528978840846,0.0,0.13354531001589826,0.3052464228934817,0.4864864864864865,0.07472178060413355,0.0,0.36798528058877644,1.8399264029438824,0.0,0.735970561177553,0.18399264029438825,0.9199632014719412,2.9725957545623496,0.3238303605789938,-0.11115131959285429,0.2962052681060592,0.010520379325159984,-0.35928093397109495,0.015633342976199015,full_same_season_static_retrospective_baseline_plus_shape_distributions_v9,constructor_lineage_regulation_and_stability_shrunk,high,baseline_plus_shape_distributions_v9,-0.09743164192350996,0.006650150473283943,full_same_season_static_retrospective,1519.448185118691,0.11246819860003365,25,DNF,,6105.354,59.0,,0.0,unavailable,,1.0,scheduled_distance_unavailable_assume_full,1523.800005800468,0.029736202230139307,0.0,0.0,0.0,0.0,,0.0,,0.0,0.0,0.0,-0.0033753915502171615,9.115204460384865,4,0.0033753915502171615,0.0,0.19999999999999996,0.19999999999999996,all_field_expected_seconds_gap_residual_same_car_crossfit_v7_4,208,12,16.0,1.3333333333333333,32.0,8.0,37.33333333333333,12.0,384.0,96.0,1519.8628645275335,1488.8902888648772,0,1.0,36,-0.41467940884231147,0.5167774393217438,0.6047816177835469,-0.40478161778354693,0.0,1519.448185118691,1519.448185118691,1458.7829088946582,retrospective_first_five_backcast_previous_season_anchor_frozen_v7_5
redman,1972,United States Grand Prix,Brian Redman,BRM,BRM,24,0.0014988722635814742,0.3364984965390558,1966-1982_3l_and_ground_effect,59,0.0,10.3,10.3,4.432,watkins_glen,0.7344028853776043,open_meteo_era5_air_temperature_track_proxy,12,1972-10-08,jolpica_cross_fitted_xw_xp,0.0,26,Engine,-2.0,5.530202287187633,8,prior_same_circuit_grid_movement,mechanical,,False,1490.1120851447806,0.0,0.48611664256550946,-0.23028754987853356,-0.7958000170262863,-0.9823068056460766,-0.10362939744534011,-0.9947500212828579,-0.14734602084691148,9.028475361048027,0.009933793536517563,0.3607296289755421,20.178111130733736,0.0,0.0,0.0,-0.10362939744534011,-0.9947500212828579,-0.14734602084691148,-0.0017533383138402764,-0.012353137814014316,-0.0010068430016341745,-0.0061972041496733965,-0.11037173298336014,-0.014219445421051552,0.38034788635865485,0.01673478714478751,0.0016666335651357145,0.011729520111814667,0.0019398494754484484,-4.51655498369737e-05,-0.010108052096515927,-0.0003183814601497076,-4.51655498369737e-05,cross_fitted,season_grid_average,example_precomputed_capabilities,0.7526332264556647,-1.734723475976807e-18,-2.7755575615628914e-17,0.0016214680152987408,0.24955950380456973,0.01673478714478751,0.38034788635865485,0.5499999999999999,0.85,0.008312325521218822,0.11117012517097238,-0.009933793536517563,,0.0,0.0,0.0,0.0,1490.1120851447806,revised_v3_parallel,prior_similar_races_current_season_only,field_centered_bounded_no_teammate_term,brianredman,brian-redman,brm,marlboro-brm,,brm-p153|brm-p160b|brm-p160c|brm-p180,ambiguous_chassis_constructor_fallback,constructor:brm,Engine,mechanical,24.0,24,True,,1:44.925,True,False,,,,False,0.6666666666666666,,-0.10987255382352822,0.2962052681060592,0.010520379325159984,-0.35928093397109495,0.015633342976199015,full_same_season_static_retrospective_baseline_plus_shape_distributions_v9,constructor_lineage_regulation_and_stability_shrunk,-4.753428687502434,1485.3586564572781,1441.90917239356,-1.1988872683641059,1484.159769188914,1484.159769188914,8ca416052e09b97d,0.377806305929581,0.1936,0.21527138914443422,0.11775528978840846,0.0,0.13354531001589826,0.3052464228934817,0.4864864864864865,0.07472178060413355,0.0,0.36798528058877644,1.8399264029438824,0.0,0.735970561177553,0.18399264029438825,0.9199632014719412,2.9725957545623496,0.3238303605789938,-0.11115131959285429,0.2962052681060592,0.010520379325159984,-0.35928093397109495,0.015633342976199015,full_same_season_static_retrospective_baseline_plus_shape_distributions_v9,constructor_lineage_regulation_and_stability_shrunk,high,baseline_plus_shape_distributions_v9,-0.09743164192350996,0.006650150473283943,full_same_season_static_retrospective,1469.0141100425772,0.19244094556946967,26,DNF,,6105.354,59.0,,0.0,unavailable,,1.0,scheduled_distance_unavailable_assume_full,1490.9969758719328,0.026211539011554246,0.0,0.0,0.0,0.0,,0.0,,0.0,0.0,0.0,-0.0027985675623619305,13.389397054571214,5,0.0027985675623619305,0.0,,,all_field_expected_seconds_gap_residual_same_car_crossfit_v7_4,208,12,16.0,1.3333333333333333,32.0,8.0,37.33333333333333,12.0,384.0,96.0,1470.6516471112477,1488.5025109801286,0,1.0,6,-1.637537068670654,0.4677303131165034,0.6364875093846671,,0.0,1469.0141100425772,1469.0141100425772,1451.3140094413648,retrospective_first_five_backcast_previous_season_anchor_frozen_v7_5
reutemann,1972,United States Grand Prix,Carlos Reutemann,Brabham,Brabham,5,0.005053307565920502,0.5237246995373374,1966-1982_3l_and_ground_effect,59,0.0,10.3,10.3,4.432,watkins_glen,0.7344028853776043,open_meteo_era5_air_temperature_track_proxy,12,1972-10-08,jolpica_cross_fitted_xw_xp,0.0,27,Engine,-22.0,5.530202287187633,8,prior_same_circuit_grid_movement,mechanical,,False,1494.052504961209,0.0,0.48997494859901364,-0.16961506689792652,0.37087429325318255,-0.3161358550973037,-0.07632678010406693,0.4635928665664782,-0.04742037826459555,9.028475361048027,0.039612467645589275,0.6626504737060015,11.120485788819956,0.02,0.0,0.05880602015151773,-0.07632678010406693,0.4635928665664782,-0.04742037826459555,-0.005648478479788352,-0.025536547905490505,-0.002899022945938708,-0.01475479501197624,0.04723806203525244,-0.007112174670324101,0.6588448098530587,0.054950289844637186,0.02133562071289107,0.04168105549915416,0.02380437087784489,-0.0004693801994714482,-0.020814814985734537,-0.0029381303644252683,-0.0004693801994714482,cross_fitted,season_grid_average,example_precomputed_capabilities,0.7526332264556647,0.0,0.0,0.02086624051341962,0.6842159022060108,0.054950289844637186,0.6588448098530587,0.5499999999999999,0.85,0.018746227132169654,-0.02156542850000931,-0.039612467645589275,,0.0,0.0,0.0,0.0,1494.052504961209,revised_v3_parallel,prior_similar_races_current_season_only,field_centered_bounded_no_teammate_term,carlosreutemann,carlos-reutemann,brabham,motor-racing-developments,,brabham-bt33|brabham-bt34|brabham-bt37,ambiguous_chassis_constructor_fallback,constructor:brabham,Engine,mechanical,5.0,5,True,,1:41.692,True,False,,,,False,0.6666666666666666,,0.0550965645758253,-1.3638940256123326,0.010520379325159984,0.15157168712810506,0.06728820229255987,full_same_season_static_retrospective_baseline_plus_shape_distributions_v9,constructor_lineage_regulation_and_stability_shrunk,8.42980667582803,1502.4823116370371,1535.158373043614,2.178692793039027,1504.6610044300762,1504.6610044300762,8ca416052e09b97d,0.377806305929581,0.1936,0.21527138914443422,0.11775528978840846,0.0,0.13354531001589826,0.3052464228934817,0.4864864864864865,0.07472178060413355,0.0,0.36798528058877644,1.8399264029438824,0.0,0.735970561177553,0.18399264029438825,0.9199632014719412,2.9725957545623496,0.3238303605789938,0.050848399030771776,-1.3638940256123326,0.010520379325159984,0.15157168712810506,0.06728820229255987,full_same_season_static_retrospective_baseline_plus_shape_distributions_v9,constructor_lineage_regulation_and_stability_shrunk,high,baseline_plus_shape_distributions_v9,0.6160432034488993,0.05106702778800946,full_same_season_static_retrospective,1525.7463305656997,0.13818312217175632,27,DNF,,6105.354,59.0,,0.0,unavailable,,1.0,scheduled_distance_unavailable_assume_full,1591.341360297813,0.038557077434584516,0.0,0.0,0.0,0.0,,0.0,,0.0,0.0,0.0,-0.005865111573503484,9.183549502458444,2,0.005865111573503484,0.0,,,all_field_expected_seconds_gap_residual_same_car_crossfit_v7_4,208,12,16.0,1.3333333333333333,32.0,8.0,37.33333333333333,12.0,384.0,96.0,1523.0326380733654,1485.2152772242866,0,1.0,5,2.7136924923343932,0.5228977947598972,0.6757437169206162,,0.0,1525.7463305656997,1525.7463305656997,1495.0517339591952,retrospective_first_five_backcast_previous_season_anchor_frozen_v7_5
adamich,1972,United States Grand Prix,Andrea de Adamich,Surtees,Surtees,19,0.0010761337746724386,0.28667775039854965,1966-1982_3l_and_ground_effect,59,0.0,10.3,10.3,4.432,watkins_glen,0.7344028853776043,open_meteo_era5_air_temperature_track_proxy,12,1972-10-08,jolpica_cross_fitted_xw_xp,0.0,28,Collision,-9.0,5.530202287187633,8,prior_same_circuit_grid_movement,driver_fault,0.0,True,1480.2582998542289,0.0,0.476474818030442,-0.38201088094163105,-0.5714797716767683,-1.1569732180373742,-0.17190489642373397,-0.7143497145959604,-0.17354598270560612,9.028475361048027,0.013790121155870052,0.4352113907401465,17.943658277795606,0.0,0.0,0.0,-0.17190489642373397,-0.7143497145959604,-0.17354598270560612,-0.0028773630524907092,-0.015743390913553944,-0.0015843270658833046,-0.018384568601335145,-0.08430635740019393,-0.01941737568873473,0.45352763599368606,0.022882407620237636,0.0028827689338061352,0.015041992908515826,0.003256531127053227,-0.00020544234549646012,-0.01236466632020615,-0.0005792045387435518,-0.00020544234549646012,cross_fitted,season_grid_average,example_precomputed_capabilities,0.7526332264556647,-3.469446951953614e-18,-1.3877787807814457e-17,0.002677326588309675,0.33141933430342224,0.022882407620237636,0.45352763599368606,0.5499999999999999,0.85,0.011112794567560376,0.10379205643672423,-0.013790121155870052,-0.4352113907401465,-8.164767941063518,-2.8458902528454484,-11.010658193908966,0.0,1469.24764166032,revised_v3_parallel,prior_similar_races_current_season_only,field_centered_bounded_no_teammate_term,andreadeadamich,andrea-de-adamich,surtees,ceramica-pagnossin-team-surtees,surtees-ts9b,surtees-ts9b,exact_chassis,surtees-ts9b,Collision,driver_fault,19.0,19,True,,1:44.279,True,False,,,,True,0.6666666666666666,-0.6666666666666666,-0.09957350728666074,-0.6964060834158691,0.010465111846838647,-0.3583435729979938,0.01567526790823269,full_same_season_static_retrospective_baseline_plus_shape_distributions_v9,constructor_lineage_regulation_and_stability_shrunk,-21.723128130390922,1458.535171723838,1373.489925618504,-0.06407731919510792,1458.4710944046428,1447.4604362107339,8ca416052e09b97d,0.377806305929581,0.1936,0.21527138914443422,0.11775528978840846,0.0,0.13354531001589826,0.3052464228934817,0.4864864864864865,0.07472178060413355,0.0,0.36798528058877644,1.8399264029438824,0.0,0.735970561177553,0.18399264029438825,0.9199632014719412,2.9725957545623496,0.3238303605789938,-0.10769964804457151,-0.6964060834158691,0.010465111846838647,-0.3583435729979938,0.01567526790823269,full_same_season_static_retrospective_baseline_plus_shape_distributions_v9,constructor_lineage_regulation_and_stability_shrunk,high,baseline_plus_shape_distributions_v9,-0.062109558154520614,0.007356319364517892,full_same_season_static_retrospective,1402.3650370832545,0.02889134413652062,28,DNF,,6105.354,59.0,,0.0,unavailable,,1.0,scheduled_distance_unavailable_assume_full,1404.4014635629742,0.01878652901744649,0.0,0.0,0.0,0.0,,0.0,,0.0,0.0,0.0,-0.005713517951491121,8.256712026925891,3,0.005713517951491121,0.0,0.0,0.0,all_field_expected_seconds_gap_residual_same_car_crossfit_v7_4,208,12,16.0,1.3333333333333333,32.0,8.0,37.33333333333333,12.0,384.0,96.0,1402.1574114583434,1488.5025109801286,0,1.0,11,0.20762562491104586,0.40388903575055873,0.41074853896148844,-0.41074853896148844,-16.052341402094967,1386.3126956811595,1386.3126956811595,1430.5368955875126,retrospective_first_five_backcast_previous_season_anchor_frozen_v7_5
schenken,1972,United States Grand Prix,Tim Schenken,Surtees,Surtees,31,0.0007671396569146196,0.2388895691914575,1966-1982_3l_and_ground_effect,59,0.0,10.3,10.3,4.432,watkins_glen,0.7344028853776043,open_meteo_era5_air_temperature_track_proxy,12,1972-10-08,jolpica_cross_fitted_xw_xp,0.0,29,Suspension,2.0,5.530202287187633,8,prior_same_circuit_grid_movement,mechanical,,False,1475.5949784315465,0.0,0.47191655231573165,-0.4538142173453274,-0.5714797716767683,-1.1569732180373742,-0.20421639780539733,-0.7143497145959604,-0.17354598270560612,9.028475361048027,0.0064964378043247725,0.274485364541827,22.765439063745188,0.0,0.0,0.0,-0.20421639780539733,-0.7143497145959604,-0.17354598270560612,-0.001460697464307697,-0.0073590840967938855,-0.0007416068293610154,-0.016151991709150857,-0.0450421278285886,-0.014631495205838552,0.2858592067533637,0.010799062580032942,0.0013604863018179198,0.006937578925190622,0.0015050067611752167,-0.00012281211224757552,-0.005699904735620278,-0.0002673325716048725,-0.00012281211224757552,cross_fitted,season_grid_average,example_precomputed_capabilities,0.7526332264556647,1.734723475976807e-18,0.0,0.0012376741895703443,0.21003359200978566,0.010799062580032942,0.2858592067533637,0.5499999999999999,0.85,0.005258763614754428,0.06445177253204132,-0.0064964378043247725,,0.0,0.0,0.0,0.0,1475.5949784315465,revised_v3_parallel,prior_similar_races_current_season_only,field_centered_bounded_no_teammate_term,timschenken,tim-schenken,surtees,team-surtees,,surtees-ts14|surtees-ts9b,ambiguous_chassis_constructor_fallback,constructor:surtees,Suspension,mechanical,32.0,32,True,,1:57.674,True,False,,,,False,0.6666666666666666,,-0.40390422655507113,-0.6964060834158691,0.010465111846838647,-1.340933900148227,0.0009461853897225648,full_same_season_static_retrospective_baseline_plus_shape_distributions_v9,constructor_lineage_regulation_and_stability_shrunk,4.914402428076279,1480.5093808596228,1443.3152033122333,-2.1990617647262964,1478.3103190948964,1478.3103190948964,8ca416052e09b97d,0.377806305929581,0.1936,0.21527138914443422,0.11775528978840846,0.0,0.13354531001589826,0.3052464228934817,0.4864864864864865,0.07472178060413355,0.0,0.36798528058877644,1.8399264029438824,0.0,0.735970561177553,0.18399264029438825,0.9199632014719412,2.9725957545623496,0.3238303605789938,-0.4090817726850775,-0.6964060834158691,0.010465111846838647,-1.340933900148227,0.0009461853897225648,full_same_season_static_retrospective_baseline_plus_shape_distributions_v9,constructor_lineage_regulation_and_stability_shrunk,high,baseline_plus_shape_distributions_v9,-1.410266363716391,0.0001562470507089639,full_same_season_static_retrospective,1546.8083353713666,-0.02277156468806946,29,DNF,,6105.354,59.0,,0.0,unavailable,,1.0,scheduled_distance_unavailable_assume_full,1457.526792627671,0.023045447858807057,0.0,0.0,0.0,0.0,,0.0,,0.0,0.0,0.0,0.0,0.0,0,0.0,0.0,,,all_field_expected_seconds_gap_residual_same_car_crossfit_v7_4,208,12,16.0,1.3333333333333333,32.0,8.0,37.33333333333333,12.0,384.0,96.0,1550.5899153240914,1484.1853249422263,0,1.0,12,-3.7815799527246945,0.5433074652161471,0.42057354239375844,,0.0,1546.8083353713666,1546.8083353713666,1591.963654115423,retrospective_first_five_backcast_previous_season_anchor_frozen_v7_5
emerson_fittipaldi,1972,United States Grand Prix,Emerson Fittipaldi,Team Lotus,Team Lotus,9,0.15214848381094553,0.9024096451407656,1966-1982_3l_and_ground_effect,59,0.0,10.3,10.3,4.432,watkins_glen,0.7344028853776043,open_meteo_era5_air_temperature_track_proxy,12,1972-10-08,jolpica_cross_fitted_xw_xp,0.0,30,Suspension,-21.0,5.530202287187633,8,prior_same_circuit_grid_movement,mechanical,,False,1656.8905076706708,0.0,0.6453202293301572,2.3376776603376452,0.688429534780638,-0.7569486247929504,1.0519549471519405,0.8605369184757974,-0.11354229371894256,9.028475361048027,0.048109285153517464,0.6332407911720118,12.002776264839646,0.02,0.0,0.05880602015151773,1.0519549471519405,0.8605369184757974,-0.11354229371894256,0.03365563578177494,-0.014857498533987504,-0.006960532304501502,0.12585334042234475,0.09416187731458094,-0.014321714713924552,0.6023867657185616,0.04278236292903879,0.022700163037011837,0.06984661508013998,0.0655780966362041,0.031919804835312884,-0.015226647207815254,-0.010958128763879381,0.031919804835312884,cross_fitted,season_grid_average,example_precomputed_capabilities,0.7526332264556647,3.469446951953614e-18,2.7755575615628914e-17,0.054619967872324725,0.8080802687415628,0.04278236292903879,0.6023867657185616,0.5499999999999999,0.85,-0.0065106827188072605,-0.17483947756955098,-0.048109285153517464,,0.0,0.0,0.0,0.0,1656.8905076706708,revised_v3_parallel,prior_similar_races_current_season_only,field_centered_bounded_no_teammate_term,emersonfittipaldi,emerson-fittipaldi,lotus,john-player-team-lotus,lotus-72d,lotus-72d,exact_chassis,lotus-72d,Suspension,mechanical,9.0,9,True,,1:42.400,True,False,,,,False,0.6666666666666666,,0.1483201998556807,0.939342511547266,0.010520379325159984,0.49516688290494654,0.1795916172792406,full_same_season_static_retrospective_baseline_plus_shape_distributions_v9,constructor_lineage_regulation_and_stability_shrunk,15.149146697206938,1672.0396543678778,1619.9121569687866,0.2742766312064094,1672.3139309990843,1672.3139309990843,8ca416052e09b97d,0.377806305929581,0.1936,0.21527138914443422,0.11775528978840846,0.0,0.13354531001589826,0.3052464228934817,0.4864864864864865,0.07472178060413355,0.0,0.36798528058877644,1.8399264029438824,0.0,0.735970561177553,0.18399264029438825,0.9199632014719412,2.9725957545623496,0.3238303605789938,0.14888720250776355,0.939342511547266,0.010520379325159984,0.49516688290494654,0.1795916172792406,full_same_season_static_retrospective_baseline_plus_shape_distributions_v9,constructor_lineage_regulation_and_stability_shrunk,high,baseline_plus_shape_distributions_v9,1.0529713158346807,0.17795043840027552,full_same_season_static_retrospective,1581.3090485503467,0.19165346147632692,30,DNF,,6105.354,59.0,,0.0,unavailable,,1.0,scheduled_distance_unavailable_assume_full,1670.9761092297513,0.052374884348174035,0.0,0.0,0.0,0.0,,0.0,,0.0,0.0,0.0,-0.016925850333713206,3.2814494965137486,2,0.016925850333713206,0.0,,,all_field_expected_seconds_gap_residual_same_car_crossfit_v7_4,208,12,16.0,1.3333333333333333,32.0,8.0,37.33333333333333,12.0,384.0,96.0,1580.298806336391,1484.1853249422263,0,1.0,19,1.0102422139558294,0.576417124960677,0.8070830956120495,,0.0,1581.3090485503467,1581.3090485503467,1473.8522371912575,retrospective_first_five_backcast_previous_season_anchor_frozen_v7_5
bell,1972,United States Grand Prix,Derek Bell,Tecno,Tecno,29,2.34125607015357e-05,0.012236463639290446,1966-1982_3l_and_ground_effect,59,0.0,10.3,10.3,4.432,watkins_glen,0.7344028853776043,open_meteo_era5_air_temperature_track_proxy,12,1972-10-08,jolpica_cross_fitted_xw_xp,0.0,31,Engine,-2.0,5.530202287187633,8,prior_same_circuit_grid_movement,mechanical,,False,1501.5006191934947,0.0,0.49726989105716357,-0.05493297589028178,-2.302184847051676,-2.4781119856228973,-0.024719839150626803,-2.877731058814595,-0.3717167978434346,4.058463372892191,0.00682772737144463,0.2720063960366187,22.839808118901438,0.0,0.0,0.0,-0.024719839150626803,-2.877731058814595,-0.3717167978434346,-0.0009501592389951243,-0.00976894181771707,-0.0013054941406129411,0.0034061448078783517,-0.24321258638277035,-0.024255468812742403,0.31161568259476385,0.012238795210240941,0.0002087355286372857,0.007934263523697645,0.0002749045657799477,5.464484278519928e-06,-0.007720063510781839,-6.0704552864142074e-05,5.464484278519928e-06,cross_fitted,season_grid_average,example_precomputed_capabilities,0.7333067388135508,-1.734723475976807e-18,-5.551115123125783e-17,0.00021420001291580563,0.04755377220712943,0.012238795210240941,0.31161568259476385,0.5499999999999999,0.85,0.006613527358528824,0.22445262382948927,-0.00682772737144463,,0.0,0.0,0.0,0.0,1501.5006191934947,revised_v3_parallel,prior_similar_races_current_season_only,field_centered_bounded_no_teammate_term,derekbell,derek-bell,tecno,martini-racing,tecno-pa123-3,tecno-pa123-3,exact_chassis,tecno-pa123-3,Engine,mechanical,30.0,30,True,,1:47.023,True,False,,,,False,0.6666666666666666,,-0.5707751225490196,0.0,0.0,-1.880361513363623,0.00020259659193519472,full_same_season_static_retrospective_baseline_plus_shape_distributions_v9,constructor_lineage_regulation_and_stability_shrunk,-7.728683502062512,1493.7719356914322,1313.9669573993388,-1.560593762763067,1492.211341928669,1492.211341928669,8ca416052e09b97d,0.377806305929581,0.1936,0.21527138914443422,0.11775528978840846,0.0,0.13354531001589826,0.3052464228934817,0.4864864864864865,0.07472178060413355,0.0,0.36798528058877644,1.8399264029438824,0.0,0.735970561177553,0.18399264029438825,0.9199632014719412,2.9725957545623496,0.3238303605789938,-0.5707751225490196,0.0,0.0,-1.880361513363623,0.00020259659193519472,full_same_season_static_retrospective_baseline_plus_shape_distributions_v9,constructor_lineage_regulation_and_stability_shrunk,high,baseline_plus_shape_distributions_v9,-2.1646956004877658,1.8100260092404932e-05,full_same_season_static_retrospective,1462.0932373283201,0.0,31,DNF,,6105.354,59.0,,0.0,unavailable,,1.0,scheduled_distance_unavailable_assume_full,1320.2005440049575,0.013589404126914957,0.0,0.0,0.0,0.0,,0.0,,0.0,0.0,0.0,0.0,0.0,0,0.0,0.0,,,all_field_expected_seconds_gap_residual_same_car_crossfit_v7_4,208,12,16.0,1.3333333333333333,32.0,8.0,37.33333333333333,12.0,384.0,96.0,1464.3958784684285,1488.5025109801286,0,1.0,1,-2.3026411401082503,0.4610231496203554,0.32683551966518837,,0.0,1462.0932373283201,1462.0932373283201,1465.5544746073138,retrospective_first_five_backcast_previous_season_anchor_frozen_v7_5
