driver_id,season,event,driver,constructor,team,grid,v02_XW,v02_XP,regulation_era,race_distance_laps,wet_fraction,track_temperature,air_temperature,wind_speed,circuit_id,overtake_index,weather_source,round,date,source,observed_winner,position,status,positions_gained,overtake_proxy_raw,circuit_history_races,overtake_source,status_class,observed_performance,rating_eligible,pre_rating,season_reversion_delta,driver_expected_from_rating,driver_score_raw_revised,car_score_raw_revised,team_score_raw_revised,XdW_score_revised,XcW_score_revised,XtW_score_revised,car_effective_prior_races,XW,XP,expected_position,XW_simulated,XW_lower_95,XW_upper_95,XdW_score,XcW_score,XtW_score,XdW_probability_contribution,XcW_probability_contribution,XtW_probability_contribution,XdP_performance_contribution,XcP_performance_contribution,XtP_performance_contribution,XP_neutral_baseline,XW_neutral_baseline,XW_with_neutral_driver,XW_with_neutral_car,XW_with_neutral_team,driver_direct_uplift,car_direct_uplift,team_direct_uplift,driver_above_car_expectation,analysis_mode,neutral_reference,data_quality,model_confidence,decomposition_error,xp_decomposition_error,XW_raw_revised,XP_raw_revised,XW_neutral_revised,XP_neutral_revised,xw_calibration_shrinkage,xp_calibration_shrinkage,xw_calibration_adjustment,xp_calibration_adjustment,win_surprise,performance_surprise,raw_rating_delta,field_centering_adjustment,rating_delta,teammate_rating_delta,post_rating,model_version,car_prior_scope,rating_update_method,driver_name_key,driver_id_f1db,constructor_id_f1db,entrant_id,car_model_id,car_model_candidates,car_identity_resolution,model_entity_id,reason_retired_f1db,status_class_f1db,qualifying_position,qualifying_position_text,qualifying_eligible,qualifying_laps,qualifying_time,f1db_joined,clean_pass_proxy_eligible,clean_grid_rank,clean_finish_rank,clean_positions_gained,car_fit_eligible,field_performance,relative_performance,current_car_score_raw,constructor_prior_z_x,prior_weight_total_x,car_suitability_score_v6,expected_car_win_v6,car_model_scope_v6,car_prior_scope_v6,qualifying_rating_carried_v6,pre_qualifying_rating_v6,pre_session_strength,qualifying_delta_v6,pre_race_rating_v6,post_event_rating_v6,layout_key,straight_demand,altitude_demand,top_three_straight_share,straight_600_1000_track_share,straight_over_1000_track_share,radius_under_50_distance_share,radius_50_90_distance_share,radius_90_150_distance_share,radius_150_250_distance_share,radius_250_450_distance_share,steady_long_turn_distance_share,opposite_direction_links_per_km,same_direction_links_per_km,multi_turn_complexes_per_km,multi_apex_turns_per_km,tightening_turns_per_km,approach_severity_per_km,top_three_turning_share,current_car_score_raw_v7_6,constructor_prior_z_y,prior_weight_total_y,car_suitability_score_v7_6,expected_car_win_v7_6,car_model_scope_v7_6,car_prior_scope_v7_6,shape_topology_quality,car_suitability_model_branch_v7_6,car_suitability_score_v6_baseline,expected_car_win_v6_baseline,car_model_scope_v6_baseline,retrospective_pre_race_rating,driver_context_adjustment,result_order,finish_position_text,gap_laps,winner_race_time_seconds,winner_race_laps,cumulative_gap_share,cumulative_gap_reliability,cumulative_gap_quality,race_completion_fraction_v7_4,race_completion_reliability_v7_4,race_completion_quality_v7_4,pairwise_pre_race_strength_v7_4,field_xw_v7_4,margin_comparison_count,margin_comparison_weight,weighted_pair_gap_residual,same_car_margin_comparisons,eligible_timed_field_size,margin_race_completion_reliability,mean_pair_gap_residual_score,margin_pair_coverage,margin_field_depth_factor,raw_pairwise_margin_performance_adjustment,crossfit_car_margin_component,crossfit_car_margin_effective_rows,crossfit_car_margin_other_drivers,driver_margin_adjustment_before_centering,pairwise_margin_performance_adjustment,observed_performance_position_only,gap_adjusted_observed_performance,pairwise_margin_model,event_index,season_rounds,calendar_reference_rounds,calendar_k_multiplier,effective_race_k,effective_qualifying_k,effective_max_race_delta,effective_max_qualifying_delta,scheduled_race_k_budget,scheduled_qualifying_k_budget,retrospective_pre_qualifying_rating,retrospective_debut_anchor,inactivity_seasons,return_uncertainty_multiplier,driver_context_prior_samples,retrospective_qualifying_delta,retrospective_driver_expected_from_rating,retrospective_expected_performance,retrospective_performance_residual,retrospective_race_delta,retrospective_post_rating,retrospective_rating,debut_rating_frozen,rating_history_scope
peterson,1973,United States Grand Prix,Ronnie Peterson,Team Lotus,Team Lotus,1,0.04339162961591222,0.8180567941818416,1966-1982_3l_and_ground_effect,59,0.0,10.94,10.94,1.7879999999999998,watkins_glen,0.7342173975131748,open_meteo_era5_air_temperature_track_proxy,15,1973-10-07,jolpica_cross_fitted_xw_xp,1.0,1,Finished,0.0,5.524947010401629,8,prior_same_circuit_grid_movement,finished,1.0391234730635128,True,1552.4271158275515,0.0,0.5423463780097246,0.5081678050103423,1.2729656487661218,0.14510738731107406,0.22867551225465405,1.5912070609576523,0.02176610809666111,10.836619049116925,0.07251357272645521,0.7253326210884546,8.416019230611724,0.08,0.0048013617144565535,0.15519863828554345,0.22867551225465405,1.5912070609576523,0.02176610809666111,-0.022850389923000272,0.028680699314502796,-0.006310963099936862,0.019700864239493927,0.1416728942586999,-0.002348435535893182,0.6935275564959945,0.07275389958067238,0.11788096403283686,0.07164492483463364,0.08369910973735327,-0.04560771816059882,0.0006283210376044068,-0.011425863865115224,-0.04560771816059882,cross_fitted,season_grid_average,example_precomputed_capabilities,0.756400910094965,1.734723475976807e-18,2.7755575615628914e-17,0.07227324587223805,0.8525528794582952,0.07275389958067238,0.6935275564959945,0.49999999999999994,0.7999999999999999,0.00024032685421716826,-0.12722025836984052,0.9274864272735448,0.27466737891154536,27.203687074972894,-2.463195454961955,24.74049162001094,0.0,1577.1676074475624,revised_v3_parallel,prior_similar_races_current_season_only,field_centered_bounded_no_teammate_term,ronniepeterson,ronnie-peterson,lotus,john-player-team-lotus,,lotus-72d|lotus-72e,ambiguous_chassis_constructor_fallback,constructor:lotus,,finished,1.0,1,True,,1:39.657,True,True,1.0,1.0,0.0,True,0.6069958847736625,0.3930041152263375,0.21876100492151085,0.8684909669339622,0.04034119114978307,0.707889618592479,0.33561749082521375,full_same_season_static_retrospective_baseline_plus_shape_distributions_v9,constructor_lineage_regulation_and_stability_shrunk,39.08842669907033,1591.5155425266219,1625.9991527313432,2.0904880415108154,1593.6060305681326,1618.3465221881436,8ca416052e09b97d,0.377806305929581,0.1936,0.21527138914443422,0.11775528978840846,0.0,0.13354531001589826,0.3052464228934817,0.4864864864864865,0.07472178060413355,0.0,0.36798528058877644,1.8399264029438824,0.0,0.735970561177553,0.18399264029438825,0.9199632014719412,2.9725957545623496,0.3238303605789938,0.21665457639470792,0.8684909669339622,0.04034119114978307,0.707889618592479,0.33561749082521375,full_same_season_static_retrospective_baseline_plus_shape_distributions_v9,constructor_lineage_regulation_and_stability_shrunk,high,baseline_plus_shape_distributions_v9,1.2175134834470458,0.46620135730742107,full_same_season_static_retrospective,1571.8376366998036,0.11985256290095186,1,1,,6075.799,59.0,0.0,1.0,winner_origin,,1.0,scheduled_distance_unavailable_assume_full,1661.759691482848,0.053383381263108105,14.0,13.299999999999999,2.0453249176005937,1.0,15.0,1.0,0.1537838283910221,1.0,0.8583950752789521,0.052802912379358746,0.00967127052824287,7.324330932163248,1,0.04313164185111588,0.039123473063512784,1.0,1.0391234730635128,all_field_expected_seconds_gap_residual_same_car_crossfit_v7_4,223,15,16.0,1.0666666666666667,25.6,6.4,29.866666666666667,9.6,384.0,96.0,1569.3679832439448,1484.1853249422263,0,1.0,32,2.4696534558588006,0.5598286119409848,0.736182879826091,0.30294059323742184,7.488259087159218,1579.3258957869627,1579.3258957869627,1443.704434895771,retrospective_first_five_backcast_previous_season_anchor_frozen_v7_5
hunt,1973,United States Grand Prix,James Hunt,March,March,4,0.0032330128708809077,0.5547282861373932,1966-1982_3l_and_ground_effect,59,0.0,10.94,10.94,1.7879999999999998,watkins_glen,0.7342173975131748,open_meteo_era5_air_temperature_track_proxy,15,1973-10-07,jolpica_cross_fitted_xw_xp,0.0,2,Finished,2.0,5.524947010401629,8,prior_same_circuit_grid_movement,finished,1.0431162859922871,True,1509.6912967389842,0.0,0.5007802925558357,-0.009154806573204954,-1.1426202793007558,-0.934883160517769,-0.0041196629579422295,-1.4282753491259448,-0.14023247407766534,10.836619049116925,0.031630417235164486,0.6020774617304633,11.74390853327749,0.0,0.0,0.0,-0.0041196629579422295,-1.4282753491259448,-0.14023247407766534,-0.005947798469521896,-0.04800256058030963,-0.0033858927866236795,0.004129256568119892,-0.24166681097699383,-0.014210331264804716,0.652427038865199,0.060298543153392094,0.005922836650301519,0.045557178472295526,0.0037378421308453575,-0.002960545333364646,-0.042594887155358654,-0.0007755508139084843,-0.002960545333364646,cross_fitted,season_grid_average,example_precomputed_capabilities,0.756400910094965,-1.3877787807814457e-17,0.0,0.002962291316936873,0.40067915319152037,0.060298543153392094,0.652427038865199,0.49999999999999994,0.7999999999999999,0.028668125918227615,0.20139830853894292,-0.031630417235164486,0.36088550123249974,5.736809008541048,-2.463195454961955,3.273613553579093,0.0,1512.9649102925632,revised_v3_parallel,prior_similar_races_current_season_only,field_centered_bounded_no_teammate_term,jameshunt,james-hunt,march,hesketh-racing,march-731,march-731,exact_chassis,march-731,,finished,5.0,5,True,,1:40.520,True,True,4.0,2.0,2.0,True,0.6069958847736625,0.3559670781893005,0.026109872077830772,0.006996853165791098,0.04034119114978307,0.08367581795544568,0.056401970141883744,full_same_season_static_retrospective_baseline_plus_shape_distributions_v9,constructor_lineage_regulation_and_stability_shrunk,-1.7154595924214777,1507.9758371465628,1509.5583674615305,2.0865860526623417,1510.0624231992251,1513.3360367528041,8ca416052e09b97d,0.377806305929581,0.1936,0.21527138914443422,0.11775528978840846,0.0,0.13354531001589826,0.3052464228934817,0.4864864864864865,0.07472178060413355,0.0,0.36798528058877644,1.8399264029438824,0.0,0.735970561177553,0.18399264029438825,0.9199632014719412,2.9725957545623496,0.3238303605789938,0.02680160018845827,0.006996853165791098,0.04034119114978307,0.08367581795544568,0.056401970141883744,full_same_season_static_retrospective_baseline_plus_shape_distributions_v9,constructor_lineage_regulation_and_stability_shrunk,high,baseline_plus_shape_distributions_v9,0.23407232765078378,0.028072368476619602,full_same_season_static_retrospective,1505.0875031959372,0.23234507924644715,2,2,,6075.799,59.0,0.00010994438756120801,1.0,exact_seconds,,1.0,scheduled_distance_unavailable_assume_full,1561.586240471211,0.03631449530777482,14.0,11.299999999999999,2.5297206367193703,0.0,15.0,1.0,0.22386908289551952,1.0,0.8583950752789521,0.07686724730589178,-0.007294244511035482,1.3817585597789428,1,0.08416149181692727,0.08015332302932418,0.962962962962963,1.0431162859922871,all_field_expected_seconds_gap_residual_same_car_crossfit_v7_4,223,15,16.0,1.0666666666666667,25.6,6.4,29.866666666666667,9.6,384.0,96.0,1502.8643020250947,1486.490873775413,0,1.0,5,2.2232011708424144,0.4950035874439686,0.7389515127518342,0.3041647732404529,7.519598095236812,1512.607101291174,1512.607101291174,1477.4485085282818,retrospective_first_five_backcast_previous_season_anchor_frozen_v7_5
reutemann,1973,United States Grand Prix,Carlos Reutemann,Brabham,Brabham,2,0.008174386207197463,0.6670077296567216,1966-1982_3l_and_ground_effect,59,0.0,10.94,10.94,1.7879999999999998,watkins_glen,0.7342173975131748,open_meteo_era5_air_temperature_track_proxy,15,1973-10-07,jolpica_cross_fitted_xw_xp,0.0,3,Finished,-1.0,5.524947010401629,8,prior_same_circuit_grid_movement,finished,0.9794080780208164,True,1498.1186281831624,0.0,0.4894916064210602,-0.1492434546433697,0.5156995245508087,-1.0077474711893093,-0.06715955458951636,0.6446244056885109,-0.15116212067839638,10.836619049116925,0.044207929946484335,0.6859486000489554,9.479387798678204,0.0,0.0,0.0,-0.06715955458951636,0.6446244056885109,-0.15116212067839638,-0.017957171959412016,-0.023194476588832523,-0.007111909193881169,-0.008903130771763522,0.05790573545240302,-0.019705094090949393,0.6800890979310174,0.0683397088175472,0.04219124398910766,0.049042485254954,0.02602336801643334,-0.022115092913686178,-0.028966334179532517,-0.005947216941011857,-0.022115092913686178,cross_fitted,season_grid_average,example_precomputed_capabilities,0.756400910094965,-6.938893903907228e-18,0.0,0.020076151075421482,0.7093866085207075,0.0683397088175472,0.6800890979310174,0.49999999999999994,0.7999999999999999,0.024131778871062853,-0.023438008471752036,-0.044207929946484335,0.23997732587697052,3.258601547069845,-2.463195454961955,0.79540609210789,0.0,1498.9140342752703,revised_v3_parallel,prior_similar_races_current_season_only,field_centered_bounded_no_teammate_term,carlosreutemann,carlos-reutemann,brabham,motor-racing-developments,,brabham-bt37|brabham-bt42,ambiguous_chassis_constructor_fallback,constructor:brabham,,finished,2.0,2,True,,1:40.013,True,True,2.0,3.0,-1.0,True,0.6069958847736625,0.3189300411522634,0.0007409643384250564,0.4391971602668151,0.04034119114978307,0.014096230776801912,0.04623352891575047,full_same_season_static_retrospective_baseline_plus_shape_distributions_v9,constructor_lineage_regulation_and_stability_shrunk,25.806285263864147,1523.9249134470265,1562.3541453450448,2.712118223938304,1526.6370316709647,1527.4324377630726,8ca416052e09b97d,0.377806305929581,0.1936,0.21527138914443422,0.11775528978840846,0.0,0.13354531001589826,0.3052464228934817,0.4864864864864865,0.07472178060413355,0.0,0.36798528058877644,1.8399264029438824,0.0,0.735970561177553,0.18399264029438825,0.9199632014719412,2.9725957545623496,0.3238303605789938,-0.0009429756709541153,0.4391971602668151,0.04034119114978307,0.014096230776801912,0.04623352891575047,full_same_season_static_retrospective_baseline_plus_shape_distributions_v9,constructor_lineage_regulation_and_stability_shrunk,high,baseline_plus_shape_distributions_v9,0.12572809661449333,0.020598758737175208,full_same_season_static_retrospective,1563.8383990457353,0.1403691747281708,3,3,,6075.799,59.0,0.0037739892317043403,1.0,exact_seconds,,1.0,scheduled_distance_unavailable_assume_full,1606.8348969106498,0.04321770612723644,14.0,11.299999999999999,1.630805043390442,0.0,15.0,1.0,0.1443190303885347,1.0,0.8583950752789521,0.04955309798182065,-0.007937222900672936,6.97833781185877,3,0.05749032088249359,0.0534821520948905,0.9259259259259259,0.9794080780208164,all_field_expected_seconds_gap_residual_same_car_crossfit_v7_4,223,15,16.0,1.0666666666666667,25.6,6.4,29.866666666666667,9.6,384.0,96.0,1561.2264468829007,1485.2152772242866,0,1.0,13,2.611952162834519,0.5521201350159174,0.6976697645776916,0.28173831344312483,6.945480724425215,1570.7838797701604,1570.7838797701604,1495.0517339591952,retrospective_first_five_backcast_previous_season_anchor_frozen_v7_5
hulme,1973,United States Grand Prix,Denny Hulme,McLaren,McLaren,8,0.07009815645459509,0.8549396164300537,1966-1982_3l_and_ground_effect,59,0.0,10.94,10.94,1.7879999999999998,watkins_glen,0.7342173975131748,open_meteo_era5_air_temperature_track_proxy,15,1973-10-07,jolpica_cross_fitted_xw_xp,0.0,4,Finished,4.0,5.524947010401629,8,prior_same_circuit_grid_movement,finished,0.8765960940622892,True,1492.3335501069864,0.0,0.4838500950564115,-0.21927257219414817,1.0869580363522164,1.5772231355416346,-0.09867265748736667,1.3586975454402705,0.2365834703312452,10.836619049116925,0.03994769082659948,0.6297737860482552,10.99610777669711,0.06,0.0,0.12582799404508693,-0.09867265748736667,1.3586975454402705,0.2365834703312452,-0.023871834490073525,0.006563525286057368,0.0033169624058722496,-0.014097632050898146,0.16804894496456046,0.02263246444077932,0.5944570305773669,0.04694336422567143,0.07160566638124975,0.041483519199116914,0.032928706248834635,-0.03865364895372223,-0.008531501771589393,2.331117869288496e-05,-0.03865364895372223,cross_fitted,season_grid_average,example_precomputed_capabilities,0.756400910094965,0.0,0.0,0.03295201742752752,0.7710408079318085,0.04694336422567143,0.5944570305773669,0.49999999999999994,0.7999999999999999,0.006995673399071957,-0.14126702188355333,-0.03994769082659948,0.25911510284063366,3.7053272712930188,-2.463195454961955,1.2421318163310637,0.0,1493.5756819233175,revised_v3_parallel,prior_similar_races_current_season_only,field_centered_bounded_no_teammate_term,dennyhulme,denny-hulme,mclaren,yardley-team-mclaren,,mclaren-m19a|mclaren-m19c|mclaren-m23,ambiguous_chassis_constructor_fallback,constructor:mclaren,,finished,9.0,9,True,,1:40.907,True,True,6.0,4.0,2.0,True,0.6069958847736625,0.28189300411522633,0.07840238292419617,1.164894102135904,0.04034119114978307,0.2931895776258522,0.10262841373685203,full_same_season_static_retrospective_baseline_plus_shape_distributions_v9,constructor_lineage_regulation_and_stability_shrunk,94.07852620865187,1586.4120763156384,1635.418600893442,0.6268501231484659,1587.0389264387868,1588.2810582551178,8ca416052e09b97d,0.377806305929581,0.1936,0.21527138914443422,0.11775528978840846,0.0,0.13354531001589826,0.3052464228934817,0.4864864864864865,0.07472178060413355,0.0,0.36798528058877644,1.8399264029438824,0.0,0.735970561177553,0.18399264029438825,0.9199632014719412,2.9725957545623496,0.3238303605789938,0.07969948324168308,1.164894102135904,0.04034119114978307,0.2931895776258522,0.10262841373685203,full_same_season_static_retrospective_baseline_plus_shape_distributions_v9,constructor_lineage_regulation_and_stability_shrunk,high,baseline_plus_shape_distributions_v9,0.5368459890281032,0.06667655342479833,full_same_season_static_retrospective,1612.4820409443641,0.07888169146292658,4,4,,6075.799,59.0,0.008266567080313222,1.0,exact_seconds,,1.0,scheduled_distance_unavailable_assume_full,1678.9587336874895,0.05703411785069128,14.0,13.299999999999999,0.33527386455352864,1.0,15.0,1.0,0.025208561244626216,1.0,0.8583950752789521,0.008655561930901999,0.016940187969898574,8.644527797596636,2,-0.008284626038996575,-0.012292794826599665,0.8888888888888888,0.8765960940622892,all_field_expected_seconds_gap_residual_same_car_crossfit_v7_4,223,15,16.0,1.0666666666666667,25.6,6.4,29.866666666666667,9.6,384.0,96.0,1611.9634346833739,1481.9991428272128,0,1.0,70,0.5186062609903542,0.5985146017638087,0.7019845124074294,0.1746115816548598,4.2030363906456305,1616.6850773350097,1616.6850773350097,1455.9732072244167,retrospective_first_five_backcast_previous_season_anchor_frozen_v7_5
revson,1973,United States Grand Prix,Peter Revson,McLaren,McLaren,7,0.15521421187667103,0.9091889202854965,1966-1982_3l_and_ground_effect,59,0.0,10.94,10.94,1.7879999999999998,watkins_glen,0.7342173975131748,open_meteo_era5_air_temperature_track_proxy,15,1973-10-07,jolpica_cross_fitted_xw_xp,0.0,5,Finished,2.0,5.524947010401629,8,prior_same_circuit_grid_movement,finished,0.8730198605135192,True,1507.509780320658,0.0,0.498652334717097,-0.03556234467144744,1.0869580363522164,1.5772231355416346,-0.01600305510215135,1.3586975454402705,0.2365834703312452,10.836619049116925,0.043832414204005396,0.6446681834125644,10.593959047860762,0.0,0.0,0.0,-0.01600305510215135,1.3586975454402705,0.2365834703312452,-0.022839734211150785,0.00695885192958599,0.003594661264662117,-0.00373522480618584,0.15897689284006603,0.021941927616114333,0.6092314642825655,0.04997552471245673,0.0762308115069249,0.046917360582277,0.03762582844170297,-0.03854150781137085,-0.00922805688672295,6.347525385107938e-05,-0.03854150781137085,cross_fitted,season_grid_average,example_precomputed_capabilities,0.756400910094965,-3.469446951953614e-18,0.0,0.03768930369555405,0.78641505993256,0.04997552471245673,0.6092314642825655,0.49999999999999994,0.7999999999999999,0.006143110508451344,-0.14174687651999562,-0.043832414204005396,0.20718366843928748,2.6773280910110455,-2.463195454961955,0.2141326360490905,0.0,1507.723912956707,revised_v3_parallel,prior_similar_races_current_season_only,field_centered_bounded_no_teammate_term,peterrevson,peter-revson,mclaren,yardley-team-mclaren,,mclaren-m19a|mclaren-m19c|mclaren-m23,ambiguous_chassis_constructor_fallback,constructor:mclaren,,finished,8.0,8,True,,1:40.895,True,True,5.0,5.0,0.0,True,0.6069958847736625,0.24485596707818935,0.07840238292419617,1.164894102135904,0.04034119114978307,0.2931895776258522,0.10262841373685203,full_same_season_static_retrospective_baseline_plus_shape_distributions_v9,constructor_lineage_regulation_and_stability_shrunk,26.151411708203387,1533.6611920288613,1553.0332682582516,1.1393141052183957,1534.8005061340796,1535.0146387701286,8ca416052e09b97d,0.377806305929581,0.1936,0.21527138914443422,0.11775528978840846,0.0,0.13354531001589826,0.3052464228934817,0.4864864864864865,0.07472178060413355,0.0,0.36798528058877644,1.8399264029438824,0.0,0.735970561177553,0.18399264029438825,0.9199632014719412,2.9725957545623496,0.3238303605789938,0.07969948324168308,1.164894102135904,0.04034119114978307,0.2931895776258522,0.10262841373685203,full_same_season_static_retrospective_baseline_plus_shape_distributions_v9,constructor_lineage_regulation_and_stability_shrunk,high,baseline_plus_shape_distributions_v9,0.5368459890281032,0.06667655342479833,full_same_season_static_retrospective,1530.8244250527312,0.16354654378415928,5,5,,6075.799,59.0,0.013227396100496412,1.0,exact_seconds,,1.0,scheduled_distance_unavailable_assume_full,1595.3685701932138,0.04135316741800357,14.0,13.3,0.5298899510904332,1.0,15.0,1.0,0.03984134970604761,1.0,0.8583950752789521,0.013679847352055118,-0.011496330097215311,11.149907588270839,2,0.025176177449270427,0.021168008661667338,0.8518518518518519,0.8730198605135192,all_field_expected_seconds_gap_residual_same_car_crossfit_v7_4,223,15,16.0,1.0666666666666667,25.6,6.4,29.866666666666667,9.6,384.0,96.0,1529.5781020481834,1481.7297387229828,0,1.0,21,1.2463230045477836,0.5200946023871525,0.7107195322627604,0.1623003282507588,3.8878683035006447,1534.7122933562318,1534.7122933562318,1430.6006404773666,retrospective_first_five_backcast_previous_season_anchor_frozen_v7_5
emerson_fittipaldi,1973,United States Grand Prix,Emerson Fittipaldi,Team Lotus,Team Lotus,3,0.07837623181085308,0.8631293658381117,1966-1982_3l_and_ground_effect,59,0.0,10.94,10.94,1.7879999999999998,watkins_glen,0.7342173975131748,open_meteo_era5_air_temperature_track_proxy,15,1973-10-07,jolpica_cross_fitted_xw_xp,0.0,6,Finished,-3.0,5.524947010401629,8,prior_same_circuit_grid_movement,finished,0.7556498480583959,True,1707.6002356903061,0.0,0.684909670118833,2.3865584694925914,1.2729656487661218,0.14510738731107406,1.073951311271666,1.5912070609576523,0.02176610809666111,10.836619049116925,0.09919392733337841,0.7135516617269286,8.734105133372926,0.12,0.0299252577022837,0.21007474229771628,1.073951311271666,1.5912070609576523,0.02176610809666111,0.0438751300843708,0.03558630009213687,-0.00946025521173738,0.10658527731704684,0.13146799996454317,-0.002212851118056617,0.666383576494222,0.06419333985099326,0.10401054554789645,0.11628659261534367,0.15526677335969274,0.03018396926786711,0.017907922200419882,-0.02107225854392919,0.03018396926786711,cross_fitted,season_grid_average,example_precomputed_capabilities,0.756400910094965,0.0,0.0,0.13419451481576355,0.9022240026577554,0.06419333985099326,0.666383576494222,0.49999999999999994,0.7999999999999999,-0.035000587482385145,-0.18867234093082674,-0.09919392733337841,0.10126315308788625,-0.5579175004191295,-2.463195454961955,-3.0211129553810845,0.0,1704.579122734925,revised_v3_parallel,prior_similar_races_current_season_only,field_centered_bounded_no_teammate_term,emersonfittipaldi,emerson-fittipaldi,lotus,john-player-team-lotus,,lotus-72d|lotus-72e,ambiguous_chassis_constructor_fallback,constructor:lotus,,finished,3.0,3,True,,1:40.393,True,True,3.0,6.0,-3.0,True,0.6069958847736625,0.20781893004115237,0.21876100492151085,0.8684909669339622,0.04034119114978307,0.707889618592479,0.33561749082521375,full_same_season_static_retrospective_baseline_plus_shape_distributions_v9,constructor_lineage_regulation_and_stability_shrunk,19.039189534831365,1726.6394252251375,1656.2040377622611,1.0122124861999424,1727.6516377113376,1724.6305247559565,8ca416052e09b97d,0.377806305929581,0.1936,0.21527138914443422,0.11775528978840846,0.0,0.13354531001589826,0.3052464228934817,0.4864864864864865,0.07472178060413355,0.0,0.36798528058877644,1.8399264029438824,0.0,0.735970561177553,0.18399264029438825,0.9199632014719412,2.9725957545623496,0.3238303605789938,0.21665457639470792,0.8684909669339622,0.04034119114978307,0.707889618592479,0.33561749082521375,full_same_season_static_retrospective_baseline_plus_shape_distributions_v9,constructor_lineage_regulation_and_stability_shrunk,high,baseline_plus_shape_distributions_v9,1.2175134834470458,0.46620135730742107,full_same_season_static_retrospective,1601.3944773152446,0.14611203813168672,6,6,,6075.799,59.0,0.017766387597746403,1.0,exact_seconds,,1.0,scheduled_distance_unavailable_assume_full,1696.9505151073286,0.06112059054444922,14.0,13.299999999999999,-1.4916726491928376,1.0,15.0,1.0,-0.11215583828517577,1.0,0.8583950752789521,-0.03850960769911097,0.016647190269704955,6.394074214141765,1,-0.055156797968815924,-0.05916496675641901,0.8148148148148149,0.7556498480583959,all_field_expected_seconds_gap_residual_same_car_crossfit_v7_4,223,15,16.0,1.0666666666666667,25.6,6.4,29.866666666666667,9.6,384.0,96.0,1599.572868274863,1484.1853249422263,0,1.0,29,1.8216090403815632,0.5880537056259733,0.7889834447800872,-0.03333359672169134,-1.120360175794079,1600.2741171394505,1600.2741171394505,1473.8522371912575,retrospective_first_five_backcast_previous_season_anchor_frozen_v7_5
ickx,1973,United States Grand Prix,Jacky Ickx,Iso Marlboro,Iso Marlboro,23,0.0018486669385360617,0.47321660517389974,1966-1982_3l_and_ground_effect,59,0.0,10.94,10.94,1.7879999999999998,watkins_glen,0.7342173975131748,open_meteo_era5_air_temperature_track_proxy,15,1973-10-07,jolpica_cross_fitted_xw_xp,0.0,7,+1 Lap,16.0,5.524947010401629,8,prior_same_circuit_grid_movement,finished,0.7906765075164032,True,1600.7856926311413,0.0,0.5886504744945398,1.0935546252009305,-0.5261826754012867,-0.38049747833233494,0.49209958134041876,-0.6577283442516084,-0.057074621749850236,10.836619049116925,0.010473933852250138,0.36976380105128326,18.016377371615352,0.0,0.0,0.0,0.49209958134041876,-0.6577283442516084,-0.057074621749850236,0.0013403415595855876,-0.016246864419254405,-0.0008617413805671814,0.07902618858816893,-0.0668528809551536,-0.004033973686257297,0.36813593426193164,0.018358065972368137,0.003749206779612921,0.020810172220644498,0.0031489987533434255,-0.0011594050474807828,-0.01822037048851236,-0.0005591970212112875,-0.0011594050474807828,cross_fitted,season_grid_average,example_precomputed_capabilities,0.756400910094965,0.0,0.0,0.002589801732132138,0.3762752682086897,0.018358065972368137,0.36813593426193164,0.49999999999999994,0.7999999999999999,0.007884132120118001,-0.006511467157406414,-0.010473933852250138,0.40801397672649453,7.092877168622898,-2.463195454961955,4.629681713660943,0.0,1605.4153743448023,revised_v3_parallel,prior_similar_races_current_season_only,field_centered_bounded_no_teammate_term,jackyickx,jacky-ickx,iso-marlboro,frank-williams-racing-cars,,iso-marlboro-fx3b|iso-marlboro-ir,ambiguous_chassis_constructor_fallback,constructor:iso-marlboro,,finished,24.0,24,True,,1:43.885,True,True,14.0,7.0,7.0,True,0.6069958847736625,0.17078189300411528,-0.024636403905894187,0.0,0.0,-0.08335698175097618,0.03499718112281579,full_same_season_static_retrospective_baseline_plus_shape_distributions_v9,constructor_lineage_regulation_and_stability_shrunk,65.31189016154742,1666.0975827926886,1629.9344646793559,-2.8951294390744566,1663.2024533536141,1667.8321350672752,8ca416052e09b97d,0.377806305929581,0.1936,0.21527138914443422,0.11775528978840846,0.0,0.13354531001589826,0.3052464228934817,0.4864864864864865,0.07472178060413355,0.0,0.36798528058877644,1.8399264029438824,0.0,0.735970561177553,0.18399264029438825,0.9199632014719412,2.9725957545623496,0.3238303605789938,-0.025747639431197206,0.0,0.0,-0.08335698175097618,0.03499718112281579,full_same_season_static_retrospective_baseline_plus_shape_distributions_v9,constructor_lineage_regulation_and_stability_shrunk,high,baseline_plus_shape_distributions_v9,-0.01711146541592035,0.0136961912622936,full_same_season_static_retrospective,1633.5978987707397,0.06854262143827779,7,7,1.0,6075.799,59.0,0.01694915254237288,0.7,lap_equivalent,,1.0,scheduled_distance_unavailable_assume_full,1655.5301742486447,0.05211953359592353,11.0,9.1,0.06642097821713164,1.0,15.0,1.0,0.007299008595289191,0.7857142857142857,0.8583950752789521,0.002221485119587507,-0.014685413406640969,10.869645169424643,5,0.016906898526228474,0.012898729738625384,0.7777777777777778,0.7906765075164032,all_field_expected_seconds_gap_residual_same_car_crossfit_v7_4,223,15,16.0,1.0666666666666667,25.6,6.4,29.866666666666667,9.6,384.0,96.0,1636.603023219434,1488.8902888648772,0,1.0,46,-3.005124448694254,0.61820376927989,0.6834717134990961,0.10720479401730709,2.4774226271242807,1636.075321397864,1636.075321397864,1517.1760279169691,retrospective_first_five_backcast_previous_season_anchor_frozen_v7_5
regazzoni,1973,United States Grand Prix,Clay Regazzoni,BRM,BRM,15,0.0010797258396690564,0.38796258309033704,1966-1982_3l_and_ground_effect,59,0.0,10.94,10.94,1.7879999999999998,watkins_glen,0.7342173975131748,open_meteo_era5_air_temperature_track_proxy,15,1973-10-07,jolpica_cross_fitted_xw_xp,0.0,8,+1 Lap,7.0,5.524947010401629,8,prior_same_circuit_grid_movement,finished,0.7448614214797332,True,1414.4547218229434,0.0,0.4087076412032569,-1.1620058506056947,-0.7236518375479196,-0.6692951720181747,-0.5229026327725627,-0.9045647969348996,-0.1003942758027262,10.836619049116925,0.01602079366075885,0.4517786831914849,15.801975553829907,0.0,0.0,0.0,-0.5229026327725627,-0.9045647969348996,-0.1003942758027262,-0.00775686852973795,-0.019471450868433705,-0.0013090988738327278,-0.06540197483748306,-0.10726769644381717,-0.008929649251690855,0.48809854729808316,0.03028950279676104,0.004844649711828431,0.01617430343860148,0.002169570084128153,-0.003092565187071778,-0.014422218913844827,-0.00041748555937150007,-0.003092565187071778,cross_fitted,season_grid_average,example_precomputed_capabilities,0.756400910094965,-3.469446951953614e-18,-2.7755575615628914e-17,0.0017520845247566527,0.30649922676509206,0.03028950279676104,0.48809854729808316,0.49999999999999994,0.7999999999999999,0.014268709136002197,0.14527945642639284,-0.01602079366075885,0.2889620575492558,4.816817988028392,-2.463195454961955,2.353622533066437,0.0,1416.80834435601,revised_v3_parallel,prior_similar_races_current_season_only,field_centered_bounded_no_teammate_term,clayregazzoni,clay-regazzoni,brm,marlboro-brm,,brm-p160c|brm-p160d,ambiguous_chassis_constructor_fallback,constructor:brm,,finished,16.0,16,True,,1:42.468,True,True,9.0,8.0,1.0,True,0.6069958847736625,0.1337448559670782,-0.08402670799794777,-0.0889915290329039,0.04034119114978307,-0.2730240917225171,0.020355710573958512,full_same_season_static_retrospective_baseline_plus_shape_distributions_v9,constructor_lineage_regulation_and_stability_shrunk,68.40301127310465,1482.857733096048,1576.9993740355867,0.030686467120961142,1482.8884195631688,1485.2420420962355,8ca416052e09b97d,0.377806305929581,0.1936,0.21527138914443422,0.11775528978840846,0.0,0.13354531001589826,0.3052464228934817,0.4864864864864865,0.07472178060413355,0.0,0.36798528058877644,1.8399264029438824,0.0,0.735970561177553,0.18399264029438825,0.9199632014719412,2.9725957545623496,0.3238303605789938,-0.08662596200417469,-0.0889915290329039,0.04034119114978307,-0.2730240917225171,0.020355710573958512,full_same_season_static_retrospective_baseline_plus_shape_distributions_v9,constructor_lineage_regulation_and_stability_shrunk,high,baseline_plus_shape_distributions_v9,-0.31277464732971205,0.005884759279546839,full_same_season_static_retrospective,1598.046244047269,-0.01873017818592393,8,8,1.0,6075.799,59.0,0.01694915254237288,0.7,lap_equivalent,,1.0,scheduled_distance_unavailable_assume_full,1575.3388778185545,0.03828705082159672,11.0,7.699999999999999,0.4825160093612651,0.0,15.0,1.0,0.06266441680016431,0.7857142857142857,0.8583950752789521,0.019072188726978596,0.010943339200383,9.766797760670421,2,0.008128849526595596,0.004120680738992506,0.7407407407407407,0.7448614214797332,all_field_expected_seconds_gap_residual_same_car_crossfit_v7_4,223,15,16.0,1.0666666666666667,25.6,6.4,29.866666666666667,9.6,384.0,96.0,1598.841301373388,1484.1853249422263,0,1.0,33,-0.7950573261189334,0.5848798021877774,0.5491730427700743,0.19568837870965894,4.742602395248488,1602.7888464425175,1602.7888464425175,1616.3583490030023,retrospective_first_five_backcast_previous_season_anchor_frozen_v7_5
beltoise,1973,United States Grand Prix,Jean-Pierre Beltoise,BRM,BRM,14,0.0013262564403743859,0.4210261252902501,1966-1982_3l_and_ground_effect,59,0.0,10.94,10.94,1.7879999999999998,watkins_glen,0.7342173975131748,open_meteo_era5_air_temperature_track_proxy,15,1973-10-07,jolpica_cross_fitted_xw_xp,0.0,9,+1 Lap,5.0,5.524947010401629,8,prior_same_circuit_grid_movement,finished,0.7430728072088102,True,1476.2071263881403,0.0,0.46814298941625054,-0.41448501486306966,-0.7236518375479196,-0.6692951720181747,-0.18651825668838135,-0.9045647969348996,-0.1003942758027262,10.836619049116925,0.017273633646505807,0.47373464993565667,15.20916445173727,0.0,0.0,0.0,-0.18651825668838135,-0.9045647969348996,-0.1003942758027262,-0.00550592131733605,-0.022921361733191054,-0.0015173675458808374,-0.018786238629889557,-0.12016729860909767,-0.009558242640568915,0.5034370059115679,0.03224595894470978,0.005157574779531371,0.021900807188950377,0.002854478474572052,-0.002856266431229534,-0.01959949884064854,-0.0005531701262702152,-0.002856266431229534,cross_fitted,season_grid_average,example_precomputed_capabilities,0.756400910094965,-3.469446951953614e-18,-2.7755575615628914e-17,0.0023013083483018368,0.35492522603201176,0.03224595894470978,0.5034370059115679,0.49999999999999994,0.7999999999999999,0.01497232529820397,0.1188094239036449,-0.017273633646505807,0.22996905376804705,3.7248757603087075,-2.463195454961955,1.2616803053467525,0.0,1477.468806693487,revised_v3_parallel,prior_similar_races_current_season_only,field_centered_bounded_no_teammate_term,jeanpierrebeltoise,jean-pierre-beltoise,brm,marlboro-brm,,brm-p160c|brm-p160d,ambiguous_chassis_constructor_fallback,constructor:brm,,finished,15.0,15,True,,1:42.417,True,True,8.0,9.0,-1.0,True,0.6069958847736625,0.09670781893004121,-0.08402670799794777,-0.0889915290329039,0.04034119114978307,-0.2730240917225171,0.020355710573958512,full_same_season_static_retrospective_baseline_plus_shape_distributions_v9,constructor_lineage_regulation_and_stability_shrunk,17.83603824853273,1494.043164636673,1497.404320028851,0.19011546195443876,1494.2332800986276,1495.4949604039743,8ca416052e09b97d,0.377806305929581,0.1936,0.21527138914443422,0.11775528978840846,0.0,0.13354531001589826,0.3052464228934817,0.4864864864864865,0.07472178060413355,0.0,0.36798528058877644,1.8399264029438824,0.0,0.735970561177553,0.18399264029438825,0.9199632014719412,2.9725957545623496,0.3238303605789938,-0.08662596200417469,-0.0889915290329039,0.04034119114978307,-0.2730240917225171,0.020355710573958512,full_same_season_static_retrospective_baseline_plus_shape_distributions_v9,constructor_lineage_regulation_and_stability_shrunk,high,baseline_plus_shape_distributions_v9,-0.31277464732971205,0.005884759279546839,full_same_season_static_retrospective,1519.1736167226047,0.09710546523268296,9,9,1.0,6075.799,59.0,0.01694915254237288,0.7,lap_equivalent,,1.0,scheduled_distance_unavailable_assume_full,1517.7748215255297,0.03068308494793582,11.0,7.699999999999999,0.8802862975195485,0.0,15.0,1.0,0.11432289578175955,0.7857142857142857,0.8583950752789521,0.034794672247850655,-0.008582600044858911,11.026380771470967,2,0.043377272292709566,0.03936910350510647,0.7037037037037037,0.7430728072088102,all_field_expected_seconds_gap_residual_same_car_crossfit_v7_4,223,15,16.0,1.0666666666666667,25.6,6.4,29.866666666666667,9.6,384.0,96.0,1519.2462473666524,1488.8902888648772,0,1.0,44,-0.07263064404764537,0.5087415219793122,0.5898703233345512,0.15320248387425894,3.6549634874622483,1522.828580210067,1522.828580210067,1458.7829088946582,retrospective_first_five_backcast_previous_season_anchor_frozen_v7_5
beuttler,1973,United States Grand Prix,Mike Beuttler,March,March,26,0.00031029207050511926,0.1979220094126747,1966-1982_3l_and_ground_effect,59,0.0,10.94,10.94,1.7879999999999998,watkins_glen,0.7342173975131748,open_meteo_era5_air_temperature_track_proxy,15,1973-10-07,jolpica_cross_fitted_xw_xp,0.0,10,+1 Lap,16.0,5.524947010401629,8,prior_same_circuit_grid_movement,finished,0.7338095366679995,True,1493.3201443963812,0.0,0.4848120413391989,-0.20732972085191945,-1.1426202793007558,-0.934883160517769,-0.09329837438336375,-1.4282753491259448,-0.14023247407766534,10.836619049116925,0.007962807390661743,0.2940005769420839,20.061984422563732,0.0,0.0,0.0,-0.09329837438336375,-1.4282753491259448,-0.14023247407766534,-0.001909077873613804,-0.011761718709280918,-0.0008339749003754316,-0.00247411591747471,-0.14670549539113167,-0.010449883789952003,0.32592647596179564,0.01521519313229682,0.0014945154362376025,0.010787319839573591,0.0008958551976757918,-0.0007840937872109382,-0.010076898190546926,-0.00018543354864912747,-0.0007840937872109382,cross_fitted,season_grid_average,example_precomputed_capabilities,0.756400910094965,-1.734723475976807e-18,0.0,0.0007104216490266644,0.16629698086323724,0.01521519313229682,0.32592647596179564,0.49999999999999994,0.7999999999999999,0.007252385741635079,0.12770359607884668,-0.007962807390661743,0.3726660897245828,6.516882237666609,-2.463195454961955,4.053686782704654,0.0,1497.373831179086,revised_v3_parallel,prior_similar_races_current_season_only,field_centered_bounded_no_teammate_term,mikebeuttler,mike-beuttler,march,clarke-mordaunt-guthrie-racing,,march-721g|march-731,ambiguous_chassis_constructor_fallback,constructor:march,,finished,27.0,27,True,,1:45.032,True,True,15.0,10.0,5.0,True,0.6069958847736625,0.05967078189300423,-0.28426588633853445,0.006996853165791098,0.04034119114978307,-0.8694483359866171,0.0037035514886759077,full_same_season_static_retrospective_baseline_plus_shape_distributions_v9,constructor_lineage_regulation_and_stability_shrunk,-38.98463116150178,1454.3355132348795,1326.0482331703834,-1.8311619993245074,1452.504351235555,1456.5580380182598,8ca416052e09b97d,0.377806305929581,0.1936,0.21527138914443422,0.11775528978840846,0.0,0.13354531001589826,0.3052464228934817,0.4864864864864865,0.07472178060413355,0.0,0.36798528058877644,1.8399264029438824,0.0,0.735970561177553,0.18399264029438825,0.9199632014719412,2.9725957545623496,0.3238303605789938,-0.279479858942748,0.006996853165791098,0.04034119114978307,-0.8694483359866171,0.0037035514886759077,full_same_season_static_retrospective_baseline_plus_shape_distributions_v9,constructor_lineage_regulation_and_stability_shrunk,high,baseline_plus_shape_distributions_v9,-1.296507116576357,0.0003540566458790679,full_same_season_static_retrospective,1393.702275591923,0.014046684130934994,10,10,1.0,6075.799,59.0,0.01694915254237288,0.7,lap_equivalent,,1.0,scheduled_distance_unavailable_assume_full,1344.588318906046,0.015762119961422467,11.0,7.699999999999999,1.8457183365898402,0.0,15.0,1.0,0.23970368007660264,0.7857142857142857,0.8583950752789521,0.0729548611224014,0.0018038223334654788,0.528153429476067,1,0.07115103878893593,0.06714287000133284,0.6666666666666667,0.7338095366679995,all_field_expected_seconds_gap_residual_same_car_crossfit_v7_4,223,15,16.0,1.0666666666666667,25.6,6.4,29.866666666666667,9.6,384.0,96.0,1395.6041000493128,1487.1091117041938,0,1.0,12,-1.901824457389984,0.388050442118135,0.34665124644853057,0.38715829021946896,9.644232129899624,1403.3465077218225,1403.3465077218225,1440.2571913101892,retrospective_first_five_backcast_previous_season_anchor_frozen_v7_5
jarier,1973,United States Grand Prix,Jean-Pierre Jarier,March,March,17,0.00037990270942347764,0.22578864863927772,1966-1982_3l_and_ground_effect,59,0.0,10.94,10.94,1.7879999999999998,watkins_glen,0.7342173975131748,open_meteo_era5_air_temperature_track_proxy,15,1973-10-07,jolpica_cross_fitted_xw_xp,0.0,11,Accident,6.0,5.524947010401629,8,prior_same_circuit_grid_movement,driver_fault,0.0,True,1492.8750594961898,0.0,0.48437806617383267,-0.21271753107421212,-1.1426202793007558,-0.934883160517769,-0.09572288898339545,-1.4282753491259448,-0.14023247407766534,10.836619049116925,0.013985816250095985,0.41581492382967405,16.772997056598804,0.0,0.0,0.0,-0.09572288898339545,-1.4282753491259448,-0.14023247407766534,-0.00337216574858083,-0.02064326530436865,-0.0014639365487591329,-0.004639154071863096,-0.19104156007279882,-0.012761154691287625,0.457503297596864,0.026725500050950292,0.002625117671528668,0.018915210667153605,0.0015713699822570881,-0.0013789852222869901,-0.017669078217911926,-0.0003252375330154104,-0.0013789852222869901,cross_fitted,season_grid_average,example_precomputed_capabilities,0.756400910094965,0.0,-2.7755575615628914e-17,0.0012461324492416778,0.24906142876091442,0.026725500050950292,0.457503297596864,0.49999999999999994,0.7999999999999999,0.012739683800854308,0.16675349506875964,-0.013985816250095985,-0.41581492382967405,-7.820328218936437,-2.463195454961955,-10.283523673898392,0.0,1482.5915358222915,revised_v3_parallel,prior_similar_races_current_season_only,field_centered_bounded_no_teammate_term,jeanpierrejarier,jean-pierre-jarier,march,march-racing-team,,march-721g|march-731,ambiguous_chassis_constructor_fallback,constructor:march,Accident,driver_fault,18.0,18,True,,1:42.752,True,False,,,,True,0.6069958847736625,-0.6069958847736625,-0.28426588633853445,0.006996853165791098,0.04034119114978307,-0.8694483359866171,0.0037035514886759077,full_same_season_static_retrospective_baseline_plus_shape_distributions_v9,constructor_lineage_regulation_and_stability_shrunk,-5.234403814161212,1487.6406556820286,1357.9462881177233,-0.007223538608358766,1487.6334321434204,1477.349908469522,8ca416052e09b97d,0.377806305929581,0.1936,0.21527138914443422,0.11775528978840846,0.0,0.13354531001589826,0.3052464228934817,0.4864864864864865,0.07472178060413355,0.0,0.36798528058877644,1.8399264029438824,0.0,0.735970561177553,0.18399264029438825,0.9199632014719412,2.9725957545623496,0.3238303605789938,-0.279479858942748,0.006996853165791098,0.04034119114978307,-0.8694483359866171,0.0037035514886759077,full_same_season_static_retrospective_baseline_plus_shape_distributions_v9,constructor_lineage_regulation_and_stability_shrunk,high,baseline_plus_shape_distributions_v9,-1.296507116576357,0.0003540566458790679,full_same_season_static_retrospective,1427.5538728535212,0.0,11,11,,6075.799,59.0,,0.0,unavailable,,1.0,scheduled_distance_unavailable_assume_full,1371.8793223615562,0.017506548109144295,0.0,0.0,0.0,0.0,,0.0,,0.0,0.0,0.0,0.007486518653509395,4.664621189992653,2,-0.007486518653509395,0.0,0.0,0.0,all_field_expected_seconds_gap_residual_same_car_crossfit_v7_4,223,15,16.0,1.0666666666666667,25.6,6.4,29.866666666666667,9.6,384.0,96.0,1427.5021549966527,1487.1091117041938,0,1.0,1,0.05171785686850388,0.4199779181225444,0.36238051264709115,-0.36238051264709115,-9.543961223484315,1418.0099116300369,1418.0099116300369,1439.2478297882296,retrospective_first_five_backcast_previous_season_anchor_frozen_v7_5
ganley,1973,United States Grand Prix,Howden Ganley,Iso Marlboro,Iso Marlboro,19,0.0013459073060052072,0.42337571850595607,1966-1982_3l_and_ground_effect,59,0.0,10.94,10.94,1.7879999999999998,watkins_glen,0.7342173975131748,open_meteo_era5_air_temperature_track_proxy,15,1973-10-07,jolpica_cross_fitted_xw_xp,0.0,12,+2 Laps,7.0,5.524947010401629,8,prior_same_circuit_grid_movement,finished,0.5735824491701794,True,1497.9636537222534,0.0,0.4893404523120133,-0.15111944051554962,-0.5261826754012867,-0.38049747833233494,-0.06800374823199733,-0.6577283442516084,-0.057074621749850236,10.836619049116925,0.012945269459834005,0.4128628192546509,16.852703880124427,0.0,0.0,0.0,-0.06800374823199733,-0.6577283442516084,-0.057074621749850236,-0.0034897863811200617,-0.016871358374093134,-0.0009100249715691834,-0.0010104693002951082,-0.06651177296267222,-0.004081661033709938,0.42718359991398636,0.023580854323225195,0.004815839480627816,0.01788803382795184,0.0028039126516211503,-0.002506154884185003,-0.015578349231509027,-0.0004942280551783374,-0.002506154884185003,cross_fitted,season_grid_average,example_precomputed_capabilities,0.756400910094965,-3.469446951953614e-18,0.0,0.002309684596442813,0.3555796966173091,0.023580854323225195,0.42718359991398636,0.49999999999999994,0.7999999999999999,0.010635584863391192,0.05728312263734181,-0.012945269459834005,0.17972977333794166,2.924449453046934,-2.463195454961955,0.4612539980849788,0.0,1498.4249077203383,revised_v3_parallel,prior_similar_races_current_season_only,field_centered_bounded_no_teammate_term,howdenganley,howden-ganley,iso-marlboro,frank-williams-racing-cars,,iso-marlboro-fx3b|iso-marlboro-ir,ambiguous_chassis_constructor_fallback,constructor:iso-marlboro,,finished,20.0,20,True,,1:43.166,True,True,11.0,11.0,0.0,True,0.6069958847736625,-0.014403292181069949,-0.024636403905894187,0.0,0.0,-0.08335698175097618,0.03499718112281579,full_same_season_static_retrospective_baseline_plus_shape_distributions_v9,constructor_lineage_regulation_and_stability_shrunk,-20.668967629050407,1477.294686093203,1463.8922113805763,-0.9598564793033395,1476.3348296138995,1476.7960836119844,8ca416052e09b97d,0.377806305929581,0.1936,0.21527138914443422,0.11775528978840846,0.0,0.13354531001589826,0.3052464228934817,0.4864864864864865,0.07472178060413355,0.0,0.36798528058877644,1.8399264029438824,0.0,0.735970561177553,0.18399264029438825,0.9199632014719412,2.9725957545623496,0.3238303605789938,-0.025747639431197206,0.0,0.0,-0.08335698175097618,0.03499718112281579,full_same_season_static_retrospective_baseline_plus_shape_distributions_v9,constructor_lineage_regulation_and_stability_shrunk,high,baseline_plus_shape_distributions_v9,-0.01711146541592035,0.0136961912622936,full_same_season_static_retrospective,1469.5081035442088,0.06757591224236861,12,12,2.0,6075.799,59.0,0.03389830508474576,0.7,lap_equivalent,,1.0,scheduled_distance_unavailable_assume_full,1489.9336599936375,0.027567295744766736,12.0,9.799999999999999,-0.7809440685890541,1.0,15.0,1.0,-0.0796881702641892,0.8571428571428571,0.8583950752789521,-0.025331894397654493,-0.010329919762844407,5.831411520229229,5,-0.015001974634810086,-0.019010143422413174,0.5925925925925926,0.5735824491701794,all_field_expected_seconds_gap_residual_same_car_crossfit_v7_4,223,15,16.0,1.0666666666666667,25.6,6.4,29.866666666666667,9.6,384.0,96.0,1470.5607699206544,1487.1091117041938,0,1.0,22,-1.0526663764455833,0.46036822417218515,0.5273630588350516,0.046219390335127786,0.9161962928604905,1470.4242998370692,1470.4242998370692,1473.9548590378913,retrospective_first_five_backcast_previous_season_anchor_frozen_v7_5
hill,1973,United States Grand Prix,Graham Hill,Shadow,Shadow,18,0.0004358409364162753,0.24560731480539422,1966-1982_3l_and_ground_effect,59,0.0,10.94,10.94,1.7879999999999998,watkins_glen,0.7342173975131748,open_meteo_era5_air_temperature_track_proxy,15,1973-10-07,jolpica_cross_fitted_xw_xp,0.0,13,+2 Laps,5.0,5.524947010401629,8,prior_same_circuit_grid_movement,finished,0.5575153825743665,True,1551.1097643713233,0.0,0.5410711803779569,0.49222109542939385,-0.7467625774004705,-0.3584803290605737,0.22149949294322724,-0.9334532217505881,-0.053772049359086055,9.360399768097132,0.013706615313322464,0.4249464128647362,16.52644685265212,0.0,0.0,0.0,0.22149949294322724,-0.9334532217505881,-0.053772049359086055,-0.0008889185024221663,-0.020944891858371145,-0.0009609314239948474,0.03967951516269143,-0.12266207153969336,-0.003768761347207309,0.44229667640957804,0.025103986205716543,0.004011702746740564,0.023484878255242966,0.0027975626099838455,-0.0017024583258121802,-0.021175633834314582,-0.0004883181890554616,-0.0017024583258121802,cross_fitted,season_grid_average,example_precomputed_capabilities,0.7533981666689503,0.0,0.0,0.002309244420928384,0.3555453586853688,0.025103986205716543,0.44229667640957804,0.49999999999999994,0.7999999999999999,0.01139737089239408,0.06940105417936743,-0.013706615313322464,0.13060914269081936,2.0220058009150095,-2.463195454961955,-0.44118965404694555,0.0,1550.6685747172764,revised_v3_parallel,prior_similar_races_current_season_only,field_centered_bounded_no_teammate_term,grahamhill,graham-hill,shadow,embassy-racing,shadow-dn1,shadow-dn1,exact_chassis,shadow-dn1,,finished,19.0,19,True,,1:42.848,True,True,10.0,12.0,-2.0,True,0.6069958847736625,-0.05144032921810693,-0.13983524463141803,0.0,0.0,-0.4699587786445185,0.011596356527810695,full_same_season_static_retrospective_baseline_plus_shape_distributions_v9,constructor_lineage_regulation_and_stability_shrunk,13.100074880785817,1564.209839252109,1449.189312190217,-0.9615337309096842,1563.2483055211994,1562.8071158671526,8ca416052e09b97d,0.377806305929581,0.1936,0.21527138914443422,0.11775528978840846,0.0,0.13354531001589826,0.3052464228934817,0.4864864864864865,0.07472178060413355,0.0,0.36798528058877644,1.8399264029438824,0.0,0.735970561177553,0.18399264029438825,0.9199632014719412,2.9725957545623496,0.3238303605789938,-0.14516275572709517,0.0,0.0,-0.4699587786445185,0.011596356527810695,full_same_season_static_retrospective_baseline_plus_shape_distributions_v9,constructor_lineage_regulation_and_stability_shrunk,high,baseline_plus_shape_distributions_v9,-0.6081175955687232,0.0025307832526034464,full_same_season_static_retrospective,1486.0599311726419,0.046183036101474,13,13,2.0,6075.799,59.0,0.03389830508474576,0.7,lap_equivalent,,1.0,scheduled_distance_unavailable_assume_full,1474.2619637221562,0.02595474328496174,12.0,9.799999999999999,-0.1925347839167498,1.0,15.0,1.0,-0.01964640652211733,0.8571428571428571,0.8583950752789521,-0.006245352273263547,-0.012213348079677605,9.757454258051961,2,0.005967995806414058,0.0019598270188109683,0.5555555555555556,0.5575153825743665,all_field_expected_seconds_gap_residual_same_car_crossfit_v7_4,223,15,16.0,1.0666666666666667,25.6,6.4,29.866666666666667,9.6,384.0,96.0,1486.7860144817785,1494.4707977241642,0,1.0,96,-0.7260833091365054,0.4764576387682854,0.492297543172289,0.06521783940207748,1.4025565889744027,1487.4624877616163,1487.4624877616163,1438.3262426072108,retrospective_first_five_backcast_previous_season_anchor_frozen_v7_5
follmer,1973,United States Grand Prix,George Follmer,Shadow,Shadow,20,0.0003517386761966771,0.21498626858105196,1966-1982_3l_and_ground_effect,59,0.0,10.94,10.94,1.7879999999999998,watkins_glen,0.7342173975131748,open_meteo_era5_air_temperature_track_proxy,15,1973-10-07,jolpica_cross_fitted_xw_xp,0.0,14,+2 Laps,6.0,5.524947010401629,8,prior_same_circuit_grid_movement,finished,0.529454432755483,True,1494.1130602495284,0.0,0.4855852031404899,-0.19773137200394264,-0.7467625774004705,-0.3584803290605737,-0.0889791174017742,-0.9334532217505881,-0.053772049359086055,9.360399768097132,0.011914408856996373,0.38956292514702706,17.481801021030268,0.0,0.0,0.0,-0.0889791174017742,-0.9334532217505881,-0.053772049359086055,-0.00315558358866962,-0.01654903938455784,-0.000766829879893647,-0.003527173524238915,-0.10642224203394297,-0.0031763532707407187,0.4121880789128116,0.022150135283556926,0.003539667279512999,0.016584422434388794,0.0020319636193336676,-0.0018609848490771786,-0.014905740003952974,-0.00035328118889784723,-0.0018609848490771786,cross_fitted,season_grid_average,example_precomputed_capabilities,0.7533981666689503,0.0,0.0,0.0016786824304358204,0.299062310083889,0.022150135283556926,0.4121880789128116,0.49999999999999994,0.7999999999999999,0.010235726426560553,0.09050061506313806,-0.011914408856996373,0.12895559337149154,2.0352548681189346,-2.463195454961955,-0.4279405868430204,0.0,1493.6851196626853,revised_v3_parallel,prior_similar_races_current_season_only,field_centered_bounded_no_teammate_term,georgefollmer,george-follmer,shadow,uop-shadow-racing,shadow-dn1,shadow-dn1,exact_chassis,shadow-dn1,,finished,21.0,21,True,,1:43.387,True,True,12.0,13.0,-1.0,True,0.6069958847736625,-0.08847736625514391,-0.13983524463141803,0.0,0.0,-0.4699587786445185,0.011596356527810695,full_same_season_static_retrospective_baseline_plus_shape_distributions_v9,constructor_lineage_regulation_and_stability_shrunk,-13.460118275763636,1480.6529419737649,1412.447748672195,-0.9364204829515997,1479.7165214908132,1479.2885809039701,8ca416052e09b97d,0.377806305929581,0.1936,0.21527138914443422,0.11775528978840846,0.0,0.13354531001589826,0.3052464228934817,0.4864864864864865,0.07472178060413355,0.0,0.36798528058877644,1.8399264029438824,0.0,0.735970561177553,0.18399264029438825,0.9199632014719412,2.9725957545623496,0.3238303605789938,-0.14516275572709517,0.0,0.0,-0.4699587786445185,0.011596356527810695,full_same_season_static_retrospective_baseline_plus_shape_distributions_v9,constructor_lineage_regulation_and_stability_shrunk,high,baseline_plus_shape_distributions_v9,-0.6081175955687232,0.0025307832526034464,full_same_season_static_retrospective,1449.065782009369,-0.004904619023893584,14,14,2.0,6075.799,59.0,0.03389830508474576,0.7,lap_equivalent,,1.0,scheduled_distance_unavailable_assume_full,1431.6217832572204,0.02202886600290911,12.0,9.799999999999999,0.11856265736468505,1.0,15.0,1.0,0.01209823034333521,0.8571428571428571,0.8583950752789521,0.003845879412713669,-0.011098203611853751,9.571109125654242,2,0.01494408302456742,0.01093591423696433,0.5185185185185186,0.529454432755483,all_field_expected_seconds_gap_residual_same_car_crossfit_v7_4,223,15,16.0,1.0666666666666667,25.6,6.4,29.866666666666667,9.6,384.0,96.0,1450.0444509637566,1486.490873775413,0,1.0,8,-0.9786689543875323,0.4405999846307997,0.4063895960660818,0.12306483668940116,2.883439719529889,1451.949221728899,1451.949221728899,1473.257609646215,retrospective_first_five_backcast_previous_season_anchor_frozen_v7_5
oliver,1973,United States Grand Prix,Jackie Oliver,Shadow,Shadow,22,0.0001901128123488563,0.13815528602937835,1966-1982_3l_and_ground_effect,59,0.0,10.94,10.94,1.7879999999999998,watkins_glen,0.7342173975131748,open_meteo_era5_air_temperature_track_proxy,15,1973-10-07,jolpica_cross_fitted_xw_xp,0.0,15,+4 Laps,7.0,5.524947010401629,8,prior_same_circuit_grid_movement,finished,0.3803184592255803,True,1447.9599297660495,0.0,0.44076914191439714,-0.7564209795434147,-0.7467625774004705,-0.3584803290605737,-0.34038944079453665,-0.9334532217505881,-0.053772049359086055,9.360399768097132,0.01040498250282066,0.35644194854530825,18.376067389276677,0.02,0.0,0.05880602015151773,-0.34038944079453665,-0.9334532217505881,-0.053772049359086055,-0.004170586325391825,-0.013477846477092704,-0.0006292983895521344,-0.036137851475236245,-0.09217871351783422,-0.0026846919173104757,0.38264219992738446,0.01954384809883899,0.003123173684748882,0.012218379254296318,0.0015315374927485671,-0.0018570567779465546,-0.010952262347493991,-0.0002654205859462396,-0.0018570567779465546,cross_fitted,season_grid_average,example_precomputed_capabilities,0.7533981666689503,0.0,0.0,0.0012661169068023275,0.2516409430170035,0.01954384809883899,0.38264219992738446,0.49999999999999994,0.7999999999999999,0.009138865596018333,0.10480100552830474,-0.01040498250282066,0.12503953293617326,2.000992012783423,-2.463195454961955,-0.46220344217853215,0.0,1447.497726323871,revised_v3_parallel,prior_similar_races_current_season_only,field_centered_bounded_no_teammate_term,jackieoliver,jackie-oliver,shadow,uop-shadow-racing,shadow-dn1,shadow-dn1,exact_chassis,shadow-dn1,,finished,23.0,23,True,,1:43.650,True,True,13.0,14.0,-1.0,True,0.6069958847736625,-0.125514403292181,-0.13983524463141803,0.0,0.0,-0.4699587786445185,0.011596356527810695,full_same_season_static_retrospective_baseline_plus_shape_distributions_v9,constructor_lineage_regulation_and_stability_shrunk,-18.80541322885834,1429.1545165371913,1391.232938709497,-1.1000373059517736,1428.0544792312396,1427.592275789061,8ca416052e09b97d,0.377806305929581,0.1936,0.21527138914443422,0.11775528978840846,0.0,0.13354531001589826,0.3052464228934817,0.4864864864864865,0.07472178060413355,0.0,0.36798528058877644,1.8399264029438824,0.0,0.735970561177553,0.18399264029438825,0.9199632014719412,2.9725957545623496,0.3238303605789938,-0.14516275572709517,0.0,0.0,-0.4699587786445185,0.011596356527810695,full_same_season_static_retrospective_baseline_plus_shape_distributions_v9,constructor_lineage_regulation_and_stability_shrunk,high,baseline_plus_shape_distributions_v9,-0.6081175955687232,0.0025307832526034464,full_same_season_static_retrospective,1427.5027380096421,0.056292767374983024,15,15,4.0,6075.799,59.0,0.06779661016949153,0.7,lap_equivalent,,1.0,scheduled_distance_unavailable_assume_full,1399.899149361148,0.019498617273239566,13.0,11.899999999999999,-4.188823537731979,2.0,15.0,1.0,-0.35200197796067056,0.9285714285714286,0.8583950752789521,-0.1164662174591293,-0.01931136399083115,10.749558971778113,2,-0.09715485346829815,-0.10116302225590124,0.4814814814814815,0.3803184592255803,all_field_expected_seconds_gap_residual_same_car_crossfit_v7_4,223,15,16.0,1.0666666666666667,25.6,6.4,29.866666666666667,9.6,384.0,96.0,1428.8296410010585,1488.8902888648772,0,1.0,20,-1.3269029914162487,0.4199291684073177,0.4476229985090037,-0.06730453928342345,-1.990016305374421,1425.5127217042677,1425.5127217042677,1455.3833024086894,retrospective_first_five_backcast_previous_season_anchor_frozen_v7_5
merzario,1973,United States Grand Prix,Arturo Merzario,Ferrari,Ferrari,11,0.015290731258093052,0.7289569180249688,1966-1982_3l_and_ground_effect,59,0.0,10.94,10.94,1.7879999999999998,watkins_glen,0.7342173975131748,open_meteo_era5_air_temperature_track_proxy,15,1973-10-07,jolpica_cross_fitted_xw_xp,0.0,16,+4 Laps,-5.0,5.524947010401629,8,prior_same_circuit_grid_movement,finished,0.3057212896165502,True,1507.314311705491,0.0,0.49846165961048955,-0.03792851751280988,-0.13414582212443518,0.7408586963208651,-0.017067832880764446,-0.16768227765554397,0.11112880444812977,9.364870386441327,0.02282322720564933,0.5486129801271998,13.187449536565605,0.0,0.0,0.0,-0.017067832880764446,-0.16768227765554397,0.11112880444812977,-0.006588243805861822,-0.026046213579130627,0.0004674477801567548,0.0033565506508438365,-0.020688838928054787,0.013834524834003546,0.5493125328158412,0.03890673200806718,0.013607481903961067,0.033856028084302346,0.0074281490113777505,-0.006867759500729585,-0.027116305681070863,-0.0006884266081462684,-0.006867759500729585,cross_fitted,season_grid_average,example_precomputed_capabilities,0.7534082179997171,-6.938893903907228e-18,2.168404344971009e-18,0.006739722403231482,0.5458147693726338,0.03890673200806718,0.5493125328158412,0.49999999999999994,0.7999999999999999,0.016083504802417846,0.0027982107545659884,-0.02282322720564933,-0.10416853568275541,-2.422791095225181,-2.4631954549619546,-4.885986550187136,0.0,1502.4283251553038,revised_v3_parallel,prior_similar_races_current_season_only,field_centered_bounded_no_teammate_term,arturomerzario,arturo-merzario,ferrari,scuderia-ferrari-spa-sefac,,ferrari-312b2|ferrari-312b3,ambiguous_chassis_constructor_fallback,constructor:ferrari,,finished,12.0,12,True,,1:41.455,True,True,7.0,15.0,-8.0,True,0.6069958847736625,-0.1625514403292181,0.008841052886227876,0.5825068542881559,0.04034119114978307,0.04426477604715315,0.05039546105588131,full_same_season_static_retrospective_baseline_plus_shape_distributions_v9,constructor_lineage_regulation_and_stability_shrunk,-2.8112743667967006,1504.5030373386944,1506.1806229130964,0.5790862538111415,1505.0821235925055,1500.1961370423182,8ca416052e09b97d,0.377806305929581,0.1936,0.21527138914443422,0.11775528978840846,0.0,0.13354531001589826,0.3052464228934817,0.4864864864864865,0.07472178060413355,0.0,0.36798528058877644,1.8399264029438824,0.0,0.735970561177553,0.18399264029438825,0.9199632014719412,2.9725957545623496,0.3238303605789938,0.006965782322816428,0.5825068542881559,0.04034119114978307,0.04426477604715315,0.05039546105588131,full_same_season_static_retrospective_baseline_plus_shape_distributions_v9,constructor_lineage_regulation_and_stability_shrunk,high,baseline_plus_shape_distributions_v9,0.171229779280347,0.023458563890664166,full_same_season_static_retrospective,1503.2240966427992,0.10791017967006168,16,16,4.0,6075.799,59.0,0.06779661016949153,0.7,lap_equivalent,,1.0,scheduled_distance_unavailable_assume_full,1556.410318444059,0.03559871668112307,13.0,9.1,-3.810543652976218,0.0,15.0,1.0,-0.4187410607666174,0.9285714285714286,0.8583950752789521,-0.1385480494310187,-0.003833063390727551,4.933525368269916,1,-0.13471498604029114,-0.13872315482789424,0.4444444444444444,0.3057212896165502,all_field_expected_seconds_gap_residual_same_car_crossfit_v7_4,223,15,16.0,1.0666666666666667,25.6,6.4,29.866666666666667,9.6,384.0,96.0,1502.639440829324,1485.2152772242866,0,1.0,8,0.5846558134752184,0.4931861984918598,0.6097119303430014,-0.3039906407264512,-8.049180502315933,1495.1749161404832,1495.1749161404832,1491.5493614672746,retrospective_first_five_backcast_previous_season_anchor_frozen_v7_5
wilson_fittipaldi,1973,United States Grand Prix,Wilson Fittipaldi,Brabham,Brabham,25,0.0010336695183992338,0.38092381660882746,1966-1982_3l_and_ground_effect,59,0.0,10.94,10.94,1.7879999999999998,watkins_glen,0.7342173975131748,open_meteo_era5_air_temperature_track_proxy,15,1973-10-07,jolpica_cross_fitted_xw_xp,0.0,17,Not classified,8.0,5.524947010401629,8,prior_same_circuit_grid_movement,other,0.40740740740740744,False,1479.4652329941018,0.0,0.4713132230433136,-0.3750452134468256,0.5156995245508087,-1.0077474711893093,-0.16877034605107152,0.6446244056885109,-0.15116212067839638,10.836619049116925,0.010297624654943886,0.366194819644443,18.112739869600038,0.02,0.0,0.05880602015151773,-0.16877034605107152,0.6446244056885109,-0.15116212067839638,-0.004902280182904756,-0.005270367316951293,-0.0016280455318609403,-0.015623135047777882,0.1642302927982604,-0.016429593302353836,0.33975930675481725,0.01619797117080238,0.01000022630503774,0.010812362937583763,0.005695520945552305,-0.00560294816595235,-0.006415084798498372,-0.0012982428064669139,-0.00560294816595235,cross_fitted,season_grid_average,example_precomputed_capabilities,0.756400910094965,-1.734723475976807e-18,0.0,0.004397278139085391,0.4719368712029459,0.01619797117080238,0.33975930675481725,0.49999999999999994,0.7999999999999999,0.005900346515858495,-0.10574205155850291,-0.010297624654943886,0.04121258776296444,0.0,0.0,0.0,0.0,1479.4652329941018,revised_v3_parallel,prior_similar_races_current_season_only,field_centered_bounded_no_teammate_term,wilsonfittipaldi,wilson-fittipaldi,brabham,motor-racing-developments,,brabham-bt37|brabham-bt42,ambiguous_chassis_constructor_fallback,constructor:brabham,,finished,26.0,26,True,,1:44.478,True,False,,,,False,0.6069958847736625,,0.0007409643384250564,0.4391971602668151,0.04034119114978307,0.014096230776801912,0.04623352891575047,full_same_season_static_retrospective_baseline_plus_shape_distributions_v9,constructor_lineage_regulation_and_stability_shrunk,-11.620398213344421,1467.8448347807573,1513.737594322024,-2.3043305518862365,1465.540504228871,1465.540504228871,8ca416052e09b97d,0.377806305929581,0.1936,0.21527138914443422,0.11775528978840846,0.0,0.13354531001589826,0.3052464228934817,0.4864864864864865,0.07472178060413355,0.0,0.36798528058877644,1.8399264029438824,0.0,0.735970561177553,0.18399264029438825,0.9199632014719412,2.9725957545623496,0.3238303605789938,-0.0009429756709541153,0.4391971602668151,0.04034119114978307,0.014096230776801912,0.04623352891575047,full_same_season_static_retrospective_baseline_plus_shape_distributions_v9,constructor_lineage_regulation_and_stability_shrunk,high,baseline_plus_shape_distributions_v9,0.12572809661449333,0.020598758737175208,full_same_season_static_retrospective,1509.8296950278989,-0.01466328681832782,17,NC,7.0,6075.799,59.0,0.11864406779661017,0.7,lap_equivalent,,1.0,scheduled_distance_unavailable_assume_full,1507.8834332011459,0.029537709128994616,0.0,0.0,0.0,0.0,,0.0,,0.0,0.0,0.0,0.010718891770385156,10.921486313798678,3,-0.010718891770385156,0.0,0.40740740740740744,0.40740740740740744,all_field_expected_seconds_gap_residual_same_car_crossfit_v7_4,223,15,16.0,1.0666666666666667,25.6,6.4,29.866666666666667,9.6,384.0,96.0,1512.60989585988,1485.2152772242866,0,1.0,11,-2.7802008319810567,0.4996289547532571,0.49115381965602534,-0.0837464122486179,0.0,1509.8296950278989,1509.8296950278989,1551.7234328718932,retrospective_first_five_backcast_previous_season_anchor_frozen_v7_5
scheckter,1973,United States Grand Prix,Jody Scheckter,McLaren,McLaren,10,0.0022547935386609077,0.503252607656444,1966-1982_3l_and_ground_effect,59,0.0,10.94,10.94,1.7879999999999998,watkins_glen,0.7342173975131748,open_meteo_era5_air_temperature_track_proxy,15,1973-10-07,jolpica_cross_fitted_xw_xp,0.0,18,Suspension,-8.0,5.524947010401629,8,prior_same_circuit_grid_movement,mechanical,,False,1452.8854548083664,0.0,0.4455245725380925,-0.6967968625227308,1.0869580363522164,1.5772231355416346,-0.31355858813522886,1.3586975454402705,0.2365834703312452,10.836619049116925,0.03277438012756902,0.5982129356178649,11.848250738317647,0.04,0.0,0.09431711332536,-0.31355858813522886,1.3586975454402705,0.2365834703312452,-0.025995364690540375,0.005895902010270716,0.002808640429014276,-0.043046983471654345,0.18767282404873925,0.02406710319422102,0.5644743468636038,0.041419791253196704,0.06318021307121154,0.031276073652472036,0.02417326804941519,-0.03905124406927021,-0.0071471046505307105,-4.429904747386276e-05,-0.03905124406927021,cross_fitted,season_grid_average,example_precomputed_capabilities,0.756400910094965,3.469446951953614e-18,2.7755575615628914e-17,0.024128969001941326,0.7331672906349097,0.041419791253196704,0.5644743468636038,0.49999999999999994,0.7999999999999999,0.008645411125627691,-0.13495435501704478,-0.03277438012756902,,0.0,0.0,0.0,0.0,1452.8854548083664,revised_v3_parallel,prior_similar_races_current_season_only,field_centered_bounded_no_teammate_term,jodyscheckter,jody-scheckter,mclaren,yardley-team-mclaren,,mclaren-m19a|mclaren-m19c|mclaren-m23,ambiguous_chassis_constructor_fallback,constructor:mclaren,Suspension,mechanical,11.0,11,True,,1:41.321,True,False,,,,False,0.6069958847736625,,0.07840238292419617,1.164894102135904,0.04034119114978307,0.2931895776258522,0.10262841373685203,full_same_season_static_retrospective_baseline_plus_shape_distributions_v9,constructor_lineage_regulation_and_stability_shrunk,10.626326126967687,1463.5117809353342,1435.0053085470777,0.8677169610869312,1464.379497896421,1464.379497896421,8ca416052e09b97d,0.377806305929581,0.1936,0.21527138914443422,0.11775528978840846,0.0,0.13354531001589826,0.3052464228934817,0.4864864864864865,0.07472178060413355,0.0,0.36798528058877644,1.8399264029438824,0.0,0.735970561177553,0.18399264029438825,0.9199632014719412,2.9725957545623496,0.3238303605789938,0.07969948324168308,1.164894102135904,0.04034119114978307,0.2931895776258522,0.10262841373685203,full_same_season_static_retrospective_baseline_plus_shape_distributions_v9,constructor_lineage_regulation_and_stability_shrunk,high,baseline_plus_shape_distributions_v9,0.5368459890281032,0.06667655342479833,full_same_season_static_retrospective,1412.8063061798505,0.0,18,DNF,,6075.799,59.0,,0.0,unavailable,,1.0,scheduled_distance_unavailable_assume_full,1447.0070829739163,0.023371747334802885,0.0,0.0,0.0,0.0,,0.0,,0.0,0.0,0.0,0.0014729433742199237,19.13470472078074,3,-0.0014729433742199237,0.0,,,all_field_expected_seconds_gap_residual_same_car_crossfit_v7_4,223,15,16.0,1.0666666666666667,25.6,6.4,29.866666666666667,9.6,384.0,96.0,1411.5501423370094,1485.2152772242866,0,1.0,4,1.2561638428409618,0.4059794539988213,0.4345638694543106,,0.0,1412.8063061798505,1412.8063061798505,1425.3139198405268,retrospective_first_five_backcast_previous_season_anchor_frozen_v7_5
mass,1973,United States Grand Prix,Jochen Mass,Surtees,Surtees,16,0.0008330867513916779,0.3461225664320598,1966-1982_3l_and_ground_effect,59,0.0,10.94,10.94,1.7879999999999998,watkins_glen,0.7342173975131748,open_meteo_era5_air_temperature_track_proxy,15,1973-10-07,jolpica_cross_fitted_xw_xp,0.0,19,Engine,-3.0,5.524947010401629,8,prior_same_circuit_grid_movement,mechanical,,False,1495.7279630479425,0.0,0.48716001095962713,-0.17818276498186197,-0.6677275327105754,-0.41645402799217307,-0.0801822442418379,-0.8346594158882192,-0.06246810419882596,10.836619049116925,0.015403848766243821,0.45005415477048005,15.848537821197038,0.02,0.0,0.05880602015151773,-0.0801822442418379,-0.8346594158882192,-0.06246810419882596,-0.0040820784779412155,-0.020927400695499764,-0.0010863243652039433,-0.0033160089439743337,-0.10536306408235402,-0.004944689290641605,0.47277890723387406,0.028451750535566284,0.0049442961599910065,0.021326705297878296,0.002866247223823799,-0.0025883491630696483,-0.018970758300956937,-0.0005103002269024408,-0.0025883491630696483,cross_fitted,season_grid_average,example_precomputed_capabilities,0.756400910094965,0.0,-1.3877787807814457e-17,0.0023559469969213582,0.3591551449169041,0.028451750535566284,0.47277890723387406,0.49999999999999994,0.7999999999999999,0.013047901769322464,0.09089900985357596,-0.015403848766243821,,0.0,0.0,0.0,0.0,1495.7279630479425,revised_v3_parallel,prior_similar_races_current_season_only,field_centered_bounded_no_teammate_term,jochenmass,jochen-mass,surtees,team-surtees,,surtees-ts14a|surtees-ts9b,ambiguous_chassis_constructor_fallback,constructor:surtees,Engine,mechanical,17.0,17,True,,1:42.517,True,False,,,,False,0.6069958847736625,,-0.19690530674512371,-0.22498378297553914,0.04034119114978307,-0.6214782183314214,0.007521595413610998,full_same_season_static_retrospective_baseline_plus_shape_distributions_v9,constructor_lineage_regulation_and_stability_shrunk,0.3638414037016877,1496.091804451644,1378.9497668475144,-0.014957353982775186,1496.0768470976614,1496.0768470976614,8ca416052e09b97d,0.377806305929581,0.1936,0.21527138914443422,0.11775528978840846,0.0,0.13354531001589826,0.3052464228934817,0.4864864864864865,0.07472178060413355,0.0,0.36798528058877644,1.8399264029438824,0.0,0.735970561177553,0.18399264029438825,0.9199632014719412,2.9725957545623496,0.3238303605789938,-0.19690530674512371,-0.22498378297553914,0.04034119114978307,-0.6214782183314214,0.007521595413610998,full_same_season_static_retrospective_baseline_plus_shape_distributions_v9,constructor_lineage_regulation_and_stability_shrunk,high,baseline_plus_shape_distributions_v9,-0.8746947718520767,0.001181612186502133,full_same_season_static_retrospective,1428.8353432066217,0.0,19,DNF,,6075.799,59.0,,0.0,unavailable,,1.0,scheduled_distance_unavailable_assume_full,1390.8077996975403,0.0188285968754479,0.0,0.0,0.0,0.0,,0.0,,0.0,0.0,0.0,-0.011568839902783474,0.770462164937404,1,0.011568839902783474,0.0,,,all_field_expected_seconds_gap_residual_same_car_crossfit_v7_4,223,15,16.0,1.0666666666666667,25.6,6.4,29.866666666666667,9.6,384.0,96.0,1428.6680243140281,1486.490873775413,0,1.0,2,0.1673188925935238,0.4212000699346877,0.3814559521258617,,0.0,1428.8353432066217,1428.8353432066217,1424.947396560006,retrospective_first_five_backcast_previous_season_anchor_frozen_v7_5
lauda,1973,United States Grand Prix,Niki Lauda,BRM,BRM,21,0.0004170953873391587,0.2391905998558841,1966-1982_3l_and_ground_effect,59,0.0,10.94,10.94,1.7879999999999998,watkins_glen,0.7342173975131748,open_meteo_era5_air_temperature_track_proxy,15,1973-10-07,jolpica_cross_fitted_xw_xp,0.0,20,Fuel pump,1.0,5.524947010401629,8,prior_same_circuit_grid_movement,mechanical,,False,1480.5970813857095,0.0,0.4724149849659489,-0.3613440424303144,-0.7236518375479196,-0.6692951720181747,-0.1626048190936415,-0.9045647969348996,-0.1003942758027262,10.836619049116925,0.011156724664954393,0.37398649754265934,17.902364566348197,0.0,0.0,0.0,-0.1626048190936415,-0.9045647969348996,-0.1003942758027262,-0.003409481600397447,-0.014903997402459068,-0.0009855159285645288,-0.013217370713960813,-0.09521963854704962,-0.008297707844036134,0.3973334409636686,0.020806222130664916,0.003327847892582208,0.014374854746804572,0.0018697468674896156,-0.0018206206933383353,-0.0128676275475607,-0.000362519668245743,-0.0018206206933383353,cross_fitted,season_grid_average,example_precomputed_capabilities,0.756400910094965,0.0,0.0,0.0015072271992438726,0.28059872385862206,0.020806222130664916,0.3973334409636686,0.49999999999999994,0.7999999999999999,0.00964949746571052,0.09338777368403728,-0.011156724664954393,,0.0,0.0,0.0,0.0,1480.5970813857095,revised_v3_parallel,prior_similar_races_current_season_only,field_centered_bounded_no_teammate_term,nikilauda,niki-lauda,brm,marlboro-brm,,brm-p160c|brm-p160d,ambiguous_chassis_constructor_fallback,constructor:brm,Fuel pump,mechanical,22.0,22,True,,1:43.543,True,False,,,,False,0.6069958847736625,,-0.08402670799794777,-0.0889915290329039,0.04034119114978307,-0.2730240917225171,0.020355710573958512,full_same_season_static_retrospective_baseline_plus_shape_distributions_v9,constructor_lineage_regulation_and_stability_shrunk,-17.923208212557938,1462.6738731731516,1425.7357283827846,-1.1899880538067773,1461.483885119345,1461.483885119345,8ca416052e09b97d,0.377806305929581,0.1936,0.21527138914443422,0.11775528978840846,0.0,0.13354531001589826,0.3052464228934817,0.4864864864864865,0.07472178060413355,0.0,0.36798528058877644,1.8399264029438824,0.0,0.735970561177553,0.18399264029438825,0.9199632014719412,2.9725957545623496,0.3238303605789938,-0.08662596200417469,-0.0889915290329039,0.04034119114978307,-0.2730240917225171,0.020355710573958512,full_same_season_static_retrospective_baseline_plus_shape_distributions_v9,constructor_lineage_regulation_and_stability_shrunk,high,baseline_plus_shape_distributions_v9,-0.31277464732971205,0.005884759279546839,full_same_season_static_retrospective,1446.2822985511514,-0.01826371259755175,20,DNF,,6075.799,59.0,,0.0,unavailable,,1.0,scheduled_distance_unavailable_assume_full,1436.9807420941902,0.022487622899604306,0.0,0.0,0.0,0.0,,0.0,,0.0,0.0,0.0,0.008985690217196356,13.23246630417471,2,-0.008985690217196356,0.0,,,all_field_expected_seconds_gap_residual_same_car_crossfit_v7_4,223,15,16.0,1.0666666666666667,25.6,6.4,29.866666666666667,9.6,384.0,96.0,1447.5776557205859,1487.1091117041938,0,1.0,15,-1.2953571694346024,0.437919912540422,0.405168061333076,,0.0,1446.2822985511514,1446.2822985511514,1492.3709337177127,retrospective_first_five_backcast_previous_season_anchor_frozen_v7_5
hailwood,1973,United States Grand Prix,Mike Hailwood,Surtees,Surtees,6,0.001606189791881898,0.4513708890392159,1966-1982_3l_and_ground_effect,59,0.0,10.94,10.94,1.7879999999999998,watkins_glen,0.7342173975131748,open_meteo_era5_air_temperature_track_proxy,15,1973-10-07,jolpica_cross_fitted_xw_xp,0.0,21,Suspension,-15.0,5.524947010401629,8,prior_same_circuit_grid_movement,mechanical,,False,1451.1175459248495,0.0,0.44381669456216194,-0.7181976279735409,-0.6677275327105754,-0.41645402799217307,-0.32318893258809345,-0.8346594158882192,-0.06246810419882596,10.836619049116925,0.028490278359378597,0.5880063173948326,12.123829430339521,0.0,0.0,0.0,-0.32318893258809345,-0.8346594158882192,-0.06246810419882596,-0.011340345612273688,-0.03619212819317924,-0.0018940458105346644,-0.039833621610646915,-0.13322212072823203,-0.006071313046302188,0.6238317284718687,0.053203538167372395,0.009245619144946532,0.03350415503772429,0.004591637733766186,-0.005468600593561736,-0.029727136486339494,-0.0008146191823813894,-0.005468600593561736,cross_fitted,season_grid_average,example_precomputed_capabilities,0.756400910094965,0.0,0.0,0.0037770185513847964,0.4447046730866876,0.053203538167372395,0.6238317284718687,0.49999999999999994,0.7999999999999999,0.0247132598079938,0.14330164430814496,-0.028490278359378597,,0.0,0.0,0.0,0.0,1451.1175459248495,revised_v3_parallel,prior_similar_races_current_season_only,field_centered_bounded_no_teammate_term,mikehailwood,mike-hailwood,surtees,brooke-bond-oxo-team-surtees,surtees-ts14a,surtees-ts14a,exact_chassis,surtees-ts14a,Suspension,mechanical,7.0,7,True,,1:40.844,True,False,,,,False,0.6069958847736625,,-0.1293503098419245,-0.22498378297553914,0.04034119114978307,-0.41096813492891404,0.013725228732867792,full_same_season_static_retrospective_baseline_plus_shape_distributions_v9,constructor_lineage_regulation_and_stability_shrunk,0.7332295177850244,1451.8507754426346,1441.2254491565322,2.3039300661850017,1454.1547055088197,1454.1547055088197,8ca416052e09b97d,0.377806305929581,0.1936,0.21527138914443422,0.11775528978840846,0.0,0.13354531001589826,0.3052464228934817,0.4864864864864865,0.07472178060413355,0.0,0.36798528058877644,1.8399264029438824,0.0,0.735970561177553,0.18399264029438825,0.9199632014719412,2.9725957545623496,0.3238303605789938,-0.1292589930516916,-0.22498378297553914,0.04034119114978307,-0.41096813492891404,0.013725228732867792,full_same_season_static_retrospective_baseline_plus_shape_distributions_v9,constructor_lineage_regulation_and_stability_shrunk,high,baseline_plus_shape_distributions_v9,-0.5415557079559933,0.0030608898140159447,full_same_season_static_retrospective,1476.2695796298478,0.026820028549473948,21,DNF,,6075.799,59.0,,0.0,unavailable,,1.0,scheduled_distance_unavailable_assume_full,1454.6702602565463,0.0240708525991565,0.0,0.0,0.0,0.0,,0.0,,0.0,0.0,0.0,-0.009692332366388237,5.355884180313111,1,0.009692332366388237,0.0,,,all_field_expected_seconds_gap_residual_same_car_crossfit_v7_4,223,15,16.0,1.0666666666666667,25.6,6.4,29.866666666666667,9.6,384.0,96.0,1474.1028999508453,1483.935938936164,0,1.0,21,2.166679679002579,0.4669337825471607,0.46812732008285285,,0.0,1476.2695796298478,1476.2695796298478,1501.3694896914915,retrospective_first_five_backcast_previous_season_anchor_frozen_v7_5
pace,1973,United States Grand Prix,Carlos Pace,Surtees,Surtees,9,0.0012827173224880582,0.41568442545381373,1966-1982_3l_and_ground_effect,59,0.0,10.94,10.94,1.7879999999999998,watkins_glen,0.7342173975131748,open_meteo_era5_air_temperature_track_proxy,15,1973-10-07,jolpica_cross_fitted_xw_xp,0.0,22,Suspension,-13.0,5.524947010401629,8,prior_same_circuit_grid_movement,mechanical,,False,1482.4431474701926,0.0,0.47421242758655935,-0.3389971739638093,-0.6677275327105754,-0.41645402799217307,-0.15254872828371419,-0.8346594158882192,-0.06246810419882596,10.836619049116925,0.023791442487243627,0.5496866153078847,13.158461386687115,0.0,0.0,0.0,-0.15254872828371419,-0.8346594158882192,-0.06246810419882596,-0.007297593991574286,-0.031662261649838916,-0.0016476068593213994,-0.015412541071312706,-0.12791924245753772,-0.005887035458727623,0.5795303791054003,0.044095173737610925,0.007662783276286264,0.03138163556111886,0.004242193639724058,-0.004175072039409937,-0.027893924324242533,-0.0007544824028477312,-0.004175072039409937,cross_fitted,season_grid_average,example_precomputed_capabilities,0.756400910094965,6.938893903907228e-18,0.0,0.0034877112368763264,0.43031156011782223,0.044095173737610925,0.5795303791054003,0.49999999999999994,0.7999999999999999,0.020303731250367302,0.11937505519006242,-0.023791442487243627,,0.0,0.0,0.0,0.0,1482.4431474701926,revised_v3_parallel,prior_similar_races_current_season_only,field_centered_bounded_no_teammate_term,carlospace,carlos-pace,surtees,brooke-bond-oxo-team-surtees,surtees-ts14a,surtees-ts14a,exact_chassis,surtees-ts14a,Suspension,mechanical,10.0,10,True,,1:41.125,True,False,,,,False,0.6069958847736625,,-0.1293503098419245,-0.22498378297553914,0.04034119114978307,-0.41096813492891404,0.013725228732867792,full_same_season_static_retrospective_baseline_plus_shape_distributions_v9,constructor_lineage_regulation_and_stability_shrunk,2.0534605530293852,1484.496608023222,1435.2710594629602,1.4570998016913572,1485.9537078249134,1485.9537078249134,8ca416052e09b97d,0.377806305929581,0.1936,0.21527138914443422,0.11775528978840846,0.0,0.13354531001589826,0.3052464228934817,0.4864864864864865,0.07472178060413355,0.0,0.36798528058877644,1.8399264029438824,0.0,0.735970561177553,0.18399264029438825,0.9199632014719412,2.9725957545623496,0.3238303605789938,-0.1292589930516916,-0.22498378297553914,0.04034119114978307,-0.41096813492891404,0.013725228732867792,full_same_season_static_retrospective_baseline_plus_shape_distributions_v9,constructor_lineage_regulation_and_stability_shrunk,high,baseline_plus_shape_distributions_v9,-0.5415557079559933,0.0030608898140159447,full_same_season_static_retrospective,1469.6401053797736,0.06158694914150928,22,DNF,,6075.799,59.0,,0.0,unavailable,,1.0,scheduled_distance_unavailable_assume_full,1467.219756288602,0.025261183416485363,0.0,0.0,0.0,0.0,,0.0,,0.0,0.0,0.0,-0.009065396670211105,3.6435694692413296,1,0.009065396670211105,0.0,,,all_field_expected_seconds_gap_residual_same_car_crossfit_v7_4,223,15,16.0,1.0666666666666667,25.6,6.4,29.866666666666667,9.6,384.0,96.0,1468.1485102572733,1485.2152772242866,0,1.0,14,1.491595122500261,0.46049629238025985,0.49662412685129265,,0.0,1469.6401053797736,1469.6401053797736,1449.7326398707169,retrospective_first_five_backcast_previous_season_anchor_frozen_v7_5
watson,1973,United States Grand Prix,John Watson,Brabham,Brabham,24,0.001267116480534323,0.4137231310193006,1966-1982_3l_and_ground_effect,59,0.0,10.94,10.94,1.7879999999999998,watkins_glen,0.7342173975131748,open_meteo_era5_air_temperature_track_proxy,15,1973-10-07,jolpica_cross_fitted_xw_xp,0.0,23,Engine,1.0,5.524947010401629,8,prior_same_circuit_grid_movement,mechanical,,False,1500.0,0.0,0.49132667861275675,-0.12646920572517165,0.5156995245508087,-1.0077474711893093,-0.05691114257632724,0.6446244056885109,-0.15116212067839638,10.836619049116925,0.01117527990898816,0.3827287439058377,17.66632391454238,0.04,0.0,0.09431711332536,-0.05691114257632724,0.6446244056885109,-0.15116212067839638,-0.004458880829118142,-0.00587799394406083,-0.0018010228038693454,0.0005164539956485821,0.16092833498402553,-0.0169769460511923,0.35383517532014136,0.01724422869751232,0.010646159794492778,0.012465625545566213,0.006619507238337157,-0.005539828674028777,-0.007359294425102213,-0.0015131761178731563,-0.005539828674028777,cross_fitted,season_grid_average,example_precomputed_capabilities,0.756400910094965,-1.734723475976807e-18,0.0,0.005106331120464,0.49830301824862316,0.01724422869751232,0.35383517532014136,0.49999999999999994,0.7999999999999999,0.00606894878852416,-0.11557427434278544,-0.01117527990898816,,0.0,0.0,0.0,0.0,1500.0,revised_v3_parallel,prior_similar_races_current_season_only,field_centered_bounded_no_teammate_term,johnwatson,john-watson,brabham,ceramica-pagnossin-mrd,,brabham-bt37|brabham-bt42,ambiguous_chassis_constructor_fallback,constructor:brabham,Engine,mechanical,25.0,25,True,,1:43.887,True,False,,,,False,0.6069958847736625,,0.0007409643384250564,0.4391971602668151,0.04034119114978307,0.014096230776801912,0.04623352891575047,full_same_season_static_retrospective_baseline_plus_shape_distributions_v9,constructor_lineage_regulation_and_stability_shrunk,-1.637979052889166,1498.3620209471108,1462.6045149715214,-2.254483731168879,1496.1075372159419,1496.1075372159419,8ca416052e09b97d,0.377806305929581,0.1936,0.21527138914443422,0.11775528978840846,0.0,0.13354531001589826,0.3052464228934817,0.4864864864864865,0.07472178060413355,0.0,0.36798528058877644,1.8399264029438824,0.0,0.735970561177553,0.18399264029438825,0.9199632014719412,2.9725957545623496,0.3238303605789938,-0.0009429756709541153,0.4391971602668151,0.04034119114978307,0.014096230776801912,0.04623352891575047,full_same_season_static_retrospective_baseline_plus_shape_distributions_v9,constructor_lineage_regulation_and_stability_shrunk,high,baseline_plus_shape_distributions_v9,0.12572809661449333,0.020598758737175208,full_same_season_static_retrospective,1459.2468226993121,0.0,23,DNF,,6075.799,59.0,,0.0,unavailable,,1.0,scheduled_distance_unavailable_assume_full,1484.327362195511,0.02697923374456463,0.0,0.0,0.0,0.0,,0.0,,0.0,0.0,0.0,0.003579796875895462,14.41220669839104,4,-0.003579796875895462,0.0,,,all_field_expected_seconds_gap_residual_same_car_crossfit_v7_4,223,15,16.0,1.0666666666666667,25.6,6.4,29.866666666666667,9.6,384.0,96.0,1461.4768165093774,1486.490873775413,0,1.0,0,-2.229993810065336,0.4504279939904233,0.4574386238495631,,0.0,1459.2468226993121,1459.2468226993121,1463.0957077089734,retrospective_first_five_backcast_previous_season_anchor_frozen_v7_5
redman,1973,United States Grand Prix,Brian Redman,Shadow,Shadow,13,0.0008896516481304971,0.3566999442757879,1966-1982_3l_and_ground_effect,59,0.0,10.94,10.94,1.7879999999999998,watkins_glen,0.7342173975131748,open_meteo_era5_air_temperature_track_proxy,15,1973-10-07,jolpica_cross_fitted_xw_xp,0.0,24,Disqualified,-11.0,5.524947010401629,8,prior_same_circuit_grid_movement,driver_fault,0.0,True,1490.6064808875417,0.49439574276107123,0.48216637545544294,-0.24017896823483442,-0.7467625774004705,-0.3584803290605737,-0.1080805357056755,-0.9334532217505881,-0.053772049359086055,9.360399768097132,0.018449811261669242,0.4900037431295412,14.769898935502388,0.0,0.0,0.0,-0.1080805357056755,-0.9334532217505881,-0.053772049359086055,-0.005091272691763791,-0.02548507829506187,-0.0011815990647873436,-0.007973156533474616,-0.13168610611730217,-0.0041668611367636586,0.5187689678870493,0.034328786287475745,0.005485857310197857,0.025353146145414566,0.003111712696976006,-0.002915021074335117,-0.022782309909551827,-0.0005408764611132657,-0.002915021074335117,cross_fitted,season_grid_average,example_precomputed_capabilities,0.7533981666689503,0.0,0.0,0.0025708362358627403,0.37494284409950884,0.034328786287475745,0.5187689678870493,0.49999999999999994,0.7999999999999999,0.015878975025806503,0.11506089903003236,-0.018449811261669242,-0.4900037431295412,-9.262862846611805,-2.463195454961955,-11.72605830157376,0.0,1478.8804225859678,revised_v3_parallel,prior_similar_races_current_season_only,field_centered_bounded_no_teammate_term,brianredman,brian-redman,shadow,uop-shadow-racing,shadow-dn1,shadow-dn1,exact_chassis,shadow-dn1,Received outside assistance,driver_fault,14.0,14,True,,1:42.247,True,False,,,,True,0.6069958847736625,-0.6069958847736625,-0.13983524463141803,0.0,0.0,-0.4699587786445185,0.011596356527810695,full_same_season_static_retrospective_baseline_plus_shape_distributions_v9,constructor_lineage_regulation_and_stability_shrunk,-5.95231595586654,1484.654164931675,1431.4174077510156,0.5969395222515189,1485.2511044539265,1473.5250461523526,8ca416052e09b97d,0.377806305929581,0.1936,0.21527138914443422,0.11775528978840846,0.0,0.13354531001589826,0.3052464228934817,0.4864864864864865,0.07472178060413355,0.0,0.36798528058877644,1.8399264029438824,0.0,0.735970561177553,0.18399264029438825,0.9199632014719412,2.9725957545623496,0.3238303605789938,-0.14516275572709517,0.0,0.0,-0.4699587786445185,0.011596356527810695,full_same_season_static_retrospective_baseline_plus_shape_distributions_v9,constructor_lineage_regulation_and_stability_shrunk,high,baseline_plus_shape_distributions_v9,-0.6081175955687232,0.0025307832526034464,full_same_season_static_retrospective,1469.580823262435,0.19244094556946967,25,DSQ,,6075.799,59.0,,0.0,unavailable,,1.0,scheduled_distance_unavailable_assume_full,1482.7305130217885,0.026814042439545334,0.0,0.0,0.0,0.0,,0.0,,0.0,0.0,0.0,-0.01679680583826125,15.039061177742157,3,0.01679680583826125,0.0,0.0,0.0,all_field_expected_seconds_gap_residual_same_car_crossfit_v7_4,223,15,16.0,1.0666666666666667,25.6,6.4,29.866666666666667,9.6,384.0,96.0,1469.0141100425772,1488.5025109801286,0,1.0,6,0.5667132198578367,0.46043877628986396,0.6229696294456375,-0.6229696294456375,-16.2150426135271,1453.3657806489077,1453.3657806489077,1451.3140094413648,retrospective_first_five_backcast_previous_season_anchor_frozen_v7_5
opel,1973,United States Grand Prix,Rikky von Opel,Ensign,Ensign,27,0.00020163169115684489,0.1447119318167652,1966-1982_3l_and_ground_effect,59,0.0,10.94,10.94,1.7879999999999998,watkins_glen,0.7342173975131748,open_meteo_era5_air_temperature_track_proxy,15,1973-10-07,jolpica_cross_fitted_xw_xp,0.0,25,Throttle,2.0,5.524947010401629,8,prior_same_circuit_grid_movement,other,0.11111111111111116,False,1504.6847270923638,0.0,0.4958965157966482,-0.06975997900003837,-0.9984031002858714,-0.35261185434657655,-0.03139199055001727,-1.2480038753573393,-0.05289177815198648,4.082164648074411,0.007570106804149728,0.28798437631532314,20.224421839486276,0.0,0.0,0.0,-0.03139199055001727,-1.2480038753573393,-0.05289177815198648,-0.0016293413932629468,-0.01134930694346024,-0.00046522424848607186,0.004770492063967097,-0.12459362744831018,-0.0020225745548038136,0.31235351830315256,0.014292043096754359,0.0017236281493241935,0.011158009703544459,0.0010251521786006387,-0.0008754576377790962,-0.010309839191999362,-0.00017698166705554144,-0.0008754576377790962,cross_fitted,season_grid_average,example_precomputed_capabilities,0.7334624365052775,-3.469446951953614e-18,0.0,0.0008481705115450973,0.19050780836400566,0.014292043096754359,0.31235351830315256,0.49999999999999994,0.7999999999999999,0.00672193629260463,0.09747656795131748,-0.007570106804149728,-0.17687326520421198,0.0,0.0,0.0,0.0,1504.6847270923638,revised_v3_parallel,prior_similar_races_current_season_only,field_centered_bounded_no_teammate_term,rikkyvonopel,rikky-von-opel,ensign,team-ensign,ensign-n173,ensign-n173,exact_chassis,ensign-n173,Throttle,other,28.0,28,True,,1:45.441,True,False,,,,False,0.6069958847736625,,-0.033557625948930386,0.0,0.0,-0.10864150949860527,0.03255809431614158,full_same_season_static_retrospective_baseline_plus_shape_distributions_v9,constructor_lineage_regulation_and_stability_shrunk,-9.57626643833364,1495.10846065403,1444.0797721016315,-2.8174666956197485,1492.2909939584104,1492.2909939584104,8ca416052e09b97d,0.377806305929581,0.1936,0.21527138914443422,0.11775528978840846,0.0,0.13354531001589826,0.3052464228934817,0.4864864864864865,0.07472178060413355,0.0,0.36798528058877644,1.8399264029438824,0.0,0.735970561177553,0.18399264029438825,0.9199632014719412,2.9725957545623496,0.3238303605789938,-0.033557625948930386,0.0,0.0,-0.10864150949860527,0.03255809431614158,full_same_season_static_retrospective_baseline_plus_shape_distributions_v9,constructor_lineage_regulation_and_stability_shrunk,high,baseline_plus_shape_distributions_v9,-0.06288012838754793,0.01201733481884576,full_same_season_static_retrospective,1449.942693722708,0.0,24,DNF,,6075.799,59.0,,0.0,unavailable,,1.0,scheduled_distance_unavailable_assume_full,1467.379185849744,0.025276678087308734,0.0,0.0,0.0,0.0,,0.0,,0.0,0.0,0.0,0.0,0.0,0,0.0,0.0,0.11111111111111116,0.11111111111111116,all_field_expected_seconds_gap_residual_same_car_crossfit_v7_4,223,15,16.0,1.0666666666666667,25.6,6.4,29.866666666666667,9.6,384.0,96.0,1452.77109286152,1486.490873775413,0,1.0,2,-2.828399138811926,0.4414449629332855,0.4392807267228645,-0.32816961561175334,0.0,1449.942693722708,1449.942693722708,1463.7631835492496,retrospective_first_five_backcast_previous_season_anchor_frozen_v7_5
stewart,1973,United States Grand Prix,Jackie Stewart,Tyrrell,Tyrrell,5,0.46525548979272807,0.9645671505438038,1966-1982_3l_and_ground_effect,59,0.0,10.94,10.94,1.7879999999999998,watkins_glen,0.7342173975131748,open_meteo_era5_air_temperature_track_proxy,15,1973-10-07,jolpica_cross_fitted_xw_xp,0.0,26,Withdrew,-21.0,5.524947010401629,8,prior_same_circuit_grid_movement,dns,,False,1832.5932965058826,0.0,0.7811766606434225,3.899615619910788,1.8066865170837307,1.9566415816126086,1.7548270289598547,2.2583581463546634,0.2934962372418913,10.836619049116925,0.30657785693210854,0.7052870823391335,8.957248776843395,0.52,0.3815179896159794,0.6584820103840207,1.7548270289598547,2.2583581463546634,0.2934962372418913,0.23226616486553117,0.24066649815816035,0.026942940634038622,0.14677978083970483,0.16871477157411163,0.01975650772641285,0.6382368703110877,0.05664005510324339,0.20575144536064374,0.20207499361391215,0.510833194712107,0.3507642134003298,0.3544406651470614,0.045682464048866556,0.3507642134003298,cross_fitted,season_grid_average,example_precomputed_capabilities,0.756400910094965,0.0,0.0,0.5565156587609735,0.973487930451317,0.05664005510324339,0.6382368703110877,0.49999999999999994,0.7999999999999999,-0.249937801828865,-0.2682008481121835,-0.30657785693210854,,0.0,0.0,0.0,0.0,1832.5932965058826,revised_v3_parallel,prior_similar_races_current_season_only,field_centered_bounded_no_teammate_term,jackiestewart,jackie-stewart,tyrrell,elf-team-tyrrell,,tyrrell-005|tyrrell-006,ambiguous_chassis_constructor_fallback,constructor:tyrrell,Withdrew,dns,6.0,6,True,,1:40.635,True,False,,,,False,0.6069958847736625,,0.20062019877974924,0.7476221892539905,0.040291902467133135,0.6497673158370733,0.28426541714853726,full_same_season_static_retrospective_baseline_plus_shape_distributions_v9,constructor_lineage_regulation_and_stability_shrunk,87.15236744739367,1919.7456639532763,1792.9647084285748,-0.3065080995584769,1919.439155853718,1919.439155853718,8ca416052e09b97d,0.377806305929581,0.1936,0.21527138914443422,0.11775528978840846,0.0,0.13354531001589826,0.3052464228934817,0.4864864864864865,0.07472178060413355,0.0,0.36798528058877644,1.8399264029438824,0.0,0.735970561177553,0.18399264029438825,0.9199632014719412,2.9725957545623496,0.3238303605789938,0.19948488387604144,0.7476221892539905,0.040291902467133135,0.6497673158370733,0.28426541714853726,full_same_season_static_retrospective_baseline_plus_shape_distributions_v9,constructor_lineage_regulation_and_stability_shrunk,high,baseline_plus_shape_distributions_v9,1.1233852424818227,0.3562667709036349,full_same_season_static_retrospective,1741.3799445145144,0.07490225668649639,26,DNS,,6075.799,59.0,,0.0,unavailable,,1.0,scheduled_distance_unavailable_assume_full,1821.8758258272555,0.09882303952766153,0.0,0.0,0.0,0.0,,0.0,,0.0,0.0,0.0,0.012071346298947907,8.379574821476751,2,-0.012071346298947907,0.0,,,all_field_expected_seconds_gap_residual_same_car_crossfit_v7_4,223,15,16.0,1.0666666666666667,25.6,6.4,29.866666666666667,9.6,384.0,96.0,1740.983323161609,1481.9991428272128,0,1.0,65,0.3966213529054335,0.7122849973378076,0.8279709496903638,,0.0,1741.3799445145144,1741.3799445145144,1550.006973047847,retrospective_first_five_backcast_previous_season_anchor_frozen_v7_5
amon,1973,United States Grand Prix,Chris Amon,Tyrrell,Tyrrell,12,0.12058880874290505,0.8930677686722073,1966-1982_3l_and_ground_effect,59,0.0,10.94,10.94,1.7879999999999998,watkins_glen,0.7342173975131748,open_meteo_era5_air_temperature_track_proxy,15,1973-10-07,jolpica_cross_fitted_xw_xp,0.0,27,Withdrew,-15.0,5.524947010401629,8,prior_same_circuit_grid_movement,dns,,False,1420.5935985176027,0.0,0.4145387917475541,-1.0876939550669917,1.8066865170837307,1.9566415816126086,-0.4894622797801463,2.2583581463546634,0.2934962372418913,10.836619049116925,0.03906872200538588,0.5867196332496156,12.158569902260378,0.06,0.0,0.12582799404508693,-0.4894622797801463,2.2583581463546634,0.2934962372418913,-0.05152360808892195,0.05102629085211097,0.005542466489543285,-0.06908136966766484,0.3031672005761177,0.029166504258047534,0.5340691662163155,0.036546147379019726,0.13275803902185512,0.025070087687612975,0.03945549203520217,-0.0911667423901031,0.01652120894413905,0.002135804596549856,-0.0911667423901031,cross_fitted,season_grid_average,example_precomputed_capabilities,0.756400910094965,-8.673617379884035e-19,0.0,0.041591296631752026,0.7973215013828159,0.036546147379019726,0.5340691662163155,0.49999999999999994,0.7999999999999999,-0.002522574626366146,-0.21060186813320025,-0.03906872200538588,,0.0,0.0,0.0,0.0,1420.5935985176027,revised_v3_parallel,prior_similar_races_current_season_only,field_centered_bounded_no_teammate_term,chrisamon,chris-amon,tyrrell,elf-team-tyrrell,,tyrrell-005|tyrrell-006,ambiguous_chassis_constructor_fallback,constructor:tyrrell,Withdrew,dns,13.0,13,True,,1:41.679,True,False,,,,False,0.6069958847736625,,0.20062019877974924,0.7476221892539905,0.040291902467133135,0.6497673158370733,0.28426541714853726,full_same_season_static_retrospective_baseline_plus_shape_distributions_v9,constructor_lineage_regulation_and_stability_shrunk,89.67209959601558,1510.2656981136183,1618.5396733310872,-0.10233691391406362,1510.1633611997042,1510.1633611997042,8ca416052e09b97d,0.377806305929581,0.1936,0.21527138914443422,0.11775528978840846,0.0,0.13354531001589826,0.3052464228934817,0.4864864864864865,0.07472178060413355,0.0,0.36798528058877644,1.8399264029438824,0.0,0.735970561177553,0.18399264029438825,0.9199632014719412,2.9725957545623496,0.3238303605789938,0.19948488387604144,0.7476221892539905,0.040291902467133135,0.6497673158370733,0.28426541714853726,full_same_season_static_retrospective_baseline_plus_shape_distributions_v9,constructor_lineage_regulation_and_stability_shrunk,high,baseline_plus_shape_distributions_v9,1.1233852424818227,0.3562667709036349,full_same_season_static_retrospective,1566.227150573591,0.07502649874366688,27,DNS,,6075.799,59.0,,0.0,unavailable,,1.0,scheduled_distance_unavailable_assume_full,1646.542309871415,0.05034861414793185,0.0,0.0,0.0,0.0,,0.0,,0.0,0.0,0.0,0.006876727360249947,16.68352015899832,2,-0.006876727360249947,0.0,,,all_field_expected_seconds_gap_residual_same_car_crossfit_v7_4,223,15,16.0,1.0666666666666667,25.6,6.4,29.866666666666667,9.6,384.0,96.0,1566.5582880641214,1483.935938936164,0,1.0,47,-0.331137490530491,0.5544246688169246,0.6819856642317363,,0.0,1566.227150573591,1566.227150573591,1462.1490530247306,retrospective_first_five_backcast_previous_season_anchor_frozen_v7_5
cevert,1973,United States Grand Prix,François Cevert,Tyrrell,Tyrrell,20,0.02332294551070646,0.7666369785430833,1966-1982_3l_and_ground_effect,59,0.0,10.94,10.94,1.7879999999999998,watkins_glen,0.7342173975131748,open_meteo_era5_air_temperature_track_proxy,15,1973-10-07,jolpica_cross_fitted_xw_xp,0.0,28,Accident,,5.524947010401629,8,prior_same_circuit_grid_movement,driver_fault,0.0,True,1458.033408608946,0.0,0.4505038372270847,-0.6344802166452267,1.8066865170837307,1.9566415816126086,-0.285516097490352,2.2583581463546634,0.2934962372418913,10.836619049116925,0.02640648361638248,0.48226304583765767,14.978897762383243,0.02,0.0,0.05880602015151773,-0.285516097490352,2.2583581463546634,0.2934962372418913,-0.027447307824896416,0.03242151467460257,0.0035384898159449584,-0.03832722697989018,0.3573832893504487,0.03131877225367144,0.4121880789128116,0.022150135283556926,0.08046288693078367,0.017650733900641157,0.029001300867102186,-0.04980005498157564,0.013012098048566876,0.0016615310821058472,-0.04980005498157564,cross_fitted,season_grid_average,example_precomputed_capabilities,0.756400910094965,-1.734723475976807e-18,5.551115123125783e-17,0.030662831949208033,0.7625629135370416,0.022150135283556926,0.4121880789128116,0.49999999999999994,0.7999999999999999,-0.004256348332825552,-0.280299867699384,-0.02640648361638248,-0.48226304583765767,-9.314490431871018,-2.463195454961955,-11.777685886832973,0.0,1446.255722722113,revised_v3_parallel,prior_similar_races_current_season_only,field_centered_bounded_no_teammate_term,francoiscevert,francois-cevert,tyrrell,elf-team-tyrrell,,tyrrell-005|tyrrell-006,ambiguous_chassis_constructor_fallback,constructor:tyrrell,Fatal accident in qualifying,driver_fault,4.0,4,True,,1:40.444,True,False,,,,True,0.6069958847736625,-0.6069958847736625,0.20062019877974924,0.7476221892539905,0.040291902467133135,0.6497673158370733,0.28426541714853726,full_same_season_static_retrospective_baseline_plus_shape_distributions_v9,constructor_lineage_regulation_and_stability_shrunk,35.86991922647954,1493.9033278354257,1627.2519299518146,1.988290809281061,1495.8916186447068,1484.1139327578737,8ca416052e09b97d,0.377806305929581,0.1936,0.21527138914443422,0.11775528978840846,0.0,0.13354531001589826,0.3052464228934817,0.4864864864864865,0.07472178060413355,0.0,0.36798528058877644,1.8399264029438824,0.0,0.735970561177553,0.18399264029438825,0.9199632014719412,2.9725957545623496,0.3238303605789938,0.19948488387604144,0.7476221892539905,0.040291902467133135,0.6497673158370733,0.28426541714853726,full_same_season_static_retrospective_baseline_plus_shape_distributions_v9,constructor_lineage_regulation_and_stability_shrunk,high,baseline_plus_shape_distributions_v9,1.1233852424818227,0.3562667709036349,full_same_season_static_retrospective,1577.0217807578092,0.10896789379906062,28,DNS,,6075.799,59.0,,0.0,unavailable,,1.0,scheduled_distance_unavailable_assume_full,1648.712591268331,0.05077064486420973,0.0,0.0,0.0,0.0,,0.0,,0.0,0.0,0.0,-0.003256470208420365,9.98102149115977,2,0.003256470208420365,0.0,0.0,0.0,all_field_expected_seconds_gap_residual_same_car_crossfit_v7_4,223,15,16.0,1.0666666666666667,25.6,6.4,29.866666666666667,9.6,384.0,96.0,1575.2705446848488,1484.1853249422263,0,1.0,34,1.7512360729603471,0.5648102221411743,0.7257841766348561,-0.7257841766348561,-18.847095021571096,1558.1746857362382,1558.1746857362382,1488.0098394910676,retrospective_first_five_backcast_previous_season_anchor_frozen_v7_5
