driver_id,season,event,driver,constructor,team,grid,v02_XW,v02_XP,regulation_era,race_distance_laps,wet_fraction,track_temperature,air_temperature,wind_speed,circuit_id,overtake_index,weather_source,round,date,source,observed_winner,position,status,positions_gained,overtake_proxy_raw,circuit_history_races,overtake_source,status_class,observed_performance,rating_eligible,pre_rating,season_reversion_delta,driver_expected_from_rating,driver_score_raw_revised,car_score_raw_revised,team_score_raw_revised,XdW_score_revised,XcW_score_revised,XtW_score_revised,car_effective_prior_races,XW,XP,expected_position,XW_simulated,XW_lower_95,XW_upper_95,XdW_score,XcW_score,XtW_score,XdW_probability_contribution,XcW_probability_contribution,XtW_probability_contribution,XdP_performance_contribution,XcP_performance_contribution,XtP_performance_contribution,XP_neutral_baseline,XW_neutral_baseline,XW_with_neutral_driver,XW_with_neutral_car,XW_with_neutral_team,driver_direct_uplift,car_direct_uplift,team_direct_uplift,driver_above_car_expectation,analysis_mode,neutral_reference,data_quality,model_confidence,decomposition_error,xp_decomposition_error,XW_raw_revised,XP_raw_revised,XW_neutral_revised,XP_neutral_revised,xw_calibration_shrinkage,xp_calibration_shrinkage,xw_calibration_adjustment,xp_calibration_adjustment,win_surprise,performance_surprise,raw_rating_delta,field_centering_adjustment,rating_delta,teammate_rating_delta,post_rating,model_version,car_prior_scope,rating_update_method,driver_name_key,driver_id_f1db,constructor_id_f1db,entrant_id,car_model_id,car_model_candidates,car_identity_resolution,model_entity_id,reason_retired_f1db,status_class_f1db,qualifying_position,qualifying_position_text,qualifying_eligible,qualifying_laps,qualifying_time,f1db_joined,clean_pass_proxy_eligible,clean_grid_rank,clean_finish_rank,clean_positions_gained,car_fit_eligible,field_performance,relative_performance,current_car_score_raw,constructor_prior_z_x,prior_weight_total_x,car_suitability_score_v6,expected_car_win_v6,car_model_scope_v6,car_prior_scope_v6,qualifying_rating_carried_v6,pre_qualifying_rating_v6,pre_session_strength,qualifying_delta_v6,pre_race_rating_v6,post_event_rating_v6,layout_key,straight_demand,altitude_demand,top_three_straight_share,straight_600_1000_track_share,straight_over_1000_track_share,radius_under_50_distance_share,radius_50_90_distance_share,radius_90_150_distance_share,radius_150_250_distance_share,radius_250_450_distance_share,steady_long_turn_distance_share,opposite_direction_links_per_km,same_direction_links_per_km,multi_turn_complexes_per_km,multi_apex_turns_per_km,tightening_turns_per_km,approach_severity_per_km,top_three_turning_share,current_car_score_raw_v7_6,constructor_prior_z_y,prior_weight_total_y,car_suitability_score_v7_6,expected_car_win_v7_6,car_model_scope_v7_6,car_prior_scope_v7_6,shape_topology_quality,car_suitability_model_branch_v7_6,car_suitability_score_v6_baseline,expected_car_win_v6_baseline,car_model_scope_v6_baseline,retrospective_pre_race_rating,driver_context_adjustment,result_order,finish_position_text,gap_laps,winner_race_time_seconds,winner_race_laps,cumulative_gap_share,cumulative_gap_reliability,cumulative_gap_quality,race_completion_fraction_v7_4,race_completion_reliability_v7_4,race_completion_quality_v7_4,pairwise_pre_race_strength_v7_4,field_xw_v7_4,margin_comparison_count,margin_comparison_weight,weighted_pair_gap_residual,same_car_margin_comparisons,eligible_timed_field_size,margin_race_completion_reliability,mean_pair_gap_residual_score,margin_pair_coverage,margin_field_depth_factor,raw_pairwise_margin_performance_adjustment,crossfit_car_margin_component,crossfit_car_margin_effective_rows,crossfit_car_margin_other_drivers,driver_margin_adjustment_before_centering,pairwise_margin_performance_adjustment,observed_performance_position_only,gap_adjusted_observed_performance,pairwise_margin_model,event_index,season_rounds,calendar_reference_rounds,calendar_k_multiplier,effective_race_k,effective_qualifying_k,effective_max_race_delta,effective_max_qualifying_delta,scheduled_race_k_budget,scheduled_qualifying_k_budget,retrospective_pre_qualifying_rating,retrospective_debut_anchor,inactivity_seasons,return_uncertainty_multiplier,driver_context_prior_samples,retrospective_qualifying_delta,retrospective_driver_expected_from_rating,retrospective_expected_performance,retrospective_performance_residual,retrospective_race_delta,retrospective_post_rating,retrospective_rating,debut_rating_frozen,rating_history_scope
revson,1973,British Grand Prix,Peter Revson,McLaren,McLaren,3,0.1303495617560491,0.9081294415014859,1966-1982_3l_and_ground_effect,67,0.4,18.959999999999997,18.959999999999997,2.932,silverstone,0.6783191369805022,open_meteo_era5_air_temperature_track_proxy,9,1973-07-14,jolpica_cross_fitted_xw_xp,1.0,1,Finished,2.0,4.2173421857512725,8,prior_same_circuit_grid_movement,finished,1.0729004689521655,True,1455.0742541779255,0.0,0.44878138922031224,-0.6877810099583128,1.3785079015095265,1.4036663645334928,-0.3095014544812408,1.7231348768869081,0.2105499546800239,4.650939527205551,0.051724268439508087,0.7057138326436178,9.240012685978703,0.04,0.0,0.09431711332536,-0.3095014544812408,1.7231348768869081,0.2105499546800239,-0.049135850923960264,0.017494259738801456,0.002434128141381687,-0.04528302472595979,0.1602417484670688,0.016157054104266988,0.6860464659668113,0.06632799996139664,0.1122013578895559,0.04591099999356323,0.038405783515431176,-0.07508082097193639,-0.008790463075943715,-0.0012852465978116581,-0.07508082097193639,cross_fitted,season_grid_average,example_precomputed_capabilities,0.7368997719005599,-3.469446951953614e-18,0.0,0.03712053691761952,0.8171622438121873,0.06632799996139664,0.6860464659668113,0.49999999999999994,0.85,0.014603731521888569,-0.11144841116856952,0.9482757315604919,0.29428616735638224,28.055768569866686,-0.05576856986668588,28.0,0.0,1483.0742541779255,revised_v3_parallel,prior_similar_races_current_season_only,field_centered_bounded_no_teammate_term,peterrevson,peter-revson,mclaren,yardley-team-mclaren,,mclaren-m19a|mclaren-m19c|mclaren-m23,ambiguous_chassis_constructor_fallback,constructor:mclaren,,finished,3.0,3,True,,1:16.500,True,True,3.0,1.0,2.0,True,0.44409937888198764,0.5559006211180124,0.06894931826857353,1.164894102135904,0.04034119114978307,0.27727806170946084,0.053554730009099064,full_same_season_static_retrospective_baseline_plus_shape_distributions_v9,constructor_lineage_regulation_and_stability_shrunk,13.287217561541128,1468.3614717394667,1505.675169033151,2.660902442152776,1471.0223741816194,1499.0223741816194,b50f32e4ca26b105,0.5106690446351104,0.0608,0.3181336161187699,0.1378579003181336,0.0,0.0,0.0,0.23923444976076555,0.5669856459330144,0.1937799043062201,0.2301166489925769,0.21208907741251326,0.0,0.21208907741251326,0.21208907741251326,0.0,0.9404469826146645,0.5132657764430184,0.0745864008675709,1.164894102135904,0.04034119114978307,0.27727806170946084,0.053554730009099064,full_same_season_static_retrospective_baseline_plus_shape_distributions_v9,constructor_lineage_regulation_and_stability_shrunk,high,baseline_plus_shape_distributions_v9,0.48557422613071627,0.020027168910834746,full_same_season_static_retrospective,1486.1928905824584,0.1460756960252834,1,1,,5358.5,67.0,0.0,1.0,winner_origin,,1.0,scheduled_distance_unavailable_assume_full,1551.9179955474774,0.035722694006670226,12.0,12.5,2.1800992201426292,1.0,13.0,1.0,0.17440793761141035,1.0,0.7947194142390263,0.05544214960687067,-0.01335888067938056,10.549456042739438,2,0.06880103028625123,0.07290046895216556,1.0,1.0729004689521655,all_field_expected_seconds_gap_residual_same_car_crossfit_v7_4,217,15,16.0,1.0666666666666667,25.6,6.4,29.866666666666667,9.6,384.0,96.0,1483.492924096394,1481.7297387229828,0,1.0,16,2.6999664860642807,0.4850939932971455,0.6553619333487616,0.4175385356034039,12.856271904748002,1499.0491624872063,1499.0491624872063,1430.6006404773666,retrospective_first_five_backcast_previous_season_anchor_frozen_v7_5
peterson,1973,British Grand Prix,Ronnie Peterson,Team Lotus,Team Lotus,1,0.052884023070802574,0.8525876705901984,1966-1982_3l_and_ground_effect,67,0.4,18.959999999999997,18.959999999999997,2.932,silverstone,0.6783191369805022,open_meteo_era5_air_temperature_track_proxy,9,1973-07-14,jolpica_cross_fitted_xw_xp,0.0,2,Finished,-1.0,4.2173421857512725,8,prior_same_circuit_grid_movement,finished,0.9949601689876106,True,1498.757209796128,0.0,0.4912951985199528,-0.13145732720453787,1.081358686406616,0.9156885282683138,-0.05915579724204204,1.35169835800827,0.13735327924024707,4.650939527205551,0.0562913035971414,0.7291995302217351,8.582413153791418,0.02,0.0,0.05880602015151773,-0.05915579724204204,1.35169835800827,0.13735327924024707,-0.03332643549709542,-0.005565079497613629,-0.00030784391043501874,-0.013208764812144298,0.1069299090609109,0.008475477272418522,0.7138700369935573,0.07589098304971342,0.08685282527172145,0.06134052678557429,0.04005314235751921,-0.0501612011271521,-0.024648902641004944,-0.00336151821294986,-0.0501612011271521,cross_fitted,season_grid_average,example_precomputed_capabilities,0.7368997719005599,-6.938893903907228e-18,1.3877787807814457e-17,0.03669162414456935,0.8160666585147425,0.07589098304971342,0.7138700369935573,0.49999999999999994,0.85,0.01959967945257205,-0.08686712829300736,-0.0562913035971414,0.2350861840639792,2.8805600268202314,1.3059859867003558,4.186546013520587,0.0,1502.9437558096488,revised_v3_parallel,prior_similar_races_current_season_only,field_centered_bounded_no_teammate_term,ronniepeterson,ronnie-peterson,lotus,john-player-team-lotus,,lotus-72d|lotus-72e,ambiguous_chassis_constructor_fallback,constructor:lotus,,finished,1.0,1,True,,1:16.300,True,True,1.0,2.0,-1.0,True,0.44409937888198764,0.5201863354037266,0.22080358732487082,0.8684909669339622,0.04034119114978307,0.7507109082139017,0.20713471890748616,full_same_season_static_retrospective_baseline_plus_shape_distributions_v9,constructor_lineage_regulation_and_stability_shrunk,25.5653318400193,1524.3225416361474,1592.7060085158741,2.446453721949418,1526.7689953580968,1530.9555413716175,b50f32e4ca26b105,0.5106690446351104,0.0608,0.3181336161187699,0.1378579003181336,0.0,0.0,0.0,0.23923444976076555,0.5669856459330144,0.1937799043062201,0.2301166489925769,0.21208907741251326,0.0,0.21208907741251326,0.21208907741251326,0.0,0.9404469826146645,0.5132657764430184,0.23041497372897435,0.8684909669339622,0.04034119114978307,0.7507109082139017,0.20713471890748616,full_same_season_static_retrospective_baseline_plus_shape_distributions_v9,constructor_lineage_regulation_and_stability_shrunk,high,baseline_plus_shape_distributions_v9,1.2192660910268829,0.16293514991749497,full_same_season_static_retrospective,1535.2786198228823,0.09616170328133467,2,2,,5358.5,67.0,0.0005225342913128673,1.0,exact_seconds,,1.0,scheduled_distance_unavailable_assume_full,1623.422881514027,0.04703090625359736,12.0,10.5,1.2331896358098375,0.0,13.0,1.0,0.11744663198188929,1.0,0.7947194142390263,0.03733484742919742,0.010759831393215452,6.274317209097437,1,0.026575016035981967,0.030674454701896295,0.9642857142857143,0.9949601689876106,all_field_expected_seconds_gap_residual_same_car_crossfit_v7_4,217,15,16.0,1.0666666666666667,25.6,6.4,29.866666666666667,9.6,384.0,96.0,1532.649135858762,1484.1853249422263,0,1.0,29,2.629483964120211,0.5328780672127559,0.6877246517448027,0.30723551724280795,10.032514634716746,1545.311134457599,1545.311134457599,1443.704434895771,retrospective_first_five_backcast_previous_season_anchor_frozen_v7_5
hulme,1973,British Grand Prix,Denny Hulme,McLaren,McLaren,2,0.10169948262319076,0.8937955314719676,1966-1982_3l_and_ground_effect,67,0.4,18.959999999999997,18.959999999999997,2.932,silverstone,0.6783191369805022,open_meteo_era5_air_temperature_track_proxy,9,1973-07-14,jolpica_cross_fitted_xw_xp,0.0,3,Finished,-1.0,4.2173421857512725,8,prior_same_circuit_grid_movement,finished,0.9214225556470916,True,1512.6056952196109,0.0,0.5048142901390213,0.04490986916125833,1.3785079015095265,1.4036663645334928,0.02020944112256625,1.7231348768869081,0.2105499546800239,4.650939527205551,0.06278130342213939,0.7228452202979392,8.760333831657704,0.08,0.0048013617144565535,0.15519863828554345,0.02020944112256625,1.7231348768869081,0.2105499546800239,-0.038042615267632654,0.019038867891854976,0.002669248953010952,-0.004667784775436575,0.14147997097210765,0.014708664747854741,0.7001170926562603,0.07094855263352273,0.12001754840207694,0.06381651328935099,0.056309198783535554,-0.06540349419132094,-0.009202459078594988,-0.0016951445727795486,-0.06540349419132094,cross_fitted,season_grid_average,example_precomputed_capabilities,0.7368997719005599,0.0,0.0,0.054614054210756005,0.8516379436007862,0.07094855263352273,0.7001170926562603,0.49999999999999994,0.85,0.008167249211383384,-0.12879272330284697,-0.06278130342213939,0.20572620827348942,2.196320466791464,1.3059859867003554,3.5023064534918196,0.0,1516.1080016731028,revised_v3_parallel,prior_similar_races_current_season_only,field_centered_bounded_no_teammate_term,dennyhulme,denny-hulme,mclaren,yardley-team-mclaren,,mclaren-m19a|mclaren-m19c|mclaren-m23,ambiguous_chassis_constructor_fallback,constructor:mclaren,,finished,2.0,2,True,,1:16.500,True,True,2.0,3.0,-1.0,True,0.44409937888198764,0.48447204968944096,0.06894931826857353,1.164894102135904,0.04034119114978307,0.27727806170946084,0.053554730009099064,full_same_season_static_retrospective_baseline_plus_shape_distributions_v9,constructor_lineage_regulation_and_stability_shrunk,85.38133847442886,1597.9870336940398,1657.8129403285302,2.150848443020113,1600.13788213706,1603.6401885905518,b50f32e4ca26b105,0.5106690446351104,0.0608,0.3181336161187699,0.1378579003181336,0.0,0.0,0.0,0.23923444976076555,0.5669856459330144,0.1937799043062201,0.2301166489925769,0.21208907741251326,0.0,0.21208907741251326,0.21208907741251326,0.0,0.9404469826146645,0.5132657764430184,0.0745864008675709,1.164894102135904,0.04034119114978307,0.27727806170946084,0.053554730009099064,full_same_season_static_retrospective_baseline_plus_shape_distributions_v9,constructor_lineage_regulation_and_stability_shrunk,high,baseline_plus_shape_distributions_v9,0.48557422613071627,0.020027168910834746,full_same_season_static_retrospective,1637.6540796378863,0.09536980772354728,3,3,,5358.5,67.0,0.0005598581692637865,1.0,exact_seconds,,1.0,scheduled_distance_unavailable_assume_full,1696.4100695931659,0.06227281159937358,12.0,12.5,0.3078780464752091,1.0,13.0,1.0,0.02463024371801673,1.0,0.7947194142390263,0.007829653144058686,0.019077964734309946,8.548498574396858,2,-0.01124831159025126,-0.007148872924336932,0.9285714285714286,0.9214225556470916,all_field_expected_seconds_gap_residual_same_car_crossfit_v7_4,217,15,16.0,1.0666666666666667,25.6,6.4,29.866666666666667,9.6,384.0,96.0,1635.6306953917733,1481.9991428272128,0,1.0,65,2.023384246113088,0.6298172180421183,0.7452468408864641,0.17617571476062754,6.677383691172927,1644.3314633290593,1644.3314633290593,1455.9732072244167,retrospective_first_five_backcast_previous_season_anchor_frozen_v7_5
hunt,1973,British Grand Prix,James Hunt,March,March,11,0.00284186421494388,0.5780681510774877,1966-1982_3l_and_ground_effect,67,0.4,18.959999999999997,18.959999999999997,2.932,silverstone,0.6783191369805022,open_meteo_era5_air_temperature_track_proxy,9,1973-07-14,jolpica_cross_fitted_xw_xp,0.0,4,Finished,7.0,4.2173421857512725,8,prior_same_circuit_grid_movement,finished,0.9747462950505943,True,1504.069623746174,0.0,0.4964814455665379,-0.06380115213174599,-0.7601447237487452,-1.0421481635392846,-0.028710518459285697,-0.9501809046859315,-0.1563222245308927,4.650939527205551,0.020370854789757604,0.5426164104050792,13.806740508657782,0.0,0.0,0.0,-0.028710518459285697,-0.9501809046859315,-0.1563222245308927,-0.004984196083388351,-0.028937072815524316,-0.0027393082100918746,0.0026268908365998096,-0.13164630266626107,-0.016092911340754523,0.5643832588806416,0.03870114334425987,0.004663051167527752,0.026861274057076192,0.0026636044393155817,-0.0026224849322724233,-0.024820707821820862,-0.0006230382040602533,-0.0026224849322724233,cross_fitted,season_grid_average,example_precomputed_capabilities,0.7368997719005599,0.0,0.0,0.0020405662352553284,0.4192709357102258,0.03870114334425987,0.5643832588806416,0.49999999999999994,0.85,0.018330288554502274,0.12334547469485346,-0.020370854789757604,0.35024073245206366,5.815432669182964,1.3059859867003558,7.1214186558833195,0.0,1511.1910424020575,revised_v3_parallel,prior_similar_races_current_season_only,field_centered_bounded_no_teammate_term,jameshunt,james-hunt,march,hesketh-racing,march-731,march-731,exact_chassis,march-731,,finished,11.0,11,True,,1:17.600,True,True,9.0,4.0,5.0,True,0.44409937888198764,0.44875776397515527,0.016906609366503227,0.006996853165791098,0.04034119114978307,0.04910221171945415,0.02790408578064688,full_same_season_static_retrospective_baseline_plus_shape_distributions_v9,constructor_lineage_regulation_and_stability_shrunk,-1.3736540463683755,1502.6959696998058,1489.5366757381043,0.8880719912706407,1503.5840416910764,1510.7054603469599,b50f32e4ca26b105,0.5106690446351104,0.0608,0.3181336161187699,0.1378579003181336,0.0,0.0,0.0,0.23923444976076555,0.5669856459330144,0.1937799043062201,0.2301166489925769,0.21208907741251326,0.0,0.21208907741251326,0.21208907741251326,0.0,0.9404469826146645,0.5132657764430184,0.015691552749632225,0.006996853165791098,0.04034119114978307,0.04910221171945415,0.02790408578064688,full_same_season_static_retrospective_baseline_plus_shape_distributions_v9,constructor_lineage_regulation_and_stability_shrunk,high,baseline_plus_shape_distributions_v9,0.18528847597506912,0.008492050673981677,full_same_season_static_retrospective,1486.5788609467706,0.0,4,4,,5358.5,67.0,0.0006345059251656247,1.0,exact_seconds,,1.0,scheduled_distance_unavailable_assume_full,1497.6774649109495,0.028996314849560514,12.0,10.5,2.3463020256088143,0.0,13.0,1.0,0.22345733577226803,1.0,0.7947194142390263,0.07103435319694011,-0.006755360330596965,1.6202886678721677,1,0.07778971352753708,0.08188915219345141,0.8928571428571429,0.9747462950505943,all_field_expected_seconds_gap_residual_same_car_crossfit_v7_4,217,15,16.0,1.0666666666666667,25.6,6.4,29.866666666666667,9.6,384.0,96.0,1485.608498800548,1486.490873775413,0,1.0,1,0.9703621462227523,0.4854699195019561,0.49217041783428517,0.4825758772163091,14.521227850038375,1501.1000887968091,1501.1000887968091,1477.4485085282818,retrospective_first_five_backcast_previous_season_anchor_frozen_v7_5
cevert,1973,British Grand Prix,François Cevert,Tyrrell,Tyrrell,7,0.027375150380568376,0.8061029924418655,1966-1982_3l_and_ground_effect,67,0.4,18.959999999999997,18.959999999999997,2.932,silverstone,0.6783191369805022,open_meteo_era5_air_temperature_track_proxy,9,1973-07-14,jolpica_cross_fitted_xw_xp,0.0,5,Finished,2.0,4.2173421857512725,8,prior_same_circuit_grid_movement,finished,0.8927327165007539,True,1467.3838882722664,0.0,0.4607216648705914,-0.531011833610237,1.983216289760594,1.740923334081217,-0.23895532512460663,2.4790203622007425,0.26113850011218254,4.650939527205551,0.05626701502580384,0.6621979491681707,10.458457423291222,0.08,0.0048013617144565535,0.15519863828554345,-0.23895532512460663,2.4790203622007425,0.26113850011218254,-0.06468050988276879,0.07088477455432576,0.004999228339253844,-0.037121435447606856,0.2506238100878866,0.021507789630936042,0.6269464245274884,0.05066526852039842,0.1779673190117612,0.038215444535020314,0.06085752233873204,-0.11609855748055195,0.023653316996188917,0.001011239192477191,-0.11609855748055195,cross_fitted,season_grid_average,example_precomputed_capabilities,0.7368997719005599,-1.0408340855860843e-17,2.7755575615628914e-17,0.06186876153120923,0.8619565887987042,0.05066526852039842,0.6269464245274884,0.49999999999999994,0.85,-0.005601746505405389,-0.19975863963053353,-0.05626701502580384,0.19494490797468655,2.1585999829250655,1.3059859867003554,3.464585969625421,0.0,1470.8484742418918,revised_v3_parallel,prior_similar_races_current_season_only,field_centered_bounded_no_teammate_term,francoiscevert,francois-cevert,tyrrell,elf-team-tyrrell,,tyrrell-005|tyrrell-006,ambiguous_chassis_constructor_fallback,constructor:tyrrell,,finished,7.0,7,True,,1:17.300,True,True,5.0,5.0,0.0,True,0.44409937888198764,0.41304347826086957,0.20942140880541535,0.7476221892539905,0.040291902467133135,0.6629558424497713,0.16119916307693136,full_same_season_static_retrospective_baseline_plus_shape_distributions_v9,constructor_lineage_regulation_and_stability_shrunk,28.743491883210503,1496.1273801554769,1621.3518407466895,1.3430875966954672,1497.4704677521725,1500.9350537217979,b50f32e4ca26b105,0.5106690446351104,0.0608,0.3181336161187699,0.1378579003181336,0.0,0.0,0.0,0.23923444976076555,0.5669856459330144,0.1937799043062201,0.2301166489925769,0.21208907741251326,0.0,0.21208907741251326,0.21208907741251326,0.0,0.9404469826146645,0.5132657764430184,0.20372274709838423,0.7476221892539905,0.040291902467133135,0.6629558424497713,0.16119916307693136,full_same_season_static_retrospective_baseline_plus_shape_distributions_v9,constructor_lineage_regulation_and_stability_shrunk,high,baseline_plus_shape_distributions_v9,1.1587435640422215,0.13706164151537706,full_same_season_static_retrospective,1569.4048036536833,0.005781449268573956,5,5,,5358.5,67.0,0.006830269665018196,1.0,exact_seconds,,1.0,scheduled_distance_unavailable_assume_full,1617.0836942124843,0.045898088707572136,12.0,11.899999999999999,0.9354291662511588,1.0,13.0,1.0,0.07860749296228225,1.0,0.7947194142390263,0.024988360304713336,-0.006502060387269062,10.291003506708591,2,0.0314904206919824,0.03558985935789673,0.8571428571428572,0.8927327165007539,all_field_expected_seconds_gap_residual_same_car_crossfit_v7_4,217,15,16.0,1.0666666666666667,25.6,6.4,29.866666666666667,9.6,384.0,96.0,1568.315373350708,1484.1853249422263,0,1.0,29,1.089430302975338,0.5658075871423394,0.6222368846922449,0.270495831808509,9.091978687598694,1578.496782341282,1578.496782341282,1488.0098394910676,retrospective_first_five_backcast_previous_season_anchor_frozen_v7_5
reutemann,1973,British Grand Prix,Carlos Reutemann,Brabham,Brabham,8,0.004169942195517769,0.6268446411280671,1966-1982_3l_and_ground_effect,67,0.4,18.959999999999997,18.959999999999997,2.932,silverstone,0.6783191369805022,open_meteo_era5_air_temperature_track_proxy,9,1973-07-14,jolpica_cross_fitted_xw_xp,0.0,6,Finished,2.0,4.2173421857512725,8,prior_same_circuit_grid_movement,finished,0.8491446843348253,True,1494.022820134438,0.0,0.4866740590086093,-0.1917520818727708,0.5808835418058318,-0.6204017583557592,-0.08628843684274685,0.7261044272572897,-0.09306026375336388,4.650939527205551,0.029155533835627027,0.622248672351305,11.577037174163461,0.06,0.0,0.12582799404508693,-0.08628843684274685,0.7261044272572897,-0.09306026375336388,-0.01344011744329318,-0.01894209237884814,-0.0040380680725552,-0.011439262099315877,0.09409042082477566,-0.011464589473701638,0.6115706869635412,0.04736567278297528,0.026398809554288485,0.03264987963137022,0.013960489043326672,-0.015453414666009727,-0.02170448474309146,-0.003015094155047913,-0.015453414666009727,cross_fitted,season_grid_average,example_precomputed_capabilities,0.7368997719005599,0.0,0.0,0.010945394888278758,0.6827572562152994,0.04736567278297528,0.6115706869635412,0.49999999999999994,0.85,0.01821013894734827,-0.06050858386399438,-0.029155533835627027,0.1991798990772664,2.885505371335747,1.3059859867003554,4.191491358036102,0.0,1498.214311492474,revised_v3_parallel,prior_similar_races_current_season_only,field_centered_bounded_no_teammate_term,carlosreutemann,carlos-reutemann,brabham,motor-racing-developments,,brabham-bt37|brabham-bt42,ambiguous_chassis_constructor_fallback,constructor:brabham,,finished,8.0,8,True,,1:17.400,True,True,6.0,6.0,0.0,True,0.44409937888198764,0.37732919254658376,3.76633231290004e-05,0.4391971602668151,0.04034119114978307,0.021256791728714235,0.02577009675007247,full_same_season_static_retrospective_baseline_plus_shape_distributions_v9,constructor_lineage_regulation_and_stability_shrunk,15.91867355696263,1509.9414936914006,1543.6722472590625,1.5197801996237466,1511.4612738910243,1515.6527652490604,b50f32e4ca26b105,0.5106690446351104,0.0608,0.3181336161187699,0.1378579003181336,0.0,0.0,0.0,0.23923444976076555,0.5669856459330144,0.1937799043062201,0.2301166489925769,0.21208907741251326,0.0,0.21208907741251326,0.21208907741251326,0.0,0.9404469826146645,0.5132657764430184,0.0013580331194316126,0.4391971602668151,0.04034119114978307,0.021256791728714235,0.02577009675007247,full_same_season_static_retrospective_baseline_plus_shape_distributions_v9,constructor_lineage_regulation_and_stability_shrunk,high,baseline_plus_shape_distributions_v9,0.11926787852918284,0.0070322044392774775,full_same_season_static_retrospective,1543.2965291376145,0.14619017915142704,6,6,,5358.5,67.0,0.00834188672203042,1.0,exact_seconds,,1.0,scheduled_distance_unavailable_assume_full,1590.0204549520442,0.04136082157784426,12.0,10.5,0.5778631087284366,0.0,13.0,1.0,0.05503458178366063,1.0,0.7947194142390263,0.017494820239200227,-0.006121854001139295,6.930773837214627,3,0.023616674240339523,0.02771611290625385,0.8214285714285714,0.8491446843348253,all_field_expected_seconds_gap_residual_same_car_crossfit_v7_4,217,15,16.0,1.0666666666666667,25.6,6.4,29.866666666666667,9.6,384.0,96.0,1541.9717039207653,1485.2152772242866,0,1.0,9,1.3248252168490744,0.5406495456338083,0.6904358458338123,0.15870883850101292,6.230231658926793,1549.5267607965413,1549.5267607965413,1495.0517339591952,retrospective_first_five_backcast_previous_season_anchor_frozen_v7_5
regazzoni,1973,British Grand Prix,Clay Regazzoni,BRM,BRM,10,0.0010608449180128667,0.4337792532428943,1966-1982_3l_and_ground_effect,67,0.4,18.959999999999997,18.959999999999997,2.932,silverstone,0.6783191369805022,open_meteo_era5_air_temperature_track_proxy,9,1973-07-14,jolpica_cross_fitted_xw_xp,0.0,7,Finished,3.0,4.2173421857512725,8,prior_same_circuit_grid_movement,finished,0.8091144417117468,True,1406.9230748139655,0.0,0.40267348105808576,-1.3010096950048298,-0.7419551623487481,0.08245930759464101,-0.5854543627521734,-0.9274439529359352,0.012368896139196152,4.650939527205551,0.02152781354797705,0.5505126243830624,13.585646517274254,0.0,0.0,0.0,-0.5854543627521734,-0.9274439529359352,0.012368896139196152,-0.01185436472005887,-0.02706373093183992,-0.0008205755013269114,-0.0828585118358397,-0.11948261332682117,0.004004127900888267,0.5802631739723283,0.041397149124589895,0.0055725179631243155,0.02054312110306278,0.0019789547595947883,-0.003914039991760119,-0.018884643131698586,-0.0003204767882305918,-0.003914039991760119,cross_fitted,season_grid_average,example_precomputed_capabilities,0.7368997719005599,0.0,-2.7755575615628914e-17,0.0016584779713641965,0.3819261767105557,0.041397149124589895,0.5802631739723283,0.49999999999999994,0.85,0.019869335576612853,0.1685864476725067,-0.02152781354797705,0.23520166133122333,3.716962378810571,1.305985986700355,5.022948365510926,0.0,1411.9460231794765,revised_v3_parallel,prior_similar_races_current_season_only,field_centered_bounded_no_teammate_term,clayregazzoni,clay-regazzoni,brm,marlboro-brm,,brm-p160c|brm-p160d,ambiguous_chassis_constructor_fallback,constructor:brm,,finished,10.0,10,True,,1:17.500,True,True,8.0,7.0,1.0,True,0.44409937888198764,0.34161490683229806,-0.0761544423683186,-0.0889915290329039,0.04034119114978307,-0.24046170897034186,0.01220014252650198,full_same_season_static_retrospective_baseline_plus_shape_distributions_v9,constructor_lineage_regulation_and_stability_shrunk,66.58272731420725,1473.5058021281727,1570.065938895286,1.4758068776061757,1474.9816090057789,1480.0045573712898,b50f32e4ca26b105,0.5106690446351104,0.0608,0.3181336161187699,0.1378579003181336,0.0,0.0,0.0,0.23923444976076555,0.5669856459330144,0.1937799043062201,0.2301166489925769,0.21208907741251326,0.0,0.21208907741251326,0.21208907741251326,0.0,0.9404469826146645,0.5132657764430184,-0.0761622107070574,-0.0889915290329039,0.04034119114978307,-0.24046170897034186,0.01220014252650198,full_same_season_static_retrospective_baseline_plus_shape_distributions_v9,constructor_lineage_regulation_and_stability_shrunk,high,baseline_plus_shape_distributions_v9,-0.27510663868565033,0.00227895247765816,full_same_season_static_retrospective,1590.0107177241734,-0.08542545230383149,7,7,,5358.5,67.0,0.013380610245404498,1.0,exact_seconds,,1.0,scheduled_distance_unavailable_assume_full,1548.5767206880873,0.03526655682444197,12.0,11.899999999999999,0.890933868767959,1.0,13.0,1.0,0.07486839233344195,1.0,0.7947194142390263,0.023799745960100236,0.004499028628553404,9.33432660620762,2,0.019300717331546834,0.02340015599746116,0.7857142857142857,0.8091144417117468,all_field_expected_seconds_gap_residual_same_car_crossfit_v7_4,217,15,16.0,1.0666666666666667,25.6,6.4,29.866666666666667,9.6,384.0,96.0,1589.3028756129133,1484.1853249422263,0,1.0,30,0.7078421112601233,0.58544752853472,0.4831958604462485,0.32591858126549833,10.51080107369762,1600.521518797871,1600.521518797871,1616.3583490030023,retrospective_first_five_backcast_previous_season_anchor_frozen_v7_5
ickx,1973,British Grand Prix,Jacky Ickx,Ferrari,Ferrari,19,0.012067138845179562,0.7386967095625085,1966-1982_3l_and_ground_effect,67,0.4,18.959999999999997,18.959999999999997,2.932,silverstone,0.6783191369805022,open_meteo_era5_air_temperature_track_proxy,9,1973-07-14,jolpica_cross_fitted_xw_xp,0.0,8,Finished,11.0,4.2173421857512725,8,prior_same_circuit_grid_movement,finished,0.7417879426661598,True,1592.4958239819077,0.0,0.5820250647838278,1.0623495093992046,-0.11350067392022109,0.7401086608504955,0.4780572792296421,-0.14187584240027637,0.11101629912757432,4.650939527205551,0.013404532351815261,0.452000477928599,16.343986617999228,0.0,0.0,0.0,0.4780572792296421,-0.14187584240027637,0.11101629912757432,0.0011348257663247505,-0.01949720732613648,8.6644209423167e-06,0.08293184883941522,0.010342831054112534,0.015950232168076634,0.4356167411193584,0.022581390921249965,0.0065395601250707305,0.027457684696343816,0.00474080657125937,-0.002311886342690181,-0.023230010913963265,-0.0005131327888788203,-0.002311886342690181,cross_fitted,season_grid_average,example_precomputed_capabilities,0.7368997719005599,0.0,0.0,0.00422767378238055,0.5448416531809628,0.022581390921249965,0.4356167411193584,0.49999999999999994,0.85,0.00917685856943471,-0.0928411752523638,-0.013404532351815261,0.297999522071401,5.042282620841652,1.305985986700355,6.348268607542007,0.0,1598.8440925894497,revised_v3_parallel,prior_similar_races_current_season_only,field_centered_bounded_no_teammate_term,jackyickx,jacky-ickx,ferrari,scuderia-ferrari-spa-sefac,,ferrari-312b2|ferrari-312b3,ambiguous_chassis_constructor_fallback,constructor:ferrari,,finished,19.0,19,True,,1:18.900,True,True,11.0,8.0,3.0,True,0.44409937888198764,0.30590062111801236,0.024226191845844135,0.5825068542881559,0.04034119114978307,0.05661781456047562,0.02850975395708264,full_same_season_static_retrospective_baseline_plus_shape_distributions_v9,constructor_lineage_regulation_and_stability_shrunk,66.93206692895043,1659.4278909108582,1635.418266420391,-1.7151649895194716,1657.7127259213387,1664.0609945288807,b50f32e4ca26b105,0.5106690446351104,0.0608,0.3181336161187699,0.1378579003181336,0.0,0.0,0.0,0.23923444976076555,0.5669856459330144,0.1937799043062201,0.2301166489925769,0.21208907741251326,0.0,0.21208907741251326,0.21208907741251326,0.0,0.9404469826146645,0.5132657764430184,0.010935366605111706,0.5825068542881559,0.04034119114978307,0.05661781456047562,0.02850975395708264,full_same_season_static_retrospective_baseline_plus_shape_distributions_v9,constructor_lineage_regulation_and_stability_shrunk,high,baseline_plus_shape_distributions_v9,0.24352391466257858,0.010029366894176814,full_same_season_static_retrospective,1629.1539896160953,0.07909898174409533,8,8,,5358.5,67.0,0.014444340767005693,1.0,exact_seconds,,1.0,scheduled_distance_unavailable_assume_full,1663.7543901455354,0.05492266761746427,12.0,10.5,-0.8054115133739963,0.0,13.0,1.0,-0.07670585841657107,1.0,0.7947194142390263,-0.024383853947807618,-0.01207235794805306,4.353517147684332,1,-0.012311495999754557,-0.00821205733384023,0.75,0.7417879426661598,all_field_expected_seconds_gap_residual_same_car_crossfit_v7_4,217,15,16.0,1.0666666666666667,25.6,6.4,29.866666666666667,9.6,384.0,96.0,1630.888841255553,1488.8902888648772,0,1.0,43,-1.734851639457654,0.6220266090905898,0.7057234823392479,0.03606446032691191,3.0905355776698067,1632.244525193765,1632.244525193765,1517.1760279169691,retrospective_first_five_backcast_previous_season_anchor_frozen_v7_5
ganley,1973,British Grand Prix,Howden Ganley,Iso Marlboro,Iso Marlboro,18,0.0004738812595070076,0.3073903665534652,1966-1982_3l_and_ground_effect,67,0.4,18.959999999999997,18.959999999999997,2.932,silverstone,0.6783191369805022,open_meteo_era5_air_temperature_track_proxy,9,1973-07-14,jolpica_cross_fitted_xw_xp,0.0,9,+1 Lap,9.0,4.2173421857512725,8,prior_same_circuit_grid_movement,finished,0.7549048877855355,True,1484.241157692925,0.0,0.47713202585476777,-0.3163263098732493,-1.081472048048221,-0.4531680537965899,-0.14234683944296217,-1.3518400600602762,-0.06797520806948848,4.650939527205551,0.012510714156082868,0.4240591742576746,17.126343120785112,0.0,0.0,0.0,-0.14234683944296217,-1.3518400600602762,-0.06797520806948848,-0.0037503853680849247,-0.018508128865198467,-0.0010289768625504785,-0.011319725918687663,-0.16814107991138708,-0.004220008187531635,0.45161129636031555,0.024154459703999803,0.002129754308686989,0.01617794693652237,0.0010770340640151078,-0.001262785700521058,-0.015310978328356439,-0.00021006545584917704,-0.001262785700521058,cross_fitted,season_grid_average,example_precomputed_capabilities,0.7368997719005599,-3.469446951953614e-18,0.0,0.0008669686081659308,0.26793048234270916,0.024154459703999803,0.45161129636031555,0.49999999999999994,0.85,0.011643745547916938,0.15612869191496542,-0.012510714156082868,0.2902265400280397,4.923820580758726,1.305985986700355,6.229806567459081,0.0,1490.470964260384,revised_v3_parallel,prior_similar_races_current_season_only,field_centered_bounded_no_teammate_term,howdenganley,howden-ganley,iso-marlboro,frank-williams-racing-cars,,iso-marlboro-fx3b|iso-marlboro-ir,ambiguous_chassis_constructor_fallback,constructor:iso-marlboro,,finished,18.0,18,True,,1:18.600,True,True,10.0,9.0,1.0,True,0.44409937888198764,0.27018633540372666,-0.019723371656964937,0.0,0.0,-0.05979855465018924,0.020442745475665134,full_same_season_static_retrospective_baseline_plus_shape_distributions_v9,constructor_lineage_regulation_and_stability_shrunk,-14.570184080002143,1469.670973612923,1453.7974888213269,-0.34321953515528114,1469.3277540777678,1475.5575606452269,b50f32e4ca26b105,0.5106690446351104,0.0608,0.3181336161187699,0.1378579003181336,0.0,0.0,0.0,0.23923444976076555,0.5669856459330144,0.1937799043062201,0.2301166489925769,0.21208907741251326,0.0,0.21208907741251326,0.21208907741251326,0.0,0.9404469826146645,0.5132657764430184,-0.018470817816310662,0.0,0.0,-0.05979855465018924,0.020442745475665134,full_same_season_static_retrospective_baseline_plus_shape_distributions_v9,constructor_lineage_regulation_and_stability_shrunk,high,baseline_plus_shape_distributions_v9,0.005477422070948585,0.005080372790155829,full_same_season_static_retrospective,1458.1704326420895,0.02536802627531082,9,9,1.0,5358.5,67.0,0.014925373134328358,0.7,lap_equivalent,,1.0,scheduled_distance_unavailable_assume_full,1477.8083696493466,0.026862980537625307,11.0,7.699999999999999,0.6801675869806754,0.0,13.0,1.0,0.08833345285463318,0.9166666666666666,0.7947194142390263,0.026884671872423976,-0.009635062961482999,4.540484129966799,5,0.036519734833906976,0.040619173499821304,0.7142857142857143,0.7549048877855355,all_field_expected_seconds_gap_residual_same_car_crossfit_v7_4,217,15,16.0,1.0666666666666667,25.6,6.4,29.866666666666667,9.6,384.0,96.0,1458.581373193342,1487.1091117041938,0,1.0,19,-0.41094055125236745,0.4578617991653899,0.48205424660854135,0.2728506411769942,9.152261807431913,1467.3226944495214,1467.3226944495214,1473.9548590378913,retrospective_first_five_backcast_previous_season_anchor_frozen_v7_5
stewart,1973,British Grand Prix,Jackie Stewart,Tyrrell,Tyrrell,4,0.4773607389248044,0.9680722179908968,1966-1982_3l_and_ground_effect,67,0.4,18.959999999999997,18.959999999999997,2.932,silverstone,0.6783191369805022,open_meteo_era5_air_temperature_track_proxy,9,1973-07-14,jolpica_cross_fitted_xw_xp,0.0,10,+1 Lap,-6.0,4.2173421857512725,8,prior_same_circuit_grid_movement,finished,0.6156078274250736,True,1823.279184730759,0.0,0.7757316254858072,4.001487838138889,1.983216289760594,1.740923334081217,1.8006695271625002,2.4790203622007425,0.26113850011218254,4.650939527205551,0.35001375008975166,0.7180996074487023,8.893210991436337,0.66,0.5286946276803572,0.7913053723196428,1.8006695271625002,2.4790203622007425,0.26113850011218254,0.2858791568058585,0.27180816730572954,0.018323450833118857,0.14219615792218432,0.1526241862621843,0.014677789414256013,0.6716748874089086,0.06200836261739811,0.2178111825635435,0.23768956513598324,0.6110978484287419,0.42020795499856156,0.40032957242612177,0.026921289133363113,0.42020795499856156,cross_fitted,season_grid_average,example_precomputed_capabilities,0.7368997719005599,1.1102230246251565e-16,5.551115123125783e-17,0.638019137562105,0.9811730210075332,0.06200836261739811,0.6716748874089086,0.49999999999999994,0.85,-0.2880053874723534,-0.26307341355883096,-0.35001375008975166,-0.03952817887727367,-9.111837221944965,1.305985986700355,-7.80585123524461,0.0,1815.4733334955145,revised_v3_parallel,prior_similar_races_current_season_only,field_centered_bounded_no_teammate_term,jackiestewart,jackie-stewart,tyrrell,elf-team-tyrrell,,tyrrell-005|tyrrell-006,ambiguous_chassis_constructor_fallback,constructor:tyrrell,,finished,4.0,4,True,,1:16.700,True,True,4.0,10.0,-6.0,True,0.44409937888198764,0.23447204968944096,0.20942140880541535,0.7476221892539905,0.040291902467133135,0.6629558424497713,0.16119916307693136,full_same_season_static_retrospective_baseline_plus_shape_distributions_v9,constructor_lineage_regulation_and_stability_shrunk,88.05748748867623,1911.3366722194353,1790.2122348261162,0.17529295467848927,1911.5119651741138,1903.7061139388693,b50f32e4ca26b105,0.5106690446351104,0.0608,0.3181336161187699,0.1378579003181336,0.0,0.0,0.0,0.23923444976076555,0.5669856459330144,0.1937799043062201,0.2301166489925769,0.21208907741251326,0.0,0.21208907741251326,0.21208907741251326,0.0,0.9404469826146645,0.5132657764430184,0.20372274709838423,0.7476221892539905,0.040291902467133135,0.6629558424497713,0.16119916307693136,full_same_season_static_retrospective_baseline_plus_shape_distributions_v9,constructor_lineage_regulation_and_stability_shrunk,high,baseline_plus_shape_distributions_v9,1.1587435640422215,0.13706164151537706,full_same_season_static_retrospective,1738.057118405901,0.06308493099300219,10,10,1.0,5358.5,67.0,0.014925373134328358,0.7,lap_equivalent,,1.0,scheduled_distance_unavailable_assume_full,1810.6778108325086,0.09664227086238009,11.0,9.1,-1.6199998113656342,1.0,13.0,1.0,-0.17802195729292683,0.9166666666666666,0.7947194142390263,-0.054181759607917095,0.012881280204352249,8.972708973302357,2,-0.06706303981226934,-0.06296360114635502,0.6785714285714286,0.6156078274250736,all_field_expected_seconds_gap_residual_same_car_crossfit_v7_4,217,15,16.0,1.0666666666666667,25.6,6.4,29.866666666666667,9.6,384.0,96.0,1737.1757674301346,1481.9991428272128,0,1.0,59,0.8813509757664945,0.7164049885104193,0.8188256416304321,-0.20321781420535856,-3.0350906503563175,1735.0220277555447,1735.0220277555447,1550.006973047847,retrospective_first_five_backcast_previous_season_anchor_frozen_v7_5
beuttler,1973,British Grand Prix,Mike Beuttler,March,March,24,0.0002858848421664559,0.23342889635959843,1966-1982_3l_and_ground_effect,67,0.4,18.959999999999997,18.959999999999997,2.932,silverstone,0.6783191369805022,open_meteo_era5_air_temperature_track_proxy,9,1973-07-14,jolpica_cross_fitted_xw_xp,0.0,11,+2 Laps,13.0,4.2173421857512725,8,prior_same_circuit_grid_movement,finished,0.6565286648360078,True,1503.639263691414,0.0,0.49606129364348167,-0.0692819967125661,-0.7601447237487452,-1.0421481635392846,-0.031176898520654747,-0.9501809046859315,-0.1563222245308927,4.650939527205551,0.008487239173756501,0.3438719669293713,19.371584925977604,0.0,0.0,0.0,-0.031176898520654747,-0.9501809046859315,-0.1563222245308927,-0.0020895840780048437,-0.01204667817183111,-0.0011405793273549152,0.0057267052376758125,-0.08585863459062404,-0.013360971849767015,0.35789590210977856,0.016125659962351935,0.0019429601044526654,0.011170919239848903,0.001107963463977746,-0.001094141719291602,-0.010322100854687839,-0.0002591450788166827,-0.001094141719291602,cross_fitted,season_grid_average,example_precomputed_capabilities,0.7368997719005599,-1.734723475976807e-18,-1.3877787807814457e-17,0.0008488183851610633,0.2644030009070633,0.016125659962351935,0.35789590210977856,0.49999999999999994,0.85,0.007638420788595438,0.07946896602230796,-0.008487239173756501,0.2989851759277715,5.178039426529732,1.3059859867003558,6.484025413230087,0.0,1510.123289104644,revised_v3_parallel,prior_similar_races_current_season_only,field_centered_bounded_no_teammate_term,mikebeuttler,mike-beuttler,march,clarke-mordaunt-guthrie-racing,,march-721g|march-731,ambiguous_chassis_constructor_fallback,constructor:march,,finished,24.0,24,True,,1:20.100,True,True,13.0,11.0,2.0,True,0.44409937888198764,0.19875776397515516,-0.2874783533441164,0.006996853165791098,0.04034119114978307,-0.8924067106297853,0.0018941072690949123,full_same_season_static_retrospective_baseline_plus_shape_distributions_v9,constructor_lineage_regulation_and_stability_shrunk,-36.114589958700186,1467.5246737327138,1338.949810872207,-1.0398827979656153,1466.4847909347482,1472.9688163479782,b50f32e4ca26b105,0.5106690446351104,0.0608,0.3181336161187699,0.1378579003181336,0.0,0.0,0.0,0.23923444976076555,0.5669856459330144,0.1937799043062201,0.2301166489925769,0.21208907741251326,0.0,0.21208907741251326,0.21208907741251326,0.0,0.9404469826146645,0.5132657764430184,-0.2868574124922071,0.006996853165791098,0.04034119114978307,-0.8924067106297853,0.0018941072690949123,full_same_season_static_retrospective_baseline_plus_shape_distributions_v9,constructor_lineage_regulation_and_stability_shrunk,high,baseline_plus_shape_distributions_v9,-1.3084018129746027,0.00011900901543623942,full_same_season_static_retrospective,1409.239538610747,0.061667463190727724,11,11,2.0,5358.5,67.0,0.029850746268656716,0.7,lap_equivalent,,1.0,scheduled_distance_unavailable_assume_full,1366.6223531089522,0.0175159277729975,12.0,8.399999999999999,0.2931017436565426,0.0,13.0,1.0,0.034893064721016984,1.0,0.7947194142390263,0.011092078382436421,0.0015199950694857198,0.4404740820470344,1,0.009572083312950702,0.01367152197886503,0.6428571428571428,0.6565286648360078,all_field_expected_seconds_gap_residual_same_car_crossfit_v7_4,217,15,16.0,1.0666666666666667,25.6,6.4,29.866666666666667,9.6,384.0,96.0,1410.34234772259,1487.1091117041938,0,1.0,9,-1.102809111842928,0.41092131133680626,0.41161269815906265,0.24491596667694515,8.437134140230658,1417.6766727509778,1417.6766727509778,1440.2571913101892,retrospective_first_five_backcast_previous_season_anchor_frozen_v7_5
lauda,1973,British Grand Prix,Niki Lauda,BRM,BRM,9,0.0007923941200188678,0.3878199927193998,1966-1982_3l_and_ground_effect,67,0.4,18.959999999999997,18.959999999999997,2.932,silverstone,0.6783191369805022,open_meteo_era5_air_temperature_track_proxy,9,1973-07-14,jolpica_cross_fitted_xw_xp,0.0,12,+4 Laps,-3.0,4.2173421857512725,8,prior_same_circuit_grid_movement,finished,0.49920033939788,True,1502.7674841544451,0.0,0.4952101943379644,-0.08038453306094982,-0.7419551623487481,0.08245930759464101,-0.03617303987742742,-0.9274439529359352,0.012368896139196152,4.650939527205551,0.023437580292274704,0.5758992899473071,12.874819881475402,0.0,0.0,0.0,-0.03617303987742742,-0.9274439529359352,0.012368896139196152,-0.00609000846420307,-0.034549329288301456,-0.0010474307201511499,0.0003401070355878537,-0.13770906518960083,0.00335668243144314,0.5960011313056927,0.04428096452860254,0.00596071167890001,0.033812997705390396,0.0030944354193289153,-0.003366515622953149,-0.031218801649443535,-0.0005002393633820549,-0.003366515622953149,cross_fitted,season_grid_average,example_precomputed_capabilities,0.7368997719005599,-6.938893903907228e-18,-2.7755575615628914e-17,0.0025941960559468604,0.4619888555831228,0.04428096452860254,0.5960011313056927,0.49999999999999994,0.85,0.020843384236327842,0.1139104343641843,-0.023437580292274704,0.031243567195550104,-0.00011771749469102755,1.3059859867003554,1.3058682692056642,0.0,1504.0733524236507,revised_v3_parallel,prior_similar_races_current_season_only,field_centered_bounded_no_teammate_term,nikilauda,niki-lauda,brm,marlboro-brm,,brm-p160c|brm-p160d,ambiguous_chassis_constructor_fallback,constructor:brm,,finished,9.0,9,True,,1:17.400,True,True,7.0,12.0,-5.0,True,0.44409937888198764,0.16304347826086957,-0.0761544423683186,-0.0889915290329039,0.04034119114978307,-0.24046170897034186,0.01220014252650198,full_same_season_static_retrospective_baseline_plus_shape_distributions_v9,constructor_lineage_regulation_and_stability_shrunk,-24.37133815248604,1478.396146001959,1445.3408483626017,1.6626376187392542,1480.0587836206983,1481.3646518899038,b50f32e4ca26b105,0.5106690446351104,0.0608,0.3181336161187699,0.1378579003181336,0.0,0.0,0.0,0.23923444976076555,0.5669856459330144,0.1937799043062201,0.2301166489925769,0.21208907741251326,0.0,0.21208907741251326,0.21208907741251326,0.0,0.9404469826146645,0.5132657764430184,-0.0761622107070574,-0.0889915290329039,0.04034119114978307,-0.24046170897034186,0.01220014252650198,full_same_season_static_retrospective_baseline_plus_shape_distributions_v9,constructor_lineage_regulation_and_stability_shrunk,high,baseline_plus_shape_distributions_v9,-0.27510663868565033,0.00227895247765816,full_same_season_static_retrospective,1466.2754894831396,0.0513525994991207,12,12,4.0,5358.5,67.0,0.05970149253731343,0.7,lap_equivalent,,1.0,scheduled_distance_unavailable_assume_full,1475.6722614308032,0.02664318377908544,12.0,9.799999999999999,-3.206686527680417,1.0,13.0,1.0,-0.3272129109877977,1.0,0.7947194142390263,-0.10401698118066768,0.008024975230223812,11.58634272580468,2,-0.1120419564108915,-0.10794251774497718,0.6071428571428572,0.49920033939788,all_field_expected_seconds_gap_residual_same_car_crossfit_v7_4,217,15,16.0,1.0666666666666667,25.6,6.4,29.866666666666667,9.6,384.0,96.0,1464.577785080229,1487.1091117041938,0,1.0,12,1.6977044029107382,0.4657222357340519,0.5019983772776287,-0.0027980378797487493,2.095655623579294,1468.3711451067188,1468.3711451067188,1492.3709337177127,retrospective_first_five_backcast_previous_season_anchor_frozen_v7_5
opel,1973,British Grand Prix,Rikky von Opel,Ensign,Ensign,21,0.006383531451294912,0.6756004867500834,1966-1982_3l_and_ground_effect,67,0.4,18.959999999999997,18.959999999999997,2.932,silverstone,0.6783191369805022,open_meteo_era5_air_temperature_track_proxy,9,1973-07-14,jolpica_cross_fitted_xw_xp,0.0,13,+6 Laps,8.0,4.2173421857512725,8,prior_same_circuit_grid_movement,finished,0.4312347209902694,True,1500.2230640675773,0.0,0.49272618346405317,-0.11278896021489326,-1.170848109337062,2.160191974077358,-0.05075503209670197,-1.4635601366713273,0.3240287961116037,0.5475626853436448,0.010281341248587789,0.3824047254256733,18.29266768808115,0.0,0.0,0.0,-0.05075503209670197,-1.4635601366713273,0.3240287961116037,-0.002712489316813802,-0.017699684973814807,0.001503013468241176,0.002216636919840642,-0.18517075695821308,0.03899316491414588,0.4039988686943073,0.019735921659781504,0.001915219349325416,0.017960113699927182,0.0008450390855538665,-0.0010884585119313472,-0.017133352862533112,-1.827824815979766e-05,-0.0010884585119313472,cross_fitted,season_grid_average,example_precomputed_capabilities,0.6794222614674288,0.0,0.0,0.0008267608373940689,0.2600379135700807,0.019735921659781504,0.4039988686943073,0.49999999999999994,0.85,0.00945458041119372,0.12236681185559256,-0.010281341248587789,0.18902384600289812,3.1556770380860595,1.305985986700355,4.461663024786414,0.0,1504.6847270923638,revised_v3_parallel,prior_similar_races_current_season_only,field_centered_bounded_no_teammate_term,rikkyvonopel,rikky-von-opel,ensign,team-ensign,ensign-n173,ensign-n173,exact_chassis,ensign-n173,,finished,21.0,21,True,,1:19.200,True,True,12.0,13.0,-1.0,True,0.44409937888198764,0.12732919254658376,-0.033557625948930386,0.0,0.0,-0.10864150949860527,0.017780045257859787,full_same_season_static_retrospective_baseline_plus_shape_distributions_v9,constructor_lineage_regulation_and_stability_shrunk,-2.8299933608953793,1497.393070706682,1448.7061211570383,-1.1109761082468177,1496.2820945984352,1500.7437576232217,b50f32e4ca26b105,0.5106690446351104,0.0608,0.3181336161187699,0.1378579003181336,0.0,0.0,0.0,0.23923444976076555,0.5669856459330144,0.1937799043062201,0.2301166489925769,0.21208907741251326,0.0,0.21208907741251326,0.21208907741251326,0.0,0.9404469826146645,0.5132657764430184,-0.033557625948930386,0.0,0.0,-0.10864150949860527,0.017780045257859787,full_same_season_static_retrospective_baseline_plus_shape_distributions_v9,constructor_lineage_regulation_and_stability_shrunk,high,baseline_plus_shape_distributions_v9,-0.06514927760575183,0.0041520163025212916,full_same_season_static_retrospective,1456.331810168835,0.0,13,13,6.0,5358.5,67.0,0.08955223880597014,0.7,lap_equivalent,,1.0,scheduled_distance_unavailable_assume_full,1471.0749908174423,0.026176224572366673,12.0,8.399999999999999,-3.8128665500012144,0.0,13.0,1.0,-0.45391268452395417,1.0,0.7947194142390263,-0.14429328910421632,0.0,0.0,0,-0.14429328910421632,-0.140193850438302,0.5714285714285714,0.4312347209902694,all_field_expected_seconds_gap_residual_same_car_crossfit_v7_4,217,15,16.0,1.0666666666666667,25.6,6.4,29.866666666666667,9.6,384.0,96.0,1457.3974419169267,1486.490873775413,0,1.0,1,-1.0656317480916462,0.45608109451894263,0.4512180490602008,-0.019983328069931416,1.6557121947106175,1457.9875223635456,1457.9875223635456,1463.7631835492496,retrospective_first_five_backcast_previous_season_anchor_frozen_v7_5
wilson_fittipaldi,1973,British Grand Prix,Wilson Fittipaldi,Brabham,Brabham,13,0.002190990078777384,0.5423892554587643,1966-1982_3l_and_ground_effect,67,0.4,18.959999999999997,18.959999999999997,2.932,silverstone,0.6783191369805022,open_meteo_era5_air_temperature_track_proxy,9,1973-07-14,jolpica_cross_fitted_xw_xp,0.0,14,Oil leak,-1.0,4.2173421857512725,8,prior_same_circuit_grid_movement,mechanical,,False,1489.2616090978129,0.0,0.4820282772318129,-0.2523884197939958,0.5808835418058318,-0.6204017583557592,-0.11357478890729811,0.7261044272572897,-0.09306026375336388,4.650939527205551,0.02073053593644779,0.547630311314472,13.666351283194782,0.0,0.0,0.0,-0.11357478890729811,0.7261044272572897,-0.09306026375336388,-0.009963505549935659,-0.013368654311013263,-0.0028556332851405975,-0.013545838598211067,0.1262757375530631,-0.010578065974307493,0.5323075363673904,0.03382443250949255,0.018851727414308433,0.02282511046308296,0.009739044259890039,-0.011215088050905408,-0.015188471099679935,-0.0021024048964870135,-0.011215088050905408,cross_fitted,season_grid_average,example_precomputed_capabilities,0.7368997719005599,-3.469446951953614e-18,0.0,0.007636639363403025,0.6344593693479349,0.03382443250949255,0.5323075363673904,0.49999999999999994,0.85,0.013093896573044763,-0.08682905803346286,-0.02073053593644779,,0.0,0.0,0.0,0.0,1489.2616090978129,revised_v3_parallel,prior_similar_races_current_season_only,field_centered_bounded_no_teammate_term,wilsonfittipaldi,wilson-fittipaldi,brabham,motor-racing-developments,,brabham-bt37|brabham-bt42,ambiguous_chassis_constructor_fallback,constructor:brabham,Oil leak,mechanical,13.0,13,True,,1:18.100,True,False,,,,False,0.44409937888198764,,3.76633231290004e-05,0.4391971602668151,0.04034119114978307,0.021256791728714235,0.02577009675007247,full_same_season_static_retrospective_baseline_plus_shape_distributions_v9,constructor_lineage_regulation_and_stability_shrunk,-11.989074400056685,1477.272534697756,1517.1810939031855,0.6337300417767802,1477.9062647395328,1477.9062647395328,b50f32e4ca26b105,0.5106690446351104,0.0608,0.3181336161187699,0.1378579003181336,0.0,0.0,0.0,0.23923444976076555,0.5669856459330144,0.1937799043062201,0.2301166489925769,0.21208907741251326,0.0,0.21208907741251326,0.21208907741251326,0.0,0.9404469826146645,0.5132657764430184,0.0013580331194316126,0.4391971602668151,0.04034119114978307,0.021256791728714235,0.02577009675007247,full_same_season_static_retrospective_baseline_plus_shape_distributions_v9,constructor_lineage_regulation_and_stability_shrunk,high,baseline_plus_shape_distributions_v9,0.11926787852918284,0.0070322044392774775,full_same_season_static_retrospective,1515.8243002004224,-0.03642436120045562,14,DNF,,5358.5,67.0,,0.0,unavailable,,1.0,scheduled_distance_unavailable_assume_full,1515.7888346072714,0.03108818557540582,0.0,0.0,0.0,0.0,,0.0,,0.0,0.0,0.0,0.009451396430222777,10.663668479019579,3,-0.009451396430222777,0.0,,,all_field_expected_seconds_gap_residual_same_car_crossfit_v7_4,217,15,16.0,1.0666666666666667,25.6,6.4,29.866666666666667,9.6,384.0,96.0,1515.4805505648883,1485.2152772242866,0,1.0,8,0.3437496355339868,0.5139644832004568,0.4816185326154045,,0.0,1515.8243002004224,1515.8243002004224,1551.7234328718932,retrospective_first_five_backcast_previous_season_anchor_frozen_v7_5
emerson_fittipaldi,1973,British Grand Prix,Emerson Fittipaldi,Team Lotus,Team Lotus,5,0.16582869865162175,0.9212515122068293,1966-1982_3l_and_ground_effect,67,0.4,18.959999999999997,18.959999999999997,2.932,silverstone,0.6783191369805022,open_meteo_era5_air_temperature_track_proxy,9,1973-07-14,jolpica_cross_fitted_xw_xp,0.0,15,Transmission,-10.0,4.2173421857512725,8,prior_same_circuit_grid_movement,mechanical,,False,1703.9836615952647,0.0,0.6830196372366577,2.4822013377739434,1.081358686406616,0.9156885282683138,1.1169906019982745,1.35169835800827,0.13735327924024707,4.650939527205551,0.07063019607873294,0.6911987628434177,9.646434640384303,0.02,0.0,0.05880602015151773,1.1169906019982745,1.35169835800827,0.13735327924024707,0.038150953330133935,-0.011504859813327535,-0.001325788101849713,0.11945589873188878,0.10043554283913464,0.007961900070705352,0.6570207615971585,0.057970043371254575,0.06634334996846111,0.11877671765996627,0.09018958281463654,0.01694699881775015,-0.035486368873755,-0.00689923402842528,0.01694699881775015,cross_fitted,season_grid_average,example_precomputed_capabilities,0.7368997719005599,0.0,0.0,0.08329034878621126,0.8848741032388873,0.057970043371254575,0.6570207615971585,0.49999999999999994,0.85,-0.01266015270747832,-0.19367534039546952,-0.07063019607873294,,0.0,0.0,0.0,0.0,1703.9836615952647,revised_v3_parallel,prior_similar_races_current_season_only,field_centered_bounded_no_teammate_term,emersonfittipaldi,emerson-fittipaldi,lotus,john-player-team-lotus,,lotus-72d|lotus-72e,ambiguous_chassis_constructor_fallback,constructor:lotus,Transmission,mechanical,5.0,5,True,,1:16.700,True,False,,,,False,0.44409937888198764,,0.22080358732487082,0.8684909669339622,0.04034119114978307,0.7507109082139017,0.20713471890748616,full_same_season_static_retrospective_baseline_plus_shape_distributions_v9,constructor_lineage_regulation_and_stability_shrunk,20.33889139847153,1724.3225529937363,1649.2069426334344,0.6065967145629735,1724.9291497082993,1724.9291497082993,b50f32e4ca26b105,0.5106690446351104,0.0608,0.3181336161187699,0.1378579003181336,0.0,0.0,0.0,0.23923444976076555,0.5669856459330144,0.1937799043062201,0.2301166489925769,0.21208907741251326,0.0,0.21208907741251326,0.21208907741251326,0.0,0.9404469826146645,0.5132657764430184,0.23041497372897435,0.8684909669339622,0.04034119114978307,0.7507109082139017,0.20713471890748616,full_same_season_static_retrospective_baseline_plus_shape_distributions_v9,constructor_lineage_regulation_and_stability_shrunk,high,baseline_plus_shape_distributions_v9,1.2192660910268829,0.16293514991749497,full_same_season_static_retrospective,1590.5363984603864,0.141450499449855,15,DNF,,5358.5,67.0,,0.0,unavailable,,1.0,scheduled_distance_unavailable_assume_full,1686.6837572952418,0.05998628940301105,0.0,0.0,0.0,0.0,,0.0,,0.0,0.0,0.0,0.0159012240603061,6.0689471880993295,1,-0.0159012240603061,0.0,,,all_field_expected_seconds_gap_residual_same_car_crossfit_v7_4,217,15,16.0,1.0666666666666667,25.6,6.4,29.866666666666667,9.6,384.0,96.0,1589.1500699763224,1484.1853249422263,0,1.0,26,1.3863284840641241,0.5859455268379146,0.7831775629811434,,0.0,1590.5363984603864,1590.5363984603864,1473.8522371912575,retrospective_first_five_backcast_previous_season_anchor_frozen_v7_5
watson,1973,British Grand Prix,John Watson,Brabham,Brabham,23,0.0011548132549328118,0.4470088518800189,1966-1982_3l_and_ground_effect,67,0.4,18.959999999999997,18.959999999999997,2.932,silverstone,0.6783191369805022,open_meteo_era5_air_temperature_track_proxy,9,1973-07-14,jolpica_cross_fitted_xw_xp,0.0,16,Fuel system,7.0,4.2173421857512725,8,prior_same_circuit_grid_movement,mechanical,,False,1500.0,0.0,0.49250842153130786,-0.11562978959121249,0.5808835418058318,-0.6204017583557592,-0.052033405316045625,0.7261044272572897,-0.09306026375336388,4.650939527205551,0.010676498972441807,0.39809701452237384,17.853283593373533,0.0,0.0,0.0,-0.052033405316045625,0.7261044272572897,-0.09306026375336388,-0.00465444569550552,-0.007001639441584694,-0.0014889339019571323,-0.0004011612195409612,0.17591850919965668,-0.008561087647701396,0.37305357547251167,0.01724900849196548,0.009613571673859338,0.012211701413677082,0.005235337152849601,-0.005509582220941205,-0.00810771196075895,-0.0011313476999314682,-0.005509582220941205,cross_fitted,season_grid_average,example_precomputed_capabilities,0.7368997719005599,0.0,2.7755575615628914e-17,0.004103989452918132,0.540009835804926,0.01724900849196548,0.37305357547251167,0.49999999999999994,0.85,0.006572509519523675,-0.14191282128255217,-0.010676498972441807,,0.0,0.0,0.0,0.0,1500.0,revised_v3_parallel,prior_similar_races_current_season_only,field_centered_bounded_no_teammate_term,johnwatson,john-watson,brabham,hexagon-of-highgate,brabham-bt37,brabham-bt37,exact_chassis,brabham-bt37,Fuel system,mechanical,23.0,23,True,,1:20.100,True,False,,,,False,0.44409937888198764,,0.0,0.4391971602668151,0.04034119114978307,0.017030697953220413,0.025460805369874977,full_same_season_static_retrospective_baseline_plus_shape_distributions_v9,constructor_lineage_regulation_and_stability_shrunk,0.0,1500.0,1464.458163545231,-1.637979052889166,1498.3620209471108,1498.3620209471108,b50f32e4ca26b105,0.5106690446351104,0.0608,0.3181336161187699,0.1378579003181336,0.0,0.0,0.0,0.23923444976076555,0.5669856459330144,0.1937799043062201,0.2301166489925769,0.21208907741251326,0.0,0.21208907741251326,0.21208907741251326,0.0,0.9404469826146645,0.5132657764430184,0.0,0.4391971602668151,0.04034119114978307,0.017030697953220413,0.025460805369874977,full_same_season_static_retrospective_baseline_plus_shape_distributions_v9,constructor_lineage_regulation_and_stability_shrunk,high,baseline_plus_shape_distributions_v9,0.11908305553560795,0.0070284919536507656,full_same_season_static_retrospective,1461.4768165093774,0.0,16,DNF,,5358.5,67.0,,0.0,unavailable,,1.0,scheduled_distance_unavailable_assume_full,1486.8805874750578,0.027816859565975596,0.0,0.0,0.0,0.0,,0.0,,0.0,0.0,0.0,0.0,0.0,0,0.0,0.0,,,all_field_expected_seconds_gap_residual_same_car_crossfit_v7_4,217,15,16.0,1.0666666666666667,25.6,6.4,29.866666666666667,9.6,384.0,96.0,1463.0957077089734,1486.490873775413,0,1.0,0,-1.6188911995960291,0.46106637755845536,0.4657003038053301,,0.0,1461.4768165093774,1461.4768165093774,1463.0957077089734,retrospective_first_five_backcast_previous_season_anchor_frozen_v7_5
hill,1973,British Grand Prix,Graham Hill,Shadow,Shadow,27,0.00022237916106153754,0.19990691311118144,1966-1982_3l_and_ground_effect,67,0.4,18.959999999999997,18.959999999999997,2.932,silverstone,0.6783191369805022,open_meteo_era5_air_temperature_track_proxy,9,1973-07-14,jolpica_cross_fitted_xw_xp,0.0,17,Chassis,10.0,4.2173421857512725,8,prior_same_circuit_grid_movement,other,0.4285714285714286,False,1554.2534157240884,0.0,0.545329549663296,0.5753138430099533,-0.09500819617657298,-0.6684205507928422,0.25889122935447895,-0.11876024522071622,-0.10026308261892633,3.334024979345794,0.007523307806422024,0.32740754101318525,19.832588851630813,0.0,0.0,0.0,0.25889122935447895,-0.11876024522071622,-0.10026308261892633,-0.0007550264041051262,-0.009585853435132503,-0.000964140281385162,0.04990789065251473,0.047749927023125326,-0.007964437808996175,0.31395353403318865,0.013175817866733419,0.0034371846152570643,0.01183322380782199,0.002387268990492226,-0.0015663868691464388,-0.009962426061711365,-0.0005164712443816006,-0.0015663868691464388,cross_fitted,season_grid_average,example_precomputed_capabilities,0.7279480806839782,-1.734723475976807e-18,0.0,0.0018707977461106255,0.40364691389983254,0.013175817866733419,0.31395353403318865,0.49999999999999994,0.85,0.005652510060311398,-0.07623937288664728,-0.007523307806422024,0.10116388755824335,0.0,0.0,0.0,0.0,1554.2534157240884,revised_v3_parallel,prior_similar_races_current_season_only,field_centered_bounded_no_teammate_term,grahamhill,graham-hill,shadow,embassy-racing,shadow-dn1,shadow-dn1,exact_chassis,shadow-dn1,Chassis,other,27.0,27,True,,1:20.500,True,False,,,,False,0.44409937888198764,,-0.15857932772491473,0.0,0.0,-0.5029443266004782,0.005763225485419675,full_same_season_static_retrospective_baseline_plus_shape_distributions_v9,constructor_lineage_regulation_and_stability_shrunk,25.216198672375295,1579.4696143964636,1470.0877432083967,-2.5727288379057,1576.8968855585579,1576.8968855585579,b50f32e4ca26b105,0.5106690446351104,0.0608,0.3181336161187699,0.1378579003181336,0.0,0.0,0.0,0.23923444976076555,0.5669856459330144,0.1937799043062201,0.2301166489925769,0.21208907741251326,0.0,0.21208907741251326,0.21208907741251326,0.0,0.9404469826146645,0.5132657764430184,-0.15535146430759228,0.0,0.0,-0.5029443266004782,0.005763225485419675,full_same_season_static_retrospective_baseline_plus_shape_distributions_v9,constructor_lineage_regulation_and_stability_shrunk,high,baseline_plus_shape_distributions_v9,-0.7034106539005763,0.0006703134367199975,full_same_season_static_retrospective,1507.7556778326903,0.03523281257098883,17,DNF,,5358.5,67.0,,0.0,unavailable,,1.0,scheduled_distance_unavailable_assume_full,1485.8026240414192,0.027701769246710313,0.0,0.0,0.0,0.0,,0.0,,0.0,0.0,0.0,-0.006761837686894079,8.289990787272615,2,0.006761837686894079,0.0,0.4285714285714286,0.4285714285714286,all_field_expected_seconds_gap_residual_same_car_crossfit_v7_4,217,15,16.0,1.0666666666666667,25.6,6.4,29.866666666666667,9.6,384.0,96.0,1510.323289336435,1494.4707977241642,0,1.0,93,-2.567611503744714,0.5061051716497827,0.5054039180839222,-0.07683248951249355,0.0,1507.7556778326903,1507.7556778326903,1438.3262426072108,retrospective_first_five_backcast_previous_season_anchor_frozen_v7_5
amon,1973,British Grand Prix,Chris Amon,Tecno,Tecno,29,8.370575534249711e-05,0.0961798240815063,1966-1982_3l_and_ground_effect,67,0.4,18.959999999999997,18.959999999999997,2.932,silverstone,0.6783191369805022,open_meteo_era5_air_temperature_track_proxy,9,1973-07-14,jolpica_cross_fitted_xw_xp,0.0,18,Fuel system,11.0,4.2173421857512725,8,prior_same_circuit_grid_movement,mechanical,,False,1422.0987450498717,0.0,0.41707774592957,-1.1077401546448329,-0.11761909680454774,-0.5604617520564841,-0.4984830695901748,-0.14702387100568468,-0.08406926280847261,1.0255371854684783,0.0062084003857208895,0.2843768253729879,21.037448889556337,0.0,0.0,0.0,-0.4984830695901748,-0.14702387100568468,-0.08406926280847261,-0.0035619276389383466,-0.006441411911856636,-0.0006109395725535506,-0.05912851927710491,0.05218690795420377,-0.004745972900130207,0.2861299630064426,0.011515539947395155,0.00295740422290811,0.0057868476658415775,0.0011350186245916078,-0.002056143398861487,-0.004885586841794955,-0.00023375780054498525,-0.002056143398861487,cross_fitted,season_grid_average,example_precomputed_capabilities,0.6946047231936128,0.0,6.938893903907228e-18,0.0009012608240466226,0.27444237878341127,0.011515539947395155,0.2861299630064426,0.49999999999999994,0.85,0.005307139561674267,0.009934446589576651,-0.0062084003857208895,,0.0,0.0,0.0,0.0,1422.0987450498717,revised_v3_parallel,prior_similar_races_current_season_only,field_centered_bounded_no_teammate_term,chrisamon,chris-amon,tecno,martini-racing-team,tecno-pa123-6,tecno-pa123-6,exact_chassis,tecno-pa123-6,Fuel system,mechanical,29.0,29,True,,1:21.000,True,False,,,,False,0.44409937888198764,,0.339572192513369,-2.0004733150033043,0.039312662621456634,0.9820989169169223,0.40120719669435984,full_same_season_static_retrospective_baseline_plus_shape_distributions_v9,constructor_lineage_regulation_and_stability_shrunk,95.66612635480071,1517.7648714046725,1651.999972309364,-3.723345271839672,1514.0415261328328,1514.0415261328328,b50f32e4ca26b105,0.5106690446351104,0.0608,0.3181336161187699,0.1378579003181336,0.0,0.0,0.0,0.23923444976076555,0.5669856459330144,0.1937799043062201,0.2301166489925769,0.21208907741251326,0.0,0.21208907741251326,0.21208907741251326,0.0,0.9404469826146645,0.5132657764430184,0.339572192513369,-2.0004733150033043,0.039312662621456634,0.9820989169169223,0.40120719669435984,full_same_season_static_retrospective_baseline_plus_shape_distributions_v9,constructor_lineage_regulation_and_stability_shrunk,high,baseline_plus_shape_distributions_v9,1.6944957437236352,0.6334311272922424,full_same_season_static_retrospective,1569.3168348521706,-0.026141684060098196,18,DNF,,5358.5,67.0,,0.0,unavailable,,1.0,scheduled_distance_unavailable_assume_full,1653.3831475491263,0.05277495588915529,0.0,0.0,0.0,0.0,,0.0,,0.0,0.0,0.0,0.0,0.0,0,0.0,0.0,,,all_field_expected_seconds_gap_residual_same_car_crossfit_v7_4,217,15,16.0,1.0666666666666667,25.6,6.4,29.866666666666667,9.6,384.0,96.0,1573.4320589560102,1483.935938936164,0,1.0,46,-4.115224103839694,0.5657232837943755,0.6131827275923735,,0.0,1569.3168348521706,1569.3168348521706,1462.1490530247306,retrospective_first_five_backcast_previous_season_anchor_frozen_v7_5
scheckter,1973,British Grand Prix,Jody Scheckter,McLaren,McLaren,6,0.006737259825721413,0.6813818928643219,1966-1982_3l_and_ground_effect,67,0.4,18.959999999999997,18.959999999999997,2.932,silverstone,0.6783191369805022,open_meteo_era5_air_temperature_track_proxy,9,1973-07-14,jolpica_cross_fitted_xw_xp,0.0,19,Collision,-13.0,4.2173421857512725,8,prior_same_circuit_grid_movement,driver_fault,0.0,True,1479.9267275593995,0.0,0.4729270170831864,-0.37127267572461636,1.3785079015095265,1.4036663645334928,-0.16707270407607736,1.7231348768869081,0.2105499546800239,4.650939527205551,0.044501368642541714,0.66744699098555,10.311484252404599,0.04,0.0,0.09431711332536,-0.16707270407607736,1.7231348768869081,0.2105499546800239,-0.03574830946392979,0.014354502614387428,0.002007101594427132,-0.026487083522392926,0.17796214185696926,0.017477562300947824,0.6421040978902214,0.05419472127009932,0.09167653661334826,0.042007143124929085,0.0359592364337368,-0.05686852059836417,-0.00719912710994499,-0.0011512204187527075,-0.05686852059836417,cross_fitted,season_grid_average,example_precomputed_capabilities,0.7368997719005599,3.469446951953614e-18,2.7755575615628914e-17,0.034808016014984094,0.8110567185257456,0.05419472127009932,0.6421040978902214,0.49999999999999994,0.85,0.00969335262755762,-0.14360972754019552,-0.044501368642541714,-0.66744699098555,-13.082078685160901,1.305985986700355,-11.776092698460547,0.0,1468.150634860939,revised_v3_parallel,prior_similar_races_current_season_only,field_centered_bounded_no_teammate_term,jodyscheckter,jody-scheckter,mclaren,yardley-team-mclaren,,mclaren-m19a|mclaren-m19c|mclaren-m23,ambiguous_chassis_constructor_fallback,constructor:mclaren,Collision,driver_fault,6.0,6,True,,1:16.900,True,False,,,,True,0.44409937888198764,-0.44409937888198764,0.06894931826857353,1.164894102135904,0.04034119114978307,0.27727806170946084,0.053554730009099064,full_same_season_static_retrospective_baseline_plus_shape_distributions_v9,constructor_lineage_regulation_and_stability_shrunk,6.18030268143141,1486.107030240831,1450.0965977566482,1.9173044081222472,1488.024334648953,1476.2482419504925,b50f32e4ca26b105,0.5106690446351104,0.0608,0.3181336161187699,0.1378579003181336,0.0,0.0,0.0,0.23923444976076555,0.5669856459330144,0.1937799043062201,0.2301166489925769,0.21208907741251326,0.0,0.21208907741251326,0.21208907741251326,0.0,0.9404469826146645,0.5132657764430184,0.0745864008675709,1.164894102135904,0.04034119114978307,0.27727806170946084,0.053554730009099064,full_same_season_static_retrospective_baseline_plus_shape_distributions_v9,constructor_lineage_regulation_and_stability_shrunk,high,baseline_plus_shape_distributions_v9,0.48557422613071627,0.020027168910834746,full_same_season_static_retrospective,1430.2688245803567,0.0,26,DNF,,5358.5,67.0,,0.0,unavailable,,1.0,scheduled_distance_unavailable_assume_full,1463.3428824404912,0.025409234255825846,0.0,0.0,0.0,0.0,,0.0,,0.0,0.0,0.0,0.0017281112266168373,18.42599734848507,3,-0.0017281112266168373,0.0,0.0,0.0,all_field_expected_seconds_gap_residual_same_car_crossfit_v7_4,217,15,16.0,1.0666666666666667,25.6,6.4,29.866666666666667,9.6,384.0,96.0,1427.9143528198913,1485.2152772242866,0,1.0,2,2.3544717604654797,0.43096437048266395,0.4557953544131198,-0.4557953544131198,-9.501075679675006,1420.7677489006817,1420.7677489006817,1425.3139198405268,retrospective_first_five_backcast_previous_season_anchor_frozen_v7_5
hailwood,1973,British Grand Prix,Mike Hailwood,Surtees,Surtees,12,0.0005956863384400744,0.3428400366912827,1966-1982_3l_and_ground_effect,67,0.4,18.959999999999997,18.959999999999997,2.932,silverstone,0.6783191369805022,open_meteo_era5_air_temperature_track_proxy,9,1973-07-14,jolpica_cross_fitted_xw_xp,0.0,20,Collision,-8.0,4.2173421857512725,8,prior_same_circuit_grid_movement,driver_fault,0.0,True,1459.816505025751,0.0,0.4533760578487139,-0.6273861392617622,-1.1572756257857033,-0.8498807254676491,-0.282323762667793,-1.4465945322321292,-0.12748210882014738,4.650939527205551,0.018621193478071264,0.511506476753469,14.677818650902866,0.0,0.0,0.0,-0.282323762667793,-1.4465945322321292,-0.12748210882014738,-0.006852303892070961,-0.026256955594326406,-0.0020097855799986104,-0.03345308667312523,-0.20086116272918608,-0.01156726317245817,0.5483887036396845,0.03618071601126925,0.002844625798507579,0.02097749429711873,0.0013564149035743104,-0.0017829548536343093,-0.01991582335224546,-0.00029474395870104073,-0.0017829548536343093,cross_fitted,season_grid_average,example_precomputed_capabilities,0.7368997719005599,0.0,0.0,0.0010616709448732697,0.302507191064915,0.03618071601126925,0.5483887036396845,0.49999999999999994,0.85,0.017559522533197994,0.20899928568855403,-0.018621193478071264,-0.511506476753469,-9.654025225036154,1.305985986700355,-8.348039238335799,0.0,1451.4684657874152,revised_v3_parallel,prior_similar_races_current_season_only,field_centered_bounded_no_teammate_term,mikehailwood,mike-hailwood,surtees,brooke-bond-oxo-team-surtees,surtees-ts14a,surtees-ts14a,exact_chassis,surtees-ts14a,Collision,driver_fault,12.0,12,True,,1:18.000,True,False,,,,True,0.44409937888198764,-0.44409937888198764,-0.11796271374989473,-0.22498378297553914,0.04034119114978307,-0.43133682495655695,0.0070716240242112175,full_same_season_static_retrospective_baseline_plus_shape_distributions_v9,constructor_lineage_regulation_and_stability_shrunk,0.2614164023778037,1460.0779214281288,1439.030868410961,1.2157757732922638,1461.293697201421,1452.9456579630853,b50f32e4ca26b105,0.5106690446351104,0.0608,0.3181336161187699,0.1378579003181336,0.0,0.0,0.0,0.23923444976076555,0.5669856459330144,0.1937799043062201,0.2301166489925769,0.21208907741251326,0.0,0.21208907741251326,0.21208907741251326,0.0,0.9404469826146645,0.5132657764430184,-0.13580436500187823,-0.22498378297553914,0.04034119114978307,-0.43133682495655695,0.0070716240242112175,full_same_season_static_retrospective_baseline_plus_shape_distributions_v9,constructor_lineage_regulation_and_stability_shrunk,high,baseline_plus_shape_distributions_v9,-0.4855432472280528,0.0012491564016358088,full_same_season_static_retrospective,1474.5881403990509,0.02645500020450322,23,DNF,,5358.5,67.0,,0.0,unavailable,,1.0,scheduled_distance_unavailable_assume_full,1445.4876248735668,0.02372284703669155,0.0,0.0,0.0,0.0,,0.0,,0.0,0.0,0.0,-0.010478712796810502,5.062534608145856,1,0.010478712796810502,0.0,0.0,0.0,all_field_expected_seconds_gap_residual_same_car_crossfit_v7_4,217,15,16.0,1.0666666666666667,25.6,6.4,29.866666666666667,9.6,384.0,96.0,1473.5378144074855,1483.935938936164,0,1.0,16,1.0503259915653835,0.47379934000085866,0.4704946590560331,-0.4704946590560331,-9.877377878533586,1464.7107625205174,1464.7107625205174,1501.3694896914915,retrospective_first_five_backcast_previous_season_anchor_frozen_v7_5
mass,1973,British Grand Prix,Jochen Mass,Surtees,Surtees,14,0.0008970157915835139,0.4074143822901289,1966-1982_3l_and_ground_effect,67,0.4,18.959999999999997,18.959999999999997,2.932,silverstone,0.6783191369805022,open_meteo_era5_air_temperature_track_proxy,9,1973-07-14,jolpica_cross_fitted_xw_xp,0.0,21,Collision,-7.0,4.2173421857512725,8,prior_same_circuit_grid_movement,driver_fault,0.0,True,1500.0,0.0,0.49250842153130786,-0.11562978959121249,-1.1572756257857033,-0.8498807254676491,-0.052033405316045625,-1.4465945322321292,-0.12748210882014738,4.650939527205551,0.016347551460323854,0.4844083218805209,15.436566987345415,0.0,0.0,0.0,-0.052033405316045625,-1.4465945322321292,-0.12748210882014738,-0.0039176955832670255,-0.024762994506869848,-0.0018674128026584156,0.0007975610576034242,-0.2009509621341541,-0.01157995217373639,0.516168324868064,0.031621602906721495,0.002486175989181773,0.021929749975430603,0.0013735427282230016,-0.0014126759752555677,-0.020856249961504397,-0.0003000427142967961,-0.0014126759752555677,cross_fitted,season_grid_average,example_precomputed_capabilities,0.7368997719005599,0.0,-2.7755575615628914e-17,0.0010735000139262055,0.3044349716177769,0.031621602906721495,0.516168324868064,0.49999999999999994,0.85,0.015274051446397648,0.17997335026274403,-0.016347551460323854,-0.4844083218805209,-9.11169102889715,1.305985986700355,-7.805705042196795,0.0,1492.194294957803,revised_v3_parallel,prior_similar_races_current_season_only,field_centered_bounded_no_teammate_term,jochenmass,jochen-mass,surtees,team-surtees,,surtees-ts14a|surtees-ts9b,ambiguous_chassis_constructor_fallback,constructor:surtees,Collision,driver_fault,14.0,14,True,,1:18.300,True,False,,,,True,0.44409937888198764,-0.44409937888198764,-0.19690530674512371,-0.22498378297553914,0.04034119114978307,-0.6214782183314214,0.0041075594156938025,full_same_season_static_retrospective_baseline_plus_shape_distributions_v9,constructor_lineage_regulation_and_stability_shrunk,0.0,1500.0,1375.2291390934922,0.7377392685208891,1500.737739268521,1492.932034226324,b50f32e4ca26b105,0.5106690446351104,0.0608,0.3181336161187699,0.1378579003181336,0.0,0.0,0.0,0.23923444976076555,0.5669856459330144,0.1937799043062201,0.2301166489925769,0.21208907741251326,0.0,0.21208907741251326,0.21208907741251326,0.0,0.9404469826146645,0.5132657764430184,-0.19690530674512371,-0.22498378297553914,0.04034119114978307,-0.6214782183314214,0.0041075594156938025,full_same_season_static_retrospective_baseline_plus_shape_distributions_v9,constructor_lineage_regulation_and_stability_shrunk,high,baseline_plus_shape_distributions_v9,-0.87293355551205,0.0004129779788368589,full_same_season_static_retrospective,1425.9214910330843,0.0,24,DNF,,5358.5,67.0,,0.0,unavailable,,1.0,scheduled_distance_unavailable_assume_full,1390.6916523975092,0.019214877590454472,0.0,0.0,0.0,0.0,,0.0,,0.0,0.0,0.0,-0.00906789043612154,0.5915870886731991,1,0.00906789043612154,0.0,0.0,0.0,all_field_expected_seconds_gap_residual_same_car_crossfit_v7_4,217,15,16.0,1.0666666666666667,25.6,6.4,29.866666666666667,9.6,384.0,96.0,1424.947396560006,1486.490873775413,0,1.0,0,0.9740944730783798,0.4268022661559617,0.38442967226347385,-0.38442967226347385,-7.674114216644069,1418.2473768164402,1418.2473768164402,1424.947396560006,retrospective_first_five_backcast_previous_season_anchor_frozen_v7_5
pace,1973,British Grand Prix,Carlos Pace,Surtees,Surtees,15,0.000366069603438716,0.26867898966201725,1966-1982_3l_and_ground_effect,67,0.4,18.959999999999997,18.959999999999997,2.932,silverstone,0.6783191369805022,open_meteo_era5_air_temperature_track_proxy,9,1973-07-14,jolpica_cross_fitted_xw_xp,0.0,22,Collision,-7.0,4.2173421857512725,8,prior_same_circuit_grid_movement,driver_fault,0.0,True,1484.8487135757225,0.0,0.4777243876879441,-0.308588790252307,-1.1572756257857033,-0.8498807254676491,-0.13886495561353815,-1.4465945322321292,-0.12748210882014738,4.650939527205551,0.015256075554801723,0.4675033772789863,15.909905436188385,0.0,0.0,0.0,-0.13886495561353815,-1.4465945322321292,-0.12748210882014738,-0.004433561272904941,-0.022474308482083677,-0.0017044460490660634,-0.011521110522399578,-0.1938255533178243,-0.01129748763320169,0.5000000000000001,0.02956223345682906,0.0023242627903385647,0.019162951891667012,0.0012147466431310608,-0.0013743451375641882,-0.018213034238892634,-0.0002648289903566844,-0.0013743451375641882,cross_fitted,season_grid_average,example_precomputed_capabilities,0.7368997719005599,-3.469446951953614e-18,0.0,0.0009499176527743764,0.2833558485265745,0.02956223345682906,0.5000000000000001,0.49999999999999994,0.85,0.014306157902027347,0.18414752875241175,-0.015256075554801723,-0.4675033772789863,-8.781206604336994,1.305985986700355,-7.475220617636639,0.0,1477.3734929580858,revised_v3_parallel,prior_similar_races_current_season_only,field_centered_bounded_no_teammate_term,carlospace,carlos-pace,surtees,brooke-bond-oxo-team-surtees,surtees-ts14a,surtees-ts14a,exact_chassis,surtees-ts14a,Collision,driver_fault,15.0,15,True,,1:18.300,True,False,,,,True,0.44409937888198764,-0.44409937888198764,-0.11796271374989473,-0.22498378297553914,0.04034119114978307,-0.43133682495655695,0.0070716240242112175,full_same_season_static_retrospective_baseline_plus_shape_distributions_v9,constructor_lineage_regulation_and_stability_shrunk,-3.931117138741434,1480.917596436981,1412.809328475146,0.4571253357558467,1481.3747217727368,1473.8995011551,b50f32e4ca26b105,0.5106690446351104,0.0608,0.3181336161187699,0.1378579003181336,0.0,0.0,0.0,0.23923444976076555,0.5669856459330144,0.1937799043062201,0.2301166489925769,0.21208907741251326,0.0,0.21208907741251326,0.21208907741251326,0.0,0.9404469826146645,0.5132657764430184,-0.13580436500187823,-0.22498378297553914,0.04034119114978307,-0.43133682495655695,0.0070716240242112175,full_same_season_static_retrospective_baseline_plus_shape_distributions_v9,constructor_lineage_regulation_and_stability_shrunk,high,baseline_plus_shape_distributions_v9,-0.4855432472280528,0.0012491564016358088,full_same_season_static_retrospective,1447.8391159305393,-0.027110509118336217,25,DNF,,5358.5,67.0,,0.0,unavailable,,1.0,scheduled_distance_unavailable_assume_full,1425.1458927417116,0.02193758031917868,0.0,0.0,0.0,0.0,,0.0,,0.0,0.0,0.0,-0.0060524585358738316,3.546133824506484,1,0.0060524585358738316,0.0,0.0,0.0,all_field_expected_seconds_gap_residual_same_car_crossfit_v7_4,217,15,16.0,1.0666666666666667,25.6,6.4,29.866666666666667,9.6,384.0,96.0,1447.3162744716706,1485.2152772242866,0,1.0,9,0.5228414588686113,0.44786935523161375,0.39170532702844113,-0.39170532702844113,-7.860370978627232,1439.978744951912,1439.978744951912,1449.7326398707169,retrospective_first_five_backcast_previous_season_anchor_frozen_v7_5
beltoise,1973,British Grand Prix,Jean-Pierre Beltoise,BRM,BRM,17,0.0008541821661010807,0.3996890220536957,1966-1982_3l_and_ground_effect,67,0.4,18.959999999999997,18.959999999999997,2.932,silverstone,0.6783191369805022,open_meteo_era5_air_temperature_track_proxy,9,1973-07-14,jolpica_cross_fitted_xw_xp,0.0,23,Collision,-6.0,4.2173421857512725,8,prior_same_circuit_grid_movement,driver_fault,0.0,True,1474.913846127727,0.0,0.4680451560662758,-0.4351141585137055,-0.7419551623487481,0.08245930759464101,-0.19580137133116748,-0.9274439529359352,0.012368896139196152,4.650939527205551,0.01359625211873537,0.44938541159116097,16.417208475447495,0.0,0.0,0.0,-0.19580137133116748,-0.9274439529359352,0.012368896139196152,-0.004844779080092715,-0.019058854473898587,-0.0005780859644459613,-0.020994841692395634,-0.10586461798245175,0.004812446065189814,0.4676924636326096,0.025837111877954,0.0034779634129353276,0.01740669593491852,0.0016169125650987125,-0.002122571053418593,-0.016051303575401785,-0.000261520205581978,-0.002122571053418593,cross_fitted,season_grid_average,example_precomputed_capabilities,0.7368997719005599,0.0,-1.3877787807814457e-17,0.0013553923595167345,0.345645450022952,0.025837111877954,0.4676924636326096,0.49999999999999994,0.85,0.012240859759218636,0.10373996156820897,-0.01359625211873537,-0.44938541159116097,-8.415247459490546,1.305985986700355,-7.109261472790191,0.0,1467.804584654937,revised_v3_parallel,prior_similar_races_current_season_only,field_centered_bounded_no_teammate_term,jeanpierrebeltoise,jean-pierre-beltoise,brm,marlboro-brm,,brm-p160c|brm-p160d,ambiguous_chassis_constructor_fallback,constructor:brm,Collision,driver_fault,17.0,17,True,,1:18.400,True,False,,,,True,0.44409937888198764,-0.44409937888198764,-0.0761544423683186,-0.0889915290329039,0.04034119114978307,-0.24046170897034186,0.01220014252650198,full_same_season_static_retrospective_baseline_plus_shape_distributions_v9,constructor_lineage_regulation_and_stability_shrunk,15.421954304602233,1490.3358004323293,1492.1029176008233,-0.11887864546033489,1490.2169217868689,1483.1076603140787,b50f32e4ca26b105,0.5106690446351104,0.0608,0.3181336161187699,0.1378579003181336,0.0,0.0,0.0,0.23923444976076555,0.5669856459330144,0.1937799043062201,0.2301166489925769,0.21208907741251326,0.0,0.21208907741251326,0.21208907741251326,0.0,0.9404469826146645,0.5132657764430184,-0.0761622107070574,-0.0889915290329039,0.04034119114978307,-0.24046170897034186,0.01220014252650198,full_same_season_static_retrospective_baseline_plus_shape_distributions_v9,constructor_lineage_regulation_and_stability_shrunk,high,baseline_plus_shape_distributions_v9,-0.27510663868565033,0.00227895247765816,full_same_season_static_retrospective,1510.9230505461303,0.07753316305216042,20,DNF,,5358.5,67.0,,0.0,unavailable,,1.0,scheduled_distance_unavailable_assume_full,1512.7380060562366,0.030725530027959722,0.0,0.0,0.0,0.0,,0.0,,0.0,0.0,0.0,-0.01213891208980368,10.917024983839196,2,0.01213891208980368,0.0,0.0,0.0,all_field_expected_seconds_gap_residual_same_car_crossfit_v7_4,217,15,16.0,1.0666666666666667,25.6,6.4,29.866666666666667,9.6,384.0,96.0,1511.3398543184505,1488.8902888648772,0,1.0,39,-0.41680377232013677,0.5091909998406813,0.5708331029348583,-0.5708331029348583,-12.446042041831513,1498.4770085042987,1498.4770085042987,1458.7829088946582,retrospective_first_five_backcast_previous_season_anchor_frozen_v7_5
adamich,1973,British Grand Prix,Andrea de Adamich,Brabham,Brabham,20,0.0005594435876014167,0.333034074110019,1966-1982_3l_and_ground_effect,67,0.4,18.959999999999997,18.959999999999997,2.932,silverstone,0.6783191369805022,open_meteo_era5_air_temperature_track_proxy,9,1973-07-14,jolpica_cross_fitted_xw_xp,0.0,24,Collision,-4.0,4.2173421857512725,8,prior_same_circuit_grid_movement,driver_fault,0.0,True,1488.238544269937,0.0,0.48103028775287504,-0.26541764789189115,0.5808835418058318,-0.6204017583557592,-0.11943794155135103,0.7261044272572897,-0.09306026375336388,4.650939527205551,0.012926629548492706,0.4412644541566428,16.644595283614002,0.0,0.0,0.0,-0.11943794155135103,0.7261044272572897,-0.09306026375336388,-0.006266902441812695,-0.008322798790241549,-0.0017785774066085226,-0.01195338900184593,0.16458910679344096,-0.009118196931787679,0.41973682602767165,0.02111076886782409,0.011765887279587025,0.01418083949627564,0.0060479564389279835,-0.007023397050425704,-0.009438349267114319,-0.0013054662097666632,-0.007023397050425704,cross_fitted,season_grid_average,example_precomputed_capabilities,0.7368997719005599,-3.469446951953614e-18,0.0,0.00474249022916132,0.563254346887479,0.02111076886782409,0.41973682602767165,0.49999999999999994,0.85,0.008184139319331386,-0.12198989273083621,-0.012926629548492706,-0.4412644541566428,-8.252999283983396,1.305985986700355,-6.947013297283041,0.0,1481.2915309726538,revised_v3_parallel,prior_similar_races_current_season_only,field_centered_bounded_no_teammate_term,andreadeadamich,andrea-de-adamich,brabham,ceramica-pagnossin-mrd,,brabham-bt37|brabham-bt42,ambiguous_chassis_constructor_fallback,constructor:brabham,Collision,driver_fault,20.0,20,True,,1:19.100,True,False,,,,True,0.44409937888198764,-0.44409937888198764,3.76633231290004e-05,0.4391971602668151,0.04034119114978307,0.021256791728714235,0.02577009675007247,full_same_season_static_retrospective_baseline_plus_shape_distributions_v9,constructor_lineage_regulation_and_stability_shrunk,-28.515161451564833,1459.723382818372,1413.0418588722366,-0.7670256727412945,1458.9563571456308,1452.0093438483477,b50f32e4ca26b105,0.5106690446351104,0.0608,0.3181336161187699,0.1378579003181336,0.0,0.0,0.0,0.23923444976076555,0.5669856459330144,0.1937799043062201,0.2301166489925769,0.21208907741251326,0.0,0.21208907741251326,0.21208907741251326,0.0,0.9404469826146645,0.5132657764430184,0.0013580331194316126,0.4391971602668151,0.04034119114978307,0.021256791728714235,0.02577009675007247,full_same_season_static_retrospective_baseline_plus_shape_distributions_v9,constructor_lineage_regulation_and_stability_shrunk,high,baseline_plus_shape_distributions_v9,0.11926787852918284,0.0070322044392774775,full_same_season_static_retrospective,1410.7199055704045,0.06609577464267063,21,DNF,,5358.5,67.0,,0.0,unavailable,,1.0,scheduled_distance_unavailable_assume_full,1441.6858020281727,0.023378486010856396,0.0,0.0,0.0,0.0,,0.0,,0.0,0.0,0.0,0.0010209993707708093,12.665108912722726,3,-0.0010209993707708093,0.0,0.0,0.0,all_field_expected_seconds_gap_residual_same_car_crossfit_v7_4,217,15,16.0,1.0666666666666667,25.6,6.4,29.866666666666667,9.6,384.0,96.0,1411.3413155339395,1488.5025109801286,0,1.0,15,-0.6214099635349096,0.41232435318488714,0.48405764123815015,-0.48405764123815015,-10.224590222395783,1400.4953153480087,1400.4953153480087,1430.5368955875126,retrospective_first_five_backcast_previous_season_anchor_frozen_v7_5
williamson,1973,British Grand Prix,Roger Williamson,March,March,22,0.0008010779339573572,0.3895434144279005,1966-1982_3l_and_ground_effect,67,0.4,18.959999999999997,18.959999999999997,2.932,silverstone,0.6783191369805022,open_meteo_era5_air_temperature_track_proxy,9,1973-07-14,jolpica_cross_fitted_xw_xp,0.0,25,Collision,-3.0,4.2173421857512725,8,prior_same_circuit_grid_movement,driver_fault,0.0,True,1500.0,0.0,0.49250842153130786,-0.11562978959121249,-0.7601447237487452,-1.0421481635392846,-0.052033405316045625,-0.9501809046859315,-0.1563222245308927,4.650939527205551,0.009704055259195345,0.37287166201852684,18.55959346348125,0.0,0.0,0.0,-0.052033405316045625,-0.9501809046859315,-0.1563222245308927,-0.0025137030382806503,-0.013682169502598037,-0.0012972407852773794,0.002416445760753625,-0.09221433539865331,-0.013919783814980425,0.3884293130364589,0.018450611922273378,0.002223090586767359,0.012576263238449521,0.0012496201234256168,-0.0012655919906500496,-0.011618764642332212,-0.00029212152730830727,-0.0012655919906500496,cross_fitted,season_grid_average,example_precomputed_capabilities,0.7368997719005599,-3.469446951953614e-18,-1.3877787807814457e-17,0.0009574985961173096,0.28471163958357876,0.018450611922273378,0.3884293130364589,0.49999999999999994,0.85,0.008746556663078036,0.08816002243494808,-0.009704055259195345,-0.37287166201852684,-6.944587242554172,1.3059859867003558,-5.638601255853816,0.0,1494.361398744146,revised_v3_parallel,prior_similar_races_current_season_only,field_centered_bounded_no_teammate_term,rogerwilliamson,roger-williamson,march,march-racing-team,,march-721g|march-731,ambiguous_chassis_constructor_fallback,constructor:march,Collision,driver_fault,22.0,22,True,,1:19.500,True,False,,,,True,0.44409937888198764,-0.44409937888198764,-0.2874783533441164,0.006996853165791098,0.04034119114978307,-0.8924067106297853,0.0018941072690949123,full_same_season_static_retrospective_baseline_plus_shape_distributions_v9,constructor_lineage_regulation_and_stability_shrunk,0.0,1500.0,1359.7997826847627,-0.785176614950777,1499.2148233850492,1493.5762221291952,b50f32e4ca26b105,0.5106690446351104,0.0608,0.3181336161187699,0.1378579003181336,0.0,0.0,0.0,0.23923444976076555,0.5669856459330144,0.1937799043062201,0.2301166489925769,0.21208907741251326,0.0,0.21208907741251326,0.21208907741251326,0.0,0.9404469826146645,0.5132657764430184,-0.2868574124922071,0.006996853165791098,0.04034119114978307,-0.8924067106297853,0.0018941072690949123,full_same_season_static_retrospective_baseline_plus_shape_distributions_v9,constructor_lineage_regulation_and_stability_shrunk,high,baseline_plus_shape_distributions_v9,-1.3084018129746027,0.00011900901543623942,full_same_season_static_retrospective,1430.427483844584,0.0,27,DNF,,5358.5,67.0,,0.0,unavailable,,1.0,scheduled_distance_unavailable_assume_full,1374.513729464814,0.018055711710287723,0.0,0.0,0.0,0.0,,0.0,,0.0,0.0,0.0,0.0027408237049487303,4.457466203230648,2,-0.0027408237049487303,0.0,0.0,0.0,all_field_expected_seconds_gap_residual_same_car_crossfit_v7_4,217,15,16.0,1.0666666666666667,25.6,6.4,29.866666666666667,9.6,384.0,96.0,1431.1923195351455,1486.490873775413,0,1.0,0,-0.7648356905614996,0.4311164376405662,0.36884666683752915,-0.36884666683752915,-7.275189277739885,1423.1522945668441,1423.1522945668441,1431.1923195351455,retrospective_first_five_backcast_previous_season_anchor_frozen_v7_5
follmer,1973,British Grand Prix,George Follmer,Shadow,Shadow,25,0.00040184897640970245,0.2824682048257153,1966-1982_3l_and_ground_effect,67,0.4,18.959999999999997,18.959999999999997,2.932,silverstone,0.6783191369805022,open_meteo_era5_air_temperature_track_proxy,9,1973-07-14,jolpica_cross_fitted_xw_xp,0.0,26,Collision,-1.0,4.2173421857512725,8,prior_same_circuit_grid_movement,driver_fault,0.0,True,1506.3665227540203,0.0,0.49872384540485826,-0.03454902628827407,-0.09500819617657298,-0.6684205507928422,-0.015547061829723331,-0.11876024522071622,-0.10026308261892633,3.334024979345794,0.008404817542136782,0.35002856963580925,19.19920005019734,0.0,0.0,0.0,-0.015547061829723331,-0.11876024522071622,-0.10026308261892633,-0.0025130193558819585,-0.009825421232044216,-0.001002864231682212,0.007619180218126927,0.04738417590413084,-0.008007814569140967,0.3429792384028417,0.015075469951940973,0.003932748153525312,0.010933298928914929,0.0022098737629987998,-0.002198583021192725,-0.009199133796582342,-0.00047570863066621286,-0.002198583021192725,cross_fitted,season_grid_average,example_precomputed_capabilities,0.7279480806839782,0.0,6.938893903907228e-18,0.001734165132332587,0.38997477995595853,0.015075469951940973,0.3429792384028417,0.49999999999999994,0.85,0.006670652409804195,-0.03994621032014928,-0.008404817542136782,-0.35002856963580925,-6.502229874455849,1.3059859867003558,-5.196243887755493,0.0,1501.1702788662647,revised_v3_parallel,prior_similar_races_current_season_only,field_centered_bounded_no_teammate_term,georgefollmer,george-follmer,shadow,uop-shadow-racing,shadow-dn1,shadow-dn1,exact_chassis,shadow-dn1,Collision,driver_fault,25.0,25,True,,1:20.300,True,False,,,,True,0.44409937888198764,-0.44409937888198764,-0.15857932772491473,0.0,0.0,-0.5029443266004782,0.005763225485419675,full_same_season_static_retrospective_baseline_plus_shape_distributions_v9,constructor_lineage_regulation_and_stability_shrunk,-4.748263227343939,1501.6182595266764,1442.0292156342598,-1.704018559461375,1499.914240967215,1494.7179970794593,b50f32e4ca26b105,0.5106690446351104,0.0608,0.3181336161187699,0.1378579003181336,0.0,0.0,0.0,0.23923444976076555,0.5669856459330144,0.1937799043062201,0.2301166489925769,0.21208907741251326,0.0,0.21208907741251326,0.21208907741251326,0.0,0.9404469826146645,0.5132657764430184,-0.15535146430759228,0.0,0.0,-0.5029443266004782,0.005763225485419675,full_same_season_static_retrospective_baseline_plus_shape_distributions_v9,constructor_lineage_regulation_and_stability_shrunk,high,baseline_plus_shape_distributions_v9,-0.7034106539005763,0.0006703134367199975,full_same_season_static_retrospective,1480.3254535741257,0.0,22,DNF,,5358.5,67.0,,0.0,unavailable,,1.0,scheduled_distance_unavailable_assume_full,1454.5764549355047,0.02456679249601672,0.0,0.0,0.0,0.0,,0.0,,0.0,0.0,0.0,-0.005189738280302626,8.272437796699643,2,0.005189738280302626,0.0,0.0,0.0,all_field_expected_seconds_gap_residual_same_car_crossfit_v7_4,217,15,16.0,1.0666666666666667,25.6,6.4,29.866666666666667,9.6,384.0,96.0,1482.2647617622981,1486.490873775413,0,1.0,3,-1.939308188172477,0.47938114564790657,0.4440479219286418,-0.4440479219286418,-9.200341408072369,1471.1251121660534,1471.1251121660534,1473.257609646215,retrospective_first_five_backcast_previous_season_anchor_frozen_v7_5
oliver,1973,British Grand Prix,Jackie Oliver,Shadow,Shadow,26,8.139947690843958e-05,0.09386482057430368,1966-1982_3l_and_ground_effect,67,0.4,18.959999999999997,18.959999999999997,2.932,silverstone,0.6783191369805022,open_meteo_era5_air_temperature_track_proxy,9,1973-07-14,jolpica_cross_fitted_xw_xp,0.0,27,Collision,-1.0,4.2173421857512725,8,prior_same_circuit_grid_movement,driver_fault,0.0,True,1454.1099778821117,0.0,0.4478480144852583,-0.700061537511621,-0.09500819617657298,-0.6684205507928422,-0.3150276918802295,-0.11876024522071622,-0.10026308261892633,3.334024979345794,0.007691067438404976,0.32956748395252505,19.772110449329297,0.0,0.0,0.0,-0.3150276918802295,-0.11876024522071622,-0.10026308261892633,-0.003694605057048992,-0.008254221115916038,-0.0008563869164446683,-0.03682691903888464,0.05248285620683489,-0.00737346142505955,0.3283251125910915,0.014093673983109824,0.0036766263678782796,0.008094450757367906,0.0016394426640327,-0.0023881654741781553,-0.0068059898636677815,-0.0003509817703325755,-0.0023881654741781553,cross_fitted,season_grid_average,example_precomputed_capabilities,0.7279480806839782,-1.734723475976807e-18,1.734723475976807e-18,0.0012884608937001245,0.3366075883339822,0.014093673983109824,0.3283251125910915,0.49999999999999994,0.85,0.0064026065447048515,-0.007040104381457135,-0.007691067438404976,-0.32956748395252505,-6.1168003296671705,1.3059859867003558,-4.810814342966815,0.0,1449.299163539145,revised_v3_parallel,prior_similar_races_current_season_only,field_centered_bounded_no_teammate_term,jackieoliver,jackie-oliver,shadow,uop-shadow-racing,shadow-dn1,shadow-dn1,exact_chassis,shadow-dn1,Collision,driver_fault,26.0,26,True,,1:20.300,True,False,,,,True,0.44409937888198764,-0.44409937888198764,-0.15857932772491473,0.0,0.0,-0.5029443266004782,0.005763225485419675,full_same_season_static_retrospective_baseline_plus_shape_distributions_v9,constructor_lineage_regulation_and_stability_shrunk,-17.38151787074338,1436.7284600113683,1375.9619123908376,-1.562085932626216,1435.1663740787421,1430.3555597357754,b50f32e4ca26b105,0.5106690446351104,0.0608,0.3181336161187699,0.1378579003181336,0.0,0.0,0.0,0.23923444976076555,0.5669856459330144,0.1937799043062201,0.2301166489925769,0.21208907741251326,0.0,0.21208907741251326,0.21208907741251326,0.0,0.9404469826146645,0.5132657764430184,-0.15535146430759228,0.0,0.0,-0.5029443266004782,0.005763225485419675,full_same_season_static_retrospective_baseline_plus_shape_distributions_v9,constructor_lineage_regulation_and_stability_shrunk,high,baseline_plus_shape_distributions_v9,-0.7034106539005763,0.0006703134367199975,full_same_season_static_retrospective,1414.4244102194718,0.015588920202445677,28,DNF,,5358.5,67.0,,0.0,unavailable,,1.0,scheduled_distance_unavailable_assume_full,1386.543568259789,0.018910752652748358,0.0,0.0,0.0,0.0,,0.0,,0.0,0.0,0.0,-0.0208548005094441,9.31430051952367,2,0.0208548005094441,0.0,0.0,0.0,all_field_expected_seconds_gap_residual_same_car_crossfit_v7_4,217,15,16.0,1.0666666666666667,25.6,6.4,29.866666666666667,9.6,384.0,96.0,1416.197458518876,1488.8902888648772,0,1.0,15,-1.773048299404134,0.415840914254677,0.3981787673674024,-0.3981787673674024,-8.02609105130464,1406.3983191681673,1406.3983191681673,1455.3833024086894,retrospective_first_five_backcast_previous_season_anchor_frozen_v7_5
mcrae,1973,British Grand Prix,Graham McRae,Iso Marlboro,Iso Marlboro,28,0.00028106442275588605,0.23108220092312645,1966-1982_3l_and_ground_effect,67,0.4,18.959999999999997,18.959999999999997,2.932,silverstone,0.6783191369805022,open_meteo_era5_air_temperature_track_proxy,9,1973-07-14,jolpica_cross_fitted_xw_xp,0.0,28,Throttle,0.0,4.2173421857512725,8,prior_same_circuit_grid_movement,other,0.0357142857142857,False,1500.0,0.0,0.49250842153130786,-0.11562978959121249,-1.081472048048221,-0.4531680537965899,-0.052033405316045625,-1.3518400600602762,-0.06797520806948848,4.650939527205551,0.0063931955423747,0.2810141433771547,21.131603985439668,0.0,0.0,0.0,-0.052033405316045625,-1.3518400600602762,-0.06797520806948848,-0.0015733445337611448,-0.009737044693519098,-0.0005386946770158498,0.0031034205393063266,-0.12603256239202318,-0.002862617924517312,0.29988290734373985,0.012317737494522746,0.0010860832667638164,0.008852669568375382,0.0005823865323614298,-0.0006174296765371638,-0.00838401597814873,-0.00011373294213477727,-0.0006174296765371638,cross_fitted,season_grid_average,example_precomputed_capabilities,0.7368997719005599,0.0,-2.7755575615628914e-17,0.0004686535902266526,0.17409114756650565,0.012317737494522746,0.29988290734373985,0.49999999999999994,0.85,0.005924541952148047,0.10692299581064904,-0.0063931955423747,-0.245299857662869,0.0,0.0,0.0,0.0,1500.0,revised_v3_parallel,prior_similar_races_current_season_only,field_centered_bounded_no_teammate_term,grahammcrae,graham-mcrae,iso-marlboro,frank-williams-racing-cars,,iso-marlboro-fx3b|iso-marlboro-ir,ambiguous_chassis_constructor_fallback,constructor:iso-marlboro,Throttle,other,28.0,28,True,,1:20.800,True,False,,,,False,0.44409937888198764,,-0.019723371656964937,0.0,0.0,-0.05979855465018924,0.020442745475665134,full_same_season_static_retrospective_baseline_plus_shape_distributions_v9,constructor_lineage_regulation_and_stability_shrunk,0.0,1500.0,1445.706989403398,-2.6578165610191067,1497.3421834389808,1497.3421834389808,b50f32e4ca26b105,0.5106690446351104,0.0608,0.3181336161187699,0.1378579003181336,0.0,0.0,0.0,0.23923444976076555,0.5669856459330144,0.1937799043062201,0.2301166489925769,0.21208907741251326,0.0,0.21208907741251326,0.21208907741251326,0.0,0.9404469826146645,0.5132657764430184,-0.018470817816310662,0.0,0.0,-0.05979855465018924,0.020442745475665134,full_same_season_static_retrospective_baseline_plus_shape_distributions_v9,constructor_lineage_regulation_and_stability_shrunk,high,baseline_plus_shape_distributions_v9,0.005477422070948585,0.005080372790155829,full_same_season_static_retrospective,1447.8434940051548,0.0,19,DNF,,5358.5,67.0,,0.0,unavailable,,1.0,scheduled_distance_unavailable_assume_full,1457.0762887165456,0.024804135115015547,0.0,0.0,0.0,0.0,,0.0,,0.0,0.0,0.0,-0.01064959890996437,10.685743494643571,6,0.01064959890996437,0.0,0.0357142857142857,0.0357142857142857,all_field_expected_seconds_gap_residual_same_car_crossfit_v7_4,217,15,16.0,1.0666666666666667,25.6,6.4,29.866666666666667,9.6,384.0,96.0,1450.490873775413,1486.490873775413,0,1.0,0,-2.6473797702582855,0.44787358236125074,0.44686577068469463,-0.41115148497040893,0.0,1447.8434940051548,1447.8434940051548,1450.490873775413,retrospective_first_five_backcast_previous_season_anchor_frozen_v7_5
purley,1973,British Grand Prix,David Purley,March,March,16,0.0011999263732902288,0.45295025344927,1966-1982_3l_and_ground_effect,67,0.4,18.959999999999997,18.959999999999997,2.932,silverstone,0.6783191369805022,open_meteo_era5_air_temperature_track_proxy,9,1973-07-14,jolpica_cross_fitted_xw_xp,0.0,29,Spun off,-13.0,4.2173421857512725,8,prior_same_circuit_grid_movement,driver_fault,0.0,True,1500.0,0.0,0.49250842153130786,-0.11562978959121249,-0.7601447237487452,-1.0421481635392846,-0.052033405316045625,-0.9501809046859315,-0.1563222245308927,4.650939527205551,0.01453560426493295,0.4646231718949806,15.990551186940543,0.0,0.0,0.0,-0.052033405316045625,-0.9501809046859315,-0.1563222245308927,-0.0037652498494775526,-0.02049438055157885,-0.001943123589826545,0.0008717154093939121,-0.11356013546240594,-0.015368268193357088,0.483831675131936,0.02763698126037442,0.0033299444563372554,0.0188378549671289,0.0018717930916973765,-0.001895717186845785,-0.01740362769763743,-0.0004375658222059062,-0.001895717186845785,cross_fitted,season_grid_average,example_precomputed_capabilities,0.7368997719005599,-3.469446951953614e-18,0.0,0.0014342272694914703,0.35577498688556686,0.02763698126037442,0.483831675131936,0.49999999999999994,0.85,0.013101376995441479,0.10884818500941373,-0.01453560426493295,-0.4646231718949806,-8.712071596468041,1.305985986700355,-7.406085609767686,0.0,1492.5939143902324,revised_v3_parallel,prior_similar_races_current_season_only,field_centered_bounded_no_teammate_term,davidpurley,david-purley,march,lec-refrigeration-racing,march-731,march-731,exact_chassis,march-731,Spun off,driver_fault,16.0,16,True,,1:18.400,True,False,,,,True,0.44409937888198764,-0.44409937888198764,0.016906609366503227,0.006996853165791098,0.04034119114978307,0.04910221171945415,0.02790408578064688,full_same_season_static_retrospective_baseline_plus_shape_distributions_v9,constructor_lineage_regulation_and_stability_shrunk,-2.6763782931028204,1497.3236217068973,1441.2473639013915,-0.15285480798625284,1497.170766898911,1489.7646812891435,b50f32e4ca26b105,0.5106690446351104,0.0608,0.3181336161187699,0.1378579003181336,0.0,0.0,0.0,0.23923444976076555,0.5669856459330144,0.1937799043062201,0.2301166489925769,0.21208907741251326,0.0,0.21208907741251326,0.21208907741251326,0.0,0.9404469826146645,0.5132657764430184,0.015691552749632225,0.006996853165791098,0.04034119114978307,0.04910221171945415,0.02790408578064688,full_same_season_static_retrospective_baseline_plus_shape_distributions_v9,constructor_lineage_regulation_and_stability_shrunk,high,baseline_plus_shape_distributions_v9,0.18528847597506912,0.008492050673981677,full_same_season_static_retrospective,1437.4417708500534,0.0,29,DNS,,5358.5,67.0,,0.0,unavailable,,1.0,scheduled_distance_unavailable_assume_full,1454.869995740718,0.02459454414372775,0.0,0.0,0.0,0.0,,0.0,,0.0,0.0,0.0,0.022826389762026764,4.504141205987803,1,-0.022826389762026764,0.0,0.0,0.0,all_field_expected_seconds_gap_residual_same_car_crossfit_v7_4,217,15,16.0,1.0666666666666667,25.6,6.4,29.866666666666667,9.6,384.0,96.0,1437.3191869638351,1486.490873775413,0,1.0,0,0.12258388621840806,0.43785049443690444,0.44526214190007435,-0.44526214190007435,-9.231425439341042,1428.2103454107123,1428.2103454107123,1439.8348175789413,retrospective_first_five_backcast_previous_season_anchor_frozen_v7_5
