driver_id,season,event,driver,constructor,team,grid,v02_XW,v02_XP,regulation_era,race_distance_laps,wet_fraction,track_temperature,air_temperature,wind_speed,circuit_id,overtake_index,weather_source,round,date,source,observed_winner,position,status,positions_gained,overtake_proxy_raw,circuit_history_races,overtake_source,status_class,observed_performance,rating_eligible,pre_rating,season_reversion_delta,driver_expected_from_rating,driver_score_raw_revised,car_score_raw_revised,team_score_raw_revised,XdW_score_revised,XcW_score_revised,XtW_score_revised,car_effective_prior_races,XW,XP,expected_position,XW_simulated,XW_lower_95,XW_upper_95,XdW_score,XcW_score,XtW_score,XdW_probability_contribution,XcW_probability_contribution,XtW_probability_contribution,XdP_performance_contribution,XcP_performance_contribution,XtP_performance_contribution,XP_neutral_baseline,XW_neutral_baseline,XW_with_neutral_driver,XW_with_neutral_car,XW_with_neutral_team,driver_direct_uplift,car_direct_uplift,team_direct_uplift,driver_above_car_expectation,analysis_mode,neutral_reference,data_quality,model_confidence,decomposition_error,xp_decomposition_error,XW_raw_revised,XP_raw_revised,XW_neutral_revised,XP_neutral_revised,xw_calibration_shrinkage,xp_calibration_shrinkage,xw_calibration_adjustment,xp_calibration_adjustment,win_surprise,performance_surprise,raw_rating_delta,field_centering_adjustment,rating_delta,teammate_rating_delta,post_rating,model_version,car_prior_scope,rating_update_method,driver_name_key,driver_id_f1db,constructor_id_f1db,entrant_id,car_model_id,car_model_candidates,car_identity_resolution,model_entity_id,reason_retired_f1db,status_class_f1db,qualifying_position,qualifying_position_text,qualifying_eligible,qualifying_laps,qualifying_time,f1db_joined,clean_pass_proxy_eligible,clean_grid_rank,clean_finish_rank,clean_positions_gained,car_fit_eligible,field_performance,relative_performance,current_car_score_raw,constructor_prior_z_x,prior_weight_total_x,car_suitability_score_v6,expected_car_win_v6,car_model_scope_v6,car_prior_scope_v6,qualifying_rating_carried_v6,pre_qualifying_rating_v6,pre_session_strength,qualifying_delta_v6,pre_race_rating_v6,post_event_rating_v6,layout_key,straight_demand,altitude_demand,top_three_straight_share,straight_600_1000_track_share,straight_over_1000_track_share,radius_under_50_distance_share,radius_50_90_distance_share,radius_90_150_distance_share,radius_150_250_distance_share,radius_250_450_distance_share,steady_long_turn_distance_share,opposite_direction_links_per_km,same_direction_links_per_km,multi_turn_complexes_per_km,multi_apex_turns_per_km,tightening_turns_per_km,approach_severity_per_km,top_three_turning_share,current_car_score_raw_v7_6,constructor_prior_z_y,prior_weight_total_y,car_suitability_score_v7_6,expected_car_win_v7_6,car_model_scope_v7_6,car_prior_scope_v7_6,shape_topology_quality,car_suitability_model_branch_v7_6,car_suitability_score_v6_baseline,expected_car_win_v6_baseline,car_model_scope_v6_baseline,retrospective_pre_race_rating,driver_context_adjustment,result_order,finish_position_text,gap_laps,winner_race_time_seconds,winner_race_laps,cumulative_gap_share,cumulative_gap_reliability,cumulative_gap_quality,race_completion_fraction_v7_4,race_completion_reliability_v7_4,race_completion_quality_v7_4,pairwise_pre_race_strength_v7_4,field_xw_v7_4,margin_comparison_count,margin_comparison_weight,weighted_pair_gap_residual,same_car_margin_comparisons,eligible_timed_field_size,margin_race_completion_reliability,mean_pair_gap_residual_score,margin_pair_coverage,margin_field_depth_factor,raw_pairwise_margin_performance_adjustment,crossfit_car_margin_component,crossfit_car_margin_effective_rows,crossfit_car_margin_other_drivers,driver_margin_adjustment_before_centering,pairwise_margin_performance_adjustment,observed_performance_position_only,gap_adjusted_observed_performance,pairwise_margin_model,event_index,season_rounds,calendar_reference_rounds,calendar_k_multiplier,effective_race_k,effective_qualifying_k,effective_max_race_delta,effective_max_qualifying_delta,scheduled_race_k_budget,scheduled_qualifying_k_budget,retrospective_pre_qualifying_rating,retrospective_debut_anchor,inactivity_seasons,return_uncertainty_multiplier,driver_context_prior_samples,retrospective_qualifying_delta,retrospective_driver_expected_from_rating,retrospective_expected_performance,retrospective_performance_residual,retrospective_race_delta,retrospective_post_rating,retrospective_rating,debut_rating_frozen,rating_history_scope
emerson_fittipaldi,1974,Belgian Grand Prix,Emerson Fittipaldi,McLaren,McLaren,4,0.599471767287386,0.9795598762423204,1966-1982_3l_and_ground_effect,85,0.0,17.3,17.3,4.9,nivelles,0.7052631578947368,open_meteo_era5_air_temperature_track_proxy,5,1974-05-12,jolpica_cross_fitted_xw_xp,1.0,1,Finished,3.0,4.785714285714286,1,prior_same_circuit_grid_movement,finished,1.0353408593253581,True,1699.2218394956888,0.0,0.6842421639122807,4.073692685187483,1.0687431677991368,1.916625077809353,1.8331617083343674,1.335928959748921,0.28749376167140295,3.327701227147358,0.18959161477010822,0.7335739954148749,8.992780137553753,0.24,0.12161859605495463,0.35838140394504536,1.8331617083343674,1.335928959748921,0.28749376167140295,0.20388248219921956,0.06157181181144333,0.023035515798112798,0.159389529402427,0.09335886698784825,0.019858753908342536,0.6790525653551513,0.0597712003561591,0.07982451514451996,0.23538964827164383,0.31199950000142906,0.2684364950204149,0.112871361893291,0.03626151016350576,0.2684364950204149,cross_fitted,season_grid_average,example_precomputed_capabilities,0.7278954578095007,0.0,0.0,0.3482610101649348,0.9516597156537692,0.0597712003561591,0.6790525653551513,0.5499999999999999,0.7999999999999999,-0.1586693953948266,-0.21808572023889428,0.8104083852298918,0.2664260045851251,24.245469328049655,-2.4283096030881275,21.817159724961527,0.0,1721.0389992206503,revised_v3_parallel,prior_similar_races_current_season_only,field_centered_bounded_no_teammate_term,emersonfittipaldi,emerson-fittipaldi,mclaren,marlboro-team-texaco,mclaren-m23b,mclaren-m23b,exact_chassis,mclaren-m23b,,finished,4.0,4,True,,1:11.070,True,True,4.0,1.0,3.0,True,0.6233333333333333,0.3766666666666667,0.09609900834112674,0.6334933666931353,0.07988311205206529,0.35258251973462146,0.11842246344684418,full_same_season_static_retrospective_baseline_plus_shape_distributions_v9,constructor_lineage_regulation_and_stability_shrunk,24.54868283620959,1723.7705223318983,1636.1172882916871,0.942111367712967,1724.7126336996112,1746.5297934245727,bded606c61c5a0eb,0.35307917888563045,0.058,0.2956989247311828,0.0,0.0,0.28052805280528054,0.29042904290429045,0.429042904290429,0.0,0.0,0.25,1.8817204301075268,0.0,1.075268817204301,0.0,0.8064516129032258,2.9114284967216753,0.37769703658936055,0.1028209903119791,0.6334933666931353,0.07988311205206529,0.35258251973462146,0.11842246344684418,full_same_season_static_retrospective_baseline_plus_shape_distributions_v9,constructor_lineage_regulation_and_stability_shrunk,high,baseline_plus_shape_distributions_v9,1.1324513157598306,0.0686290277060456,full_same_season_static_retrospective,1609.5426924114586,0.13353670117640248,1,1,,6260.57,85.0,0.0,1.0,winner_origin,,1.0,scheduled_distance_unavailable_assume_full,1676.2411950667442,0.058052999961861446,16.0,16.099999999999998,1.5191121836426495,2.0,17.0,1.0,0.09435479401507141,1.0,0.9176629354822471,0.03463435890107728,0.0011311445893909277,16.280789368545943,4,0.033503214311686354,0.0353408593253582,1.0,1.0353408593253581,all_field_expected_seconds_gap_residual_same_car_crossfit_v7_4,228,15,16.0,1.0666666666666667,25.6,6.4,29.866666666666667,9.6,384.0,96.0,1607.9106867129174,1484.1853249422263,0,1.0,34,1.632005698541313,0.614726650281227,0.779973565727859,0.2553672935974991,4.018664101503855,1613.5613565129624,1613.5613565129624,1473.8522371912575,retrospective_first_five_backcast_previous_season_anchor_frozen_v7_5
lauda,1974,Belgian Grand Prix,Niki Lauda,Ferrari,Ferrari,3,0.014938900580046143,0.7064860721431085,1966-1982_3l_and_ground_effect,85,0.0,17.3,17.3,4.9,nivelles,0.7052631578947368,open_meteo_era5_air_temperature_track_proxy,5,1974-05-12,jolpica_cross_fitted_xw_xp,0.0,2,Finished,1.0,4.785714285714286,1,prior_same_circuit_grid_movement,finished,1.044400617343863,True,1509.6211143378075,0.0,0.5058842694514321,0.11862807285295462,2.1431640135968735,0.5672954413680393,0.053382632783829584,2.678955016996092,0.0850943162052059,3.327701227147358,0.1403338802025589,0.740306227141036,8.79081318576892,0.3,0.17297748231120594,0.42702251768879407,0.053382632783829584,2.678955016996092,0.0850943162052059,-0.008879299780716946,0.18246234616970208,-0.003482719431616447,0.004256483610454591,0.22905229191241464,0.004729854640298718,0.6926985011084024,0.06378873307174297,0.24960675157006718,0.06009564473259825,0.24585460380088553,-0.01571769154095551,0.17379341529651343,-0.011965543771773862,-0.01571769154095551,cross_fitted,season_grid_average,example_precomputed_capabilities,0.7278954578095007,2.7755575615628914e-17,0.0,0.23388906002911167,0.9307371312715703,0.06378873307174297,0.6926985011084024,0.5499999999999999,0.7999999999999999,-0.09355517982655276,-0.19043090413053432,-0.1403338802025589,0.22636043952563067,0.7064747865999381,-2.4283096030881257,-1.7218348164881876,0.0,1507.8992795213194,revised_v3_parallel,prior_similar_races_current_season_only,field_centered_bounded_no_teammate_term,nikilauda,niki-lauda,ferrari,scuderia-ferrari-spa-sefac,ferrari-312b3-74,ferrari-312b3-74,exact_chassis,ferrari-312b3-74,,finished,3.0,3,True,,1:11.040,True,True,3.0,2.0,1.0,True,0.6233333333333333,0.3433333333333334,0.23096604878818036,0.3614165274241532,0.07988311205206529,0.7113229179213565,0.33004565578679496,full_same_season_static_retrospective_baseline_plus_shape_distributions_v9,constructor_lineage_regulation_and_stability_shrunk,-10.459247856860754,1499.1618664809469,1536.9904431774034,1.9654091748063374,1501.1272756557532,1499.405440839265,bded606c61c5a0eb,0.35307917888563045,0.058,0.2956989247311828,0.0,0.0,0.28052805280528054,0.29042904290429045,0.429042904290429,0.0,0.0,0.25,1.8817204301075268,0.0,1.075268817204301,0.0,0.8064516129032258,2.9114284967216753,0.37769703658936055,0.23024282603474203,0.3614165274241532,0.07988311205206529,0.7113229179213565,0.33004565578679496,full_same_season_static_retrospective_baseline_plus_shape_distributions_v9,constructor_lineage_regulation_and_stability_shrunk,high,baseline_plus_shape_distributions_v9,1.8922734390562421,0.6016259711960069,full_same_season_static_retrospective,1482.5169783805075,0.04389637441521716,2,2,,6260.57,85.0,5.590545269839647e-05,1.0,exact_seconds,,1.0,scheduled_distance_unavailable_assume_full,1559.939009876926,0.03711570846844956,16.0,14.7,2.932466696004685,1.0,17.0,1.0,0.19948753034045474,1.0,0.9176629354822471,0.07322492507373021,-0.002671380589794196,9.580602130211748,1,0.07589630566352441,0.07773395067719627,0.9666666666666667,1.044400617343863,all_field_expected_seconds_gap_residual_same_car_crossfit_v7_4,228,15,16.0,1.0666666666666667,25.6,6.4,29.866666666666667,9.6,384.0,96.0,1480.084609743695,1487.1091117041938,0,1.0,17,2.4323686368124724,0.4924991859293403,0.5994932677695669,0.444907349574296,8.870889534509857,1491.3878679150173,1491.3878679150173,1492.3709337177127,retrospective_first_five_backcast_previous_season_anchor_frozen_v7_5
scheckter,1974,Belgian Grand Prix,Jody Scheckter,Tyrrell,Tyrrell,2,0.010225410518928803,0.655590388982701,1966-1982_3l_and_ground_effect,85,0.0,17.3,17.3,4.9,nivelles,0.7052631578947368,open_meteo_era5_air_temperature_track_proxy,5,1974-05-12,jolpica_cross_fitted_xw_xp,0.0,3,Finished,-1.0,4.785714285714286,1,prior_same_circuit_grid_movement,finished,1.0061018639680814,True,1451.6721296222308,0.0,0.4489291857019146,-1.090185757254724,1.2156801361497063,1.1212241095396875,-0.4905835907646258,1.519600170187133,0.16818361643095311,3.327701227147358,0.06311537520206466,0.7281123666285367,9.156629001143898,0.0,0.0,0.0,-0.4905835907646258,1.519600170187133,0.16818361643095311,-0.03350882049289534,0.019323142169007622,0.003161389838075416,-0.058356568447637924,0.15471561853347446,0.013903699691320215,0.7060598166731054,0.0680763050206802,0.09887549977386777,0.04539449097551266,0.057160771503995754,-0.04182348323899987,0.011657525559355238,-0.00010875496912785693,-0.04182348323899987,cross_fitted,season_grid_average,example_precomputed_capabilities,0.7278954578095007,0.0,2.7755575615628914e-17,0.0570520165348679,0.8163225664502621,0.0680763050206802,0.7060598166731054,0.5499999999999999,0.7999999999999999,0.006063358667196761,-0.0882101998217254,-0.06311537520206466,0.20522096670479661,2.1792083958367874,-2.4283096030881257,-0.24910120725133833,0.0,1451.4230284149794,revised_v3_parallel,prior_similar_races_current_season_only,field_centered_bounded_no_teammate_term,jodyscheckter,jody-scheckter,tyrrell,elf-team-tyrrell,,tyrrell-005|tyrrell-006|tyrrell-007,ambiguous_chassis_constructor_fallback,constructor:tyrrell,,finished,2.0,2,True,,1:10.860,True,True,2.0,3.0,-1.0,True,0.6233333333333333,0.31000000000000005,0.15287736044574993,1.5220130206596236,0.07988311205206529,0.5633198371522923,0.21623484246446978,full_same_season_static_retrospective_baseline_plus_shape_distributions_v9,constructor_lineage_regulation_and_stability_shrunk,13.450779876669383,1465.1229094989003,1483.0681981297828,2.5188549988483766,1467.6417644977487,1467.3926632904972,bded606c61c5a0eb,0.35307917888563045,0.058,0.2956989247311828,0.0,0.0,0.28052805280528054,0.29042904290429045,0.429042904290429,0.0,0.0,0.25,1.8817204301075268,0.0,1.075268817204301,0.0,0.8064516129032258,2.9114284967216753,0.37769703658936055,0.15159128243977116,1.5220130206596236,0.07988311205206529,0.5633198371522923,0.21623484246446978,full_same_season_static_retrospective_baseline_plus_shape_distributions_v9,constructor_lineage_regulation_and_stability_shrunk,high,baseline_plus_shape_distributions_v9,1.526533050644707,0.211592743007715,full_same_season_static_retrospective,1440.9795094449844,-0.0039049500429791835,3,3,,6260.57,85.0,0.0072852791359253235,1.0,exact_seconds,,1.0,scheduled_distance_unavailable_assume_full,1486.991987673994,0.02803559124384401,16.0,12.7,2.254118334951392,0.0,17.0,1.0,0.17748963267333798,1.0,0.9176629354822471,0.06515026293467244,-0.0057806226864037255,8.010914552886783,1,0.07093088562107616,0.072768530634748,0.9333333333333333,1.0061018639680814,all_field_expected_seconds_gap_residual_same_car_crossfit_v7_4,228,15,16.0,1.0666666666666667,25.6,6.4,29.866666666666667,9.6,384.0,96.0,1438.0026111575994,1485.2152772242866,0,1.0,7,2.976898287384888,0.4520232561574015,0.5005013795849262,0.5056004843831552,10.42463378561665,1451.404143230601,1451.404143230601,1425.3139198405268,retrospective_first_five_backcast_previous_season_anchor_frozen_v7_5
regazzoni,1974,Belgian Grand Prix,Clay Regazzoni,Ferrari,Ferrari,1,0.039415517663159996,0.8178641184253322,1966-1982_3l_and_ground_effect,85,0.0,17.3,17.3,4.9,nivelles,0.7052631578947368,open_meteo_era5_air_temperature_track_proxy,5,1974-05-12,jolpica_cross_fitted_xw_xp,0.0,4,Finished,-3.0,4.785714285714286,1,prior_same_circuit_grid_movement,finished,0.8582172814379718,True,1424.5589974163872,0.0,0.4226132618041556,-1.6557647634931514,2.1431640135968735,0.5672954413680393,-0.7450941435719182,2.678955016996092,0.0850943162052059,3.327701227147358,0.09424296447070046,0.7524234720197945,8.427295839406163,0.22,0.10517678283552581,0.33482321716447416,-0.7450941435719182,2.678955016996092,0.0850943162052059,-0.09899126665160936,0.14869568338800013,-0.001724644450217245,-0.08260491354827525,0.24414173827061791,0.004968763183257896,0.7191223544386743,0.07265206694192237,0.2842891769590182,0.03838789073122844,0.1272347705997286,-0.16365733773092228,0.08224394849686747,-0.006602931371632689,-0.16365733773092228,cross_fitted,season_grid_average,example_precomputed_capabilities,0.7278954578095007,6.938893903907228e-18,0.0,0.12063183922809591,0.8856279423442749,0.07265206694192237,0.7191223544386743,0.5499999999999999,0.7999999999999999,-0.026388874757395445,-0.13320447032448035,-0.09424296447070046,0.14757652798020549,0.3945463563468876,-2.4283096030881257,-2.033763246741238,0.0,1422.525234169646,revised_v3_parallel,prior_similar_races_current_season_only,field_centered_bounded_no_teammate_term,clayregazzoni,clay-regazzoni,ferrari,scuderia-ferrari-spa-sefac,ferrari-312b3-74,ferrari-312b3-74,exact_chassis,ferrari-312b3-74,,finished,1.0,1,True,,1:09.820,True,True,1.0,4.0,-3.0,True,0.6233333333333333,0.2766666666666667,0.23096604878818036,0.3614165274241532,0.07988311205206529,0.7113229179213565,0.33004565578679496,full_same_season_static_retrospective_baseline_plus_shape_distributions_v9,constructor_lineage_regulation_and_stability_shrunk,75.0959402639105,1499.6549376802977,1685.2595456464815,2.3627089218122532,1502.01764660211,1499.9838833553688,bded606c61c5a0eb,0.35307917888563045,0.058,0.2956989247311828,0.0,0.0,0.28052805280528054,0.29042904290429045,0.429042904290429,0.0,0.0,0.25,1.8817204301075268,0.0,1.075268817204301,0.0,0.8064516129032258,2.9114284967216753,0.37769703658936055,0.23024282603474203,0.3614165274241532,0.07988311205206529,0.7113229179213565,0.33004565578679496,full_same_season_static_retrospective_baseline_plus_shape_distributions_v9,constructor_lineage_regulation_and_stability_shrunk,high,baseline_plus_shape_distributions_v9,1.8922734390562421,0.6016259711960069,full_same_season_static_retrospective,1630.3538542619056,0.012185101557099814,4,4,,6260.57,85.0,0.008309147569630242,1.0,exact_seconds,,1.0,scheduled_distance_unavailable_assume_full,1691.3703202018,0.06153125939741611,16.0,14.7,-0.7818677604442978,1.0,17.0,1.0,-0.05318828302342162,1.0,0.9176629354822471,-0.019523566373013463,0.024096797202686544,5.542366132529592,1,-0.04362036357570001,-0.041782718562028164,0.9,0.8582172814379718,all_field_expected_seconds_gap_residual_same_car_crossfit_v7_4,228,15,16.0,1.0666666666666667,25.6,6.4,29.866666666666667,9.6,384.0,96.0,1628.353712212773,1484.1853249422263,0,1.0,37,2.0001420491325614,0.6338955786241413,0.7013201103199596,0.15689717111801227,1.497828966028992,1631.8516832279345,1631.8516832279345,1616.3583490030023,retrospective_first_five_backcast_previous_season_anchor_frozen_v7_5
beltoise,1974,Belgian Grand Prix,Jean-Pierre Beltoise,BRM,BRM,7,0.005881734229066213,0.574679112745295,1966-1982_3l_and_ground_effect,85,0.0,17.3,17.3,4.9,nivelles,0.7052631578947368,open_meteo_era5_air_temperature_track_proxy,5,1974-05-12,jolpica_cross_fitted_xw_xp,0.0,5,Finished,2.0,4.785714285714286,1,prior_same_circuit_grid_movement,finished,0.9215130491839904,True,1484.5951513144325,0.0,0.4812264661813158,-0.4034126559518657,0.4510188407901336,0.34313026278748743,-0.18153569517833956,0.563773550987667,0.051469539418123114,3.327701227147358,0.03666499880855653,0.6472789775301386,11.581630674095841,0.06,0.0,0.12582799404508693,-0.18153569517833956,0.563773550987667,0.051469539418123114,-0.008568672816186888,-0.01862561563872014,-0.0006036036814693781,-0.02230193472895438,0.0709246579059847,0.004923062808373272,0.636569820333058,0.04917405026992592,0.027707051616043747,0.038301602001239,0.023270577825161006,-0.00633089348249424,-0.01692544386768949,-0.0018944196916114986,-0.00633089348249424,cross_fitted,season_grid_average,example_precomputed_capabilities,0.7278954578095007,-3.469446951953614e-18,6.938893903907228e-18,0.021376158133549508,0.6901156063184616,0.04917405026992592,0.636569820333058,0.5499999999999999,0.7999999999999999,0.015288840675007024,-0.04283662878832295,-0.03666499880855653,0.21938768913652806,3.0690184330521486,-2.4283096030881257,0.6407088299640229,0.0,1485.2358601443966,revised_v3_parallel,prior_similar_races_current_season_only,field_centered_bounded_no_teammate_term,jeanpierrebeltoise,jean-pierre-beltoise,brm,motul-team-brm,,brm-p160e|brm-p201,ambiguous_chassis_constructor_fallback,constructor:brm,,finished,7.0,7,True,,1:11.390,True,True,5.0,5.0,0.0,True,0.6233333333333333,0.2433333333333334,-0.10960629510370071,-0.49225724595110265,0.07988311205206529,-0.36907144559981436,0.015065237796059542,full_same_season_static_retrospective_baseline_plus_shape_distributions_v9,constructor_lineage_regulation_and_stability_shrunk,19.327046257628414,1503.922197572061,1507.208610536415,2.058077913094187,1505.980275485155,1506.6209843151191,bded606c61c5a0eb,0.35307917888563045,0.058,0.2956989247311828,0.0,0.0,0.28052805280528054,0.29042904290429045,0.429042904290429,0.0,0.0,0.25,1.8817204301075268,0.0,1.075268817204301,0.0,0.8064516129032258,2.9114284967216753,0.37769703658936055,-0.11188043530613666,-0.49225724595110265,0.07988311205206529,-0.36907144559981436,0.015065237796059542,full_same_season_static_retrospective_baseline_plus_shape_distributions_v9,constructor_lineage_regulation_and_stability_shrunk,high,baseline_plus_shape_distributions_v9,-0.1404377796354936,0.001807400459630896,full_same_season_static_retrospective,1538.4958576600936,0.10084605633086469,5,5,,6260.57,85.0,0.0108696173032168,1.0,exact_seconds,,1.0,scheduled_distance_unavailable_assume_full,1526.0391220139088,0.03257861543128256,16.0,14.1,1.5146455051352652,1.0,17.0,1.0,0.10742166703086987,1.0,0.9176629354822471,0.039430752920777835,-0.013577984582874025,6.863483247296069,3,0.05300873750365186,0.054846382517323704,0.8666666666666667,0.9215130491839904,all_field_expected_seconds_gap_residual_same_car_crossfit_v7_4,228,15,16.0,1.0666666666666667,25.6,6.4,29.866666666666667,9.6,384.0,96.0,1536.7343261844003,1488.8902888648772,0,1.0,48,1.761531475693411,0.5470871548855601,0.6273083114943414,0.29420473768964894,5.012902670262891,1543.5087603303566,1543.5087603303566,1458.7829088946582,retrospective_first_five_backcast_previous_season_anchor_frozen_v7_5
hulme,1974,Belgian Grand Prix,Denny Hulme,McLaren,McLaren,12,0.11467066133741464,0.9062701608773082,1966-1982_3l_and_ground_effect,85,0.0,17.3,17.3,4.9,nivelles,0.7052631578947368,open_meteo_era5_air_temperature_track_proxy,5,1974-05-12,jolpica_cross_fitted_xw_xp,0.0,6,Finished,6.0,4.785714285714286,1,prior_same_circuit_grid_movement,finished,0.8043350292092573,True,1514.4652745534588,0.0,0.5106571400670868,0.21967708851176873,1.0687431677991368,1.916625077809353,0.09885468983029592,1.335928959748921,0.28749376167140295,3.327701227147358,0.04020650486004241,0.6078448158426474,12.76465552472058,0.06,0.0,0.12582799404508693,0.09885468983029592,1.335928959748921,0.28749376167140295,-0.0013784285139207715,0.006727028577451281,0.0050653046349167855,0.016201907032145413,0.18342725345337063,0.030685126694134365,0.5617819584067173,0.035520247745741126,0.04743733666417563,0.03914176245313171,0.04219021753415752,-0.0015031842199872067,0.006792389991056712,0.003743934910030902,-0.0015031842199872067,cross_fitted,season_grid_average,example_precomputed_capabilities,0.7278954578095007,0.0,0.0,0.04593415244418842,0.7920962455863677,0.035520247745741126,0.5617819584067173,0.5499999999999999,0.7999999999999999,-0.005727647584146012,-0.18425142974372033,-0.04020650486004241,0.225488517490686,3.0938371981913306,-2.4283096030881257,0.6655275951032049,0.0,1515.130802148562,revised_v3_parallel,prior_similar_races_current_season_only,field_centered_bounded_no_teammate_term,dennyhulme,denny-hulme,mclaren,marlboro-team-texaco,mclaren-m23b,mclaren-m23b,exact_chassis,mclaren-m23b,,finished,12.0,12,True,,1:11.610,True,True,6.0,6.0,0.0,True,0.6233333333333333,0.21000000000000008,0.09609900834112674,0.6334933666931353,0.07988311205206529,0.35258251973462146,0.11842246344684418,full_same_season_static_retrospective_baseline_plus_shape_distributions_v9,constructor_lineage_regulation_and_stability_shrunk,95.32670329757457,1609.7919778510334,1639.57486027972,-0.10195002341808594,1609.6900278276153,1610.3555554227185,bded606c61c5a0eb,0.35307917888563045,0.058,0.2956989247311828,0.0,0.0,0.28052805280528054,0.29042904290429045,0.429042904290429,0.0,0.0,0.25,1.8817204301075268,0.0,1.075268817204301,0.0,0.8064516129032258,2.9114284967216753,0.37769703658936055,0.1028209903119791,0.6334933666931353,0.07988311205206529,0.35258251973462146,0.11842246344684418,full_same_season_static_retrospective_baseline_plus_shape_distributions_v9,constructor_lineage_regulation_and_stability_shrunk,high,baseline_plus_shape_distributions_v9,1.1324513157598306,0.0686290277060456,full_same_season_static_retrospective,1611.2739706137363,0.0724940829751137,6,6,,6260.57,85.0,0.011267344666699677,1.0,exact_seconds,,1.0,scheduled_distance_unavailable_assume_full,1679.458070936889,0.058775728274521495,16.0,16.099999999999998,-1.1013150367585365,2.0,17.0,1.0,-0.06840466066823209,1.0,0.9176629354822471,-0.02510896868379075,0.005726980453957184,18.20191921518613,4,-0.030835949137747933,-0.028998304124076085,0.8333333333333334,0.8043350292092573,all_field_expected_seconds_gap_residual_same_car_crossfit_v7_4,228,15,16.0,1.0666666666666667,25.6,6.4,29.866666666666667,9.6,384.0,96.0,1611.3682587009503,1481.9991428272128,0,1.0,75,-0.09428808721386664,0.6163347692879637,0.7204650511263485,0.08386997808290875,-0.3716671756696579,1610.9023034380666,1610.9023034380666,1455.9732072244167,retrospective_first_five_backcast_previous_season_anchor_frozen_v7_5
hailwood,1974,Belgian Grand Prix,Mike Hailwood,McLaren,McLaren,13,0.04400077443893923,0.8286750478626002,1966-1982_3l_and_ground_effect,85,0.0,17.3,17.3,4.9,nivelles,0.7052631578947368,open_meteo_era5_air_temperature_track_proxy,5,1974-05-12,jolpica_cross_fitted_xw_xp,0.0,7,+1 Lap,6.0,4.785714285714286,1,prior_same_circuit_grid_movement,finished,0.8295637302866486,True,1459.1037753081,0.0,0.45619429880048445,-0.9351618835901357,1.0687431677991368,1.916625077809353,-0.4208228476155611,1.335928959748921,0.28749376167140295,3.327701227147358,0.03064249753958422,0.5823724633974597,13.528826098076207,0.02,0.0,0.05880602015151773,-0.4208228476155611,1.335928959748921,0.28749376167140295,-0.014118599115287882,0.004271884962093492,0.003978671653255058,-0.057041892841833766,0.2040029040354619,0.03277204820973687,0.5464258515167867,0.03328311666455692,0.04444964522070165,0.025040620577494718,0.025369373947946555,-0.017034571056084063,0.0023744535871228663,0.0020457002166710293,-0.017034571056084063,cross_fitted,season_grid_average,example_precomputed_capabilities,0.7278954578095007,-8.673617379884035e-19,2.7755575615628914e-17,0.027415074164617585,0.7261589109201517,0.03328311666455692,0.5464258515167867,0.5499999999999999,0.7999999999999999,0.0032274233749666342,-0.14378644752269198,-0.03064249753958422,0.2176275366025403,3.1818757178957044,-2.4283096030881257,0.7535661148075787,0.0,1459.8573414229077,revised_v3_parallel,prior_similar_races_current_season_only,field_centered_bounded_no_teammate_term,mikehailwood,mike-hailwood,mclaren,yardley-team-mclaren,mclaren-m23b,mclaren-m23b,exact_chassis,mclaren-m23b,,finished,13.0,13,True,,1:11.980,True,True,7.0,7.0,0.0,True,0.6233333333333333,0.17666666666666675,0.09609900834112674,0.6334933666931353,0.07988311205206529,0.35258251973462146,0.11842246344684418,full_same_season_static_retrospective_baseline_plus_shape_distributions_v9,constructor_lineage_regulation_and_stability_shrunk,5.035483536950899,1464.139258845051,1528.2270140567384,0.503903821509749,1464.6431626665608,1465.3967287813684,bded606c61c5a0eb,0.35307917888563045,0.058,0.2956989247311828,0.0,0.0,0.28052805280528054,0.29042904290429045,0.429042904290429,0.0,0.0,0.25,1.8817204301075268,0.0,1.075268817204301,0.0,0.8064516129032258,2.9114284967216753,0.37769703658936055,0.1028209903119791,0.6334933666931353,0.07988311205206529,0.35258251973462146,0.11842246344684418,full_same_season_static_retrospective_baseline_plus_shape_distributions_v9,constructor_lineage_regulation_and_stability_shrunk,high,baseline_plus_shape_distributions_v9,1.1324513157598306,0.0686290277060456,full_same_season_static_retrospective,1500.3729818623856,0.07272078501597137,7,7,1.0,6260.57,85.0,0.011764705882352941,0.7,lap_equivalent,,1.0,scheduled_distance_unavailable_assume_full,1549.6867157918666,0.0356806451293215,16.0,14.0,1.0270001923291587,2.0,17.0,1.0,0.07335715659493991,1.0,0.9176629354822471,0.026926857463817375,-0.0007992278091593753,20.461239926398967,4,0.02772608527297675,0.029563730286648597,0.8,0.8295637302866486,all_field_expected_seconds_gap_residual_same_car_crossfit_v7_4,228,15,16.0,1.0666666666666667,25.6,6.4,29.866666666666667,9.6,384.0,96.0,1500.0204124779686,1483.935938936164,0,1.0,25,0.35256938441701335,0.5099528436923623,0.6179747701908154,0.21158896009583328,2.8979387638612106,1503.2709206262468,1503.2709206262468,1501.3694896914915,retrospective_first_five_backcast_previous_season_anchor_frozen_v7_5
hill,1974,Belgian Grand Prix,Graham Hill,Lola,Lola,29,0.0009600358473372393,0.2856957032986809,1966-1982_3l_and_ground_effect,85,0.0,17.3,17.3,4.9,nivelles,0.7052631578947368,open_meteo_era5_air_temperature_track_proxy,5,1974-05-12,jolpica_cross_fitted_xw_xp,0.0,8,+2 Laps,21.0,4.785714285714286,1,prior_same_circuit_grid_movement,finished,0.7875253609414093,True,1547.771033295894,0.0,0.5433775254977949,0.9144340715321025,-0.3219580547709206,-0.4436171447234443,0.4114953321894462,-0.40244756846365076,-0.06654257170851664,3.327701227147358,0.007829601418528976,0.3140939333469924,21.577181999590227,0.0,0.0,0.0,0.4114953321894462,-0.40244756846365076,-0.06654257170851664,0.0013624690135725058,-0.009472304049551985,-0.0006114306942964871,0.05922143530315612,-0.02037986247907217,-0.004879400547110779,0.3073014988915978,0.011754170997153162,0.0025835834214139406,0.013050391921626645,0.0035505027691257727,0.0004493218454632536,-0.01001748665474945,-0.0005175975022485785,0.0004493218454632536,cross_fitted,season_grid_average,example_precomputed_capabilities,0.7278954578095007,0.0,6.938893903907228e-18,0.003032905266877194,0.341263671168571,0.011754170997153162,0.3073014988915978,0.5499999999999999,0.7999999999999999,0.004796696151651781,-0.027169737821578555,-0.007829601418528976,0.4525727333196742,7.95839876570944,-2.4283096030881257,5.530089162621314,0.0,1553.3011224585155,revised_v3_parallel,prior_similar_races_current_season_only,field_centered_bounded_no_teammate_term,grahamhill,graham-hill,lola,embassy-racing-with-graham-hill,lola-t370,lola-t370,exact_chassis,lola-t370,,finished,29.0,29,True,,1:14.300,True,True,15.0,8.0,7.0,True,0.6233333333333333,0.1433333333333333,-0.015159485266125294,0.0,0.0,-0.028681392017401143,0.03984245161577153,full_same_season_static_retrospective_baseline_plus_shape_distributions_v9,constructor_lineage_regulation_and_stability_shrunk,6.024181364517306,1553.7952146604114,1479.5974087892946,-2.9080385548661356,1550.8871761055452,1556.4172652681666,bded606c61c5a0eb,0.35307917888563045,0.058,0.2956989247311828,0.0,0.0,0.28052805280528054,0.29042904290429045,0.429042904290429,0.0,0.0,0.25,1.8817204301075268,0.0,1.075268817204301,0.0,0.8064516129032258,2.9114284967216753,0.37769703658936055,-0.008932655584334023,0.0,0.0,-0.028681392017401143,0.03984245161577153,full_same_season_static_retrospective_baseline_plus_shape_distributions_v9,constructor_lineage_regulation_and_stability_shrunk,high,baseline_plus_shape_distributions_v9,0.4774931135495435,0.010563518778793836,full_same_season_static_retrospective,1479.1302168710422,0.047979149525673184,8,8,2.0,6260.57,85.0,0.023529411764705882,0.7,lap_equivalent,,1.0,scheduled_distance_unavailable_assume_full,1499.6415151141387,0.029433304739367262,13.0,10.5,0.003771266703537765,1.0,17.0,1.0,0.00035916825747978715,0.8125,0.9176629354822471,0.00011883731058105374,-0.018902211950489814,6.253256400331956,2,0.019021049261070868,0.020858694274742715,0.7666666666666666,0.7875253609414093,all_field_expected_seconds_gap_residual_same_car_crossfit_v7_4,228,15,16.0,1.0666666666666667,25.6,6.4,29.866666666666667,9.6,384.0,96.0,1481.8919201506867,1494.4707977241642,0,1.0,99,-2.761703279644476,0.48918925850069006,0.5435153536341103,0.24401000730729905,3.727917572474734,1482.858134443517,1482.858134443517,1438.3262426072108,retrospective_first_five_backcast_previous_season_anchor_frozen_v7_5
brambilla,1974,Belgian Grand Prix,Vittorio Brambilla,March,March,31,0.0009471776842340334,0.2836859347021347,1966-1982_3l_and_ground_effect,85,0.0,17.3,17.3,4.9,nivelles,0.7052631578947368,open_meteo_era5_air_temperature_track_proxy,5,1974-05-12,jolpica_cross_fitted_xw_xp,0.0,9,+2 Laps,22.0,4.785714285714286,1,prior_same_circuit_grid_movement,finished,0.7342892971252916,True,1501.4633557045147,0.0,0.49784442167028703,-0.051542491946500416,0.8792953115239839,-0.01842386106304712,-0.02319412137592519,1.09911913940498,-0.0027635791594570677,3.327701227147358,0.009241706222437945,0.32900965950027683,21.129710214991697,0.0,0.0,0.0,-0.02319412137592519,1.09911913940498,-0.0027635791594570677,-0.0012014473337893412,-0.0006216230694142287,-0.0005735767760621973,0.0003412515111717676,0.23874451957718795,0.0015742986063962496,0.2808776455613256,0.01032019745310754,0.009089215682637451,0.008721598238450503,0.008930110825099499,-0.0011656654087956776,-0.0007980479646087293,-0.0010065605512577253,-0.0011656654087956776,cross_fitted,season_grid_average,example_precomputed_capabilities,0.7278954578095007,0.0,2.7755575615628914e-17,0.007923550273841774,0.5215377152560816,0.01032019745310754,0.2808776455613256,0.5499999999999999,0.7999999999999999,0.0013181559485961718,-0.19252805575580478,-0.009241706222437945,0.40432367383305656,7.056025179656507,-2.4283096030881257,4.627715576568382,0.0,1506.091071281083,revised_v3_parallel,prior_similar_races_current_season_only,field_centered_bounded_no_teammate_term,vittoriobrambilla,vittorio-brambilla,march,march-engineering,march-741,march-741,exact_chassis,march-741,,finished,31.0,31,True,,1:19.880,True,True,17.0,9.0,8.0,True,0.6233333333333333,0.1100000000000001,-0.149804811924902,-1.2034837443300992,0.07988311205206529,-0.45954036375204504,0.01163371483492893,full_same_season_static_retrospective_baseline_plus_shape_distributions_v9,constructor_lineage_regulation_and_stability_shrunk,-0.9259202310092921,1500.5374354735054,1449.7422725662484,-2.5937597238652725,1497.94367574964,1502.5713913262084,bded606c61c5a0eb,0.35307917888563045,0.058,0.2956989247311828,0.0,0.0,0.28052805280528054,0.29042904290429045,0.429042904290429,0.0,0.0,0.25,1.8817204301075268,0.0,1.075268817204301,0.0,0.8064516129032258,2.9114284967216753,0.37769703658936055,-0.12461254882230904,-1.2034837443300992,0.07988311205206529,-0.45954036375204504,0.01163371483492893,full_same_season_static_retrospective_baseline_plus_shape_distributions_v9,constructor_lineage_regulation_and_stability_shrunk,high,baseline_plus_shape_distributions_v9,-0.4255217207031177,0.0008004061896418092,full_same_season_static_retrospective,1483.500998765408,0.0,9,9,2.0,6260.57,85.0,0.023529411764705882,0.7,lap_equivalent,,1.0,scheduled_distance_unavailable_assume_full,1451.1860317232984,0.024428722793370192,13.0,9.1,0.2476366416677188,0.0,17.0,1.0,0.027212817765683385,0.8125,0.9176629354822471,0.00900385267700926,0.009885533898722956,1.5737282029766861,1,-0.0008816812217136948,0.0009559637919581525,0.7333333333333334,0.7342892971252916,all_field_expected_seconds_gap_residual_same_car_crossfit_v7_4,228,15,16.0,1.0666666666666667,25.6,6.4,29.866666666666667,9.6,384.0,96.0,1486.505501666412,1482.5360659531234,0,1.0,1,-3.0045029010041566,0.49346099670266647,0.4665872818859042,0.26770201523938736,4.3344329755361946,1487.8354317409442,1487.8354317409442,1484.7869041611723,retrospective_first_five_backcast_previous_season_anchor_frozen_v7_5
schenken,1974,Belgian Grand Prix,Tim Schenken,Trojan,Trojan,23,9.99460564110341e-05,0.05540782591848756,1966-1982_3l_and_ground_effect,85,0.0,17.3,17.3,4.9,nivelles,0.7052631578947368,open_meteo_era5_air_temperature_track_proxy,5,1974-05-12,jolpica_cross_fitted_xw_xp,0.0,10,+2 Laps,13.0,4.785714285714286,1,prior_same_circuit_grid_movement,finished,0.7012171818911027,True,1471.7087990946932,0.0,0.468554368390795,-0.6722215204956579,-2.1911328092046207,1.916625077809353,-0.3024996842230461,-2.738916011505776,0.28749376167140295,0.8894866970751625,0.009741276507900765,0.33019849339892093,21.094045198032372,0.0,0.0,0.0,-0.3024996842230461,-2.738916011505776,0.28749376167140295,-0.0027127330953160464,-0.015535970545624346,0.001304500329502872,-0.027396817605737794,-0.3111349417545568,0.025255957490208987,0.39285365377293807,0.01736616799804765,0.0005457827451058186,0.014251562499495395,0.00042312808258112644,-0.00012381805849569027,-0.013829597812885267,-1.1633959709981124e-06,-0.00012381805849569027,cross_fitted,season_grid_average,example_precomputed_capabilities,0.69087623547693,-3.469446951953614e-18,-5.551115123125783e-17,0.00042196468661012833,0.0795778519028524,0.01736616799804765,0.39285365377293807,0.5499999999999999,0.7999999999999999,0.009319311821290636,0.25062064149606855,-0.009741276507900765,0.369801506601079,6.422636482629804,-2.4283096030881257,3.9943268795416786,0.0,1475.7031259742348,revised_v3_parallel,prior_similar_races_current_season_only,field_centered_bounded_no_teammate_term,timschenken,tim-schenken,trojan,trojan-tauranac-racing,trojan-t103,trojan-t103,exact_chassis,trojan-t103,,finished,23.0,23,True,,1:13.360,True,True,12.0,10.0,2.0,True,0.6233333333333333,0.07666666666666666,-0.21439888090776904,0.0,0.0,-0.682031725201864,0.0061608683264278985,full_same_season_static_retrospective_baseline_plus_shape_distributions_v9,constructor_lineage_regulation_and_stability_shrunk,-1.8555304528872303,1469.853268641806,1470.346745930902,-0.6728592516679487,1469.180409390138,1473.1747362696797,bded606c61c5a0eb,0.35307917888563045,0.058,0.2956989247311828,0.0,0.0,0.28052805280528054,0.29042904290429045,0.429042904290429,0.0,0.0,0.25,1.8817204301075268,0.0,1.075268817204301,0.0,0.8064516129032258,2.9114284967216753,0.37769703658936055,-0.21241488192487787,0.0,0.0,-0.682031725201864,0.0061608683264278985,full_same_season_static_retrospective_baseline_plus_shape_distributions_v9,constructor_lineage_regulation_and_stability_shrunk,high,baseline_plus_shape_distributions_v9,-0.7667698477246865,0.00030190871009748167,full_same_season_static_retrospective,1523.4846070340834,-0.05783767096185935,10,10,2.0,6260.57,85.0,0.023529411764705882,0.7,lap_equivalent,,1.0,scheduled_distance_unavailable_assume_full,1479.0178404240773,0.0271887972248447,13.0,9.1,-0.017064850954748412,0.0,17.0,1.0,-0.0018752583466756496,0.8125,0.9176629354822471,-0.0006204631225690897,0.0,0.0,0,-0.0006204631225690897,0.0012171818911027575,0.7,0.7012171818911027,all_field_expected_seconds_gap_residual_same_car_crossfit_v7_4,228,15,16.0,1.0666666666666667,25.6,6.4,29.866666666666667,9.6,384.0,96.0,1524.909283947051,1484.1853249422263,0,1.0,14,-1.4246769129676689,0.5325024071074291,0.43007778217367143,0.2711393997174313,4.422430018174119,1527.9070370522575,1527.9070370522575,1591.963654115423,retrospective_first_five_backcast_previous_season_anchor_frozen_v7_5
watson,1974,Belgian Grand Prix,John Watson,Brabham,Brabham,19,0.0028163939798947226,0.45756092082965794,1966-1982_3l_and_ground_effect,85,0.0,17.3,17.3,4.9,nivelles,0.7052631578947368,open_meteo_era5_air_temperature_track_proxy,5,1974-05-12,jolpica_cross_fitted_xw_xp,0.0,11,+2 Laps,8.0,4.785714285714286,1,prior_same_circuit_grid_movement,finished,0.6786930314252579,True,1499.2287530165606,0.0,0.4956420682832264,-0.09815622723889082,-0.4287742368477354,-0.5650763889321205,-0.04417030225750087,-0.5359677960596693,-0.08476145833981807,3.327701227147358,0.014078914071716311,0.43897645370425364,17.83070638887239,0.0,0.0,0.0,-0.04417030225750087,-0.5359677960596693,-0.08476145833981807,-0.0018409873511444378,-0.01585918278967625,-0.0010743494513211378,-0.003707662624823554,-0.061445427453966216,-0.007835383816008068,0.4535741484832132,0.022527447888180136,0.004348312439238396,0.01784580397072272,0.004429541094386063,-0.0005953841432000894,-0.014092875674684415,-0.0006766127983477564,-0.0005953841432000894,cross_fitted,season_grid_average,example_precomputed_capabilities,0.7278954578095007,-3.469446951953614e-18,-1.3877787807814457e-17,0.0037529282960383063,0.38058567458841536,0.022527447888180136,0.4535741484832132,0.5499999999999999,0.7999999999999999,0.010325985775678006,0.05839077911583829,-0.014078914071716311,0.2276902129624131,3.760529895602244,-2.4283096030881257,1.3322202925141182,0.0,1500.5609733090748,revised_v3_parallel,prior_similar_races_current_season_only,field_centered_bounded_no_teammate_term,johnwatson,john-watson,brabham,john-goldie-racing-with-hexagon,,brabham-bt42|brabham-bt44,ambiguous_chassis_constructor_fallback,constructor:brabham,,finished,19.0,19,True,,1:12.760,True,True,10.0,11.0,-1.0,True,0.6233333333333333,0.043333333333333446,0.050955688381170865,0.07219890302353799,0.07988311205206529,0.16723653823045403,0.06973473072207866,full_same_season_static_retrospective_baseline_plus_shape_distributions_v9,constructor_lineage_regulation_and_stability_shrunk,-6.63246708097758,1492.596285935583,1468.6589059549801,-0.7203564619419999,1491.875929473641,1493.2081497661552,bded606c61c5a0eb,0.35307917888563045,0.058,0.2956989247311828,0.0,0.0,0.28052805280528054,0.29042904290429045,0.429042904290429,0.0,0.0,0.25,1.8817204301075268,0.0,1.075268817204301,0.0,0.8064516129032258,2.9114284967216753,0.37769703658936055,0.05444931830836056,0.07219890302353799,0.07988311205206529,0.16723653823045403,0.06973473072207866,full_same_season_static_retrospective_baseline_plus_shape_distributions_v9,constructor_lineage_regulation_and_stability_shrunk,high,baseline_plus_shape_distributions_v9,0.8298621661192693,0.028909641693466343,full_same_season_static_retrospective,1454.7190412316659,0.0,11,11,2.0,6260.57,85.0,0.023529411764705882,0.7,lap_equivalent,,1.0,scheduled_distance_unavailable_assume_full,1494.1456906234437,0.028817679229938213,13.0,10.5,0.19523280889007766,1.0,17.0,1.0,0.018593600846674063,0.8125,0.9176629354822471,0.006152028951947958,-0.004036690792971344,13.634173355571484,5,0.010188719744919302,0.01202636475859115,0.6666666666666667,0.6786930314252579,all_field_expected_seconds_gap_residual_same_car_crossfit_v7_4,228,15,16.0,1.0666666666666667,25.6,6.4,29.866666666666667,9.6,384.0,96.0,1455.2799828965437,1486.490873775413,0,1.0,2,-0.5609416648778939,0.46537231551365227,0.4871220607529113,0.19157097067234663,2.385478234619952,1457.1045194662859,1457.1045194662859,1463.0957077089734,retrospective_first_five_backcast_previous_season_anchor_frozen_v7_5
edwards,1974,Belgian Grand Prix,Guy Edwards,Lola,Lola,21,0.001120382833320534,0.30910784200908276,1966-1982_3l_and_ground_effect,85,0.0,17.3,17.3,4.9,nivelles,0.7052631578947368,open_meteo_era5_air_temperature_track_proxy,5,1974-05-12,jolpica_cross_fitted_xw_xp,0.0,12,+3 Laps,9.0,4.785714285714286,1,prior_same_circuit_grid_movement,finished,0.6049528067645358,True,1502.012670429857,0.0,0.49838581937868154,-0.040083805649669534,-0.3219580547709206,-0.4436171447234443,-0.01803771254235129,-0.40244756846365076,-0.06654257170851664,3.327701227147358,0.012596069942656267,0.41511843293340406,18.546447011997877,0.0,0.0,0.0,-0.01803771254235129,-0.40244756846365076,-0.06654257170851664,-0.0014630652194148677,-0.013628480967011213,-0.0008708915715740714,0.00021677254310943173,-0.033905985240020295,-0.00553469474397152,0.4229632144215805,0.019779166933756337,0.004347488886439395,0.016141676627652594,0.004461713709070379,-0.0005307597106832098,-0.012324947451896408,-0.0006449845333141935,-0.0005307597106832098,cross_fitted,season_grid_average,example_precomputed_capabilities,0.7278954578095007,0.0,-6.938893903907228e-18,0.0038167291757561853,0.38373930698069814,0.019779166933756337,0.4229632144215805,0.5499999999999999,0.7999999999999999,0.008779340766900082,0.03137912595270592,-0.012596069942656267,0.21821490039992925,3.6255625285749757,-2.4283096030881257,1.19725292548685,0.0,1503.2099233553438,revised_v3_parallel,prior_similar_races_current_season_only,field_centered_bounded_no_teammate_term,guyedwards,guy-edwards,lola,embassy-racing-with-graham-hill,lola-t370,lola-t370,exact_chassis,lola-t370,,finished,21.0,21,True,,1:13.330,True,True,11.0,12.0,-1.0,True,0.6233333333333333,0.010000000000000009,-0.015159485266125294,0.0,0.0,-0.028681392017401143,0.03984245161577153,full_same_season_static_retrospective_baseline_plus_shape_distributions_v9,constructor_lineage_regulation_and_stability_shrunk,-5.635648977457209,1496.3770214523997,1460.3075819168735,-0.9808947346006811,1495.396126717799,1496.5933796432857,bded606c61c5a0eb,0.35307917888563045,0.058,0.2956989247311828,0.0,0.0,0.28052805280528054,0.29042904290429045,0.429042904290429,0.0,0.0,0.25,1.8817204301075268,0.0,1.075268817204301,0.0,0.8064516129032258,2.9114284967216753,0.37769703658936055,-0.008932655584334023,0.0,0.0,-0.028681392017401143,0.03984245161577153,full_same_season_static_retrospective_baseline_plus_shape_distributions_v9,constructor_lineage_regulation_and_stability_shrunk,high,baseline_plus_shape_distributions_v9,0.4774931135495435,0.010563518778793836,full_same_season_static_retrospective,1461.6659285960159,0.0,12,12,3.0,6260.57,85.0,0.03529411764705882,0.7,lap_equivalent,,1.0,scheduled_distance_unavailable_assume_full,1470.895529523274,0.02635255843067015,12.0,9.799999999999999,-1.44975587812932,1.0,17.0,1.0,-0.14793427327850206,0.75,0.9176629354822471,-0.04702649560230688,-0.016808324019837485,10.859853272476625,2,-0.030218171582469394,-0.028380526568797547,0.6333333333333333,0.6049528067645358,all_field_expected_seconds_gap_residual_same_car_crossfit_v7_4,228,15,16.0,1.0666666666666667,25.6,6.4,29.866666666666667,9.6,384.0,96.0,1462.6020932782656,1482.5360659531234,0,1.0,1,-0.936164682249614,0.4721399793455539,0.47872476035993805,0.12622804640459773,0.71269937336558,1462.3786279693813,1462.3786279693813,1468.105661531037,retrospective_first_five_backcast_previous_season_anchor_frozen_v7_5
jarier,1974,Belgian Grand Prix,Jean-Pierre Jarier,Shadow,Shadow,17,0.00015819143149437334,0.08444771937642677,1966-1982_3l_and_ground_effect,85,0.0,17.3,17.3,4.9,nivelles,0.7052631578947368,open_meteo_era5_air_temperature_track_proxy,5,1974-05-12,jolpica_cross_fitted_xw_xp,0.0,13,+3 Laps,4.0,4.785714285714286,1,prior_same_circuit_grid_movement,finished,0.5668401549128558,True,1472.1719301181317,0.0,0.4690092538601707,-0.6625606232593689,-1.16660382557215,0.47311418289254986,-0.29815228046671605,-1.4582547819651874,0.07096712743388248,2.3807603589405097,0.014902350933044841,0.43711784485598254,17.886464654320527,0.0,0.0,0.0,-0.29815228046671605,-1.4582547819651874,0.07096712743388248,-0.003984967678311891,-0.02011328102000902,0.00019770029054696833,-0.037022087838744375,-0.21021521102886953,0.010373925752733076,0.4844905194789587,0.025657597716543117,0.0023487626146415845,0.01858285853504717,0.001909013760058679,-0.0005917133058724094,-0.016825809226277997,-0.0001519644512895039,-0.0005917133058724094,cross_fitted,season_grid_average,example_precomputed_capabilities,0.7184199315563233,-3.469446951953614e-18,-2.7755575615628914e-17,0.001757049308769175,0.24762714636407787,0.025657597716543117,0.4844905194789587,0.5499999999999999,0.7999999999999999,0.013145301624275666,0.18949069849190467,-0.014902350933044841,0.16288215514401744,2.5742223701992377,-2.4283096030881257,0.145912767111112,0.0,1472.317842885243,revised_v3_parallel,prior_similar_races_current_season_only,field_centered_bounded_no_teammate_term,jeanpierrejarier,jean-pierre-jarier,shadow,uop-shadow-racing,,shadow-dn1|shadow-dn3,ambiguous_chassis_constructor_fallback,constructor:shadow,,finished,17.0,17,True,,1:12.530,True,True,9.0,13.0,-4.0,True,0.6233333333333333,-0.023333333333333317,-0.134388762806493,-1.2288250280873914,0.07257286505106997,-0.42050862287980073,0.013006205548760672,full_same_season_static_retrospective_baseline_plus_shape_distributions_v9,constructor_lineage_regulation_and_stability_shrunk,-5.356890474508707,1466.815039643623,1372.7634843629105,0.353004753368696,1467.1680443969917,1467.313957164103,bded606c61c5a0eb,0.35307917888563045,0.058,0.2956989247311828,0.0,0.0,0.28052805280528054,0.29042904290429045,0.429042904290429,0.0,0.0,0.25,1.8817204301075268,0.0,1.075268817204301,0.0,0.8064516129032258,2.9114284967216753,0.37769703658936055,-0.11269511281337884,-1.2288250280873914,0.07257286505106997,-0.42050862287980073,0.013006205548760672,full_same_season_static_retrospective_baseline_plus_shape_distributions_v9,constructor_lineage_regulation_and_stability_shrunk,high,baseline_plus_shape_distributions_v9,-0.3321739996597214,0.0010450574200180477,full_same_season_static_retrospective,1406.8525996290684,0.0,13,13,3.0,6260.57,85.0,0.03529411764705882,0.7,lap_equivalent,,1.0,scheduled_distance_unavailable_assume_full,1386.5779758316621,0.019053809988805258,12.0,8.399999999999999,-0.7048338125358079,0.0,17.0,1.0,-0.08390878720664381,0.75,0.9176629354822471,-0.02667357688734843,0.00832391321346757,2.9375069465435875,2,-0.034997490100816,-0.03315984508714415,0.6,0.5668401549128558,all_field_expected_seconds_gap_residual_same_car_crossfit_v7_4,228,15,16.0,1.0666666666666667,25.6,6.4,29.866666666666667,9.6,384.0,96.0,1406.4041741932945,1487.1091117041938,0,1.0,3,0.4484254357740581,0.4191727383709519,0.3970418502039815,0.1697983047088743,1.8280979859550603,1408.6806976150235,1408.6806976150235,1439.2478297882296,retrospective_first_five_backcast_previous_season_anchor_frozen_v7_5
lennep,1974,Belgian Grand Prix,Gijs van Lennep,Iso Marlboro,Iso Marlboro,30,0.0017334707666437112,0.3782760275444221,1966-1982_3l_and_ground_effect,85,0.0,17.3,17.3,4.9,nivelles,0.7052631578947368,open_meteo_era5_air_temperature_track_proxy,5,1974-05-12,jolpica_cross_fitted_xw_xp,0.0,14,+3 Laps,16.0,4.785714285714286,1,prior_same_circuit_grid_movement,finished,0.5065483014864632,True,1510.7977879235084,-0.5683046275530614,0.5070437614153115,0.14317344342154864,-0.9711433278810074,-0.5071359916716861,0.06442804953969689,-1.2139291598512594,-0.07607039875075292,3.327701227147358,0.0065416688923200595,0.27040273996647307,22.88791780100581,0.0,0.0,0.0,0.06442804953969689,-1.2139291598512594,-0.07607039875075292,-0.0004252273879429911,-0.00907530567176704,-0.00043769497447615437,0.00970744544105226,-0.12236736827738484,-0.005027293965775947,0.29394018332689476,0.011013871507703844,0.0011648594138704332,0.009480345426430621,0.0012592976337555224,-8.921594035277494e-05,-0.008404701952912963,-0.0001836541602378641,-8.921594035277494e-05,cross_fitted,season_grid_average,example_precomputed_capabilities,0.7278954578095007,0.0,0.0,0.0010756434735176583,0.17625296652478623,0.011013871507703844,0.29394018332689476,0.5499999999999999,0.7999999999999999,0.005466025418802401,0.09414977344168685,-0.0065416688923200595,0.2962639267001936,5.175750627187803,-2.4283096030881257,2.747441024099677,0.0,1513.5452289476082,revised_v3_parallel,prior_similar_races_current_season_only,field_centered_bounded_no_teammate_term,gijsvanlennep,gijs-van-lennep,iso-marlboro,frank-williams-racing-cars,iso-marlboro-fw,iso-marlboro-fw,exact_chassis,iso-marlboro-fw,,finished,30.0,30,True,,1:15.600,True,True,16.0,14.0,2.0,True,0.6233333333333333,-0.05666666666666664,-0.1025847964567977,-0.14458767846932669,0.07257286505106997,-0.31304379318217007,0.017680617163457764,full_same_season_static_retrospective_baseline_plus_shape_distributions_v9,constructor_lineage_regulation_and_stability_shrunk,-10.105926292296784,1500.6918616312116,1487.329960836721,-2.553937785446014,1498.1379238457655,1500.8853648698653,bded606c61c5a0eb,0.35307917888563045,0.058,0.2956989247311828,0.0,0.0,0.28052805280528054,0.29042904290429045,0.429042904290429,0.0,0.0,0.25,1.8817204301075268,0.0,1.075268817204301,0.0,0.8064516129032258,2.9114284967216753,0.37769703658936055,-0.10130321299939676,-0.14458767846932669,0.07257286505106997,-0.31304379318217007,0.017680617163457764,full_same_season_static_retrospective_baseline_plus_shape_distributions_v9,constructor_lineage_regulation_and_stability_shrunk,high,baseline_plus_shape_distributions_v9,-0.07363301414796168,0.002187502235794318,full_same_season_static_retrospective,1509.3507562443122,0.0,14,14,3.0,6260.57,85.0,0.03529411764705882,0.7,lap_equivalent,,1.0,scheduled_distance_unavailable_assume_full,1497.1436572422822,0.02915188866057292,12.0,8.399999999999999,-1.4836704476778946,0.0,17.0,1.0,-0.17662743424736843,0.75,0.9176629354822471,-0.05614770043344431,0.005808309760430943,2.8164532986193356,2,-0.061956010193875255,-0.06011836518020341,0.5666666666666667,0.5065483014864632,all_field_expected_seconds_gap_residual_same_car_crossfit_v7_4,228,15,16.0,1.0666666666666667,25.6,6.4,29.866666666666667,9.6,384.0,96.0,1512.3734642912946,1487.1091117041938,0,1.0,3,-3.0227080469823653,0.5187217124621037,0.5027325932882071,0.0038157081982561625,-2.421056484716764,1506.9296997595955,1506.9296997595955,1513.4768744047028,retrospective_first_five_backcast_previous_season_anchor_frozen_v7_5
schuppan,1974,Belgian Grand Prix,Vern Schuppan,Ensign,Ensign,14,0.0006402844072649429,0.2281348952196615,1966-1982_3l_and_ground_effect,85,0.0,17.3,17.3,4.9,nivelles,0.7052631578947368,open_meteo_era5_air_temperature_track_proxy,5,1974-05-12,jolpica_cross_fitted_xw_xp,0.0,15,+3 Laps,-1.0,4.785714285714286,1,prior_same_circuit_grid_movement,finished,0.5273302824933244,True,1500.0,0.0,0.4964021742960854,-0.08206804166348873,-0.6280889087430587,-1.0105261540331916,-0.03693061874856993,-0.7851111359288233,-0.15157892310497872,0.0,0.018966748513412252,0.5035928054077706,15.892215837766882,0.0,0.0,0.0,-0.03693061874856993,-0.7851111359288233,-0.15157892310497872,-0.0023521284010595486,-0.022776115741034334,-0.0020276130458660615,-0.0029456202739010784,-0.117820818512267,-0.016235918669651878,0.5309932768989346,0.031186884247994227,0.004643346149958782,0.023850370157883754,0.004928697677834718,-0.0006123190899244985,-0.01981934309784947,-0.0008976706178004347,-0.0006123190899244985,cross_fitted,season_grid_average,example_precomputed_capabilities,0.6499999999999999,0.0,0.0,0.0040310270600342835,0.39399091944311465,0.031186884247994227,0.5309932768989346,0.5499999999999999,0.7999999999999999,0.01493572145337797,0.10960188596465598,-0.018966748513412252,0.0297405279255627,0.0801275383382345,-2.4283096030881257,-2.348182064749891,0.0,1497.6518179352502,revised_v3_parallel,prior_similar_races_current_season_only,field_centered_bounded_no_teammate_term,vernschuppan,vern-schuppan,ensign,team-ensign,ensign-n174,ensign-n174,exact_chassis,ensign-n174,,finished,14.0,14,True,,1:12.020,True,True,8.0,15.0,-7.0,True,0.6233333333333333,-0.08999999999999997,-0.4482373634484405,-0.8236380779427567,0.07257286505106997,-1.3824043742376217,0.000832895594140368,full_same_season_static_retrospective_baseline_plus_shape_distributions_v9,constructor_lineage_regulation_and_stability_shrunk,0.0,1500.0,1302.372612129009,1.5395979094342196,1501.5395979094342,1499.1914158446843,bded606c61c5a0eb,0.35307917888563045,0.058,0.2956989247311828,0.0,0.0,0.28052805280528054,0.29042904290429045,0.429042904290429,0.0,0.0,0.25,1.8817204301075268,0.0,1.075268817204301,0.0,0.8064516129032258,2.9114284967216753,0.37769703658936055,-0.4431714012738131,-0.8236380779427567,0.07257286505106997,-1.3824043742376217,0.000832895594140368,full_same_season_static_retrospective_baseline_plus_shape_distributions_v9,constructor_lineage_regulation_and_stability_shrunk,high,baseline_plus_shape_distributions_v9,-2.1321443070255413,6.104674587465414e-06,full_same_season_static_retrospective,1414.458220530448,0.0,15,15,3.0,6260.57,85.0,0.03529411764705882,0.7,lap_equivalent,,1.0,scheduled_distance_unavailable_assume_full,1317.6512313637013,0.014616692793973646,12.0,8.399999999999999,-0.20718584443411345,0.0,17.0,1.0,-0.024664981480251605,0.75,0.9176629354822471,-0.007840695853680796,0.0,0.0,0,-0.007840695853680796,-0.006003050840008949,0.5333333333333333,0.5273302824933244,all_field_expected_seconds_gap_residual_same_car_crossfit_v7_4,228,15,16.0,1.0666666666666667,25.6,6.4,29.866666666666667,9.6,384.0,96.0,1412.9649620680186,1482.5360659531234,0,1.0,0,1.493258462429299,0.42644717283521694,0.33467109355079516,0.1926591889425292,2.413336622336626,1416.8715571527846,1416.8715571527846,1412.9649620680186,retrospective_first_five_backcast_previous_season_anchor_frozen_v7_5
migault,1974,Belgian Grand Prix,François Migault,BRM,BRM,25,0.0009053482186227463,0.27699662114882373,1966-1982_3l_and_ground_effect,85,0.0,17.3,17.3,4.9,nivelles,0.7052631578947368,open_meteo_era5_air_temperature_track_proxy,5,1974-05-12,jolpica_cross_fitted_xw_xp,0.0,16,+3 Laps,9.0,4.785714285714286,1,prior_same_circuit_grid_movement,finished,0.4802976367794728,True,1495.1123754830355,0.0,0.49158549241517613,-0.18402372115431326,0.4510188407901336,0.34313026278748743,-0.08281067451944096,0.563773550987667,0.051469539418123114,3.327701227147358,0.011607251712443471,0.39126337558630836,19.26209873241075,0.0,0.0,0.0,-0.08281067451944096,0.563773550987667,0.051469539418123114,-0.0019449430819799634,-0.005942209830144861,-0.00020239368730839603,-0.008863341670467604,0.1394075879144699,0.008621733352829609,0.36343017966694197,0.01524754768218842,0.00859120996398492,0.01275445262386875,0.007790385228594432,-0.0014332088812297203,-0.0055964515411135495,-0.0006323841458392319,-0.0014332088812297203,cross_fitted,season_grid_average,example_precomputed_capabilities,0.7278954578095007,0.0,2.7755575615628914e-17,0.0071580010827552,0.5025961592637739,0.01524754768218842,0.36343017966694197,0.5499999999999999,0.7999999999999999,0.004449250629688271,-0.11133278367746552,-0.011607251712443471,0.10873662441369164,1.6786851983478062,-2.4283096030881257,-0.7496244047403195,0.0,1494.362751078295,revised_v3_parallel,prior_similar_races_current_season_only,field_centered_bounded_no_teammate_term,francoismigault,francois-migault,brm,motul-team-brm,,brm-p160e|brm-p201,ambiguous_chassis_constructor_fallback,constructor:brm,,finished,25.0,25,True,,1:13.490,True,True,13.0,16.0,-3.0,True,0.6233333333333333,-0.1233333333333333,-0.10960629510370071,-0.49225724595110265,0.07988311205206529,-0.36907144559981436,0.015065237796059542,full_same_season_static_retrospective_baseline_plus_shape_distributions_v9,constructor_lineage_regulation_and_stability_shrunk,-11.65957875194324,1483.4527967310923,1345.3736164178415,-1.4260017892175423,1482.0267949418749,1481.2771705371345,bded606c61c5a0eb,0.35307917888563045,0.058,0.2956989247311828,0.0,0.0,0.28052805280528054,0.29042904290429045,0.429042904290429,0.0,0.0,0.25,1.8817204301075268,0.0,1.075268817204301,0.0,0.8064516129032258,2.9114284967216753,0.37769703658936055,-0.11188043530613666,-0.49225724595110265,0.07988311205206529,-0.36907144559981436,0.015065237796059542,full_same_season_static_retrospective_baseline_plus_shape_distributions_v9,constructor_lineage_regulation_and_stability_shrunk,high,baseline_plus_shape_distributions_v9,-0.1404377796354936,0.001807400459630896,full_same_season_static_retrospective,1373.8017785931002,0.0,16,16,3.0,6260.57,85.0,0.03529411764705882,0.7,lap_equivalent,,1.0,scheduled_distance_unavailable_assume_full,1358.5535956712026,0.017106884818571158,12.0,9.799999999999999,-0.6987675226369119,1.0,17.0,1.0,-0.07130280843233795,0.75,0.9176629354822471,-0.022666290460378047,-0.001126282226178993,8.580690894567041,3,-0.021540008234199055,-0.019702363220527208,0.5,0.4802976367794728,all_field_expected_seconds_gap_residual_same_car_crossfit_v7_4,228,15,16.0,1.0666666666666667,25.6,6.4,29.866666666666667,9.6,384.0,96.0,1374.8993320658267,1485.2152772242866,0,1.0,2,-1.0975534727264433,0.3879671911883097,0.3705271002575931,0.10977053652187968,0.2913871203679981,1374.0931657134681,1374.0931657134681,1389.9466492279378,retrospective_first_five_backcast_previous_season_anchor_frozen_v7_5
pilette,1974,Belgian Grand Prix,Teddy Pilette,Brabham,Brabham,27,0.0016745691485435658,0.3726808232770201,1966-1982_3l_and_ground_effect,85,0.0,17.3,17.3,4.9,nivelles,0.7052631578947368,open_meteo_era5_air_temperature_track_proxy,5,1974-05-12,jolpica_cross_fitted_xw_xp,0.0,17,+4 Laps,10.0,4.785714285714286,1,prior_same_circuit_grid_movement,finished,0.37950018209178266,True,1500.0,0.0,0.4964021742960854,-0.08206804166348873,-0.4287742368477354,-0.5650763889321205,-0.03693061874856993,-0.5359677960596693,-0.08476145833981807,3.327701227147358,0.008371502896848857,0.3254497394943048,21.236507815170857,0.0,0.0,0.0,-0.03693061874856993,-0.5359677960596693,-0.08476145833981807,-0.0010590059493817343,-0.009447393193109561,-0.000640022595783883,-0.002372183702948727,-0.03798253748051969,-0.006708571000804102,0.3348623979311593,0.013387392679072688,0.0025840728343632835,0.010660328624875594,0.0026450751685885444,-0.00034310189356577493,-0.008419357684078085,-0.0004041042277910358,-0.00034310189356577493,cross_fitted,season_grid_average,example_precomputed_capabilities,0.7278954578095007,-1.734723475976807e-18,0.0,0.0022409709407975086,0.2877991057468868,0.013387392679072688,0.3348623979311593,0.5499999999999999,0.7999999999999999,0.006130531956051348,0.037650633747418005,-0.008371502896848857,0.1412169271723619,2.340988619578142,-2.4283096030881257,-0.08732098350998374,0.0,1499.91267901649,revised_v3_parallel,prior_similar_races_current_season_only,field_centered_bounded_no_teammate_term,teddypilette,teddy-pilette,brabham,motor-racing-developments,,brabham-bt42|brabham-bt44,ambiguous_chassis_constructor_fallback,constructor:brabham,,finished,27.0,27,True,,1:14.050,True,True,14.0,17.0,-3.0,True,0.6233333333333333,-0.15666666666666662,0.050955688381170865,0.07219890302353799,0.07988311205206529,0.16723653823045403,0.06973473072207866,full_same_season_static_retrospective_baseline_plus_shape_distributions_v9,constructor_lineage_regulation_and_stability_shrunk,0.0,1500.0,1459.9149890115598,-2.3625810866842425,1497.6374189133157,1497.5500979298058,bded606c61c5a0eb,0.35307917888563045,0.058,0.2956989247311828,0.0,0.0,0.28052805280528054,0.29042904290429045,0.429042904290429,0.0,0.0,0.25,1.8817204301075268,0.0,1.075268817204301,0.0,0.8064516129032258,2.9114284967216753,0.37769703658936055,0.05444931830836056,0.07219890302353799,0.07988311205206529,0.16723653823045403,0.06973473072207866,full_same_season_static_retrospective_baseline_plus_shape_distributions_v9,constructor_lineage_regulation_and_stability_shrunk,high,baseline_plus_shape_distributions_v9,0.8298621661192693,0.028909641693466343,full_same_season_static_retrospective,1444.3223183740345,0.0,17,17,4.0,6260.57,85.0,0.047058823529411764,0.7,lap_equivalent,,1.0,scheduled_distance_unavailable_assume_full,1468.1286914982097,0.02607360968725922,16.0,12.6,-3.249522475752854,1.0,17.0,1.0,-0.25789860918673446,1.0,0.9176629354822471,-0.09466559790523503,-0.005661468316679153,21.50439320736663,5,-0.08900412958855587,-0.08716648457488402,0.4666666666666667,0.37950018209178266,all_field_expected_seconds_gap_residual_same_car_crossfit_v7_4,228,15,16.0,1.0666666666666667,25.6,6.4,29.866666666666667,9.6,384.0,96.0,1446.5360659531234,1482.5360659531234,0,1.0,0,-2.213747579088915,0.45526598253737866,0.4771186493418242,-0.09761846725004153,-5.017771376193185,1439.3045469978413,1439.3045469978413,1446.5360659531234,retrospective_first_five_backcast_previous_season_anchor_frozen_v7_5
redman,1974,Belgian Grand Prix,Brian Redman,Shadow,Shadow,18,0.0007622921279370198,0.252169083208033,1966-1982_3l_and_ground_effect,85,0.0,17.3,17.3,4.9,nivelles,0.7052631578947368,open_meteo_era5_air_temperature_track_proxy,5,1974-05-12,jolpica_cross_fitted_xw_xp,0.0,18,Engine,0.0,4.785714285714286,1,prior_same_circuit_grid_movement,mechanical,,False,1485.5210437621718,0.0,0.4821379752545289,-0.38409857130460584,-1.16660382557215,0.47311418289254986,-0.17284435708707263,-1.4582547819651874,0.07096712743388248,2.3807603589405097,0.014019396614227976,0.4249647130935511,18.251058607193468,0.0,0.0,0.0,-0.17284435708707263,-1.4582547819651874,0.07096712743388248,-0.0028503389019796026,-0.01960629551449552,0.00018499439007324962,-0.020418555507461945,-0.21020623953987627,0.010414745009766763,0.4690067231010654,0.02404163462610882,0.00220083318900383,0.01906498262751047,0.0019222237868135002,-0.00043083858929688084,-0.01729498802780352,-0.000152229187106551,-0.00043083858929688084,cross_fitted,season_grid_average,example_precomputed_capabilities,0.7184199315563233,0.0,0.0,0.0017699945997069492,0.24879667306349393,0.02404163462610882,0.4690067231010654,0.5499999999999999,0.7999999999999999,0.012249402014521026,0.17616804003005718,-0.014019396614227976,,0.0,0.0,0.0,0.0,1485.5210437621718,revised_v3_parallel,prior_similar_races_current_season_only,field_centered_bounded_no_teammate_term,brianredman,brian-redman,shadow,uop-shadow-racing,,shadow-dn1|shadow-dn3,ambiguous_chassis_constructor_fallback,constructor:shadow,Engine,mechanical,18.0,18,True,,1:12.730,True,False,,,,False,0.6233333333333333,,-0.134388762806493,-1.2288250280873914,0.07257286505106997,-0.42050862287980073,0.013006205548760672,full_same_season_static_retrospective_baseline_plus_shape_distributions_v9,constructor_lineage_regulation_and_stability_shrunk,-6.832394551462888,1478.688649210709,1422.9414468890193,0.08688891386698212,1478.7755381245759,1478.7755381245759,bded606c61c5a0eb,0.35307917888563045,0.058,0.2956989247311828,0.0,0.0,0.28052805280528054,0.29042904290429045,0.429042904290429,0.0,0.0,0.25,1.8817204301075268,0.0,1.075268817204301,0.0,0.8064516129032258,2.9114284967216753,0.37769703658936055,-0.11269511281337884,-1.2288250280873914,0.07257286505106997,-0.42050862287980073,0.013006205548760672,full_same_season_static_retrospective_baseline_plus_shape_distributions_v9,constructor_lineage_regulation_and_stability_shrunk,high,baseline_plus_shape_distributions_v9,-0.3321739996597214,0.0010450574200180477,full_same_season_static_retrospective,1456.5150910623386,0.09553551460628718,18,18,,6260.57,85.0,,0.0,unavailable,,1.0,scheduled_distance_unavailable_assume_full,1452.4341617918058,0.024546274812078047,0.0,0.0,0.0,0.0,,0.0,,0.0,0.0,0.0,0.009185505038003219,8.119796683428865,2,-0.009185505038003219,0.0,,,all_field_expected_seconds_gap_residual_same_car_crossfit_v7_4,228,15,16.0,1.0666666666666667,25.6,6.4,29.866666666666667,9.6,384.0,96.0,1456.5821367194033,1488.5025109801286,0,1.0,8,-0.06704565706463553,0.46712101922453725,0.5393017911241758,,0.0,1456.5150910623386,1456.5150910623386,1451.3140094413648,retrospective_first_five_backcast_previous_season_anchor_frozen_v7_5
ickx,1974,Belgian Grand Prix,Jacky Ickx,Team Lotus,Team Lotus,16,0.040800454172471835,0.8212981790378372,1966-1982_3l_and_ground_effect,85,0.0,17.3,17.3,4.9,nivelles,0.7052631578947368,open_meteo_era5_air_temperature_track_proxy,5,1974-05-12,jolpica_cross_fitted_xw_xp,0.0,19,Overheating,-3.0,4.785714285714286,1,prior_same_circuit_grid_movement,mechanical,,False,1601.5199457471615,0.0,0.5953347802078431,2.0356345385158545,-0.9473219854665607,-1.2765762776651535,0.9160355423321346,-1.1841524818332008,-0.19148644164977302,3.327701227147358,0.016985947063942543,0.4810523059036329,16.568430822891013,0.02,0.0,0.05880602015151773,0.9160355423321346,-1.1841524818332008,-0.19148644164977302,0.01015543199262257,-0.030513669255768417,-0.0027444983204721477,0.1272886485307592,-0.20099586802377395,-0.02103125098882065,0.5,0.027382178076570642,0.002799731510024056,0.04022821178170089,0.00536875432242903,0.0014797109829285918,-0.035948769288748246,-0.0010893118294763825,0.0014797109829285918,cross_fitted,season_grid_average,example_precomputed_capabilities,0.7278954578095007,0.0,-1.3877787807814457e-17,0.004279442492952648,0.4052615295181646,0.027382178076570642,0.5,0.5499999999999999,0.7999999999999999,0.012706504570989895,0.07579077638546833,-0.016985947063942543,,0.0,0.0,0.0,0.0,1601.5199457471615,revised_v3_parallel,prior_similar_races_current_season_only,field_centered_bounded_no_teammate_term,jackyickx,jacky-ickx,lotus,john-player-team-lotus,,lotus-72e|lotus-76,ambiguous_chassis_constructor_fallback,constructor:lotus,Overheating,mechanical,16.0,16,True,,1:12.420,True,False,,,,False,0.6233333333333333,,0.07553522937184531,1.34773559207429,0.07988311205206529,0.2491082874788455,0.08811279595489989,full_same_season_static_retrospective_baseline_plus_shape_distributions_v9,constructor_lineage_regulation_and_stability_shrunk,65.05695967969964,1666.5769054268612,1661.767885522259,-1.1638909697005835,1665.4130144571607,1665.4130144571607,bded606c61c5a0eb,0.35307917888563045,0.058,0.2956989247311828,0.0,0.0,0.28052805280528054,0.29042904290429045,0.429042904290429,0.0,0.0,0.25,1.8817204301075268,0.0,1.075268817204301,0.0,0.8064516129032258,2.9114284967216753,0.37769703658936055,0.0502504511175118,1.34773559207429,0.07988311205206529,0.2491082874788455,0.08811279595489989,full_same_season_static_retrospective_baseline_plus_shape_distributions_v9,constructor_lineage_regulation_and_stability_shrunk,high,baseline_plus_shape_distributions_v9,1.0663643085322663,0.05682040868263037,full_same_season_static_retrospective,1640.7673601053573,0.0784916493069335,19,DNF,,6260.57,85.0,,0.0,unavailable,,1.0,scheduled_distance_unavailable_assume_full,1691.5761713731997,0.0615799951563364,0.0,0.0,0.0,0.0,,0.0,,0.0,0.0,0.0,-0.0015941736651773322,6.743256691002509,1,0.0015941736651773322,0.0,,,all_field_expected_seconds_gap_residual_same_car_crossfit_v7_4,228,15,16.0,1.0666666666666667,25.6,6.4,29.866666666666667,9.6,384.0,96.0,1641.8392225239513,1488.8902888648772,0,1.0,48,-1.0718624185941124,0.6433463755871711,0.7450293790846488,,0.0,1640.7673601053573,1640.7673601053573,1517.1760279169691,retrospective_first_five_backcast_previous_season_anchor_frozen_v7_5
pryce,1974,Belgian Grand Prix,Tom Pryce,Token,Token,20,0.001945242473200067,0.3970189094360686,1966-1982_3l_and_ground_effect,85,0.0,17.3,17.3,4.9,nivelles,0.7052631578947368,open_meteo_era5_air_temperature_track_proxy,5,1974-05-12,jolpica_cross_fitted_xw_xp,0.0,20,Collision,0.0,4.785714285714286,1,prior_same_circuit_grid_movement,driver_fault,0.0,True,1500.0,0.0,0.4964021742960854,-0.08206804166348873,-0.6280889087430587,-1.0105261540331916,-0.03693061874856993,-0.7851111359288233,-0.15157892310497872,0.0,0.012837512876284018,0.4150132065208869,18.549603804373394,0.0,0.0,0.0,-0.03693061874856993,-0.7851111359288233,-0.15157892310497872,-0.0015920218804990577,-0.01541585680278841,-0.0013723759012263163,-0.002643061398572251,-0.0980161987224918,-0.015364915240915229,0.43821804159328276,0.021108627439315224,0.0031428168063169838,0.01614295849335796,0.0033359550192681507,-0.0004144439515155482,-0.013414585638556525,-0.0006075821644667152,-0.0004144439515155482,cross_fitted,season_grid_average,example_precomputed_capabilities,0.6499999999999999,-6.938893903907228e-18,0.0,0.0027283728548014355,0.32219386623130347,0.021108627439315224,0.43821804159328276,0.5499999999999999,0.7999999999999999,0.010109140021482582,0.09281934028958344,-0.012837512876284018,-0.4150132065208869,-7.7783380264067805,-2.4283096030881257,-10.206647629494906,0.0,1489.793352370505,revised_v3_parallel,prior_similar_races_current_season_only,field_centered_bounded_no_teammate_term,tompryce,tom-pryce,token,token-racing,token-rj02,token-rj02,exact_chassis,token-rj02,Collision,driver_fault,20.0,20,True,,1:12.850,True,False,,,,True,0.6233333333333333,-0.6233333333333333,-0.3594444444444444,0.0,0.0,-1.1541211817982227,0.001599019631035672,full_same_season_static_retrospective_baseline_plus_shape_distributions_v9,constructor_lineage_regulation_and_stability_shrunk,0.0,1500.0,1334.3556495305459,0.15222210071838588,1500.1522221007183,1489.9455744712234,bded606c61c5a0eb,0.35307917888563045,0.058,0.2956989247311828,0.0,0.0,0.28052805280528054,0.29042904290429045,0.429042904290429,0.0,0.0,0.25,1.8817204301075268,0.0,1.075268817204301,0.0,0.8064516129032258,2.9114284967216753,0.37769703658936055,-0.3594444444444444,0.0,0.0,-1.1541211817982227,0.001599019631035672,full_same_season_static_retrospective_baseline_plus_shape_distributions_v9,constructor_lineage_regulation_and_stability_shrunk,high,baseline_plus_shape_distributions_v9,-1.6725888090030023,2.269331782367939e-05,full_same_season_static_retrospective,1426.718031693929,0.0,20,DNF,,6260.57,85.0,,0.0,unavailable,,1.0,scheduled_distance_unavailable_assume_full,1341.7180597981824,0.01603428019301898,0.0,0.0,0.0,0.0,,0.0,,0.0,0.0,0.0,-0.005678727049648413,0.554706210683414,1,0.005678727049648413,0.0,0.0,0.0,all_field_expected_seconds_gap_residual_same_car_crossfit_v7_4,228,15,16.0,1.0666666666666667,25.6,6.4,29.866666666666667,9.6,384.0,96.0,1426.6853440744037,1482.5360659531234,0,1.0,0,0.03268761952544915,0.4382333004780834,0.3616176545955854,-0.3616176545955854,-11.776150572239109,1414.94188112169,1414.94188112169,1426.6853440744037,retrospective_first_five_backcast_previous_season_anchor_frozen_v7_5
reutemann,1974,Belgian Grand Prix,Carlos Reutemann,Brabham,Brabham,24,0.003898419579565463,0.5102232626239922,1966-1982_3l_and_ground_effect,85,0.0,17.3,17.3,4.9,nivelles,0.7052631578947368,open_meteo_era5_air_temperature_track_proxy,5,1974-05-12,jolpica_cross_fitted_xw_xp,0.0,21,Engine,3.0,4.785714285714286,1,prior_same_circuit_grid_movement,mechanical,,False,1509.8715422778612,0.0,0.5061310466715386,0.12385199107806341,-0.4287742368477354,-0.5650763889321205,0.05573339598512854,-0.5359677960596693,-0.08476145833981807,3.327701227147358,0.010253152490167164,0.3690186565776102,19.929440302671697,0.0,0.0,0.0,0.05573339598512854,-0.5359677960596693,-0.08476145833981807,-0.0007223353893688206,-0.011850535354760362,-0.0008032671201838558,0.010527131669796611,-0.04840953858358747,-0.007250107969953391,0.378045159554359,0.016272414529108034,0.003140948005499088,0.01384622337032083,0.0034198920170107156,-0.00024467134070409527,-0.010949946705525838,-0.000523615352215723,-0.00024467134070409527,cross_fitted,season_grid_average,example_precomputed_capabilities,0.7278954578095007,-1.734723475976807e-18,-6.938893903907228e-18,0.0028962766647949926,0.33291264467061477,0.016272414529108034,0.378045159554359,0.5499999999999999,0.7999999999999999,0.0073568758253721705,0.03610601190699542,-0.010253152490167164,,0.0,0.0,0.0,0.0,1509.8715422778612,revised_v3_parallel,prior_similar_races_current_season_only,field_centered_bounded_no_teammate_term,carlosreutemann,carlos-reutemann,brabham,motor-racing-developments,,brabham-bt42|brabham-bt44,ambiguous_chassis_constructor_fallback,constructor:brabham,Engine,mechanical,24.0,24,True,,1:13.470,True,False,,,,False,0.6233333333333333,,0.050955688381170865,0.07219890302353799,0.07988311205206529,0.16723653823045403,0.06973473072207866,full_same_season_static_retrospective_baseline_plus_shape_distributions_v9,constructor_lineage_regulation_and_stability_shrunk,36.142714411903604,1546.0142566897648,1576.7864337385543,-2.0230294713187518,1543.991227218446,1543.991227218446,bded606c61c5a0eb,0.35307917888563045,0.058,0.2956989247311828,0.0,0.0,0.28052805280528054,0.29042904290429045,0.429042904290429,0.0,0.0,0.25,1.8817204301075268,0.0,1.075268817204301,0.0,0.8064516129032258,2.9114284967216753,0.37769703658936055,0.05444931830836056,0.07219890302353799,0.07988311205206529,0.16723653823045403,0.06973473072207866,full_same_season_static_retrospective_baseline_plus_shape_distributions_v9,constructor_lineage_regulation_and_stability_shrunk,high,baseline_plus_shape_distributions_v9,0.8298621661192693,0.028909641693466343,full_same_season_static_retrospective,1561.1194080363755,0.10566038128880637,21,DNF,,6260.57,85.0,,0.0,unavailable,,1.0,scheduled_distance_unavailable_assume_full,1604.810236196845,0.044107151222476354,0.0,0.0,0.0,0.0,,0.0,,0.0,0.0,0.0,-0.014021435541306856,17.482832245183037,5,0.014021435541306856,0.0,,,all_field_expected_seconds_gap_residual_same_car_crossfit_v7_4,228,15,16.0,1.0666666666666667,25.6,6.4,29.866666666666667,9.6,384.0,96.0,1563.4075106801179,1485.2152772242866,0,1.0,17,-2.288102643742387,0.5689186566448542,0.6943703236659224,,0.0,1561.1194080363755,1561.1194080363755,1495.0517339591952,retrospective_first_five_backcast_previous_season_anchor_frozen_v7_5
peterson,1974,Belgian Grand Prix,Ronnie Peterson,Team Lotus,Team Lotus,5,0.05480422884242473,0.8490826722209317,1966-1982_3l_and_ground_effect,85,0.0,17.3,17.3,4.9,nivelles,0.7052631578947368,open_meteo_era5_air_temperature_track_proxy,5,1974-05-12,jolpica_cross_fitted_xw_xp,0.0,22,Fuel leak,-17.0,4.785714285714286,1,prior_same_circuit_grid_movement,mechanical,,False,1551.8722981151896,0.0,0.5473876126595889,0.9999863147479497,-0.9473219854665607,-1.2765762776651535,0.4499938416365774,-1.1841524818332008,-0.19148644164977302,3.327701227147358,0.033792844719694,0.6298215914600063,12.105352256199811,0.02,0.0,0.05880602015151773,0.4499938416365774,-1.1841524818332008,-0.19148644164977302,0.006571016245285309,-0.05123995269308149,-0.004695184846616435,0.059299966567513504,-0.2154244224872931,-0.020455597124392273,0.6651376020688406,0.056006699302179684,0.005726488242471942,0.05908986917248682,0.00829631365654402,0.0009160897652951226,-0.05244729116471976,-0.0016537356487769557,0.0009160897652951226,cross_fitted,season_grid_average,example_precomputed_capabilities,0.7278954578095007,0.0,-2.7755575615628914e-17,0.0066425780077670644,0.48855754902466875,0.056006699302179684,0.6651376020688406,0.5499999999999999,0.7999999999999999,0.027150266711926937,0.14126404243533752,-0.033792844719694,,0.0,0.0,0.0,0.0,1551.8722981151896,revised_v3_parallel,prior_similar_races_current_season_only,field_centered_bounded_no_teammate_term,ronniepeterson,ronnie-peterson,lotus,john-player-team-lotus,,lotus-72e|lotus-76,ambiguous_chassis_constructor_fallback,constructor:lotus,Fuel leak,mechanical,5.0,5,True,,1:11.210,True,False,,,,False,0.6233333333333333,,0.07553522937184531,1.34773559207429,0.07988311205206529,0.2491082874788455,0.08811279595489989,full_same_season_static_retrospective_baseline_plus_shape_distributions_v9,constructor_lineage_regulation_and_stability_shrunk,46.1743430426445,1598.046641157834,1574.0973777930406,1.3880471157052903,1599.4346882735395,1599.4346882735395,bded606c61c5a0eb,0.35307917888563045,0.058,0.2956989247311828,0.0,0.0,0.28052805280528054,0.29042904290429045,0.429042904290429,0.0,0.0,0.25,1.8817204301075268,0.0,1.075268817204301,0.0,0.8064516129032258,2.9114284967216753,0.37769703658936055,0.0502504511175118,1.34773559207429,0.07988311205206529,0.2491082874788455,0.08811279595489989,full_same_season_static_retrospective_baseline_plus_shape_distributions_v9,constructor_lineage_regulation_and_stability_shrunk,high,baseline_plus_shape_distributions_v9,1.0663643085322663,0.05682040868263037,full_same_season_static_retrospective,1555.9500288678994,0.09136413404316637,22,DNF,,6260.57,85.0,,0.0,unavailable,,1.0,scheduled_distance_unavailable_assume_full,1605.7061282029022,0.044259395076519555,0.0,0.0,0.0,0.0,,0.0,,0.0,0.0,0.0,-0.011356960569613718,4.526299999536783,1,0.011356960569613718,0.0,,,all_field_expected_seconds_gap_residual_same_car_crossfit_v7_4,228,15,16.0,1.0666666666666667,25.6,6.4,29.866666666666667,9.6,384.0,96.0,1554.168714794733,1484.1853249422263,0,1.0,36,1.7813140731663792,0.5639492915668733,0.6813640670636837,,0.0,1555.9500288678994,1555.9500288678994,1443.704434895771,retrospective_first_five_backcast_previous_season_anchor_frozen_v7_5
depailler,1974,Belgian Grand Prix,Patrick Depailler,Tyrrell,Tyrrell,28,0.017442978215599876,0.7261410807785074,1966-1982_3l_and_ground_effect,85,0.0,17.3,17.3,4.9,nivelles,0.7052631578947368,open_meteo_era5_air_temperature_track_proxy,5,1974-05-12,jolpica_cross_fitted_xw_xp,0.0,23,Brakes,5.0,4.785714285714286,1,prior_same_circuit_grid_movement,mechanical,,False,1507.6495467588602,0.0,0.5039413464094975,0.07750124089686673,1.2156801361497063,1.1212241095396875,0.03487555840359003,1.519600170187133,0.16818361643095311,3.327701227147358,0.014412705849627533,0.3870842377159378,19.387472868521865,0.0,0.0,0.0,0.03487555840359003,1.519600170187133,0.16818361643095311,-0.001237713849632178,0.004739247770020583,0.0006506349476347233,0.009722946454178732,0.29965119089799647,0.021309878003271332,0.32094743464484843,0.012544229859017124,0.01821951112375752,0.012265268890633948,0.016654472481122135,-0.0015231123967172668,0.004431129836406304,4.192624591811689e-05,-0.0015231123967172668,cross_fitted,season_grid_average,example_precomputed_capabilities,0.7278954578095007,0.0,0.0,0.016696398727040252,0.651631450000295,0.012544229859017124,0.32094743464484843,0.5499999999999999,0.7999999999999999,-0.0022836928774127192,-0.2645472122843572,-0.014412705849627533,,0.0,0.0,0.0,0.0,1507.6495467588602,revised_v3_parallel,prior_similar_races_current_season_only,field_centered_bounded_no_teammate_term,patrickdepailler,patrick-depailler,tyrrell,elf-team-tyrrell,,tyrrell-005|tyrrell-006|tyrrell-007,ambiguous_chassis_constructor_fallback,constructor:tyrrell,Brakes,mechanical,11.0,11,True,,1:11.600,True,False,,,,False,0.6233333333333333,,0.15287736044574993,1.5220130206596236,0.07988311205206529,0.5633198371522923,0.21623484246446978,full_same_season_static_retrospective_baseline_plus_shape_distributions_v9,constructor_lineage_regulation_and_stability_shrunk,-3.572824879167,1504.0767218796932,1569.8803607530508,0.4998775567875304,1504.5765994364808,1504.5765994364808,bded606c61c5a0eb,0.35307917888563045,0.058,0.2956989247311828,0.0,0.0,0.28052805280528054,0.29042904290429045,0.429042904290429,0.0,0.0,0.25,1.8817204301075268,0.0,1.075268817204301,0.0,0.8064516129032258,2.9114284967216753,0.37769703658936055,0.15159128243977116,1.5220130206596236,0.07988311205206529,0.5633198371522923,0.21623484246446978,full_same_season_static_retrospective_baseline_plus_shape_distributions_v9,constructor_lineage_regulation_and_stability_shrunk,high,baseline_plus_shape_distributions_v9,1.526533050644707,0.211592743007715,full_same_season_static_retrospective,1525.3413643923113,0.20534085603500535,25,DNF,,6260.57,85.0,,0.0,unavailable,,1.0,scheduled_distance_unavailable_assume_full,1643.95554231814,0.05127384603245312,0.0,0.0,0.0,0.0,,0.0,,0.0,0.0,0.0,0.026278422924711185,8.65703684862206,1,-0.026278422924711185,0.0,,,all_field_expected_seconds_gap_residual_same_car_crossfit_v7_4,228,15,16.0,1.0666666666666667,25.6,6.4,29.866666666666667,9.6,384.0,96.0,1524.8147737808674,1485.2152772242866,0,1.0,5,0.5265906114439708,0.5343097212465538,0.7902207485746304,,0.0,1525.3413643923113,1525.3413643923113,1511.5439142753735,retrospective_first_five_backcast_previous_season_anchor_frozen_v7_5
mass,1974,Belgian Grand Prix,Jochen Mass,Surtees,Surtees,26,0.0005364076071475556,0.20503562196336425,1966-1982_3l_and_ground_effect,85,0.0,17.3,17.3,4.9,nivelles,0.7052631578947368,open_meteo_era5_air_temperature_track_proxy,5,1974-05-12,jolpica_cross_fitted_xw_xp,0.0,24,Suspension,2.0,4.785714285714286,1,prior_same_circuit_grid_movement,mechanical,,False,1488.8547727681503,0.0,0.48542075099325854,-0.3145570987829186,-0.14862715230446932,-1.2895566188032521,-0.14155069445231339,-0.18578394038058665,-0.1934334928204878,3.327701227147358,0.009140156224613375,0.34521659091388746,20.643502272583376,0.0,0.0,0.0,-0.14155069445231339,-0.18578394038058665,-0.1934334928204878,-0.0017082491314106454,-0.008497717224621084,-0.001231972811654978,-0.017076862948646927,0.01796351643548636,-0.019950758842001943,0.34902941198492,0.014287228850072395,0.0035359810586787126,0.00989014033622911,0.0035903207846360763,-0.0006866913762930246,-0.007040850653843422,-0.0007410311022503883,-0.0006866913762930246,cross_fitted,season_grid_average,example_precomputed_capabilities,0.7278954578095007,0.0,0.0,0.002849289682385688,0.3299653066297575,0.014287228850072395,0.34902941198492,0.5499999999999999,0.7999999999999999,0.006290866542227687,0.015251284284129973,-0.009140156224613375,,0.0,0.0,0.0,0.0,1488.8547727681503,revised_v3_parallel,prior_similar_races_current_season_only,field_centered_bounded_no_teammate_term,jochenmass,jochen-mass,surtees,bang-olufsen-team-surtees,surtees-ts16,surtees-ts16,exact_chassis,surtees-ts16,Suspension,mechanical,26.0,26,True,,1:13.810,True,False,,,,False,0.6233333333333333,,-0.14890062974930177,-1.0446474666928596,0.07988311205206529,-0.516272080205905,0.009892893938262754,full_same_season_static_retrospective_baseline_plus_shape_distributions_v9,constructor_lineage_regulation_and_stability_shrunk,-0.08588644458374484,1488.7688863235664,1381.6212770411246,-1.5353201627957147,1487.2335661607708,1487.2335661607708,bded606c61c5a0eb,0.35307917888563045,0.058,0.2956989247311828,0.0,0.0,0.28052805280528054,0.29042904290429045,0.429042904290429,0.0,0.0,0.25,1.8817204301075268,0.0,1.075268817204301,0.0,0.8064516129032258,2.9114284967216753,0.37769703658936055,-0.14764446360108327,-1.0446474666928596,0.07988311205206529,-0.516272080205905,0.009892893938262754,full_same_season_static_retrospective_baseline_plus_shape_distributions_v9,constructor_lineage_regulation_and_stability_shrunk,high,baseline_plus_shape_distributions_v9,-0.4085430196290095,0.0008401915573998571,full_same_season_static_retrospective,1421.3987820001475,0.0,24,DNF,,6260.57,85.0,,0.0,unavailable,,1.0,scheduled_distance_unavailable_assume_full,1393.597121195788,0.01957520655746703,0.0,0.0,0.0,0.0,,0.0,,0.0,0.0,0.0,-0.008098282514127614,3.61826394684298,4,0.008098282514127614,0.0,,,all_field_expected_seconds_gap_residual_same_car_crossfit_v7_4,228,15,16.0,1.0666666666666667,25.6,6.4,29.866666666666667,9.6,384.0,96.0,1422.923043457597,1486.490873775413,0,1.0,3,-1.5242614574494808,0.43311102507400495,0.4034378185274337,,0.0,1421.3987820001475,1421.3987820001475,1424.947396560006,retrospective_first_five_backcast_previous_season_anchor_frozen_v7_5
larrousse,1974,Belgian Grand Prix,Gérard Larrousse,Brabham,Brabham,11,0.004741710865644387,0.5412921244515012,1966-1982_3l_and_ground_effect,85,0.0,17.3,17.3,4.9,nivelles,0.7052631578947368,open_meteo_era5_air_temperature_track_proxy,5,1974-05-12,jolpica_cross_fitted_xw_xp,0.0,25,Tyre,-14.0,4.785714285714286,1,prior_same_circuit_grid_movement,other,0.19999999999999996,False,1500.0,0.0,0.4964021742960854,-0.08206804166348873,-0.4287742368477354,-0.5650763889321205,-0.03693061874856993,-0.5359677960596693,-0.08476145833981807,3.327701227147358,0.023704751925166002,0.5576150108717527,14.271549673847419,0.02,0.0,0.05880602015151773,-0.03693061874856993,-0.5359677960596693,-0.08476145833981807,-0.0029986817930646855,-0.02675124344357105,-0.001812288312683799,-0.0028518001165477496,-0.08556051217847065,-0.00869656123831546,0.5770367855784194,0.03790774802235979,0.00731706197201452,0.030185792038433336,0.007489796213104041,-0.0009715274989742619,-0.023840257565393076,-0.0011442617400637834,-0.0009715274989742619,cross_fitted,season_grid_average,example_precomputed_capabilities,0.7278954578095007,0.0,0.0,0.006345534473040258,0.47992791204508556,0.03790774802235979,0.5770367855784194,0.5499999999999999,0.7999999999999999,0.017359217452125743,0.07768709882666713,-0.023704751925166002,-0.35761501087175274,0.0,0.0,0.0,0.0,1500.0,revised_v3_parallel,prior_similar_races_current_season_only,field_centered_bounded_no_teammate_term,gerardlarrousse,gerard-larrousse,brabham,scuderia-finotto,brabham-bt42,brabham-bt42,exact_chassis,brabham-bt42,Tyre,other,28.0,28,True,,1:14.220,True,False,,,,False,0.6233333333333333,,0.0,0.07219890302353799,0.07988311205206529,0.005340830869468591,0.04390987854050921,full_same_season_static_retrospective_baseline_plus_shape_distributions_v9,constructor_lineage_regulation_and_stability_shrunk,0.0,1500.0,1446.9633324226809,-2.4279872646770495,1497.572012735323,1497.572012735323,bded606c61c5a0eb,0.35307917888563045,0.058,0.2956989247311828,0.0,0.0,0.28052805280528054,0.29042904290429045,0.429042904290429,0.0,0.0,0.25,1.8817204301075268,0.0,1.075268817204301,0.0,0.8064516129032258,2.9114284967216753,0.37769703658936055,0.0,0.07219890302353799,0.07988311205206529,0.005340830869468591,0.04390987854050921,full_same_season_static_retrospective_baseline_plus_shape_distributions_v9,constructor_lineage_regulation_and_stability_shrunk,high,baseline_plus_shape_distributions_v9,0.5351806597091423,0.012456318458981663,full_same_season_static_retrospective,1444.1886367826842,0.0,23,DNF,,6260.57,85.0,,0.0,unavailable,,1.0,scheduled_distance_unavailable_assume_full,1455.0433998720644,0.024793849911796024,0.0,0.0,0.0,0.0,,0.0,,0.0,0.0,0.0,0.0,0.0,0,0.0,0.0,0.19999999999999996,0.19999999999999996,all_field_expected_seconds_gap_residual_same_car_crossfit_v7_4,228,15,16.0,1.0666666666666667,25.6,6.4,29.866666666666667,9.6,384.0,96.0,1446.5360659531234,1482.5360659531234,0,1.0,0,-2.347429170439189,0.4551362355445299,0.46455180343297336,-0.2645518034329734,0.0,1444.1886367826842,1444.1886367826842,1446.5360659531234,retrospective_first_five_backcast_previous_season_anchor_frozen_v7_5
pace,1974,Belgian Grand Prix,Carlos Pace,Surtees,Surtees,8,0.0024609081821904215,0.4354863084261865,1966-1982_3l_and_ground_effect,85,0.0,17.3,17.3,4.9,nivelles,0.7052631578947368,open_meteo_era5_air_temperature_track_proxy,5,1974-05-12,jolpica_cross_fitted_xw_xp,0.0,26,Handling,-18.0,4.785714285714286,1,prior_same_circuit_grid_movement,other,0.16666666666666663,False,1480.7575381229262,0.0,0.4774497186721357,-0.48346513527079227,-0.14862715230446932,-1.2895566188032521,-0.21755931087185654,-0.18578394038058665,-0.1934334928204878,3.327701227147358,0.029265627005125278,0.6053973252688226,12.838080241935321,0.0,0.0,0.0,-0.21755931087185654,-0.18578394038058665,-0.1934334928204878,-0.0067048939882776255,-0.026774190377317694,-0.0038794720286595883,-0.028658400717297063,-0.03145710064034216,-0.022672074526452236,0.6219548404456409,0.04607697738253999,0.011403703333624645,0.03021971815768695,0.01097779763404453,-0.002685282345339563,-0.02150129716940187,-0.002259376645759448,-0.002685282345339563,cross_fitted,season_grid_average,example_precomputed_capabilities,0.7278954578095007,0.0,0.0,0.008718420988285082,0.5391672645615494,0.04607697738253999,0.6219548404456409,0.5499999999999999,0.7999999999999999,0.020547206016840194,0.06623006070727322,-0.029265627005125278,-0.438730658602156,0.0,0.0,0.0,0.0,1480.7575381229262,revised_v3_parallel,prior_similar_races_current_season_only,field_centered_bounded_no_teammate_term,carlospace,carlos-pace,surtees,bang-olufsen-team-surtees,surtees-ts16,surtees-ts16,exact_chassis,surtees-ts16,Handling,other,8.0,8,True,,1:11.460,True,False,,,,False,0.6233333333333333,,-0.14890062974930177,-1.0446474666928596,0.07988311205206529,-0.516272080205905,0.009892893938262754,full_same_season_static_retrospective_baseline_plus_shape_distributions_v9,constructor_lineage_regulation_and_stability_shrunk,8.860992372657892,1489.618530495584,1440.8434023595591,2.0599215443352037,1491.6784520399192,1491.6784520399192,bded606c61c5a0eb,0.35307917888563045,0.058,0.2956989247311828,0.0,0.0,0.28052805280528054,0.29042904290429045,0.429042904290429,0.0,0.0,0.25,1.8817204301075268,0.0,1.075268817204301,0.0,0.8064516129032258,2.9114284967216753,0.37769703658936055,-0.14764446360108327,-1.0446474666928596,0.07988311205206529,-0.516272080205905,0.009892893938262754,full_same_season_static_retrospective_baseline_plus_shape_distributions_v9,constructor_lineage_regulation_and_stability_shrunk,high,baseline_plus_shape_distributions_v9,-0.4085430196290095,0.0008401915573998571,full_same_season_static_retrospective,1484.1019679417097,0.08543866895157458,26,DNF,,6260.57,85.0,,0.0,unavailable,,1.0,scheduled_distance_unavailable_assume_full,1477.6662774213542,0.027047827896316424,0.0,0.0,0.0,0.0,,0.0,,0.0,0.0,0.0,-0.02012657275530247,3.5371711907156964,4,0.02012657275530247,0.0,0.16666666666666663,0.16666666666666663,all_field_expected_seconds_gap_residual_same_car_crossfit_v7_4,228,15,16.0,1.0666666666666667,25.6,6.4,29.866666666666667,9.6,384.0,96.0,1482.1451687760316,1485.2152772242866,0,1.0,17,1.9567991656781634,0.4940484217518469,0.5482495181008062,-0.3815828514341396,0.0,1484.1019679417097,1484.1019679417097,1449.7326398707169,retrospective_first_five_backcast_previous_season_anchor_frozen_v7_5
opel,1974,Belgian Grand Prix,Rikky von Opel,Brabham,Brabham,22,0.0012540666625712306,0.32660188434491977,1966-1982_3l_and_ground_effect,85,0.0,17.3,17.3,4.9,nivelles,0.7052631578947368,open_meteo_era5_air_temperature_track_proxy,5,1974-05-12,jolpica_cross_fitted_xw_xp,0.0,27,Engine,-5.0,4.785714285714286,1,prior_same_circuit_grid_movement,mechanical,,False,1504.4504907377457,0.0,0.5007885097092896,0.010769042212236122,-0.4287742368477354,-0.5650763889321205,0.004846068995506255,-0.5359677960596693,-0.08476145833981807,3.327701227147358,0.011628624864300434,0.39635715716384146,19.109285285084756,0.02,0.0,0.05880602015151773,0.004846068995506255,-0.5359677960596693,-0.08476145833981807,-0.0011812529273944046,-0.013263974333883674,-0.0008988026325905231,0.003419146302041829,-0.053319078978713616,-0.007483815560462421,0.4078339068112683,0.018533438316541306,0.003577377285420694,0.015206068118886801,0.003765206703893391,-0.0003879688627479905,-0.012016659696214098,-0.0005757982812206876,-0.0003879688627479905,cross_fitted,season_grid_average,example_precomputed_capabilities,0.7278954578095007,-1.734723475976807e-18,-6.938893903907228e-18,0.0031894084226727036,0.3504501585741341,0.018533438316541306,0.4078339068112683,0.5499999999999999,0.7999999999999999,0.00843921644162773,0.04590699858970737,-0.011628624864300434,,0.0,0.0,0.0,0.0,1504.4504907377457,revised_v3_parallel,prior_similar_races_current_season_only,field_centered_bounded_no_teammate_term,rikkyvonopel,rikky-von-opel,brabham,motor-racing-developments,,brabham-bt42|brabham-bt44,ambiguous_chassis_constructor_fallback,constructor:brabham,Engine,mechanical,22.0,22,True,,1:13.340,True,False,,,,False,0.6233333333333333,,0.050955688381170865,0.07219890302353799,0.07988311205206529,0.16723653823045403,0.06973473072207866,full_same_season_static_retrospective_baseline_plus_shape_distributions_v9,constructor_lineage_regulation_and_stability_shrunk,-15.235205552042892,1489.2152851857027,1460.5625087766732,-1.301057345966899,1487.9142278397358,1487.9142278397358,bded606c61c5a0eb,0.35307917888563045,0.058,0.2956989247311828,0.0,0.0,0.28052805280528054,0.29042904290429045,0.429042904290429,0.0,0.0,0.25,1.8817204301075268,0.0,1.075268817204301,0.0,0.8064516129032258,2.9114284967216753,0.37769703658936055,0.05444931830836056,0.07219890302353799,0.07988311205206529,0.16723653823045403,0.06973473072207866,full_same_season_static_retrospective_baseline_plus_shape_distributions_v9,constructor_lineage_regulation_and_stability_shrunk,high,baseline_plus_shape_distributions_v9,0.8298621661192693,0.028909641693466343,full_same_season_static_retrospective,1446.0325181081719,0.0,27,DNF,,6260.57,85.0,,0.0,unavailable,,1.0,scheduled_distance_unavailable_assume_full,1485.3581977444042,0.027859973339937567,0.0,0.0,0.0,0.0,,0.0,,0.0,0.0,0.0,-0.011450977286789265,21.128751974763986,5,0.011450977286789265,0.0,,,all_field_expected_seconds_gap_residual_same_car_crossfit_v7_4,228,15,16.0,1.0666666666666667,25.6,6.4,29.866666666666667,9.6,384.0,96.0,1447.1835857182368,1486.490873775413,0,1.0,2,-1.151067610064917,0.4569263270574251,0.47876325383140833,,0.0,1446.0325181081719,1446.0325181081719,1463.7631835492496,retrospective_first_five_backcast_previous_season_anchor_frozen_v7_5
hunt,1974,Belgian Grand Prix,James Hunt,Hesketh,Hesketh,9,0.01868360140043491,0.7346358880501924,1966-1982_3l_and_ground_effect,85,0.0,17.3,17.3,4.9,nivelles,0.7052631578947368,open_meteo_era5_air_temperature_track_proxy,5,1974-05-12,jolpica_cross_fitted_xw_xp,0.0,28,Accident,-19.0,4.785714285714286,1,prior_same_circuit_grid_movement,driver_fault,0.0,True,1513.4366454159642,0.0,0.5096437839389687,0.19821992004612413,-0.33307444538930797,-1.1021045266202858,0.08919896402075586,-0.41634305673663496,-0.16531567899304286,1.8364275652820106,0.027504672038194847,0.5919724070379031,13.240827788862907,0.0,0.0,0.0,0.08919896402075586,-0.41634305673663496,-0.16531567899304286,-0.0013400503979128162,-0.03009946414772058,-0.0033833562353426288,0.015229768258267605,-0.07202630460605752,-0.01907315959800371,0.6071463462270619,0.043174963889634065,0.008852884492487337,0.03582067095497848,0.010344234571490222,-0.0005007913838293021,-0.027468577846320442,-0.001992141462832187,-0.0005007913838293021,cross_fitted,season_grid_average,example_precomputed_capabilities,0.7109353408110766,0.0,0.0,0.008352093108658035,0.5312766502812682,0.043174963889634065,0.6071463462270619,0.5499999999999999,0.7999999999999999,0.019152578929536812,0.060695756756634855,-0.027504672038194847,-0.5919724070379031,-11.315615455598932,-2.4283096030881257,-13.743925058687058,0.0,1499.6927203572773,revised_v3_parallel,prior_similar_races_current_season_only,field_centered_bounded_no_teammate_term,jameshunt,james-hunt,hesketh,,,,unmatched_constructor_fallback,constructor:hesketh,Accident,driver_fault,9.0,9,True,,1:11.530,True,False,,,,True,0.6233333333333333,-0.6233333333333333,-0.09842165568223653,0.0,0.0,-0.3101829356723689,0.017825728635558136,full_same_season_static_retrospective_baseline_plus_shape_distributions_v9,constructor_lineage_regulation_and_stability_shrunk,2.2734096084055286,1515.7100550243697,1481.761177176317,1.5463095899949852,1517.2563646143647,1503.5124395556777,bded606c61c5a0eb,0.35307917888563045,0.058,0.2956989247311828,0.0,0.0,0.28052805280528054,0.29042904290429045,0.429042904290429,0.0,0.0,0.25,1.8817204301075268,0.0,1.075268817204301,0.0,0.8064516129032258,2.9114284967216753,0.37769703658936055,-0.09660470212944598,0.0,0.0,-0.3101829356723689,0.017825728635558136,full_same_season_static_retrospective_baseline_plus_shape_distributions_v9,constructor_lineage_regulation_and_stability_shrunk,high,baseline_plus_shape_distributions_v9,-0.04248454644299835,0.002391105911366682,full_same_season_static_retrospective,1508.0674350876282,0.16509394059174426,28,DNF,,6260.57,85.0,,0.0,unavailable,,1.0,scheduled_distance_unavailable_assume_full,1524.7093118289595,0.032412412465087276,0.0,0.0,0.0,0.0,,0.0,,0.0,0.0,0.0,0.0,0.0,0,0.0,0.0,0.0,0.0,all_field_expected_seconds_gap_residual_same_car_crossfit_v7_4,228,15,16.0,1.0666666666666667,25.6,6.4,29.866666666666667,9.6,384.0,96.0,1506.5758120301066,1486.490873775413,0,1.0,8,1.4916230575215286,0.5174688132574308,0.6668109388602228,-0.6668109388602228,-19.589098649413828,1488.4783364382142,1488.4783364382142,1477.4485085282818,retrospective_first_five_backcast_previous_season_anchor_frozen_v7_5
merzario,1974,Belgian Grand Prix,Arturo Merzario,Iso Marlboro,Iso Marlboro,6,0.0031427167193822,0.47542968804399866,1966-1982_3l_and_ground_effect,85,0.0,17.3,17.3,4.9,nivelles,0.7052631578947368,open_meteo_era5_air_temperature_track_proxy,5,1974-05-12,jolpica_cross_fitted_xw_xp,0.0,29,Transmission,-23.0,4.785714285714286,1,prior_same_circuit_grid_movement,mechanical,,False,1488.8636593971728,0.0,0.48542950339390034,-0.3143717240068429,-0.9711433278810074,-0.5071359916716861,-0.1414672758030793,-1.2139291598512594,-0.07607039875075292,3.327701227147358,0.030904136679882722,0.6040183265209431,12.879450204371707,0.02,0.0,0.05880602015151773,-0.1414672758030793,-1.2139291598512594,-0.07607039875075292,-0.005624253007032,-0.040364287194455575,-0.0019562527464795886,-0.017758255790905925,-0.2103172415782799,-0.006685810101498712,0.65097058801508,0.05247929350646795,0.005550364286665188,0.03897897521109913,0.005304560326692311,-0.0010158637281644026,-0.034444474652598346,-0.000770059768191526,-0.0010158637281644026,cross_fitted,season_grid_average,example_precomputed_capabilities,0.7278954578095007,0.0,-2.7755575615628914e-17,0.004534500558500785,0.41620928054439543,0.05247929350646795,0.65097058801508,0.5499999999999999,0.7999999999999999,0.026369636121381938,0.18780904597654768,-0.030904136679882722,,0.0,0.0,0.0,0.0,1488.8636593971728,revised_v3_parallel,prior_similar_races_current_season_only,field_centered_bounded_no_teammate_term,arturomerzario,arturo-merzario,iso-marlboro,frank-williams-racing-cars,iso-marlboro-fw,iso-marlboro-fw,exact_chassis,iso-marlboro-fw,Transmission,mechanical,6.0,6,True,,1:11.290,True,False,,,,False,0.6233333333333333,,-0.1025847964567977,-0.14458767846932669,0.07257286505106997,-0.31304379318217007,0.017680617163457764,full_same_season_static_retrospective_baseline_plus_shape_distributions_v9,constructor_lineage_regulation_and_stability_shrunk,4.267393698615937,1493.1310530957887,1464.9208664789828,2.2890020514513454,1495.42005514724,1495.42005514724,bded606c61c5a0eb,0.35307917888563045,0.058,0.2956989247311828,0.0,0.0,0.28052805280528054,0.29042904290429045,0.429042904290429,0.0,0.0,0.25,1.8817204301075268,0.0,1.075268817204301,0.0,0.8064516129032258,2.9114284967216753,0.37769703658936055,-0.10130321299939676,-0.14458767846932669,0.07257286505106997,-0.31304379318217007,0.017680617163457764,full_same_season_static_retrospective_baseline_plus_shape_distributions_v9,constructor_lineage_regulation_and_stability_shrunk,high,baseline_plus_shape_distributions_v9,-0.07363301414796168,0.002187502235794318,full_same_season_static_retrospective,1492.1997933566902,0.019477981528337296,29,DNF,,6260.57,85.0,,0.0,unavailable,,1.0,scheduled_distance_unavailable_assume_full,1495.6110092933948,0.028980549613866844,0.0,0.0,0.0,0.0,,0.0,,0.0,0.0,0.0,-0.006979294302278275,2.482209607947646,2,0.006979294302278275,0.0,,,all_field_expected_seconds_gap_residual_same_car_crossfit_v7_4,228,15,16.0,1.0666666666666667,25.6,6.4,29.866666666666667,9.6,384.0,96.0,1489.9643699335563,1485.2152772242866,0,1.0,11,2.235423423133741,0.5019644347000072,0.5056935281641995,,0.0,1492.1997933566902,1492.1997933566902,1491.5493614672746,retrospective_first_five_backcast_previous_season_anchor_frozen_v7_5
pescarolo,1974,Belgian Grand Prix,Henri Pescarolo,BRM,BRM,15,0.0020776113254620766,0.4077691233356101,1966-1982_3l_and_ground_effect,85,0.0,17.3,17.3,4.9,nivelles,0.7052631578947368,open_meteo_era5_air_temperature_track_proxy,5,1974-05-12,jolpica_cross_fitted_xw_xp,0.0,30,Collision,-15.0,4.785714285714286,1,prior_same_circuit_grid_movement,driver_fault,0.0,True,1440.1830908943255,0.0,0.43773777274747233,-1.3298467103689144,0.4510188407901336,0.34313026278748743,-0.5984310196660115,0.563773550987667,0.051469539418123114,3.327701227147358,0.02020383136151615,0.5221288847417793,15.33613345774662,0.0,0.0,0.0,-0.5984310196660115,0.563773550987667,0.051469539418123114,-0.00986817174643892,-0.009917734758363831,-0.00025597144035109014,-0.08772905429028117,0.11337161631200735,0.0074544590819643295,0.5155094805210412,0.02922267643683538,0.016465477217147747,0.016841282539902566,0.010005157062670883,-0.007284678725466209,-0.007660484048221028,-0.0008243585709893451,-0.007284678725466209,cross_fitted,season_grid_average,example_precomputed_capabilities,0.7278954578095007,-3.469446951953614e-18,6.938893903907228e-18,0.009180798491681538,0.5486065016247317,0.02922267643683538,0.5155094805210412,0.5499999999999999,0.7999999999999999,0.011023032869834611,-0.02647761688295236,-0.02020383136151615,-0.5221288847417793,-9.883211878028414,-2.4283096030881257,-12.31152148111654,0.0,1427.8715694132088,revised_v3_parallel,prior_similar_races_current_season_only,field_centered_bounded_no_teammate_term,henripescarolo,henri-pescarolo,brm,motul-team-brm,,brm-p160e|brm-p201,ambiguous_chassis_constructor_fallback,constructor:brm,Collision,driver_fault,15.0,15,True,,1:12.330,True,False,,,,True,0.6233333333333333,-0.6233333333333333,-0.10960629510370071,-0.49225724595110265,0.07988311205206529,-0.36907144559981436,0.015065237796059542,full_same_season_static_retrospective_baseline_plus_shape_distributions_v9,constructor_lineage_regulation_and_stability_shrunk,-21.16110102612718,1419.0219898681983,1388.7172569118065,0.9310692124478626,1419.9530590806462,1407.6415375995296,bded606c61c5a0eb,0.35307917888563045,0.058,0.2956989247311828,0.0,0.0,0.28052805280528054,0.29042904290429045,0.429042904290429,0.0,0.0,0.25,1.8817204301075268,0.0,1.075268817204301,0.0,0.8064516129032258,2.9114284967216753,0.37769703658936055,-0.11188043530613666,-0.49225724595110265,0.07988311205206529,-0.36907144559981436,0.015065237796059542,full_same_season_static_retrospective_baseline_plus_shape_distributions_v9,constructor_lineage_regulation_and_stability_shrunk,high,baseline_plus_shape_distributions_v9,-0.1404377796354936,0.001807400459630896,full_same_season_static_retrospective,1419.0229453210927,0.023100806156845156,30,DNF,,6260.57,85.0,,0.0,unavailable,,1.0,scheduled_distance_unavailable_assume_full,1417.951948237612,0.02149749046206005,0.0,0.0,0.0,0.0,,0.0,,0.0,0.0,0.0,0.0009454954379919796,8.804182025436008,3,-0.0009454954379919796,0.0,0.0,0.0,all_field_expected_seconds_gap_residual_same_car_crossfit_v7_4,228,15,16.0,1.0666666666666667,25.6,6.4,29.866666666666667,9.6,384.0,96.0,1418.2429725597917,1488.5025109801286,0,1.0,29,0.7799727613010393,0.430827308920095,0.4353185488980096,-0.4353185488980096,-13.662893466381169,1405.3600518547116,1405.3600518547116,1510.2253954810587,retrospective_first_five_backcast_previous_season_anchor_frozen_v7_5
stuck,1974,Belgian Grand Prix,Hans-Joachim Stuck,March,March,10,0.007788795397260267,0.6166970834757937,1966-1982_3l_and_ground_effect,85,0.0,17.3,17.3,4.9,nivelles,0.7052631578947368,open_meteo_era5_air_temperature_track_proxy,5,1974-05-12,jolpica_cross_fitted_xw_xp,0.0,31,Clutch,-21.0,4.785714285714286,1,prior_same_circuit_grid_movement,mechanical,,False,1505.4757755141034,0.0,0.5017990053275229,0.03215644741947341,0.8792953115239839,-0.01842386106304712,0.014470401338763036,1.09911913940498,-0.0027635791594570677,3.327701227147358,0.03667171332233291,0.6232037900402698,12.303886298791905,0.0,0.0,0.0,0.014470401338763036,1.09911913940498,-0.0027635791594570677,-0.0037138435687311885,-0.002398741230827856,-0.0022963291258655295,0.004926581426963894,0.15222289532922312,-0.0019609924984958504,0.5921660931887316,0.04045572458877397,0.0356302103768396,0.035128789937870296,0.036118034257882195,-0.0035833997134901985,-0.0030819792745208976,-0.004071223594532797,-0.0035833997134901985,cross_fitted,season_grid_average,example_precomputed_capabilities,0.7278954578095007,0.0,0.0,0.0320468106633494,0.7473545774464228,0.04045572458877397,0.5921660931887316,0.5499999999999999,0.7999999999999999,0.004624902658983514,-0.12415078740615293,-0.03667171332233291,,0.0,0.0,0.0,0.0,1505.4757755141034,revised_v3_parallel,prior_similar_races_current_season_only,field_centered_bounded_no_teammate_term,hansjoachimstuck,hans-joachim-stuck,march,march-engineering,march-741,march-741,exact_chassis,march-741,Clutch,mechanical,10.0,10,True,,1:11.570,True,False,,,,False,0.6233333333333333,,-0.149804811924902,-1.2034837443300992,0.07988311205206529,-0.45954036375204504,0.01163371483492893,full_same_season_static_retrospective_baseline_plus_shape_distributions_v9,constructor_lineage_regulation_and_stability_shrunk,0.6668394157526369,1506.142614929856,1418.866583715933,1.5746576802725496,1507.7172726101287,1507.7172726101287,bded606c61c5a0eb,0.35307917888563045,0.058,0.2956989247311828,0.0,0.0,0.28052805280528054,0.29042904290429045,0.429042904290429,0.0,0.0,0.25,1.8817204301075268,0.0,1.075268817204301,0.0,0.8064516129032258,2.9114284967216753,0.37769703658936055,-0.12461254882230904,-1.2034837443300992,0.07988311205206529,-0.45954036375204504,0.01163371483492893,full_same_season_static_retrospective_baseline_plus_shape_distributions_v9,constructor_lineage_regulation_and_stability_shrunk,high,baseline_plus_shape_distributions_v9,-0.4255217207031177,0.0008004061896418092,full_same_season_static_retrospective,1457.2942582582516,0.0,31,DNF,,6260.57,85.0,,0.0,unavailable,,1.0,scheduled_distance_unavailable_assume_full,1424.399439287591,0.02203725098651688,0.0,0.0,0.0,0.0,,0.0,,0.0,0.0,0.0,-0.0012883157819710282,4.673539702753451,1,0.0012883157819710282,0.0,,,all_field_expected_seconds_gap_residual_same_car_crossfit_v7_4,228,15,16.0,1.0666666666666667,25.6,6.4,29.866666666666667,9.6,384.0,96.0,1455.6298128160968,1482.5360659531234,0,1.0,2,1.6644454421548334,0.4678798755246376,0.4415352069137505,,0.0,1457.2942582582516,1457.2942582582516,1432.1561418121696,retrospective_first_five_backcast_previous_season_anchor_frozen_v7_5
