driver_id,season,event,driver,constructor,team,grid,v02_XW,v02_XP,regulation_era,race_distance_laps,wet_fraction,track_temperature,air_temperature,wind_speed,circuit_id,overtake_index,weather_source,round,date,source,observed_winner,position,status,positions_gained,overtake_proxy_raw,circuit_history_races,overtake_source,status_class,observed_performance,rating_eligible,pre_rating,season_reversion_delta,driver_expected_from_rating,driver_score_raw_revised,car_score_raw_revised,team_score_raw_revised,XdW_score_revised,XcW_score_revised,XtW_score_revised,car_effective_prior_races,XW,XP,expected_position,XW_simulated,XW_lower_95,XW_upper_95,XdW_score,XcW_score,XtW_score,XdW_probability_contribution,XcW_probability_contribution,XtW_probability_contribution,XdP_performance_contribution,XcP_performance_contribution,XtP_performance_contribution,XP_neutral_baseline,XW_neutral_baseline,XW_with_neutral_driver,XW_with_neutral_car,XW_with_neutral_team,driver_direct_uplift,car_direct_uplift,team_direct_uplift,driver_above_car_expectation,analysis_mode,neutral_reference,data_quality,model_confidence,decomposition_error,xp_decomposition_error,XW_raw_revised,XP_raw_revised,XW_neutral_revised,XP_neutral_revised,xw_calibration_shrinkage,xp_calibration_shrinkage,xw_calibration_adjustment,xp_calibration_adjustment,win_surprise,performance_surprise,raw_rating_delta,field_centering_adjustment,rating_delta,teammate_rating_delta,post_rating,model_version,car_prior_scope,rating_update_method,driver_name_key,driver_id_f1db,constructor_id_f1db,entrant_id,car_model_id,car_model_candidates,car_identity_resolution,model_entity_id,reason_retired_f1db,status_class_f1db,qualifying_position,qualifying_position_text,qualifying_eligible,qualifying_laps,qualifying_time,f1db_joined,clean_pass_proxy_eligible,clean_grid_rank,clean_finish_rank,clean_positions_gained,car_fit_eligible,field_performance,relative_performance,current_car_score_raw,constructor_prior_z_x,prior_weight_total_x,car_suitability_score_v6,expected_car_win_v6,car_model_scope_v6,car_prior_scope_v6,qualifying_rating_carried_v6,pre_qualifying_rating_v6,pre_session_strength,qualifying_delta_v6,pre_race_rating_v6,post_event_rating_v6,layout_key,straight_demand,altitude_demand,top_three_straight_share,straight_600_1000_track_share,straight_over_1000_track_share,radius_under_50_distance_share,radius_50_90_distance_share,radius_90_150_distance_share,radius_150_250_distance_share,radius_250_450_distance_share,steady_long_turn_distance_share,opposite_direction_links_per_km,same_direction_links_per_km,multi_turn_complexes_per_km,multi_apex_turns_per_km,tightening_turns_per_km,approach_severity_per_km,top_three_turning_share,current_car_score_raw_v7_6,constructor_prior_z_y,prior_weight_total_y,car_suitability_score_v7_6,expected_car_win_v7_6,car_model_scope_v7_6,car_prior_scope_v7_6,shape_topology_quality,car_suitability_model_branch_v7_6,car_suitability_score_v6_baseline,expected_car_win_v6_baseline,car_model_scope_v6_baseline,retrospective_pre_race_rating,driver_context_adjustment,result_order,finish_position_text,gap_laps,winner_race_time_seconds,winner_race_laps,cumulative_gap_share,cumulative_gap_reliability,cumulative_gap_quality,race_completion_fraction_v7_4,race_completion_reliability_v7_4,race_completion_quality_v7_4,pairwise_pre_race_strength_v7_4,field_xw_v7_4,margin_comparison_count,margin_comparison_weight,weighted_pair_gap_residual,same_car_margin_comparisons,eligible_timed_field_size,margin_race_completion_reliability,mean_pair_gap_residual_score,margin_pair_coverage,margin_field_depth_factor,raw_pairwise_margin_performance_adjustment,crossfit_car_margin_component,crossfit_car_margin_effective_rows,crossfit_car_margin_other_drivers,driver_margin_adjustment_before_centering,pairwise_margin_performance_adjustment,observed_performance_position_only,gap_adjusted_observed_performance,pairwise_margin_model,event_index,season_rounds,calendar_reference_rounds,calendar_k_multiplier,effective_race_k,effective_qualifying_k,effective_max_race_delta,effective_max_qualifying_delta,scheduled_race_k_budget,scheduled_qualifying_k_budget,retrospective_pre_qualifying_rating,retrospective_debut_anchor,inactivity_seasons,return_uncertainty_multiplier,driver_context_prior_samples,retrospective_qualifying_delta,retrospective_driver_expected_from_rating,retrospective_expected_performance,retrospective_performance_residual,retrospective_race_delta,retrospective_post_rating,retrospective_rating,debut_rating_frozen,rating_history_scope
brambilla,1975,Austrian Grand Prix,Vittorio Brambilla,March,March,8,0.0019375413184304219,0.44643520485510607,1966-1982_3l_and_ground_effect,29,0.4,21.939999999999998,21.939999999999998,1.35,red_bull_ring,0.7584279921363819,open_meteo_era5_air_temperature_track_proxy,12,1975-08-17,jolpica_cross_fitted_xw_xp,1.0,1,Finished,7.0,6.27910492481033,5,prior_same_circuit_grid_movement,finished,1.0866392228071449,True,1494.0124145817733,0.0,0.49081644208614755,-0.153385659659925,-0.6818049380718207,-1.3219869876039876,-0.06902354684696625,-0.8522561725897759,-0.19829804814059812,6.076379034533014,0.03184808492115149,0.562233730705759,12.819689270944508,0.0,0.0,0.0,-0.06902354684696625,-0.8522561725897759,-0.19829804814059812,-0.005099312531622638,-0.03508867638346291,-0.0033807741438791616,-0.007718293450919307,-0.13474266272950136,-0.02281119638815933,0.595288161219475,0.04709715199178914,0.004277330592678405,0.03222672026769896,0.004502362112792735,-0.0007489416598539808,-0.02869833133487454,-0.0009739731799683115,-0.0007489416598539808,cross_fitted,season_grid_average,example_precomputed_capabilities,0.7436121266671023,-6.938893903907228e-18,-2.7755575615628914e-17,0.003528388932824424,0.430016008650895,0.04709715199178914,0.595288161219475,0.6499999999999999,0.7999999999999999,0.028319695988327065,0.13221772205486398,0.9681519150788485,0.437766269294241,31.115438809188703,-3.115438809188703,28.0,0.0,1522.0124145817733,revised_v3_parallel,prior_similar_races_current_season_only,field_centered_bounded_no_teammate_term,vittoriobrambilla,vittorio-brambilla,march,beta-team-march,,march-741|march-751,ambiguous_chassis_constructor_fallback,constructor:march,,finished,8.0,8,True,,1:35.800,True,True,6.0,1.0,5.0,True,0.5696649029982362,0.43033509700176376,-0.08059457823864224,-0.4379937436920943,0.10925638857880825,-0.27342626181332524,0.01580308490688838,full_same_season_static_retrospective_baseline_plus_shape_distributions_v9,constructor_lineage_regulation_and_stability_shrunk,9.081941467192406,1503.0943560489657,1491.4796713307958,1.8726051583170007,1504.9669612072826,1532.9669612072826,a1342cace1e31753,0.3811911165757319,0.2724,0.1521555367709214,0.0,0.0,0.05155875299760192,0.07314148681055156,0.19304556354916066,0.41127098321342925,0.18225419664268586,0.13778529163144548,1.3524936601859678,0.0,0.6762468300929839,0.16906170752324598,0.6762468300929839,1.267571680641004,0.38126235511881285,-0.082995653887694,-0.4379937436920943,0.10925638857880825,-0.27342626181332524,0.01580308490688838,full_same_season_static_retrospective_baseline_plus_shape_distributions_v9,constructor_lineage_regulation_and_stability_shrunk,high,baseline_plus_shape_distributions_v9,-0.2634763138652553,0.0007250696850462578,full_same_season_static_retrospective,1515.1374366902185,0.025673010457826505,1,1,,3476.69,29.0,0.0,1.0,winner_origin,0.5370370370370371,0.5127267184880354,exact_scheduled_and_actual_laps,1502.245070186302,0.031552570485092295,16.0,7.3832647462277095,2.5437420582802623,1.0,17.0,0.5127267184880354,0.3445280842163925,1.0,0.9176629354822471,0.12646426124723584,-0.038613520760915475,4.864575925654147,2,0.08463978946432268,0.08663922280714484,1.0,1.0866392228071449,all_field_expected_seconds_gap_residual_same_car_crossfit_v7_4,250,14,16.0,1.1428571428571428,27.428571428571427,6.857142857142857,32.0,10.285714285714285,384.0,96.0,1513.3537722758617,1482.5360659531234,0,1.0,12,1.7836644143567268,0.5152001481222707,0.5199497506865424,0.5666894721206025,14.631379964643866,1529.7688166548623,1529.7688166548623,1484.7869041611723,retrospective_first_five_backcast_previous_season_anchor_frozen_v7_5
hunt,1975,Austrian Grand Prix,James Hunt,Hesketh,Hesketh,2,0.004383661375667003,0.5757683192169758,1966-1982_3l_and_ground_effect,29,0.4,21.939999999999998,21.939999999999998,1.35,red_bull_ring,0.7584279921363819,open_meteo_era5_air_temperature_track_proxy,12,1975-08-17,jolpica_cross_fitted_xw_xp,0.0,2,Finished,0.0,6.27910492481033,5,prior_same_circuit_grid_movement,finished,1.0093880883013218,True,1488.8955322343634,0.0,0.48579040690391234,-0.2304365132354351,-0.4660204046111284,0.5898366832528029,-0.1036964309559458,-0.5825255057639105,0.08847550248792044,6.076379034533014,0.04658320140710288,0.6572263679044964,10.254888066578598,0.02,0.0,0.05880602015151773,-0.1036964309559458,-0.5825255057639105,0.08847550248792044,-0.008802520237371152,-0.052111690625115996,0.0005170309101820936,-0.016902329570627074,-0.09806347245830341,0.010511420754475104,0.6781172441593876,0.06772221439040965,0.009133548013874362,0.053291380621561836,0.00803282252114058,-0.0018085135757697655,-0.04596634618345724,-0.0007077880830359843,-0.0018085135757697655,cross_fitted,season_grid_average,example_precomputed_capabilities,0.7436121266671023,0.0,-1.3877787807814457e-17,0.007325034438104596,0.5736628628849322,0.06772221439040965,0.6781172441593876,0.6499999999999999,0.7999999999999999,0.03925816696899828,0.08356350501956422,-0.04658320140710288,0.3057365950584666,4.38526187728193,-0.8929048270936351,3.4923570501882946,0.0,1492.3878892845516,revised_v3_parallel,prior_similar_races_current_season_only,field_centered_bounded_no_teammate_term,jameshunt,james-hunt,hesketh,hesketh-racing,,hesketh-308|hesketh-308c,ambiguous_chassis_constructor_fallback,constructor:hesketh,,finished,2.0,2,True,,1:34.970,True,True,2.0,2.0,0.0,True,0.5696649029982362,0.3932980599647268,0.046651440779163625,0.09845386181157184,0.09110289606886385,0.14865356014699516,0.05278080150358163,full_same_season_static_retrospective_baseline_plus_shape_distributions_v9,constructor_lineage_regulation_and_stability_shrunk,33.75103602647169,1522.646568260835,1533.9082567762784,2.670448112784643,1525.3170163736197,1528.809373423808,a1342cace1e31753,0.3811911165757319,0.2724,0.1521555367709214,0.0,0.0,0.05155875299760192,0.07314148681055156,0.19304556354916066,0.41127098321342925,0.18225419664268586,0.13778529163144548,1.3524936601859678,0.0,0.6762468300929839,0.16906170752324598,0.6762468300929839,1.267571680641004,0.38126235511881285,0.049784126544604915,0.09845386181157184,0.09110289606886385,0.14865356014699516,0.05278080150358163,full_same_season_static_retrospective_baseline_plus_shape_distributions_v9,constructor_lineage_regulation_and_stability_shrunk,high,baseline_plus_shape_distributions_v9,0.6687650736420414,0.010402636774354863,full_same_season_static_retrospective,1525.041620622157,0.043787013026372876,2,2,,3476.69,29.0,0.007774636220082895,1.0,exact_seconds,0.5370370370370371,0.5127267184880354,exact_scheduled_and_actual_laps,1545.7020352903453,0.0372926864062107,16.0,7.3832647462277095,1.7194744038033671,1.0,17.0,0.5127267184880354,0.2328880871679278,1.0,0.9176629354822471,0.08548510628374643,-0.0011608405601049698,2.134058207254669,1,0.044425691995536684,0.04642512533835883,0.962962962962963,1.0093880883013218,all_field_expected_seconds_gap_residual_same_car_crossfit_v7_4,250,14,16.0,1.1428571428571428,27.428571428571427,6.857142857142857,32.0,10.285714285714285,384.0,96.0,1522.015971964519,1486.490873775413,0,1.0,22,3.0256486576381816,0.5248953503922905,0.5803343620252595,0.4290537262760623,10.856228078622191,1535.8978487007794,1535.8978487007794,1477.4485085282818,retrospective_first_five_backcast_previous_season_anchor_frozen_v7_5
pryce,1975,Austrian Grand Prix,Tom Pryce,Shadow-Ford,Shadow-Ford,15,0.00016567699726307184,0.10119618001307629,1966-1982_3l_and_ground_effect,29,0.4,21.939999999999998,21.939999999999998,1.35,red_bull_ring,0.7584279921363819,open_meteo_era5_air_temperature_track_proxy,12,1975-08-17,jolpica_cross_fitted_xw_xp,0.0,3,Finished,12.0,6.27910492481033,5,prior_same_circuit_grid_movement,finished,0.9809422742448092,True,1422.953116872257,0.0,0.42154653307359125,-1.2234082185655315,-1.0670796651711496,0.15432747599521981,-0.5505336983544892,-1.333849581463937,0.023149121399282973,6.076379034533014,0.020470295846001494,0.44059432518267916,16.103953220067662,0.0,0.0,0.0,-0.5505336983544892,-1.333849581463937,0.023149121399282973,-0.007460173819351706,-0.021917230895543885,-0.00022077625959778096,-0.07533477845000773,-0.18911557688776637,0.0044657391825079305,0.4925912484137324,0.030829659187074178,0.0020380188697696924,0.016445386863052767,0.0014014103767566268,-0.0008065406571888855,-0.015213908650471961,-0.00016993216417581988,-0.0008065406571888855,cross_fitted,season_grid_average,example_precomputed_capabilities,0.7436121266671023,3.469446951953614e-18,5.551115123125783e-17,0.001231478212580807,0.23260663225846626,0.030829659187074178,0.4925912484137324,0.6499999999999999,0.7999999999999999,0.019238817633420686,0.2079876929242129,-0.020470295846001494,0.48533160074324677,8.244681713074407,-0.8929048270936351,7.3517768859807715,0.0,1430.3048937582378,revised_v3_parallel,prior_similar_races_current_season_only,field_centered_bounded_no_teammate_term,tompryce,tom-pryce,shadow,,,,unmatched_constructor_fallback,constructor:shadow,,finished,15.0,15,True,,1:37.640,True,True,11.0,3.0,8.0,True,0.5696649029982362,0.3562610229276897,-0.1033637477121427,-0.46493129043821796,0.10763189152428213,-0.3300888948410752,0.013441029488711549,full_same_season_static_retrospective_baseline_plus_shape_distributions_v9,constructor_lineage_regulation_and_stability_shrunk,24.56797450909951,1447.5210913813564,1415.9237135868286,0.6954863621612319,1448.2165777435177,1455.5683546294986,a1342cace1e31753,0.3811911165757319,0.2724,0.1521555367709214,0.0,0.0,0.05155875299760192,0.07314148681055156,0.19304556354916066,0.41127098321342925,0.18225419664268586,0.13778529163144548,1.3524936601859678,0.0,0.6762468300929839,0.16906170752324598,0.6762468300929839,1.267571680641004,0.38126235511881285,-0.10253195393554351,-0.46493129043821796,0.10763189152428213,-0.3300888948410752,0.013441029488711549,full_same_season_static_retrospective_baseline_plus_shape_distributions_v9,constructor_lineage_regulation_and_stability_shrunk,high,baseline_plus_shape_distributions_v9,-0.42175511939755217,0.00046129724065622666,full_same_season_static_retrospective,1442.8353571412313,0.027032686736055626,3,3,,3476.69,29.0,0.010023902044760965,1.0,exact_seconds,0.5370370370370371,0.5127267184880354,exact_scheduled_and_actual_laps,1423.5934374042163,0.023316208887407368,16.0,6.66544734034446,1.9538294474194724,0.0,17.0,0.5127267184880354,0.2931280299213198,1.0,0.9176629354822471,0.10759709136389052,0.0041951950624824,1.2610414020266596,1,0.053016914976061105,0.05501634831888325,0.9259259259259259,0.9809422742448092,all_field_expected_seconds_gap_residual_same_car_crossfit_v7_4,250,14,16.0,1.1428571428571428,27.428571428571427,6.857142857142857,32.0,10.285714285714285,384.0,96.0,1442.3308251741146,1482.5360659531234,0,1.0,16,0.5045319671167408,0.44450962636280394,0.4473689699904863,0.5335733042543229,13.723050788883054,1456.5584079301143,1456.5584079301143,1426.6853440744037,retrospective_first_five_backcast_previous_season_anchor_frozen_v7_5
mass,1975,Austrian Grand Prix,Jochen Mass,McLaren,McLaren,9,0.0068277880224075745,0.6399300689734142,1966-1982_3l_and_ground_effect,29,0.4,21.939999999999998,21.939999999999998,1.35,red_bull_ring,0.7584279921363819,open_meteo_era5_air_temperature_track_proxy,12,1975-08-17,jolpica_cross_fitted_xw_xp,0.0,4,Finished,5.0,6.27910492481033,5,prior_same_circuit_grid_movement,finished,0.930128657310916,True,1470.185126487381,0.0,0.46743821400973795,-0.5121808715513637,-0.2265005722087895,1.103236512041918,-0.23048139219811367,-0.28312571526098684,0.1654854768062877,6.076379034533014,0.03089487249927971,0.5714477620114734,12.570910425690219,0.0,0.0,0.0,-0.23048139219811367,-0.28312571526098684,0.1654854768062877,-0.008041090179235188,-0.03170579882117949,0.0013586239887276607,-0.03672317752291552,-0.03187204466606917,0.021462360224233052,0.5808743344044237,0.04433076525337017,0.008191926867614463,0.0329942708073222,0.006236043705186326,-0.0022494266259313134,-0.027051770565639052,-0.0002935434635031762,-0.0022494266259313134,cross_fitted,season_grid_average,example_precomputed_capabilities,0.7436121266671023,-6.938893903907228e-18,0.0,0.00594250024168315,0.5337414724396721,0.04433076525337017,0.5808743344044237,0.6499999999999999,0.7999999999999999,0.024952372257596563,0.03770628957180133,-0.03089487249927971,0.31744112687741544,4.972463343810764,-0.8929048270936351,4.079558516717129,0.0,1474.264685004098,revised_v3_parallel,prior_similar_races_current_season_only,field_centered_bounded_no_teammate_term,jochenmass,jochen-mass,mclaren,marlboro-team-texaco,mclaren-m23c,mclaren-m23c,exact_chassis,mclaren-m23c,,finished,9.0,9,True,,1:36.120,True,True,7.0,4.0,3.0,True,0.5696649029982362,0.3192239858906526,0.13044708422978202,0.981757280529489,0.10925638857880825,0.40705238282386136,0.11043530420732349,full_same_season_static_retrospective_baseline_plus_shape_distributions_v9,constructor_lineage_regulation_and_stability_shrunk,-5.35431204893128,1464.8308144384498,1449.607734367029,1.1476496234050915,1465.978464061855,1470.058022578572,a1342cace1e31753,0.3811911165757319,0.2724,0.1521555367709214,0.0,0.0,0.05155875299760192,0.07314148681055156,0.19304556354916066,0.41127098321342925,0.18225419664268586,0.13778529163144548,1.3524936601859678,0.0,0.6762468300929839,0.16906170752324598,0.6762468300929839,1.267571680641004,0.38126235511881285,0.11185237845049857,0.981757280529489,0.10925638857880825,0.40705238282386136,0.11043530420732349,full_same_season_static_retrospective_baseline_plus_shape_distributions_v9,constructor_lineage_regulation_and_stability_shrunk,high,baseline_plus_shape_distributions_v9,1.3194025050118585,0.0667546127416273,full_same_season_static_retrospective,1418.8509827336625,-0.04483366102408693,4,4,,3476.69,29.0,0.02089918859604969,1.0,exact_seconds,0.5370370370370371,0.5127267184880354,exact_scheduled_and_actual_laps,1449.7371916343752,0.02578264729050643,16.0,7.3832647462277095,1.4303808389559172,1.0,17.0,0.5127267184880354,0.19373283880775558,1.0,0.9176629354822471,0.0711125782238536,-0.005420072922003761,7.577901839507942,1,0.039240335079205026,0.04123976842202717,0.8888888888888888,0.930128657310916,all_field_expected_seconds_gap_residual_same_car_crossfit_v7_4,250,14,16.0,1.1428571428571428,27.428571428571427,6.857142857142857,32.0,10.285714285714285,384.0,96.0,1417.0435437411202,1486.490873775413,0,1.0,16,1.8074389925422754,0.42137197559561385,0.40896647374010897,0.521162183570807,13.382631478706617,1432.233614212369,1432.233614212369,1424.947396560006,retrospective_first_five_backcast_previous_season_anchor_frozen_v7_5
peterson,1975,Austrian Grand Prix,Ronnie Peterson,Team Lotus,Team Lotus,13,0.03439290556344826,0.8306724674991062,1966-1982_3l_and_ground_effect,29,0.4,21.939999999999998,21.939999999999998,1.35,red_bull_ring,0.7584279921363819,open_meteo_era5_air_temperature_track_proxy,12,1975-08-17,jolpica_cross_fitted_xw_xp,0.0,5,Finished,8.0,6.27910492481033,5,prior_same_circuit_grid_movement,finished,0.8648004195522767,True,1622.8919509591628,0.0,0.6153918231891291,1.7873035358460725,-0.6205249948086309,-1.0604134765826565,0.8042865911307326,-0.7756562435107885,-0.15906202148739848,6.076379034533014,0.024452211219020026,0.5195897344477686,13.971077169910249,0.0,0.0,0.0,0.8042865911307326,-0.7756562435107885,-0.15906202148739848,0.010493029214433378,-0.03706697248167429,-0.0029839136711795724,0.1327576970246493,-0.1272639620557834,-0.018619356048063,0.522214858663608,0.03479746114746719,0.0034535651105498093,0.047977002392362085,0.006601398945630903,0.0017860390984969056,-0.04273739818331537,-0.0013617947365841881,0.0017860390984969056,cross_fitted,season_grid_average,example_precomputed_capabilities,0.7436121266671023,3.469446951953614e-18,-2.7755575615628914e-17,0.005239604209046715,0.5090892375844108,0.03479746114746719,0.522214858663608,0.6499999999999999,0.7999999999999999,0.01921260700997331,0.010500496863357744,-0.024452211219020026,0.3322621174040833,5.393865044017019,-0.8929048270936351,4.500960216923384,0.0,1627.3929111760863,revised_v3_parallel,prior_similar_races_current_season_only,field_centered_bounded_no_teammate_term,ronniepeterson,ronnie-peterson,lotus,john-player-team-lotus,lotus-72e,lotus-72e,exact_chassis,lotus-72e,,finished,13.0,13,True,,1:37.610,True,True,10.0,5.0,5.0,True,0.5696649029982362,0.2821869488536156,-0.005855273708564283,0.9161541861215747,0.10925638857880825,0.055683027906822016,0.0404682382052922,full_same_season_static_retrospective_baseline_plus_shape_distributions_v9,constructor_lineage_regulation_and_stability_shrunk,43.046684448627495,1665.9386354077903,1582.2619030365845,-0.43708944629195084,1665.5015459614983,1670.0025061784218,a1342cace1e31753,0.3811911165757319,0.2724,0.1521555367709214,0.0,0.0,0.05155875299760192,0.07314148681055156,0.19304556354916066,0.41127098321342925,0.18225419664268586,0.13778529163144548,1.3524936601859678,0.0,0.6762468300929839,0.16906170752324598,0.6762468300929839,1.267571680641004,0.38126235511881285,-0.012453250628196258,0.9161541861215747,0.10925638857880825,0.055683027906822016,0.0404682382052922,full_same_season_static_retrospective_baseline_plus_shape_distributions_v9,constructor_lineage_regulation_and_stability_shrunk,high,baseline_plus_shape_distributions_v9,0.38094587445668976,0.004570939396061343,full_same_season_static_retrospective,1577.7219531126298,0.0858330232022183,5,5,,3476.69,29.0,0.023968199638161585,1.0,exact_seconds,0.5370370370370371,0.5127267184880354,exact_scheduled_and_actual_laps,1611.943909391777,0.048114022917799204,16.0,6.66544734034446,0.06238048116158526,0.0,17.0,0.5127267184880354,0.00935878388596819,1.0,0.9176629354822471,0.0034352836373366083,-0.017919434115407654,5.254528456803325,4,0.01094913435760276,0.012948567700424907,0.8518518518518519,0.8648004195522767,all_field_expected_seconds_gap_residual_same_car_crossfit_v7_4,250,14,16.0,1.1428571428571428,27.428571428571427,6.857142857142857,32.0,10.285714285714285,384.0,96.0,1577.8072608040388,1484.1853249422263,0,1.0,48,-0.0853076914091015,0.5760057613864823,0.6656342425820335,0.1991661769702432,4.550741011948297,1582.272694124578,1582.272694124578,1443.704434895771,retrospective_first_five_backcast_previous_season_anchor_frozen_v7_5
lauda,1975,Austrian Grand Prix,Niki Lauda,Ferrari,Ferrari,1,0.04129761968752567,0.8475986966980288,1966-1982_3l_and_ground_effect,29,0.4,21.939999999999998,21.939999999999998,1.35,red_bull_ring,0.7584279921363819,open_meteo_era5_air_temperature_track_proxy,12,1975-08-17,jolpica_cross_fitted_xw_xp,0.0,6,Finished,-5.0,6.27910492481033,5,prior_same_circuit_grid_movement,finished,0.8139421853923107,True,1560.4479547520443,0.0,0.5558516844862623,0.8470115999058617,2.811140147324956,1.3550317062091786,0.3811552199576378,3.513925184156195,0.2032547559313768,6.076379034533014,0.2515699313732652,0.7483870111597726,7.793550698686141,0.54,0.40185128013622423,0.6781487198637759,0.3811552199576378,3.513925184156195,0.2032547559313768,0.07794238266949886,0.4228292518933061,0.012433011893587503,0.03265105690144602,0.2411441091310762,0.012386752525141024,0.69115062744824,0.07194830511352779,0.4371074851896553,0.08894752571196018,0.566169447268777,0.148045466380265,0.4962054258579601,0.01898350430114326,0.148045466380265,cross_fitted,season_grid_average,example_precomputed_capabilities,0.7436121266671023,0.0,5.551115123125783e-17,0.5851529515699203,0.9773325460059032,0.07194830511352779,0.69115062744824,0.6499999999999999,0.7999999999999999,-0.3335830201966551,-0.22894553484613067,-0.2515699313732652,0.0664278036550423,-4.841977887167603,-0.8929048270936351,-5.734882714261238,0.0,1554.7130720377831,revised_v3_parallel,prior_similar_races_current_season_only,field_centered_bounded_no_teammate_term,nikilauda,niki-lauda,ferrari,scuderia-ferrari-spa-sefac,,ferrari-312b3-74|ferrari-312t,ambiguous_chassis_constructor_fallback,constructor:ferrari,,finished,1.0,1,True,,1:34.850,True,True,1.0,6.0,-5.0,True,0.5696649029982362,0.24514991181657864,0.2491328305004935,1.5338146771082595,0.10925638857880825,0.8620671935670536,0.40523704152907036,full_same_season_static_retrospective_baseline_plus_shape_distributions_v9,constructor_lineage_regulation_and_stability_shrunk,33.35260933178066,1593.800564083825,1653.9208419840795,1.8639666913546575,1595.6645307751796,1589.9296480609185,a1342cace1e31753,0.3811911165757319,0.2724,0.1521555367709214,0.0,0.0,0.05155875299760192,0.07314148681055156,0.19304556354916066,0.41127098321342925,0.18225419664268586,0.13778529163144548,1.3524936601859678,0.0,0.6762468300929839,0.16906170752324598,0.6762468300929839,1.267571680641004,0.38126235511881285,0.25624398253248,1.5338146771082595,0.10925638857880825,0.8620671935670536,0.40523704152907036,full_same_season_static_retrospective_baseline_plus_shape_distributions_v9,constructor_lineage_regulation_and_stability_shrunk,high,baseline_plus_shape_distributions_v9,2.1853153726347427,0.7923951263180844,full_same_season_static_retrospective,1587.4649047802532,0.09443173202327083,6,6,,3476.69,29.0,0.0259672274490967,1.0,exact_seconds,0.5370370370370371,0.5127267184880354,exact_scheduled_and_actual_laps,1681.180464652693,0.0627945392255971,16.0,7.690900777320531,-0.3601591952277318,1.0,17.0,0.5127267184880354,-0.046829260402083794,1.0,0.9176629354822471,-0.017189390626815508,-0.011587843717390365,6.019382582598304,1,-0.0028720627653263503,-0.0008726294225042028,0.8148148148148149,0.8139421853923107,all_field_expected_seconds_gap_residual_same_car_crossfit_v7_4,250,14,16.0,1.1428571428571428,27.428571428571427,6.857142857142857,32.0,10.285714285714285,384.0,96.0,1584.9554664987152,1487.1091117041938,0,1.0,34,2.5094382815380065,0.5853253675976768,0.7425657091890517,0.07137647620325893,1.0456520766253001,1588.5105568568786,1588.5105568568786,1492.3709337177127,retrospective_first_five_backcast_previous_season_anchor_frozen_v7_5
regazzoni,1975,Austrian Grand Prix,Clay Regazzoni,Ferrari,Ferrari,5,0.050004077775365224,0.8641491408674206,1966-1982_3l_and_ground_effect,29,0.4,21.939999999999998,21.939999999999998,1.35,red_bull_ring,0.7584279921363819,open_meteo_era5_air_temperature_track_proxy,12,1975-08-17,jolpica_cross_fitted_xw_xp,0.0,7,Finished,-2.0,6.27910492481033,5,prior_same_circuit_grid_movement,finished,0.7487203497831606,True,1446.218474320733,0.0,0.4440465816071924,-0.8730746504990664,2.811140147324956,1.3550317062091786,-0.3928835927245799,3.513925184156195,0.2032547559313768,6.076379034533014,0.10294453847341484,0.6967590101539058,9.187506725844543,0.16,0.05838198584896476,0.26161801415103525,-0.3928835927245799,3.513925184156195,0.2032547559313768,-0.08719567289333768,0.21410114434760005,0.005862164590922248,-0.047182173407275346,0.32781218641786214,0.015183691766115412,0.6375962691985654,0.05647586585760021,0.3431077863470401,0.03775807393104567,0.18455011463631565,-0.15386428444425526,0.15148542797173917,0.004693387266469173,-0.15386428444425526,cross_fitted,season_grid_average,example_precomputed_capabilities,0.7436121266671023,-2.7755575615628914e-17,0.0,0.18924350190278483,0.9334099739752676,0.05647586585760021,0.6375962691985654,0.6499999999999999,0.7999999999999999,-0.08629896342936999,-0.23665096382136175,-0.10294453847341484,0.08101876762387195,-1.012331106132261,-0.8929048270936353,-1.9052359332258963,0.0,1444.3132383875072,revised_v3_parallel,prior_similar_races_current_season_only,field_centered_bounded_no_teammate_term,clayregazzoni,clay-regazzoni,ferrari,scuderia-ferrari-spa-sefac,,ferrari-312b3-74|ferrari-312t,ambiguous_chassis_constructor_fallback,constructor:ferrari,,finished,5.0,5,True,,1:35.410,True,True,4.0,7.0,-3.0,True,0.5696649029982362,0.20811287477954155,0.2491328305004935,1.5338146771082595,0.10925638857880825,0.8620671935670536,0.40523704152907036,full_same_season_static_retrospective_baseline_plus_shape_distributions_v9,constructor_lineage_regulation_and_stability_shrunk,100.25334938103848,1546.4718237017717,1730.8909287843005,1.2111954855198497,1547.6830191872914,1545.7777832540655,a1342cace1e31753,0.3811911165757319,0.2724,0.1521555367709214,0.0,0.0,0.05155875299760192,0.07314148681055156,0.19304556354916066,0.41127098321342925,0.18225419664268586,0.13778529163144548,1.3524936601859678,0.0,0.6762468300929839,0.16906170752324598,0.6762468300929839,1.267571680641004,0.38126235511881285,0.25624398253248,1.5338146771082595,0.10925638857880825,0.8620671935670536,0.40523704152907036,full_same_season_static_retrospective_baseline_plus_shape_distributions_v9,constructor_lineage_regulation_and_stability_shrunk,high,baseline_plus_shape_distributions_v9,2.1853153726347427,0.7923951263180844,full_same_season_static_retrospective,1662.9690736297418,-0.0057422538969519755,7,7,,3476.69,29.0,0.02849549427760312,1.0,exact_seconds,0.5370370370370371,0.5127267184880354,exact_scheduled_and_actual_laps,1743.9268952773884,0.07993393972918209,16.0,7.690900777320531,-1.094624265724307,1.0,17.0,0.5127267184880354,-0.14232718603680497,1.0,0.9176629354822471,-0.05224335333498494,0.008328604820466847,9.342287645956713,1,-0.031056861337439387,-0.02905742799461724,0.7777777777777778,0.7487203497831606,all_field_expected_seconds_gap_residual_same_car_crossfit_v7_4,250,14,16.0,1.1428571428571428,27.428571428571427,6.857142857142857,32.0,10.285714285714285,384.0,96.0,1661.9255532989362,1484.1853249422263,0,1.0,53,1.0435203308055945,0.6552375402973387,0.7066072301064997,0.04211311967666087,0.24300001189575338,1663.2120736416375,1663.2120736416375,1616.3583490030023,retrospective_first_five_backcast_previous_season_anchor_frozen_v7_5
scheckter,1975,Austrian Grand Prix,Jody Scheckter,Tyrrell,Tyrrell,10,0.027056307921821763,0.8069141430689032,1966-1982_3l_and_ground_effect,29,0.4,21.939999999999998,21.939999999999998,1.35,red_bull_ring,0.7584279921363819,open_meteo_era5_air_temperature_track_proxy,12,1975-08-17,jolpica_cross_fitted_xw_xp,0.0,8,+1 Lap,2.0,6.27910492481033,5,prior_same_circuit_grid_movement,finished,0.7352719847374487,True,1507.2988393541943,0.0,0.5038706849878478,0.04668350358750233,-0.08472516111977471,0.872574075587104,0.02100757661437605,-0.10590645139971838,0.1308861113380656,6.076379034533014,0.029856458347864764,0.5701938757664022,12.60476535430714,0.0,0.0,0.0,0.02100757661437605,-0.10590645139971838,0.1308861113380656,-0.003752052450635604,-0.03097501259064351,0.0008116026067067921,0.00452280283885137,-0.002269749423051859,0.017023390394380278,0.5663385870043663,0.04172687019996508,0.008883010202136736,0.03714133254749986,0.008328880249923681,-0.0010716024367439791,-0.0293299247821071,-0.0005174724845309238,-0.0010716024367439791,cross_fitted,season_grid_average,example_precomputed_capabilities,0.7436121266671023,0.0,0.0,0.007811407765392757,0.5856150308145461,0.04172687019996508,0.5663385870043663,0.6499999999999999,0.7999999999999999,0.022045050582472005,-0.015421155048143897,-0.029856458347864764,0.17054686497433846,2.353288569189338,-0.8929048270936353,1.4603837420957027,0.0,1508.75922309629,revised_v3_parallel,prior_similar_races_current_season_only,field_centered_bounded_no_teammate_term,jodyscheckter,jody-scheckter,tyrrell,elf-team-tyrrell,tyrrell-007,tyrrell-007,exact_chassis,tyrrell-007,,finished,10.0,10,True,,1:36.140,True,True,8.0,8.0,0.0,True,0.5696649029982362,0.17107583774250446,0.007487200858220771,1.3178980257174406,0.10925638857880825,0.15763599352231517,0.05415290460891119,full_same_season_static_retrospective_baseline_plus_shape_distributions_v9,constructor_lineage_regulation_and_stability_shrunk,44.95839091671876,1552.2572302709132,1531.2858238869014,0.7960837614816358,1553.0533140323948,1554.5136977744905,a1342cace1e31753,0.3811911165757319,0.2724,0.1521555367709214,0.0,0.0,0.05155875299760192,0.07314148681055156,0.19304556354916066,0.41127098321342925,0.18225419664268586,0.13778529163144548,1.3524936601859678,0.0,0.6762468300929839,0.16906170752324598,0.6762468300929839,1.267571680641004,0.38126235511881285,0.01002979059101319,1.3178980257174406,0.10925638857880825,0.15763599352231517,0.05415290460891119,full_same_season_static_retrospective_baseline_plus_shape_distributions_v9,constructor_lineage_regulation_and_stability_shrunk,high,baseline_plus_shape_distributions_v9,0.5117475778420368,0.0066421645275802875,full_same_season_static_retrospective,1519.6862132133895,0.03629508296967537,8,8,1.0,3476.69,29.0,0.034482758620689655,0.7,lap_equivalent,0.5370370370370371,0.5127267184880354,exact_scheduled_and_actual_laps,1546.220149516107,0.0373670753905918,9.0,3.230178326474623,-0.16763387144600037,0.0,17.0,0.5127267184880354,-0.05189616624942002,0.5625,0.9176629354822471,-0.014286956478215249,0.0002786767857131555,7.791302952040308,2,-0.007468189346114183,-0.005468756003292036,0.7407407407407407,0.7352719847374487,all_field_expected_seconds_gap_residual_same_car_crossfit_v7_4,250,14,16.0,1.1428571428571428,27.428571428571427,6.857142857142857,32.0,10.285714285714285,384.0,96.0,1518.6749444051163,1485.2152772242866,0,1.0,23,1.0112688082731522,0.5196547380964225,0.5683688101833964,0.16690317455405235,3.665812945675634,1523.3520261590652,1523.3520261590652,1425.3139198405268,retrospective_first_five_backcast_previous_season_anchor_frozen_v7_5
emerson_fittipaldi,1975,Austrian Grand Prix,Emerson Fittipaldi,McLaren,McLaren,3,0.7503747307359018,0.9881567704931885,1966-1982_3l_and_ground_effect,29,0.4,21.939999999999998,21.939999999999998,1.35,red_bull_ring,0.7584279921363819,open_meteo_era5_air_temperature_track_proxy,12,1975-08-17,jolpica_cross_fitted_xw_xp,0.0,9,+1 Lap,-6.0,6.27910492481033,5,prior_same_circuit_grid_movement,finished,0.6679171118325539,True,1776.6891101715696,0.0,0.7466328904305715,4.103206382586893,-0.2265005722087895,1.103236512041918,1.846442872164102,-0.28312571526098684,0.1654854768062877,6.076379034533014,0.05605104904094073,0.6966913079465394,9.189334685443436,0.12,0.0299252577022837,0.21007474229771628,1.846442872164102,-0.28312571526098684,0.1654854768062877,0.09927758245602715,-0.12549371373715743,0.004235256352495609,0.20765681916897183,-0.06258786424460705,0.01420230686231849,0.6648370555892028,0.06374435526596287,0.011779383766047305,0.24592566657456363,0.04307975823111216,0.029984096571280892,-0.20416218623723542,-0.0013162778937839612,0.029984096571280892,cross_fitted,season_grid_average,example_precomputed_capabilities,0.7436121266671023,0.0,0.0,0.0417634803373282,0.8241083173758861,0.06374435526596287,0.6648370555892028,0.6499999999999999,0.7999999999999999,0.01428756870361253,-0.12741700942934664,-0.05605104904094073,0.00701239575716428,-1.2190020533536206,-0.8929048270936353,-2.111906880447256,0.0,1774.5772032911223,revised_v3_parallel,prior_similar_races_current_season_only,field_centered_bounded_no_teammate_term,emersonfittipaldi,emerson-fittipaldi,mclaren,marlboro-team-texaco,mclaren-m23c,mclaren-m23c,exact_chassis,mclaren-m23c,,finished,3.0,3,True,,1:35.210,True,True,3.0,9.0,-6.0,True,0.5696649029982362,0.13403880070546748,0.13044708422978202,0.981757280529489,0.10925638857880825,0.40705238282386136,0.11043530420732349,full_same_season_static_retrospective_baseline_plus_shape_distributions_v9,constructor_lineage_regulation_and_stability_shrunk,19.671183259440525,1796.3602934310102,1689.7329297679532,0.839920500835682,1797.2002139318458,1795.0883070513985,a1342cace1e31753,0.3811911165757319,0.2724,0.1521555367709214,0.0,0.0,0.05155875299760192,0.07314148681055156,0.19304556354916066,0.41127098321342925,0.18225419664268586,0.13778529163144548,1.3524936601859678,0.0,0.6762468300929839,0.16906170752324598,0.6762468300929839,1.267571680641004,0.38126235511881285,0.11185237845049857,0.981757280529489,0.10925638857880825,0.40705238282386136,0.11043530420732349,full_same_season_static_retrospective_baseline_plus_shape_distributions_v9,constructor_lineage_regulation_and_stability_shrunk,high,baseline_plus_shape_distributions_v9,1.3194025050118585,0.0667546127416273,full_same_season_static_retrospective,1658.955366680158,0.13339845307758133,9,9,1.0,3476.69,29.0,0.034482758620689655,0.7,lap_equivalent,0.5370370370370371,0.5127267184880354,exact_scheduled_and_actual_laps,1734.9873686996089,0.07723229863497832,9.0,3.9479957323578723,-0.782164261241864,1.0,17.0,0.5127267184880354,-0.198116795018603,0.5625,0.9176629354822471,-0.05454133190553176,0.019154896224334538,6.076201177744694,1,-0.037786025213971994,-0.035786591871149846,0.7037037037037037,0.6679171118325539,all_field_expected_seconds_gap_residual_same_car_crossfit_v7_4,250,14,16.0,1.1428571428571428,27.428571428571427,6.857142857142857,32.0,10.285714285714285,384.0,96.0,1657.1687391420444,1484.1853249422263,0,1.0,49,1.7866275381135381,0.6516455582401014,0.8121482432146397,-0.14423113138208588,-4.868156588572729,1654.0872100915853,1654.0872100915853,1473.8522371912575,retrospective_first_five_backcast_previous_season_anchor_frozen_v7_5
watson,1975,Austrian Grand Prix,John Watson,Surtees,Surtees,18,0.0007821699197113059,0.29797980476595537,1966-1982_3l_and_ground_effect,29,0.4,21.939999999999998,21.939999999999998,1.35,red_bull_ring,0.7584279921363819,open_meteo_era5_air_temperature_track_proxy,12,1975-08-17,jolpica_cross_fitted_xw_xp,0.0,10,+1 Lap,8.0,6.27910492481033,5,prior_same_circuit_grid_movement,finished,0.672363985573043,True,1480.421159581662,0.0,0.4774718447372567,-0.35804500646923104,-1.722749169912329,1.2784255016799133,-0.16112025291115398,-2.1534364623904114,0.19176382525198699,5.4781677176907735,0.016952407676443446,0.38828748400084406,17.51623793197721,0.0,0.0,0.0,-0.16112025291115398,-2.1534364623904114,0.19176382525198699,-0.0036029659896567056,-0.022483804358999215,0.0010653494951847731,-0.01431935824956716,-0.30576921582132666,0.020036788208412332,0.44829784117334043,0.02570990497515835,0.0008735797164441002,0.020525679941069505,0.0007296528078298645,-0.00018509559475690153,-0.019837195819382307,-4.116868614266586e-05,-0.00018509559475690153,cross_fitted,season_grid_average,example_precomputed_capabilities,0.7410661022489073,-3.469446951953614e-18,0.0,0.0006884841216871987,0.1482460553108589,0.02570990497515835,0.44829784117334043,0.6499999999999999,0.7999999999999999,0.016263923554756247,0.24004142868998515,-0.016952407676443446,0.2783791826658227,4.603967503750165,-0.8929048270936351,3.71106267665653,0.0,1484.1322222583187,revised_v3_parallel,prior_similar_races_current_season_only,field_centered_bounded_no_teammate_term,johnwatson,john-watson,surtees,matchbox-team-surtees,surtees-ts16,surtees-ts16,exact_chassis,surtees-ts16,,finished,18.0,18,True,,1:37.960,True,True,14.0,10.0,4.0,True,0.5696649029982362,0.0970017636684305,-0.13894000186064193,-0.3990375493597156,0.10925638857880825,-0.4259689997976486,0.010220226776442371,full_same_season_static_retrospective_baseline_plus_shape_distributions_v9,constructor_lineage_regulation_and_stability_shrunk,-3.154051461388538,1477.2671081202736,1422.9085946783591,-0.029976851220785673,1477.237131269053,1480.9481939457096,a1342cace1e31753,0.3811911165757319,0.2724,0.1521555367709214,0.0,0.0,0.05155875299760192,0.07314148681055156,0.19304556354916066,0.41127098321342925,0.18225419664268586,0.13778529163144548,1.3524936601859678,0.0,0.6762468300929839,0.16906170752324598,0.6762468300929839,1.267571680641004,0.38126235511881285,-0.1393553045820729,-0.3990375493597156,0.10925638857880825,-0.4259689997976486,0.010220226776442371,full_same_season_static_retrospective_baseline_plus_shape_distributions_v9,constructor_lineage_regulation_and_stability_shrunk,high,baseline_plus_shape_distributions_v9,-0.658587995859313,0.00023448162991254222,full_same_season_static_retrospective,1456.6832135366392,-0.05759773436898871,10,10,1.0,3476.69,29.0,0.034482758620689655,0.7,lap_equivalent,0.5370370370370371,0.5127267184880354,exact_scheduled_and_actual_laps,1429.45824809982,0.023848128468424004,9.0,3.230178326474623,0.08462322475062943,0.0,17.0,0.5127267184880354,0.02619769442976425,0.5625,0.9176629354822471,0.007212195951985313,0.0,0.0,0,0.003697885563554122,0.005697318906376269,0.6666666666666667,0.672363985573043,all_field_expected_seconds_gap_residual_same_car_crossfit_v7_4,250,14,16.0,1.1428571428571428,27.428571428571427,6.857142857142857,32.0,10.285714285714285,384.0,96.0,1456.986114662171,1486.490873775413,0,1.0,19,-0.3029011255319536,0.4579738130503213,0.36860871248323357,0.30375527308980943,7.419470505513541,1464.1026840421528,1464.1026840421528,1463.0957077089734,retrospective_first_five_backcast_previous_season_anchor_frozen_v7_5
depailler,1975,Austrian Grand Prix,Patrick Depailler,Tyrrell,Tyrrell,7,0.02097755152115633,0.7798785407405445,1966-1982_3l_and_ground_effect,29,0.4,21.939999999999998,21.939999999999998,1.35,red_bull_ring,0.7584279921363819,open_meteo_era5_air_temperature_track_proxy,12,1975-08-17,jolpica_cross_fitted_xw_xp,0.0,11,+1 Lap,-4.0,6.27910492481033,5,prior_same_circuit_grid_movement,finished,0.622593308405001,True,1457.6933269062172,0.0,0.4552247111570721,-0.7002844383472798,-0.08472516111977471,0.872574075587104,-0.31512799725627594,-0.10590645139971838,0.1308861113380656,6.076379034533014,0.03504586774167081,0.6017696279592869,11.752220045099254,0.0,0.0,0.0,-0.31512799725627594,-0.10590645139971838,0.1308861113380656,-0.010631588795100864,-0.03313049895463981,0.0009326514826938705,-0.051376298959446245,-0.004098875185227631,0.016525865293081567,0.6095594897296054,0.0500361704351372,0.010651932683212566,0.03414449022202695,0.007701071600224014,-0.0034451985151221724,-0.026937756053936557,-0.0004943374321336206,-0.0034451985151221724,cross_fitted,season_grid_average,example_precomputed_capabilities,0.7436121266671023,0.0,0.0,0.007206734168090393,0.5706101808780131,0.0500361704351372,0.6095594897296054,0.6499999999999999,0.7999999999999999,0.027839133573580414,0.031159447081273828,-0.03504586774167081,0.02786000167034275,-0.3396207957339299,-0.8929048270936353,-1.2325256228275652,0.0,1456.4608012833896,revised_v3_parallel,prior_similar_races_current_season_only,field_centered_bounded_no_teammate_term,patrickdepailler,patrick-depailler,tyrrell,elf-team-tyrrell,tyrrell-007,tyrrell-007,exact_chassis,tyrrell-007,,finished,7.0,7,True,,1:35.780,True,True,5.0,11.0,-6.0,True,0.5696649029982362,0.059964726631393406,0.007487200858220771,1.3178980257174406,0.10925638857880825,0.15763599352231517,0.05415290460891119,full_same_season_static_retrospective_baseline_plus_shape_distributions_v9,constructor_lineage_regulation_and_stability_shrunk,16.957172652413732,1474.6504995586308,1534.671732171533,1.9043701972437395,1476.5548697558745,1475.322344133047,a1342cace1e31753,0.3811911165757319,0.2724,0.1521555367709214,0.0,0.0,0.05155875299760192,0.07314148681055156,0.19304556354916066,0.41127098321342925,0.18225419664268586,0.13778529163144548,1.3524936601859678,0.0,0.6762468300929839,0.16906170752324598,0.6762468300929839,1.267571680641004,0.38126235511881285,0.01002979059101319,1.3178980257174406,0.10925638857880825,0.15763599352231517,0.05415290460891119,full_same_season_static_retrospective_baseline_plus_shape_distributions_v9,constructor_lineage_regulation_and_stability_shrunk,high,baseline_plus_shape_distributions_v9,0.5117475778420368,0.0066421645275802875,full_same_season_static_retrospective,1523.8116063629016,0.018464484233206686,11,11,1.0,3476.69,29.0,0.034482758620689655,0.7,lap_equivalent,0.5370370370370371,0.5127267184880354,exact_scheduled_and_actual_laps,1558.6920788824714,0.03920322205297851,9.0,3.230178326474623,-0.1749134367808296,0.0,17.0,0.5127267184880354,-0.054149777226611504,0.5625,0.9176629354822471,-0.014907373057644615,0.0027155715669227444,7.388997619255244,2,-0.009035754567450784,-0.007036321224628637,0.6296296296296297,0.622593308405001,all_field_expected_seconds_gap_residual_same_car_crossfit_v7_4,250,14,16.0,1.1428571428571428,27.428571428571427,6.857142857142857,32.0,10.285714285714285,384.0,96.0,1522.060852689748,1485.2152772242866,0,1.0,24,1.7507536731537718,0.5236921258967452,0.5545186813784367,0.0680746270265643,0.9550870706359618,1524.7666934335375,1524.7666934335375,1511.5439142753735,retrospective_first_five_backcast_previous_season_anchor_frozen_v7_5
amon,1975,Austrian Grand Prix,Chris Amon,Ensign,Ensign,23,0.0007219954547152123,0.28544708691656634,1966-1982_3l_and_ground_effect,29,0.4,21.939999999999998,21.939999999999998,1.35,red_bull_ring,0.7584279921363819,open_meteo_era5_air_temperature_track_proxy,12,1975-08-17,jolpica_cross_fitted_xw_xp,0.0,12,+1 Lap,11.0,6.27910492481033,5,prior_same_circuit_grid_movement,finished,0.5916660495590139,True,1428.7941818074894,3.7476746417110007,0.42717158542743633,-1.1354525048138853,0.14182228394038876,0.28795831144895095,-0.5109536271662484,0.17727785492548595,0.04319374671734264,2.1599116222824475,0.013343815778692363,0.37848953306758176,17.780782607175293,0.0,0.0,0.0,-0.5109536271662484,0.17727785492548595,0.04319374671734264,-0.0052899376275371635,-0.010665008111915618,-0.0001930552294528612,-0.07862266780560272,0.08187074948823406,0.007542126392887658,0.37633149145247796,0.01899561611780934,0.004963798615385433,0.010570747088940518,0.003195567374586575,-0.0021161834664817376,-0.007723131940036823,-0.00034795222568287983,-0.0021161834664817376,cross_fitted,season_grid_average,example_precomputed_capabilities,0.7156172274291268,0.0,5.204170427930421e-18,0.0028476151489036953,0.38712169952799697,0.01899561611780934,0.37633149145247796,0.6499999999999999,0.7999999999999999,0.010496200629788666,-0.008632166460415203,-0.013343815778692363,0.2141030595250108,3.5336034927615776,-0.8929048270936351,2.6406986656679425,0.0,1431.4348804731574,revised_v3_parallel,prior_similar_races_current_season_only,field_centered_bounded_no_teammate_term,chrisamon,chris-amon,ensign,hb-bewaking-team-ensign,,ensign-n174|ensign-n175,ambiguous_chassis_constructor_fallback,constructor:ensign,,finished,24.0,24,True,,1:38.750,True,True,16.0,12.0,4.0,True,0.5696649029982362,0.022927689594356315,0.00034266681354876106,-1.985834958688919,0.10763189152428213,-0.18448797184262508,0.020375120396952585,full_same_season_static_retrospective_baseline_plus_shape_distributions_v9,constructor_lineage_regulation_and_stability_shrunk,83.9192464740432,1512.7134282815325,1543.5655443276175,-1.921104032467322,1510.7923242490651,1513.433022914733,a1342cace1e31753,0.3811911165757319,0.2724,0.1521555367709214,0.0,0.0,0.05155875299760192,0.07314148681055156,0.19304556354916066,0.41127098321342925,0.18225419664268586,0.13778529163144548,1.3524936601859678,0.0,0.6762468300929839,0.16906170752324598,0.6762468300929839,1.267571680641004,0.38126235511881285,0.0030522877120026906,-1.985834958688919,0.10763189152428213,-0.18448797184262508,0.020375120396952585,full_same_season_static_retrospective_baseline_plus_shape_distributions_v9,constructor_lineage_regulation_and_stability_shrunk,high,baseline_plus_shape_distributions_v9,0.14060781609078585,0.0023002977570604575,full_same_season_static_retrospective,1555.6990831947921,-0.0193573278701899,12,12,1.0,3476.69,29.0,0.034482758620689655,0.7,lap_equivalent,0.5370370370370371,0.5127267184880354,exact_scheduled_and_actual_laps,1549.143704708672,0.037789618520686054,9.0,3.230178326474623,-0.15284695280278063,0.0,17.0,0.5127267184880354,-0.04731842559590074,0.5625,0.9176629354822471,-0.013026709600419772,-0.007320011917433485,2.0368490458395936,1,-0.0029259763764008344,-0.0009265430335786869,0.5925925925925926,0.5916660495590139,all_field_expected_seconds_gap_residual_same_car_crossfit_v7_4,250,14,16.0,1.1428571428571428,27.428571428571427,6.857142857142857,32.0,10.285714285714285,384.0,96.0,1558.3245820750276,1483.935938936164,0,1.0,48,-2.6254988802355257,0.554763582896892,0.5210505918673793,0.07061545769163458,1.0247784260207464,1556.7238616208128,1556.7238616208128,1462.1490530247306,retrospective_first_five_backcast_previous_season_anchor_frozen_v7_5
lunger,1975,Austrian Grand Prix,Brett Lunger,Hesketh,Hesketh,17,0.000972187128279404,0.3327822159658801,1966-1982_3l_and_ground_effect,29,0.4,21.939999999999998,21.939999999999998,1.35,red_bull_ring,0.7584279921363819,open_meteo_era5_air_temperature_track_proxy,12,1975-08-17,jolpica_cross_fitted_xw_xp,0.0,13,+1 Lap,4.0,6.27910492481033,5,prior_same_circuit_grid_movement,finished,0.5418504533307217,True,1500.0,0.0,0.4966992960144328,-0.06322361644543399,-0.4660204046111284,0.5898366832528029,-0.028450627400445298,-0.5825255057639105,0.08847550248792044,6.076379034533014,0.018846727406644042,0.4514946555724507,15.80964429954383,0.0,0.0,0.0,-0.028450627400445298,-0.5825255057639105,0.08847550248792044,-0.0028170252450895007,-0.02158429926097209,0.00020829340672289657,0.0011958740969578254,-0.07185835112527537,0.013069959101413266,0.4630131591578316,0.027314288291412584,0.0036838187560764724,0.022807646992878867,0.0034217123168226032,-0.0005625615640025817,-0.019686389800804976,-0.0003004551247487125,-0.0005625615640025817,cross_fitted,season_grid_average,example_precomputed_capabilities,0.7436121266671023,0.0,0.0,0.0031212571920738908,0.4054206412309273,0.027314288291412584,0.4630131591578316,0.6499999999999999,0.7999999999999999,0.01572547021457015,0.04607401434152342,-0.018846727406644042,0.10406089998310486,1.4207747419364305,-0.8929048270936353,0.5278699148427952,0.0,1500.5278699148428,revised_v3_parallel,prior_similar_races_current_season_only,field_centered_bounded_no_teammate_term,brettlunger,brett-lunger,hesketh,hesketh-racing,,hesketh-308|hesketh-308c,ambiguous_chassis_constructor_fallback,constructor:hesketh,,finished,17.0,17,True,,1:37.870,True,True,13.0,13.0,0.0,True,0.5696649029982362,-0.014109347442680664,0.046651440779163625,0.09845386181157184,0.09110289606886385,0.14865356014699516,0.05278080150358163,full_same_season_static_retrospective_baseline_plus_shape_distributions_v9,constructor_lineage_regulation_and_stability_shrunk,0.0,1500.0,1427.9370900074298,-0.5340049866942991,1499.4659950133057,1499.9938649281485,a1342cace1e31753,0.3811911165757319,0.2724,0.1521555367709214,0.0,0.0,0.05155875299760192,0.07314148681055156,0.19304556354916066,0.41127098321342925,0.18225419664268586,0.13778529163144548,1.3524936601859678,0.0,0.6762468300929839,0.16906170752324598,0.6762468300929839,1.267571680641004,0.38126235511881285,0.049784126544604915,0.09845386181157184,0.09110289606886385,0.14865356014699516,0.05278080150358163,full_same_season_static_retrospective_baseline_plus_shape_distributions_v9,constructor_lineage_regulation_and_stability_shrunk,high,baseline_plus_shape_distributions_v9,0.6687650736420414,0.010402636774354863,full_same_season_static_retrospective,1415.962996167014,0.0,13,13,1.0,3476.69,29.0,0.034482758620689655,0.7,lap_equivalent,0.5370370370370371,0.5127267184880354,exact_scheduled_and_actual_laps,1441.7460524011756,0.025002267708743132,9.0,3.9479957323578723,-0.0881543044461579,1.0,17.0,0.5127267184880354,-0.022328875313527573,0.5625,0.9176629354822471,-0.006147114379868639,0.024482332070604348,5.797705678508417,1,-0.015704535567656018,-0.01370510222483387,0.5555555555555556,0.5418504533307217,all_field_expected_seconds_gap_residual_same_car_crossfit_v7_4,250,14,16.0,1.1428571428571428,27.428571428571427,6.857142857142857,32.0,10.285714285714285,384.0,96.0,1416.0448051956703,1480.5884309204696,0,1.0,0,-0.08180902865629894,0.4186049635628855,0.4312093134127541,0.11064113991796759,2.1226257099430232,1418.085621876957,1418.085621876957,1416.0448051956703,retrospective_first_five_backcast_previous_season_anchor_frozen_v7_5
reutemann,1975,Austrian Grand Prix,Carlos Reutemann,Brabham,Brabham,11,0.02901978449828542,0.814029620835166,1966-1982_3l_and_ground_effect,29,0.4,21.939999999999998,21.939999999999998,1.35,red_bull_ring,0.7584279921363819,open_meteo_era5_air_temperature_track_proxy,12,1975-08-17,jolpica_cross_fitted_xw_xp,0.0,14,+1 Lap,-3.0,6.27910492481033,5,prior_same_circuit_grid_movement,finished,0.4958532656119865,True,1574.6544278754498,0.0,0.5695930458993571,1.0609350021138493,1.3110753999577052,0.6833550299352632,0.4774207509512322,1.6388442499471314,0.10250325449028948,6.076379034533014,0.04463909380354557,0.6112303743482655,11.49677989259683,0.14,0.043820101892339286,0.23617989810766074,0.4774207509512322,1.6388442499471314,0.10250325449028948,0.011740537364261554,0.004497125178444566,-0.0009143157180187857,0.06221977516218585,0.22614238285643729,0.009278919589406963,0.5517021588266595,0.039275922414905004,0.04004381257399214,0.04928877634983585,0.05830939745052081,0.014555456665600201,0.005310492889756491,-0.003710128210928469,0.014555456665600201,cross_fitted,season_grid_average,example_precomputed_capabilities,0.7436121266671023,0.0,5.551115123125783e-17,0.05459926923959234,0.8493432364346897,0.039275922414905004,0.5517021588266595,0.6499999999999999,0.7999999999999999,-0.00996017543604677,-0.23811286208642413,-0.04463909380354557,-0.09271185582974695,-2.7401516562205384,-0.8929048270936351,-3.6330564833141734,0.0,1571.0213713921355,revised_v3_parallel,prior_similar_races_current_season_only,field_centered_bounded_no_teammate_term,carlosreutemann,carlos-reutemann,brabham,martini-racing,brabham-bt44b,brabham-bt44b,exact_chassis,brabham-bt44b,,finished,11.0,11,True,,1:36.430,True,True,9.0,14.0,-5.0,True,0.5696649029982362,-0.051146384479717644,0.10117722002877992,0.7866336608469652,0.10925638857880825,0.3642409480330817,0.09772051163427631,full_same_season_static_retrospective_baseline_plus_shape_distributions_v9,constructor_lineage_regulation_and_stability_shrunk,55.5590891678235,1630.2135170432732,1644.6194771971827,-0.10629707424622883,1630.107219969027,1626.4741634857128,a1342cace1e31753,0.3811911165757319,0.2724,0.1521555367709214,0.0,0.0,0.05155875299760192,0.07314148681055156,0.19304556354916066,0.41127098321342925,0.18225419664268586,0.13778529163144548,1.3524936601859678,0.0,0.6762468300929839,0.16906170752324598,0.6762468300929839,1.267571680641004,0.38126235511881285,0.10334950912288618,0.7866336608469652,0.10925638857880825,0.3642409480330817,0.09772051163427631,full_same_season_static_retrospective_baseline_plus_shape_distributions_v9,constructor_lineage_regulation_and_stability_shrunk,high,baseline_plus_shape_distributions_v9,1.10004513378738,0.0356692171915511,full_same_season_static_retrospective,1615.5071593561247,0.07456020606445049,14,14,1.0,3476.69,29.0,0.034482758620689655,0.7,lap_equivalent,0.5370370370370371,0.5127267184880354,exact_scheduled_and_actual_laps,1673.531542746991,0.06097410002651976,9.0,3.230178326474623,-0.42766860266446555,0.0,17.0,0.5127267184880354,-0.13239783053439586,0.5625,0.9176629354822471,-0.036448974545902436,0.011655961982638897,3.0695488029834475,1,-0.024664686249354226,-0.02266525290653208,0.5185185185185186,0.4958532656119865,all_field_expected_seconds_gap_residual_same_car_crossfit_v7_4,250,14,16.0,1.1428571428571428,27.428571428571427,6.857142857142857,32.0,10.285714285714285,384.0,96.0,1615.4802013545361,1485.2152772242866,0,1.0,33,0.026958001588552386,0.6118167213721349,0.7121437252498302,-0.21629045963784366,-6.844641020730656,1608.662518335394,1608.662518335394,1495.0517339591952,retrospective_first_five_backcast_previous_season_anchor_frozen_v7_5
brise,1975,Austrian Grand Prix,Tony Brise,Embassy Hill,Embassy Hill,16,0.00430685334172409,0.57310916565659,1966-1982_3l_and_ground_effect,29,0.4,21.939999999999998,21.939999999999998,1.35,red_bull_ring,0.7584279921363819,open_meteo_era5_air_temperature_track_proxy,12,1975-08-17,jolpica_cross_fitted_xw_xp,0.0,15,+1 Lap,1.0,6.27910492481033,5,prior_same_circuit_grid_movement,finished,0.5000984453341908,True,1492.6030897890846,0.0,0.4894319702436424,-0.17460750352287024,0.2788416506677255,0.48765848100079773,-0.07857337658529161,0.3485520633346568,0.07314877215011965,4.004535223380051,0.021420842670024313,0.49688564127301377,14.584087685628626,0.02,0.0,0.05880602015151773,-0.07857337658529161,0.3485520633346568,0.07314877215011965,-0.004013860792064622,-0.017565976234835814,-0.0001285851908070064,-0.010716021657867104,0.09564510870086923,0.010573412640106564,0.477785141336392,0.02901879044622192,0.009014744051546113,0.023085099734846792,0.008044207666036895,-0.001704375823031636,-0.015774731506332317,-0.0007338394375224185,-0.001704375823031636,cross_fitted,season_grid_average,example_precomputed_capabilities,0.7329483631975471,0.0,1.3877787807814457e-17,0.007310368228514477,0.5732876410195007,0.02901879044622192,0.477785141336392,0.6499999999999999,0.7999999999999999,0.014110474441509837,-0.07640199974648693,-0.021420842670024313,-0.015404159791532257,-0.7913751003281642,-0.8929048270936353,-1.6842799274217994,0.0,1490.9188098616628,revised_v3_parallel,prior_similar_races_current_season_only,field_centered_bounded_no_teammate_term,tonybrise,tony-brise,hill,,,,unmatched_constructor_fallback,constructor:hill,,finished,16.0,16,True,,1:37.690,True,True,12.0,15.0,-3.0,True,0.5696649029982362,-0.08818342151675473,-0.16334220685814188,0.0,0.0,-0.4934469567628287,0.008428127392757924,full_same_season_static_retrospective_baseline_plus_shape_distributions_v9,constructor_lineage_regulation_and_stability_shrunk,3.9546715840986124,1496.5577613731832,1460.453002027176,0.4023470571836872,1496.960108430367,1495.2758285029452,a1342cace1e31753,0.3811911165757319,0.2724,0.1521555367709214,0.0,0.0,0.05155875299760192,0.07314148681055156,0.19304556354916066,0.41127098321342925,0.18225419664268586,0.13778529163144548,1.3524936601859678,0.0,0.6762468300929839,0.16906170752324598,0.6762468300929839,1.267571680641004,0.38126235511881285,-0.1603231942408306,0.0,0.0,-0.4934469567628287,0.008428127392757924,full_same_season_static_retrospective_baseline_plus_shape_distributions_v9,constructor_lineage_regulation_and_stability_shrunk,high,baseline_plus_shape_distributions_v9,-0.872030548904654,0.00012742671075428289,full_same_season_static_retrospective,1499.8867047044776,0.03347954518920608,15,15,1.0,3476.69,29.0,0.034482758620689655,0.7,lap_equivalent,0.5370370370370371,0.5127267184880354,exact_scheduled_and_actual_laps,1468.9084762354432,0.027755593570976702,9.0,3.9479957323578723,0.2577320344773032,1.0,17.0,0.5127267184880354,0.06528174090081328,0.5625,0.9176629354822471,0.017971990196529536,-0.014438122073199864,4.143366164583546,2,0.016617530509887166,0.018616963852709313,0.4814814814814815,0.5000984453341908,all_field_expected_seconds_gap_residual_same_car_crossfit_v7_4,250,14,16.0,1.1428571428571428,27.428571428571427,6.857142857142857,32.0,10.285714285714285,384.0,96.0,1499.9287585682023,1480.5884309204696,0,1.0,6,-0.04205386372462474,0.5002516533998304,0.495953293161427,0.0041451521727637886,-0.7984070967825665,1499.088297607695,1499.088297607695,1489.787972479251,retrospective_first_five_backcast_previous_season_anchor_frozen_v7_5
stommelen,1975,Austrian Grand Prix,Rolf Stommelen,Embassy Hill,Embassy Hill,25,0.0020993552021432785,0.4596036329579962,1966-1982_3l_and_ground_effect,29,0.4,21.939999999999998,21.939999999999998,1.35,red_bull_ring,0.7584279921363819,open_meteo_era5_air_temperature_track_proxy,12,1975-08-17,jolpica_cross_fitted_xw_xp,0.0,16,+2 Laps,9.0,6.27910492481033,5,prior_same_circuit_grid_movement,finished,0.3897249241672992,True,1447.8216885630816,0.0,0.4456055730618391,-0.8489331875045356,0.2788416506677255,0.48765848100079773,-0.382019934377041,0.3485520633346568,0.07314877215011965,4.004535223380051,0.01209539144036471,0.36229497801500943,18.218035593594745,0.0,0.0,0.0,-0.382019934377041,0.3485520633346568,0.07314877215011965,-0.00422341290321679,-0.009252986915337656,-4.999400597627065e-05,-0.057416645836160685,0.114209529335846,0.011305877365198603,0.34867522584203264,0.016829629278950462,0.005228157276689573,0.010542058754605689,0.0036388616824370766,-0.0019249218222698278,-0.007238823300185944,-0.00033562622801733147,-0.0019249218222698278,cross_fitted,season_grid_average,example_precomputed_capabilities,0.7329483631975471,-1.734723475976807e-18,1.3877787807814457e-17,0.003303235454419745,0.41677398670691657,0.016829629278950462,0.34867522584203264,0.6499999999999999,0.7999999999999999,0.008792155985944966,-0.05447900869190714,-0.01209539144036471,0.08214946642943499,1.1884010011610768,-0.8929048270936353,0.29549617406744155,0.0,1448.117184737149,revised_v3_parallel,prior_similar_races_current_season_only,field_centered_bounded_no_teammate_term,rolfstommelen,rolf-stommelen,hill,,,,unmatched_constructor_fallback,constructor:hill,,finished,26.0,26,True,,1:39.560,True,True,17.0,16.0,1.0,True,0.5696649029982362,-0.12522045855379182,-0.16334220685814188,0.0,0.0,-0.4934469567628287,0.008428127392757924,full_same_season_static_retrospective_baseline_plus_shape_distributions_v9,constructor_lineage_regulation_and_stability_shrunk,-23.94971424483444,1423.871974318247,1412.6557193298347,-1.4343270524583522,1422.4376472657887,1422.7331434398561,a1342cace1e31753,0.3811911165757319,0.2724,0.1521555367709214,0.0,0.0,0.05155875299760192,0.07314148681055156,0.19304556354916066,0.41127098321342925,0.18225419664268586,0.13778529163144548,1.3524936601859678,0.0,0.6762468300929839,0.16906170752324598,0.6762468300929839,1.267571680641004,0.38126235511881285,-0.1603231942408306,0.0,0.0,-0.4934469567628287,0.008428127392757924,full_same_season_static_retrospective_baseline_plus_shape_distributions_v9,constructor_lineage_regulation_and_stability_shrunk,high,baseline_plus_shape_distributions_v9,-0.872030548904654,0.00012742671075428289,full_same_season_static_retrospective,1449.863599276391,-0.01578927827989976,16,16,2.0,3476.69,29.0,0.06896551724137931,0.7,lap_equivalent,0.5370370370370371,0.5127267184880354,exact_scheduled_and_actual_laps,1427.5310157113875,0.023672009373370967,16.0,6.460356652949246,-1.8122518353530592,1.0,17.0,0.5127267184880354,-0.2805188525506158,1.0,0.9176629354822471,-0.1029687014758839,0.007653490765675517,6.164427717327525,2,-0.05671895361996737,-0.054719520277145224,0.4444444444444444,0.3897249241672992,all_field_expected_seconds_gap_residual_same_car_crossfit_v7_4,250,14,16.0,1.1428571428571428,27.428571428571427,6.857142857142857,32.0,10.285714285714285,384.0,96.0,1452.131475870861,1484.1853249422263,0,1.0,30,-2.2678765944702013,0.45133515781029027,0.3988261199951685,-0.00910119582786928,-1.161735499085645,1448.7018637773053,1448.7018637773053,1564.1076131100444,retrospective_first_five_backcast_previous_season_anchor_frozen_v7_5
lombardi,1975,Austrian Grand Prix,Lella Lombardi,March,March,21,0.0014803258366524416,0.40194122279504757,1966-1982_3l_and_ground_effect,29,0.4,21.939999999999998,21.939999999999998,1.35,red_bull_ring,0.7584279921363819,open_meteo_era5_air_temperature_track_proxy,12,1975-08-17,jolpica_cross_fitted_xw_xp,0.0,17,+3 Laps,4.0,6.27910492481033,5,prior_same_circuit_grid_movement,finished,0.31106223701976465,True,1510.817484285774,0.0,0.5073272282673275,0.09966783603841206,-0.6818049380718207,-1.3219869876039876,0.04485052621728543,-0.8522561725897759,-0.19829804814059812,6.076379034533014,0.014544303021782334,0.38223797094107226,17.67957478459105,0.0,0.0,0.0,0.04485052621728543,-0.8522561725897759,-0.19829804814059812,-0.0014930916109920913,-0.01661781858828213,-0.0015921303293760698,0.014493912737353676,-0.10594651866418263,-0.020916733270435247,0.4047118387805251,0.02144036720680994,0.0019471992401564999,0.016022709900809787,0.0022194011104840184,-0.00020987256199685492,-0.014285383222650142,-0.00048207443232437344,-0.00020987256199685492,cross_fitted,season_grid_average,example_precomputed_capabilities,0.7436121266671023,-3.469446951953614e-18,-1.3877787807814457e-17,0.001737326678159645,0.29234249958326086,0.02144036720680994,0.4047118387805251,0.6499999999999999,0.7999999999999999,0.012806976343622689,0.0898954713578114,-0.014544303021782334,0.025169436466335182,0.10398658387125725,-0.8929048270936353,-0.788918243222378,0.0,1510.0285660425518,revised_v3_parallel,prior_similar_races_current_season_only,field_centered_bounded_no_teammate_term,lellalombardi,lella-lombardi,march,lavazza-march,,march-741|march-751,ambiguous_chassis_constructor_fallback,constructor:march,,finished,22.0,22,True,,1:38.430,True,True,15.0,17.0,-2.0,True,0.5696649029982362,-0.1622574955908288,-0.08059457823864224,-0.4379937436920943,0.10925638857880825,-0.27342626181332524,0.01580308490688838,full_same_season_static_retrospective_baseline_plus_shape_distributions_v9,constructor_lineage_regulation_and_stability_shrunk,-18.35922992122146,1492.4582543645527,1421.7599754630949,-1.1785959475465677,1491.2796584170062,1490.490740173784,a1342cace1e31753,0.3811911165757319,0.2724,0.1521555367709214,0.0,0.0,0.05155875299760192,0.07314148681055156,0.19304556354916066,0.41127098321342925,0.18225419664268586,0.13778529163144548,1.3524936601859678,0.0,0.6762468300929839,0.16906170752324598,0.6762468300929839,1.267571680641004,0.38126235511881285,-0.082995653887694,-0.4379937436920943,0.10925638857880825,-0.27342626181332524,0.01580308490688838,full_same_season_static_retrospective_baseline_plus_shape_distributions_v9,constructor_lineage_regulation_and_stability_shrunk,high,baseline_plus_shape_distributions_v9,-0.2634763138652553,0.0007250696850462578,full_same_season_static_retrospective,1442.3228004785174,0.0,17,17,3.0,3476.69,29.0,0.10344827586206896,0.7,lap_equivalent,0.5370370370370371,0.5127267184880354,exact_scheduled_and_actual_laps,1472.16837042364,0.028105785492921427,16.0,6.460356652949246,-2.9917457631613407,1.0,17.0,0.5127267184880354,-0.46309297208778183,1.0,0.9176629354822471,-0.1699853024669089,0.02182175611679512,4.8549288480572175,2,-0.09834460373046493,-0.09634517038764279,0.40740740740740744,0.31106223701976465,all_field_expected_seconds_gap_residual_same_car_crossfit_v7_4,250,14,16.0,1.1428571428571428,27.428571428571427,6.857142857142857,32.0,10.285714285714285,384.0,96.0,1443.6340764081608,1480.5884309204696,0,1.0,4,-1.3112759296433478,0.4440125587392881,0.4241545987283946,-0.11309236170862996,-4.01406462038651,1438.3087358581308,1438.3087358581308,1465.4518959306918,retrospective_first_five_backcast_previous_season_anchor_frozen_v7_5
wunderink,1975,Austrian Grand Prix,Roelof Wunderink,Ensign,Ensign,27,0.00021768473329439566,0.12751914425085106,1966-1982_3l_and_ground_effect,29,0.4,21.939999999999998,21.939999999999998,1.35,red_bull_ring,0.7584279921363819,open_meteo_era5_air_temperature_track_proxy,12,1975-08-17,jolpica_cross_fitted_xw_xp,0.0,18,Not classified,9.0,6.27910492481033,5,prior_same_circuit_grid_movement,other,0.37037037037037035,False,1500.0,0.0,0.4966992960144328,-0.06322361644543399,0.14182228394038876,0.28795831144895095,-0.028450627400445298,0.17727785492548595,0.04319374671734264,2.1599116222824475,0.010844944926396368,0.3407536026478113,18.799652728509095,0.0,0.0,0.0,-0.028450627400445298,0.17727785492548595,0.04319374671734264,-0.00167812697805671,-0.009739747528736947,-0.00019834120278641398,0.0025378784348451993,0.08412513039553439,0.007691225205615039,0.3218827558406123,0.014910620424749393,0.003896336742113756,0.012125132956792892,0.0036931000707451883,-0.0006019320269444353,-0.008830728241623571,-0.0003986953555758675,-0.0006019320269444353,cross_fitted,season_grid_average,example_precomputed_capabilities,0.7156172274291268,-1.734723475976807e-18,0.0,0.003294404715169321,0.41623698987660696,0.014910620424749393,0.3218827558406123,0.6499999999999999,0.7999999999999999,0.007550540211227048,-0.07548338722879566,-0.010844944926396368,0.029616767722559056,0.0,0.0,0.0,0.0,1500.0,revised_v3_parallel,prior_similar_races_current_season_only,field_centered_bounded_no_teammate_term,roelofwunderink,roelof-wunderink,ensign,hb-bewaking-team-ensign,,ensign-n174|ensign-n175,ambiguous_chassis_constructor_fallback,constructor:ensign,,finished,28.0,28,True,,1:42.580,True,False,,,,False,0.5696649029982362,,0.00034266681354876106,-1.985834958688919,0.10763189152428213,-0.18448797184262508,0.020375120396952585,full_same_season_static_retrospective_baseline_plus_shape_distributions_v9,constructor_lineage_regulation_and_stability_shrunk,-1.1508762830111174,1498.849123716989,1428.766879967394,-2.7310351362811303,1496.1180885807078,1496.1180885807078,a1342cace1e31753,0.3811911165757319,0.2724,0.1521555367709214,0.0,0.0,0.05155875299760192,0.07314148681055156,0.19304556354916066,0.41127098321342925,0.18225419664268586,0.13778529163144548,1.3524936601859678,0.0,0.6762468300929839,0.16906170752324598,0.6762468300929839,1.267571680641004,0.38126235511881285,0.0030522877120026906,-1.985834958688919,0.10763189152428213,-0.18448797184262508,0.020375120396952585,full_same_season_static_retrospective_baseline_plus_shape_distributions_v9,constructor_lineage_regulation_and_stability_shrunk,high,baseline_plus_shape_distributions_v9,0.14060781609078585,0.0023002977570604575,full_same_season_static_retrospective,1440.6450251632393,0.0,18,NC,4.0,3476.69,29.0,0.13793103448275862,0.7,lap_equivalent,0.5370370370370371,0.5127267184880354,exact_scheduled_and_actual_laps,1437.005509420155,0.024550535619191224,0.0,0.0,0.0,0.0,,0.0,,0.0,0.0,0.0,-0.012990969087875304,4.170907253094263,2,0.006660816950405811,0.0,0.37037037037037035,0.37037037037037035,all_field_expected_seconds_gap_residual_same_car_crossfit_v7_4,250,14,16.0,1.1428571428571428,27.428571428571427,6.857142857142857,32.0,10.285714285714285,384.0,96.0,1443.525917714804,1480.5884309204696,0,1.0,0,-2.8808925515646786,0.4423861928843851,0.42933108452033614,-0.05896071414996579,0.0,1440.6450251632393,1440.6450251632393,1444.5884309204696,retrospective_first_five_backcast_previous_season_anchor_frozen_v7_5
ertl,1975,Austrian Grand Prix,Harald Ertl,Hesketh,Hesketh,26,0.0008139149118235612,0.3042692532658074,1966-1982_3l_and_ground_effect,29,0.4,21.939999999999998,21.939999999999998,1.35,red_bull_ring,0.7584279921363819,open_meteo_era5_air_temperature_track_proxy,12,1975-08-17,jolpica_cross_fitted_xw_xp,0.0,19,Electrical,7.0,6.27910492481033,5,prior_same_circuit_grid_movement,mechanical,,False,1504.0092755801124,0.0,0.5006386868311249,-0.0028512872236219518,-0.4660204046111284,0.5898366832528029,-0.0012830792506298783,-0.5825255057639105,0.08847550248792044,6.076379034533014,0.01094297114360946,0.32883945304788625,19.121334767707072,0.0,0.0,0.0,-0.0012830792506298783,-0.5825255057639105,0.08847550248792044,-0.0014739796962529384,-0.01264141846192253,0.00012076548822556914,0.007894262166812854,-0.05210954128315167,0.012597822301784188,0.3351629444107972,0.015841092578091926,0.002136453761245008,0.01351381950660332,0.0020239585985862346,-0.00028999385310298203,-0.011667359598461293,-0.00017749869044420864,-0.00028999385310298203,cross_fitted,season_grid_average,example_precomputed_capabilities,0.7436121266671023,-1.734723475976807e-18,-6.938893903907228e-18,0.001846459908142026,0.30354548759624256,0.015841092578091926,0.3351629444107972,0.6499999999999999,0.7999999999999999,0.009096511235467435,0.025293965451643696,-0.01094297114360946,,0.0,0.0,0.0,0.0,1504.0092755801124,revised_v3_parallel,prior_similar_races_current_season_only,field_centered_bounded_no_teammate_term,haraldertl,harald-ertl,hesketh,warsteiner-brewery,hesketh-308,hesketh-308,exact_chassis,hesketh-308,Electrical,mechanical,27.0,27,True,,1:40.720,True,False,,,,False,0.5696649029982362,,0.14670512820512815,0.09845386181157184,0.09110289606886385,0.4220521707491571,0.1152710606647767,full_same_season_static_retrospective_baseline_plus_shape_distributions_v9,constructor_lineage_regulation_and_stability_shrunk,-2.8397793724031946,1501.1694962077092,1508.547232673263,-3.078076429193966,1498.0914197785153,1498.0914197785153,a1342cace1e31753,0.3811911165757319,0.2724,0.1521555367709214,0.0,0.0,0.05155875299760192,0.07314148681055156,0.19304556354916066,0.41127098321342925,0.18225419664268586,0.13778529163144548,1.3524936601859678,0.0,0.6762468300929839,0.16906170752324598,0.6762468300929839,1.267571680641004,0.38126235511881285,0.14670512820512815,0.09845386181157184,0.09110289606886385,0.4220521707491571,0.1152710606647767,full_same_season_static_retrospective_baseline_plus_shape_distributions_v9,constructor_lineage_regulation_and_stability_shrunk,high,baseline_plus_shape_distributions_v9,1.3642849773510322,0.07588803534528232,full_same_season_static_retrospective,1471.6278124708263,0.0,19,DNF,,3476.69,29.0,,0.0,unavailable,0.5370370370370371,0.5127267184880354,exact_scheduled_and_actual_laps,1516.068460901497,0.03327551849947949,0.0,0.0,0.0,0.0,,0.0,,0.0,0.0,0.0,0.0,0.0,0,0.0,0.0,,,all_field_expected_seconds_gap_residual_same_car_crossfit_v7_4,250,14,16.0,1.1428571428571428,27.428571428571427,6.857142857142857,32.0,10.285714285714285,384.0,96.0,1474.7830590133303,1480.5884309204696,0,1.0,1,-3.155246542504009,0.4725655336320934,0.5060360782012947,,0.0,1471.6278124708263,1471.6278124708263,1475.4801817531052,retrospective_first_five_backcast_previous_season_anchor_frozen_v7_5
laffite,1975,Austrian Grand Prix,Jacques Laffite,Williams,Williams,12,0.0012321404761723308,0.3715835215332595,1966-1982_3l_and_ground_effect,29,0.4,21.939999999999998,21.939999999999998,1.35,red_bull_ring,0.7584279921363819,open_meteo_era5_air_temperature_track_proxy,12,1975-08-17,jolpica_cross_fitted_xw_xp,0.0,20,Handling,-8.0,6.27910492481033,5,prior_same_circuit_grid_movement,other,0.2962962962962963,False,1502.4868871471492,0.0,0.49914284921342034,-0.02577566192468869,0.0027580849910559106,-0.8271072371947795,-0.01159904786610991,0.003447606238819888,-0.12406608557921692,5.588303536683464,0.02627590662393141,0.5393063251724176,13.438729220344724,0.0,0.0,0.0,-0.01159904786610991,0.003447606238819888,-0.12406608557921692,-0.003655111548075591,-0.024492851115979812,-0.0024035558398462996,0.00043254448954033187,0.02587260545875719,-0.014707728297051414,0.5369868408421684,0.036968938100297014,0.007485606386756356,0.027621206426794324,0.00793858720226848,-0.0010681867903610462,-0.021203786830399016,-0.0015211676058731706,-0.0010681867903610462,cross_fitted,season_grid_average,example_precomputed_capabilities,0.7415607734776275,-3.469446951953614e-18,3.469446951953614e-18,0.00641741959639531,0.5485842624934145,0.036968938100297014,0.5369868408421684,0.6499999999999999,0.7999999999999999,0.019858487027536103,-0.00927793732099691,-0.02627590662393141,-0.24301002887612133,0.0,0.0,0.0,0.0,1502.4868871471492,revised_v3_parallel,prior_similar_races_current_season_only,field_centered_bounded_no_teammate_term,jacqueslaffite,jacques-laffite,frank-williams-racing-cars,frank-williams-racing-cars,,frank-williams-racing-cars-fw|frank-williams-racing-cars-fw04,ambiguous_chassis_constructor_fallback,constructor:frank-williams-racing-cars,Handling,other,12.0,12,True,,1:37.600,True,False,,,,False,0.5696649029982362,,-0.039004328068175664,0.0,0.0,-0.13080705255777225,0.023752519837221424,full_same_season_static_retrospective_baseline_plus_shape_distributions_v9,constructor_lineage_regulation_and_stability_shrunk,-8.616082423721815,1493.8708047234275,1490.595922031047,0.884434305135475,1494.755239028563,1494.755239028563,a1342cace1e31753,0.3811911165757319,0.2724,0.1521555367709214,0.0,0.0,0.05155875299760192,0.07314148681055156,0.19304556354916066,0.41127098321342925,0.18225419664268586,0.13778529163144548,1.3524936601859678,0.0,0.6762468300929839,0.16906170752324598,0.6762468300929839,1.267571680641004,0.38126235511881285,-0.042499815244316105,0.0,0.0,-0.13080705255777225,0.023752519837221424,full_same_season_static_retrospective_baseline_plus_shape_distributions_v9,constructor_lineage_regulation_and_stability_shrunk,high,baseline_plus_shape_distributions_v9,0.07104313514755056,0.001885668392407229,full_same_season_static_retrospective,1501.8341554818078,0.0,20,DNF,,3476.69,29.0,,0.0,unavailable,0.5370370370370371,0.5127267184880354,exact_scheduled_and_actual_laps,1502.4747448914716,0.03158045521224729,0.0,0.0,0.0,0.0,,0.0,,0.0,0.0,0.0,-0.017329553159206187,2.348302926758672,4,0.008885324924183756,0.0,0.2962962962962963,0.2962962962962963,all_field_expected_seconds_gap_residual_same_car_crossfit_v7_4,250,14,16.0,1.1428571428571428,27.428571428571427,6.857142857142857,32.0,10.285714285714285,384.0,96.0,1501.0604862356688,1482.5360659531234,0,1.0,3,0.7736692461389688,0.5021611409533354,0.4924406353412232,-0.1961443390449269,0.0,1501.8341554818078,1501.8341554818078,1496.7088743477286,retrospective_first_five_backcast_previous_season_anchor_frozen_v7_5
pace,1975,Austrian Grand Prix,Carlos Pace,Brabham,Brabham,6,0.009225888083097104,0.6806741807554758,1966-1982_3l_and_ground_effect,29,0.4,21.939999999999998,21.939999999999998,1.35,red_bull_ring,0.7584279921363819,open_meteo_era5_air_temperature_track_proxy,12,1975-08-17,jolpica_cross_fitted_xw_xp,0.0,21,Engine,-15.0,6.27910492481033,5,prior_same_circuit_grid_movement,mechanical,,False,1466.4665380389831,0.0,0.463798350140968,-0.5681759862700203,1.3110753999577052,0.6833550299352632,-0.25567919382150917,1.6388442499471314,0.10250325449028948,6.076379034533014,0.047414287936684986,0.6611255403284431,10.149610411132038,0.0,0.0,0.0,-0.25567919382150917,1.6388442499471314,0.10250325449028948,-0.01742489685123768,0.0016121310394466744,-0.0005995354382328129,-0.03911384518389745,0.21719925250483393,0.009199751583668684,0.6236685085475221,0.053158593374193326,0.0541979059660592,0.03740696380241335,0.03939099966676847,-0.017451613841889695,-0.0006606716782438446,-0.002644707542598962,-0.017451613841889695,cross_fitted,season_grid_average,example_precomputed_capabilities,0.7436121266671023,0.0,0.0,0.03674629212416951,0.8109536674521273,0.053158593374193326,0.6236685085475221,0.6499999999999999,0.7999999999999999,0.010667995812515478,-0.1498281271236842,-0.047414287936684986,,0.0,0.0,0.0,0.0,1466.4665380389831,revised_v3_parallel,prior_similar_races_current_season_only,field_centered_bounded_no_teammate_term,carlospace,carlos-pace,brabham,martini-racing,brabham-bt44b,brabham-bt44b,exact_chassis,brabham-bt44b,Engine,mechanical,6.0,6,True,,1:35.710,True,False,,,,False,0.5696649029982362,,0.10117722002877992,0.7866336608469652,0.10925638857880825,0.3642409480330817,0.09772051163427631,full_same_season_static_retrospective_baseline_plus_shape_distributions_v9,constructor_lineage_regulation_and_stability_shrunk,32.33686982351915,1498.8034078625024,1543.9513406934573,1.7211151495861474,1500.5245230120886,1500.5245230120886,a1342cace1e31753,0.3811911165757319,0.2724,0.1521555367709214,0.0,0.0,0.05155875299760192,0.07314148681055156,0.19304556354916066,0.41127098321342925,0.18225419664268586,0.13778529163144548,1.3524936601859678,0.0,0.6762468300929839,0.16906170752324598,0.6762468300929839,1.267571680641004,0.38126235511881285,0.10334950912288618,0.7866336608469652,0.10925638857880825,0.3642409480330817,0.09772051163427631,full_same_season_static_retrospective_baseline_plus_shape_distributions_v9,constructor_lineage_regulation_and_stability_shrunk,high,baseline_plus_shape_distributions_v9,1.10004513378738,0.0356692171915511,full_same_season_static_retrospective,1516.755447808615,0.007626498290019899,21,DNF,,3476.69,29.0,,0.0,unavailable,0.5370370370370371,0.5127267184880354,exact_scheduled_and_actual_laps,1552.8531966413375,0.03833263795624145,0.0,0.0,0.0,0.0,,0.0,,0.0,0.0,0.0,-0.0033824167199759014,8.36226821618489,1,0.001734255425392308,0.0,,,all_field_expected_seconds_gap_residual_same_car_crossfit_v7_4,250,14,16.0,1.1428571428571428,27.428571428571427,6.857142857142857,32.0,10.285714285714285,384.0,96.0,1514.8120648508107,1485.2152772242866,0,1.0,31,1.94338295780429,0.5167849612147793,0.5528025478505572,,0.0,1516.755447808615,1516.755447808615,1449.7326398707169,retrospective_first_five_backcast_previous_season_anchor_frozen_v7_5
vonlanthen,1975,Austrian Grand Prix,Jo Vonlanthen,Williams,Williams,28,0.0004293192497550642,0.20922147101289582,1966-1982_3l_and_ground_effect,29,0.4,21.939999999999998,21.939999999999998,1.35,red_bull_ring,0.7584279921363819,open_meteo_era5_air_temperature_track_proxy,12,1975-08-17,jolpica_cross_fitted_xw_xp,0.0,22,Engine,6.0,6.27910492481033,5,prior_same_circuit_grid_movement,mechanical,,False,1500.0,0.0,0.4966992960144328,-0.06322361644543399,0.0027580849910559106,-0.8271072371947795,-0.028450627400445298,0.003447606238819888,-0.12406608557921692,5.588303536683464,0.009964216041856655,0.3178434468880236,19.418226934023362,0.0,0.0,0.0,-0.028450627400445298,0.003447606238819888,-0.12406608557921692,-0.0014786528456887874,-0.009244518093886602,-0.0009070753141227662,0.0033930901677376073,0.05387872018393454,-0.01230143867035364,0.30884937255175987,0.014034802230651011,0.002841818310539451,0.010349506039467616,0.0029742144282384787,-0.0004372623335865962,-0.007944950062514762,-0.0005696584512856241,-0.0004372623335865962,cross_fitted,season_grid_average,example_precomputed_capabilities,0.7415607734776275,-1.734723475976807e-18,6.938893903907228e-18,0.0024045559769528546,0.3538197442330784,0.014034802230651011,0.30884937255175987,0.6499999999999999,0.7999999999999999,0.0075596600649038,-0.03597629734505481,-0.009964216041856655,,0.0,0.0,0.0,0.0,1500.0,revised_v3_parallel,prior_similar_races_current_season_only,field_centered_bounded_no_teammate_term,jovonlanthen,jo-vonlanthen,frank-williams-racing-cars,frank-williams-racing-cars,,frank-williams-racing-cars-fw|frank-williams-racing-cars-fw04,ambiguous_chassis_constructor_fallback,constructor:frank-williams-racing-cars,Engine,mechanical,29.0,29,True,,1:42.800,True,False,,,,False,0.5696649029982362,,-0.039004328068175664,0.0,0.0,-0.13080705255777225,0.023752519837221424,full_same_season_static_retrospective_baseline_plus_shape_distributions_v9,constructor_lineage_regulation_and_stability_shrunk,0.0,1500.0,1434.1238667158477,-2.928156016676367,1497.0718439833236,1497.0718439833236,a1342cace1e31753,0.3811911165757319,0.2724,0.1521555367709214,0.0,0.0,0.05155875299760192,0.07314148681055156,0.19304556354916066,0.41127098321342925,0.18225419664268586,0.13778529163144548,1.3524936601859678,0.0,0.6762468300929839,0.16906170752324598,0.6762468300929839,1.267571680641004,0.38126235511881285,-0.042499815244316105,0.0,0.0,-0.13080705255777225,0.023752519837221424,full_same_season_static_retrospective_baseline_plus_shape_distributions_v9,constructor_lineage_regulation_and_stability_shrunk,high,baseline_plus_shape_distributions_v9,0.07104313514755056,0.001885668392407229,full_same_season_static_retrospective,1441.418448254991,0.0,22,DNF,,3476.69,29.0,,0.0,unavailable,0.5370370370370371,0.5127267184880354,exact_scheduled_and_actual_laps,1442.06925615723,0.02503336713765938,0.0,0.0,0.0,0.0,,0.0,,0.0,0.0,0.0,-0.010774828040088898,4.681682663245663,5,0.00552454222326765,0.0,,,all_field_expected_seconds_gap_residual_same_car_crossfit_v7_4,250,14,16.0,1.1428571428571428,27.428571428571427,6.857142857142857,32.0,10.285714285714285,384.0,96.0,1444.5884309204696,1480.5884309204696,0,1.0,0,-3.1699826654785745,0.4431357812365794,0.43416811178444104,,0.0,1441.418448254991,1441.418448254991,1444.5884309204696,retrospective_first_five_backcast_previous_season_anchor_frozen_v7_5
stuck,1975,Austrian Grand Prix,Hans-Joachim Stuck,March,March,4,0.0008966313707090899,0.3197218086008616,1966-1982_3l_and_ground_effect,29,0.4,21.939999999999998,21.939999999999998,1.35,red_bull_ring,0.7584279921363819,open_meteo_era5_air_temperature_track_proxy,12,1975-08-17,jolpica_cross_fitted_xw_xp,0.0,23,Accident,-19.0,6.27910492481033,5,prior_same_circuit_grid_movement,driver_fault,0.0,True,1478.6848976257377,0.0,0.47576864571574506,-0.3841899237551205,-0.6818049380718207,-1.3219869876039876,-0.17288546568980423,-0.8522561725897759,-0.19829804814059812,6.076379034533014,0.04046473269323068,0.6139194133641933,11.42417583916678,0.0,0.0,0.0,-0.17288546568980423,-0.8522561725897759,-0.19829804814059812,-0.008439710776869083,-0.043192752504186555,-0.0041830065753823845,-0.025527307400771707,-0.13901747677823462,-0.022482019789864433,0.6513247741579674,0.06000014714298399,0.005449171639606442,0.03788413600921444,0.005334315684503382,-0.001264494353060479,-0.033699458722668475,-0.0011496383979574193,-0.001264494353060479,cross_fitted,season_grid_average,example_precomputed_capabilities,0.7436121266671023,0.0,-2.7755575615628914e-17,0.004184677286545963,0.46429797018909663,0.06000014714298399,0.6513247741579674,0.6499999999999999,0.7999999999999999,0.03628005540668471,0.14962144317509668,-0.04046473269323068,-0.6139194133641933,-12.021703025193016,-0.8929048270936359,-12.914607852286652,0.0,1465.770289773451,revised_v3_parallel,prior_similar_races_current_season_only,field_centered_bounded_no_teammate_term,hansjoachimstuck,hans-joachim-stuck,march,lavazza-march,,march-741|march-751,ambiguous_chassis_constructor_fallback,constructor:march,Accident,driver_fault,4.0,4,True,,1:35.380,True,False,,,,True,0.5696649029982362,-0.5696649029982362,-0.08059457823864224,-0.4379937436920943,0.10925638857880825,-0.27342626181332524,0.01580308490688838,full_same_season_static_retrospective_baseline_plus_shape_distributions_v9,constructor_lineage_regulation_and_stability_shrunk,2.677246468696431,1481.3621440944341,1414.8841697054909,2.8836068099968584,1484.245750904431,1471.3311430521442,a1342cace1e31753,0.3811911165757319,0.2724,0.1521555367709214,0.0,0.0,0.05155875299760192,0.07314148681055156,0.19304556354916066,0.41127098321342925,0.18225419664268586,0.13778529163144548,1.3524936601859678,0.0,0.6762468300929839,0.16906170752324598,0.6762468300929839,1.267571680641004,0.38126235511881285,-0.082995653887694,-0.4379937436920943,0.10925638857880825,-0.27342626181332524,0.01580308490688838,full_same_season_static_retrospective_baseline_plus_shape_distributions_v9,constructor_lineage_regulation_and_stability_shrunk,high,baseline_plus_shape_distributions_v9,-0.2634763138652553,0.0007250696850462578,full_same_season_static_retrospective,1440.0632147392437,0.019326187619764804,23,DNF,,3476.69,29.0,,0.0,unavailable,0.5370370370370371,0.5127267184880354,exact_scheduled_and_actual_laps,1424.0107885569987,0.023353666044947652,0.0,0.0,0.0,0.0,,0.0,,0.0,0.0,0.0,-0.01781004428888189,8.018275582868942,2,0.009131685564364988,0.0,0.0,0.0,all_field_expected_seconds_gap_residual_same_car_crossfit_v7_4,250,14,16.0,1.1428571428571428,27.428571428571427,6.857142857142857,32.0,10.285714285714285,384.0,96.0,1436.7582706505568,1482.5360659531234,0,1.0,7,3.3049440886867743,0.44182246743917947,0.44133380283183515,-0.44133380283183515,-13.017258434051566,1427.045956305192,1427.045956305192,1432.1561418121696,retrospective_first_five_backcast_previous_season_anchor_frozen_v7_5
jarier,1975,Austrian Grand Prix,Jean-Pierre Jarier,Shadow-Matra,Shadow-Matra,14,0.0016486614527387213,0.41977927637813106,1966-1982_3l_and_ground_effect,29,0.4,21.939999999999998,21.939999999999998,1.35,red_bull_ring,0.7584279921363819,open_meteo_era5_air_temperature_track_proxy,12,1975-08-17,jolpica_cross_fitted_xw_xp,0.0,24,Injection,-10.0,6.27910492481033,5,prior_same_circuit_grid_movement,other,0.14814814814814814,False,1466.6104388490353,0.0,0.4639391448010832,-0.5660091042719734,-0.5354008225772341,-1.4381162028056211,-0.25470409692238805,-0.6692510282215426,-0.21571743042084315,0.0,0.022166346973479516,0.4782811625415414,15.086408611378381,0.0,0.0,0.0,-0.25470409692238805,-0.6692510282215426,-0.21571743042084315,-0.005450596365709184,-0.02236029684068906,-0.002438207273991539,-0.03598313683764616,-0.08504025227168659,-0.02461455611429851,0.5074087515862676,0.03275353214161594,0.0034656380558829563,0.019218482455309528,0.0032274587122268854,-0.0009612063946567964,-0.01671405079408337,-0.0007230270510007256,-0.0009612063946567964,cross_fitted,season_grid_average,example_precomputed_capabilities,0.6499999999999999,-3.469446951953614e-18,0.0,0.00250443166122616,0.36177080636263637,0.03275353214161594,0.5074087515862676,0.6499999999999999,0.7999999999999999,0.019661915312253357,0.11651035617890504,-0.022166346973479516,-0.33013301439339326,0.0,0.0,0.0,0.0,1466.6104388490353,revised_v3_parallel,prior_similar_races_current_season_only,field_centered_bounded_no_teammate_term,jeanpierrejarier,jean-pierre-jarier,shadow,,,,unmatched_constructor_fallback,constructor:shadow,Injection,other,14.0,14,True,,1:37.620,True,False,,,,False,0.5696649029982362,,-0.1033637477121427,-0.46493129043821796,0.10763189152428213,-0.3300888948410752,0.013441029488711549,full_same_season_static_retrospective_baseline_plus_shape_distributions_v9,constructor_lineage_regulation_and_stability_shrunk,26.853116130977384,1493.4635549800128,1445.303601169755,0.6645199080467648,1494.1280748880595,1494.1280748880595,a1342cace1e31753,0.3811911165757319,0.2724,0.1521555367709214,0.0,0.0,0.05155875299760192,0.07314148681055156,0.19304556354916066,0.41127098321342925,0.18225419664268586,0.13778529163144548,1.3524936601859678,0.0,0.6762468300929839,0.16906170752324598,0.6762468300929839,1.267571680641004,0.38126235511881285,-0.10253195393554351,-0.46493129043821796,0.10763189152428213,-0.3300888948410752,0.013441029488711549,full_same_season_static_retrospective_baseline_plus_shape_distributions_v9,constructor_lineage_regulation_and_stability_shrunk,high,baseline_plus_shape_distributions_v9,-0.42175511939755217,0.00046129724065622666,full_same_season_static_retrospective,1472.2767061002687,-0.05886705027693171,24,DNF,,3476.69,29.0,,0.0,unavailable,0.5370370370370371,0.5127267184880354,exact_scheduled_and_actual_laps,1442.3079671140601,0.0250563613033586,0.0,0.0,0.0,0.0,,0.0,,0.0,0.0,0.0,0.027819739229750916,4.492266483730404,1,-0.014263923604463054,0.0,0.14814814814814814,0.14814814814814814,all_field_expected_seconds_gap_residual_same_car_crossfit_v7_4,250,14,16.0,1.1428571428571428,27.428571428571427,6.857142857142857,32.0,10.285714285714285,384.0,96.0,1471.710712757041,1487.1091117041938,0,1.0,15,0.5659933432278251,0.47320020747609,0.3895977265577557,-0.24144957840960757,0.0,1472.2767061002687,1472.2767061002687,1439.2478297882296,retrospective_first_five_backcast_previous_season_anchor_frozen_v7_5
evans,1975,Austrian Grand Prix,Bob Evans,BRM,BRM,24,0.0005810296418080362,0.25240074621876346,1966-1982_3l_and_ground_effect,29,0.4,21.939999999999998,21.939999999999998,1.35,red_bull_ring,0.7584279921363819,open_meteo_era5_air_temperature_track_proxy,12,1975-08-17,jolpica_cross_fitted_xw_xp,0.0,25,Engine,-1.0,6.27910492481033,5,prior_same_circuit_grid_movement,mechanical,,False,1499.3642305125486,0.0,0.496074607983245,-0.07279713765609669,-0.49911995035250867,-0.5014520822506884,-0.03275871194524351,-0.6238999379406358,-0.07521781233760326,4.346988937453007,0.012250440353283053,0.3496050961375586,18.56066240428592,0.0,0.0,0.0,-0.03275871194524351,-0.6238999379406358,-0.07521781233760326,-0.0017992787202892842,-0.013546530124773207,-0.0007382299958814158,0.002886071665180845,-0.06052115586490919,-0.006358089119652133,0.3624037308014347,0.017879853947613423,0.00212530442937069,0.013521442863214399,0.002151526791111129,-0.000329489322701176,-0.011725627756544885,-0.0003557116844416146,-0.000329489322701176,cross_fitted,season_grid_average,example_precomputed_capabilities,0.7351310876433355,-3.469446951953614e-18,0.0,0.0017958151066695142,0.2984105574820542,0.017879853947613423,0.3624037308014347,0.6499999999999999,0.7999999999999999,0.010454625246613539,0.051194538655504385,-0.012250440353283053,,0.0,0.0,0.0,0.0,1499.3642305125486,revised_v3_parallel,prior_similar_races_current_season_only,field_centered_bounded_no_teammate_term,bobevans,bob-evans,brm,stanley-brm,brm-p201,brm-p201,exact_chassis,brm-p201,Engine,mechanical,25.0,25,True,,1:39.530,True,False,,,,False,0.5696649029982362,,-0.1458528030448235,-0.16793503151123274,0.10925638857880825,-0.4121410276138436,0.0106320950988589,full_same_season_static_retrospective_baseline_plus_shape_distributions_v9,constructor_lineage_regulation_and_stability_shrunk,-10.161949220155613,1489.202281292393,1418.938201598485,-1.6402602408141405,1487.562021051579,1487.562021051579,a1342cace1e31753,0.3811911165757319,0.2724,0.1521555367709214,0.0,0.0,0.05155875299760192,0.07314148681055156,0.19304556354916066,0.41127098321342925,0.18225419664268586,0.13778529163144548,1.3524936601859678,0.0,0.6762468300929839,0.16906170752324598,0.6762468300929839,1.267571680641004,0.38126235511881285,-0.14257532377027388,-0.16793503151123274,0.10925638857880825,-0.4121410276138436,0.0106320950988589,full_same_season_static_retrospective_baseline_plus_shape_distributions_v9,constructor_lineage_regulation_and_stability_shrunk,high,baseline_plus_shape_distributions_v9,-0.6830931972024695,0.0002186259735914677,full_same_season_static_retrospective,1449.8547049584547,0.0,25,DNF,,3476.69,29.0,,0.0,unavailable,0.5370370370370371,0.5127267184880354,exact_scheduled_and_actual_laps,1432.3580767858844,0.024115599917833578,0.0,0.0,0.0,0.0,,0.0,,0.0,0.0,0.0,0.0,0.0,0,0.0,0.0,,,all_field_expected_seconds_gap_residual_same_car_crossfit_v7_4,250,14,16.0,1.1428571428571428,27.428571428571427,6.857142857142857,32.0,10.285714285714285,384.0,96.0,1451.9094838075926,1480.5884309204696,0,1.0,4,-2.054778849137775,0.4513265091474462,0.42076816352557717,,0.0,1449.8547049584547,1449.8547049584547,1469.955126410838,retrospective_first_five_backcast_previous_season_anchor_frozen_v7_5
mario_andretti,1975,Austrian Grand Prix,Mario Andretti,Parnelli,Parnelli,19,0.006152538098223347,0.6252934341854193,1966-1982_3l_and_ground_effect,29,0.4,21.939999999999998,21.939999999999998,1.35,red_bull_ring,0.7584279921363819,open_meteo_era5_air_temperature_track_proxy,12,1975-08-17,jolpica_cross_fitted_xw_xp,0.0,26,Accident,-7.0,6.27910492481033,5,prior_same_circuit_grid_movement,driver_fault,0.0,True,1517.4194547073882,0.0,0.5138101657885027,0.19908138939539466,0.7218568966446166,-1.7793335968528474,0.0895866252279276,0.9023211208057708,-0.2669000395279271,5.003633144973279,0.01898434368059759,0.4703566436735904,15.300370620813059,0.0,0.0,0.0,0.0895866252279276,0.9023211208057708,-0.2669000395279271,-0.0015418647128765052,-0.009674721292551938,-0.0036846027054276273,0.017743260884330037,0.19878080084407337,-0.033047908338620285,0.4336614129956338,0.024199759729397214,0.009951039189201696,0.01797861202298083,0.012735626478240503,-0.0006524681706605549,-0.00868004100443969,-0.0034370554596993615,-0.0006524681706605549,cross_fitted,season_grid_average,example_precomputed_capabilities,0.7387812883300147,-1.734723475976807e-18,0.0,0.009298571018541141,0.617137566385417,0.024199759729397214,0.4336614129956338,0.6499999999999999,0.7999999999999999,0.009685772662056448,-0.14678092271182652,-0.01898434368059759,-0.4703566436735904,-8.92204383445897,-0.8929048270936359,-9.814948661552606,0.0,1507.6045060458357,revised_v3_parallel,prior_similar_races_current_season_only,field_centered_bounded_no_teammate_term,marioandretti,mario-andretti,parnelli,vels-parnelli-jones-racing,parnelli-vpj4,parnelli-vpj4,exact_chassis,parnelli-vpj4,Accident,driver_fault,19.0,19,True,,1:37.970,True,False,,,,True,0.5696649029982362,-0.5696649029982362,-0.03327752226653124,-0.7805020678171292,0.09110289606886385,-0.16924758449757699,0.021281933748935136,full_same_season_static_retrospective_baseline_plus_shape_distributions_v9,constructor_lineage_regulation_and_stability_shrunk,14.594168422816805,1532.0136231302051,1500.3102454878272,-0.8740405173813102,1531.139582612824,1521.3246339512714,a1342cace1e31753,0.3811911165757319,0.2724,0.1521555367709214,0.0,0.0,0.05155875299760192,0.07314148681055156,0.19304556354916066,0.41127098321342925,0.18225419664268586,0.13778529163144548,1.3524936601859678,0.0,0.6762468300929839,0.16906170752324598,0.6762468300929839,1.267571680641004,0.38126235511881285,-0.036896340717398626,-0.7805020678171292,0.09110289606886385,-0.16924758449757699,0.021281933748935136,full_same_season_static_retrospective_baseline_plus_shape_distributions_v9,constructor_lineage_regulation_and_stability_shrunk,high,baseline_plus_shape_distributions_v9,0.03975208664530237,0.0017244003160299531,full_same_season_static_retrospective,1512.7813288494433,0.08180018747077286,26,DNF,,3476.69,29.0,,0.0,unavailable,0.5370370370370371,0.5127267184880354,exact_scheduled_and_actual_laps,1525.5881132124737,0.03451644902560136,0.0,0.0,0.0,0.0,,0.0,,0.0,0.0,0.0,0.0,0.0,0,0.0,0.0,0.0,0.0,all_field_expected_seconds_gap_residual_same_car_crossfit_v7_4,250,14,16.0,1.1428571428571428,27.428571428571427,6.857142857142857,32.0,10.285714285714285,384.0,96.0,1513.8500522476334,1488.5025109801286,0,1.0,15,-1.0687233981900808,0.5128918554349837,0.5818734332198201,-0.5818734332198201,-16.872059724693436,1495.90926912475,1495.90926912475,1444.463023276646,retrospective_first_five_backcast_previous_season_anchor_frozen_v7_5
donohue,1975,Austrian Grand Prix,Mark Donohue,March,March,20,0.0005562266207812497,0.24595527496438568,1966-1982_3l_and_ground_effect,29,0.4,21.939999999999998,21.939999999999998,1.35,red_bull_ring,0.7584279921363819,open_meteo_era5_air_temperature_track_proxy,12,1975-08-17,jolpica_cross_fitted_xw_xp,0.0,27,Accident,-7.0,6.27910492481033,5,prior_same_circuit_grid_movement,driver_fault,0.0,True,1501.5451554928181,0.0,0.49821752857144114,-0.03995641162318735,-0.6818049380718207,-1.3219869876039876,-0.01798038523043431,-0.8522561725897759,-0.19829804814059812,6.076379034533014,0.015424551832012696,0.3944001019724839,17.351197246742935,0.0,0.0,0.0,-0.01798038523043431,-0.8522561725897759,-0.19829804814059812,-0.002081375999528903,-0.01726965557822688,-0.0016597266447807026,0.004646451612299392,-0.10720951830062134,-0.021064751427139407,0.4191256655955762,0.022778317209900468,0.0020687109290308293,0.01621447291368965,0.002256616073863548,-0.0003011519416668475,-0.014446913926325668,-0.0004890570864995662,-0.0003011519416668475,cross_fitted,season_grid_average,example_precomputed_capabilities,0.7436121266671023,0.0,-1.3877787807814457e-17,0.0017675589873639818,0.2954978474801148,0.022778317209900468,0.4191256655955762,0.6499999999999999,0.7999999999999999,0.013656992844648715,0.09890225449236906,-0.015424551832012696,-0.3944001019724839,-7.469391079473015,-0.8929048270936359,-8.36229590656665,0.0,1493.1828595862514,revised_v3_parallel,prior_similar_races_current_season_only,field_centered_bounded_no_teammate_term,markdonohue,mark-donohue,march,,,,unmatched_constructor_fallback,constructor:march,Fatal accident,driver_fault,21.0,21,True,,1:38.190,True,False,,,,True,0.5696649029982362,-0.5696649029982362,-0.08059457823864224,-0.4379937436920943,0.10925638857880825,-0.27342626181332524,0.01580308490688838,full_same_season_static_retrospective_baseline_plus_shape_distributions_v9,constructor_lineage_regulation_and_stability_shrunk,-10.773965846136285,1490.771189646682,1435.067489904772,-0.9468955568490613,1489.8242940898328,1481.4619981832661,a1342cace1e31753,0.3811911165757319,0.2724,0.1521555367709214,0.0,0.0,0.05155875299760192,0.07314148681055156,0.19304556354916066,0.41127098321342925,0.18225419664268586,0.13778529163144548,1.3524936601859678,0.0,0.6762468300929839,0.16906170752324598,0.6762468300929839,1.267571680641004,0.38126235511881285,-0.082995653887694,-0.4379937436920943,0.10925638857880825,-0.27342626181332524,0.01580308490688838,full_same_season_static_retrospective_baseline_plus_shape_distributions_v9,constructor_lineage_regulation_and_stability_shrunk,high,baseline_plus_shape_distributions_v9,-0.2634763138652553,0.0007250696850462578,full_same_season_static_retrospective,1455.797159071208,0.010257876998583248,28,DNS,,3476.69,29.0,,0.0,unavailable,0.5370370370370371,0.5127267184880354,exact_scheduled_and_actual_laps,1442.6767546372778,0.025091926803096496,0.0,0.0,0.0,0.0,,0.0,,0.0,0.0,0.0,-0.014865104924697734,8.868890178290155,3,0.007621736468020604,0.0,0.0,0.0,all_field_expected_seconds_gap_residual_same_car_crossfit_v7_4,250,14,16.0,1.1428571428571428,27.428571428571427,6.857142857142857,32.0,10.285714285714285,384.0,96.0,1456.941590849838,1487.1091117041938,0,1.0,10,-1.1444317786299838,0.4571104703139766,0.44726504096407393,-0.44726504096407393,-13.179943822821544,1442.6172152483864,1442.6172152483864,1451.1091117041938,retrospective_first_five_backcast_previous_season_anchor_frozen_v7_5
henton,1975,Austrian Grand Prix,Brian Henton,Team Lotus,Team Lotus,22,0.0014454330610989227,0.3979896065151842,1966-1982_3l_and_ground_effect,29,0.4,21.939999999999998,21.939999999999998,1.35,red_bull_ring,0.7584279921363819,open_meteo_era5_air_temperature_track_proxy,12,1975-08-17,jolpica_cross_fitted_xw_xp,0.0,28,Accident,-6.0,6.27910492481033,5,prior_same_circuit_grid_movement,driver_fault,0.0,True,1498.5768041314468,0.0,0.4953009133428481,-0.08465433324365577,-0.6205249948086309,-1.0604134765826565,-0.0380944499596451,-0.7756562435107885,-0.15906202148739848,6.076379034533014,0.013708165127708834,0.3697558237697292,18.016592758217314,0.0,0.0,0.0,-0.0380944499596451,-0.7756562435107885,-0.15906202148739848,-0.002007232134424583,-0.015217672958083985,-0.0012689246767096211,0.0019045369815419801,-0.08919433755776009,-0.016133631927108472,0.3904405102703945,0.020181005546935204,0.002002916717324379,0.01447165630143844,0.002111486236870313,-0.00031574093960736447,-0.012784480523721425,-0.0004243104591532983,-0.00031574093960736447,cross_fitted,season_grid_average,example_precomputed_capabilities,0.7436121266671023,0.0,0.0,0.0016871757777170147,0.2870170777670679,0.020181005546935204,0.3904405102703945,0.6499999999999999,0.7999999999999999,0.01202098934999182,0.08273874600266129,-0.013708165127708834,-0.3697558237697292,-6.984600790920138,-0.8929048270936351,-7.877505618013773,0.0,1490.699298513433,revised_v3_parallel,prior_similar_races_current_season_only,field_centered_bounded_no_teammate_term,brianhenton,brian-henton,lotus,john-player-team-lotus,lotus-72e,lotus-72e,exact_chassis,lotus-72e,Accident,driver_fault,23.0,23,True,,1:38.720,True,False,,,,True,0.5696649029982362,-0.5696649029982362,-0.005855273708564283,0.9161541861215747,0.10925638857880825,0.055683027906822016,0.0404682382052922,full_same_season_static_retrospective_baseline_plus_shape_distributions_v9,constructor_lineage_regulation_and_stability_shrunk,-1.7562099948938403,1496.820594136553,1434.2591865925422,-1.7178898349309824,1495.102704301622,1487.2251986836081,a1342cace1e31753,0.3811911165757319,0.2724,0.1521555367709214,0.0,0.0,0.05155875299760192,0.07314148681055156,0.19304556354916066,0.41127098321342925,0.18225419664268586,0.13778529163144548,1.3524936601859678,0.0,0.6762468300929839,0.16906170752324598,0.6762468300929839,1.267571680641004,0.38126235511881285,-0.012453250628196258,0.9161541861215747,0.10925638857880825,0.055683027906822016,0.0404682382052922,full_same_season_static_retrospective_baseline_plus_shape_distributions_v9,constructor_lineage_regulation_and_stability_shrunk,high,baseline_plus_shape_distributions_v9,0.38094587445668976,0.004570939396061343,full_same_season_static_retrospective,1428.1574829581882,0.0,29,DNS,,3476.69,29.0,,0.0,unavailable,0.5370370370370371,0.5127267184880354,exact_scheduled_and_actual_laps,1445.4066338229488,0.025356768298357635,0.0,0.0,0.0,0.0,,0.0,,0.0,0.0,0.0,-0.01934499649391874,10.939428124450679,5,0.009918696571489506,0.0,0.0,0.0,all_field_expected_seconds_gap_residual_same_car_crossfit_v7_4,250,14,16.0,1.1428571428571428,27.428571428571427,6.857142857142857,32.0,10.285714285714285,384.0,96.0,1429.8045443599965,1480.5884309204696,0,1.0,1,-1.6470614018082428,0.4303182374477628,0.4357532288503996,-0.4357532288503996,-12.864191261989333,1415.2932916961988,1415.2932916961988,1434.650603221374,retrospective_first_five_backcast_previous_season_anchor_frozen_v7_5
