driver_id,season,event,driver,constructor,team,grid,v02_XW,v02_XP,regulation_era,race_distance_laps,wet_fraction,track_temperature,air_temperature,wind_speed,circuit_id,overtake_index,weather_source,round,date,source,observed_winner,position,status,positions_gained,overtake_proxy_raw,circuit_history_races,overtake_source,status_class,observed_performance,rating_eligible,pre_rating,season_reversion_delta,driver_expected_from_rating,driver_score_raw_revised,car_score_raw_revised,team_score_raw_revised,XdW_score_revised,XcW_score_revised,XtW_score_revised,car_effective_prior_races,XW,XP,expected_position,XW_simulated,XW_lower_95,XW_upper_95,XdW_score,XcW_score,XtW_score,XdW_probability_contribution,XcW_probability_contribution,XtW_probability_contribution,XdP_performance_contribution,XcP_performance_contribution,XtP_performance_contribution,XP_neutral_baseline,XW_neutral_baseline,XW_with_neutral_driver,XW_with_neutral_car,XW_with_neutral_team,driver_direct_uplift,car_direct_uplift,team_direct_uplift,driver_above_car_expectation,analysis_mode,neutral_reference,data_quality,model_confidence,decomposition_error,xp_decomposition_error,XW_raw_revised,XP_raw_revised,XW_neutral_revised,XP_neutral_revised,xw_calibration_shrinkage,xp_calibration_shrinkage,xw_calibration_adjustment,xp_calibration_adjustment,win_surprise,performance_surprise,raw_rating_delta,field_centering_adjustment,rating_delta,teammate_rating_delta,post_rating,model_version,car_prior_scope,rating_update_method,driver_name_key,driver_id_f1db,constructor_id_f1db,entrant_id,car_model_id,car_model_candidates,car_identity_resolution,model_entity_id,reason_retired_f1db,status_class_f1db,qualifying_position,qualifying_position_text,qualifying_eligible,qualifying_laps,qualifying_time,f1db_joined,clean_pass_proxy_eligible,clean_grid_rank,clean_finish_rank,clean_positions_gained,car_fit_eligible,field_performance,relative_performance,current_car_score_raw,constructor_prior_z_x,prior_weight_total_x,car_suitability_score_v6,expected_car_win_v6,car_model_scope_v6,car_prior_scope_v6,qualifying_rating_carried_v6,pre_qualifying_rating_v6,pre_session_strength,qualifying_delta_v6,pre_race_rating_v6,post_event_rating_v6,layout_key,straight_demand,altitude_demand,top_three_straight_share,straight_600_1000_track_share,straight_over_1000_track_share,radius_under_50_distance_share,radius_50_90_distance_share,radius_90_150_distance_share,radius_150_250_distance_share,radius_250_450_distance_share,steady_long_turn_distance_share,opposite_direction_links_per_km,same_direction_links_per_km,multi_turn_complexes_per_km,multi_apex_turns_per_km,tightening_turns_per_km,approach_severity_per_km,top_three_turning_share,current_car_score_raw_v7_6,constructor_prior_z_y,prior_weight_total_y,car_suitability_score_v7_6,expected_car_win_v7_6,car_model_scope_v7_6,car_prior_scope_v7_6,shape_topology_quality,car_suitability_model_branch_v7_6,car_suitability_score_v6_baseline,expected_car_win_v6_baseline,car_model_scope_v6_baseline,retrospective_pre_race_rating,driver_context_adjustment,result_order,finish_position_text,gap_laps,winner_race_time_seconds,winner_race_laps,cumulative_gap_share,cumulative_gap_reliability,cumulative_gap_quality,race_completion_fraction_v7_4,race_completion_reliability_v7_4,race_completion_quality_v7_4,pairwise_pre_race_strength_v7_4,field_xw_v7_4,margin_comparison_count,margin_comparison_weight,weighted_pair_gap_residual,same_car_margin_comparisons,eligible_timed_field_size,margin_race_completion_reliability,mean_pair_gap_residual_score,margin_pair_coverage,margin_field_depth_factor,raw_pairwise_margin_performance_adjustment,crossfit_car_margin_component,crossfit_car_margin_effective_rows,crossfit_car_margin_other_drivers,driver_margin_adjustment_before_centering,pairwise_margin_performance_adjustment,observed_performance_position_only,gap_adjusted_observed_performance,pairwise_margin_model,event_index,season_rounds,calendar_reference_rounds,calendar_k_multiplier,effective_race_k,effective_qualifying_k,effective_max_race_delta,effective_max_qualifying_delta,scheduled_race_k_budget,scheduled_qualifying_k_budget,retrospective_pre_qualifying_rating,retrospective_debut_anchor,inactivity_seasons,return_uncertainty_multiplier,driver_context_prior_samples,retrospective_qualifying_delta,retrospective_driver_expected_from_rating,retrospective_expected_performance,retrospective_performance_residual,retrospective_race_delta,retrospective_post_rating,retrospective_rating,debut_rating_frozen,rating_history_scope
peterson,1976,Italian Grand Prix,Ronnie Peterson,March,March,8,0.004820391402215658,0.4380510168868638,1966-1982_3l_and_ground_effect,52,0.0,15.88,15.88,1.816,monza,0.7493252896481257,open_meteo_era5_air_temperature_track_proxy,13,1976-09-12,jolpica_cross_fitted_xw_xp,1.0,1,Finished,7.0,5.978467381861467,8,prior_same_circuit_grid_movement,finished,1.0723067714524557,True,1572.6667341403988,0.0,0.5624304672609814,0.9296573674405434,-1.4277090697890913,-1.6085376746292248,0.41834581534824455,-1.784636337236364,-0.24128065119438372,6.731301556768272,0.025117840205620086,0.5347140970681189,14.028005282092671,0.0,0.0,0.0,0.41834581534824455,-1.784636337236364,-0.24128065119438372,0.005937664819284598,-0.04309177100238111,-0.0035328121532642374,0.05413246284210693,-0.3197865449401328,-0.026224036628832843,0.5930897208134907,0.04546129937380046,0.00435503996016167,0.049916261154817114,0.00561009803790364,0.00041934107727804523,-0.0451418801173774,-0.0008357170004639255,0.00041934107727804523,cross_fitted,season_grid_average,example_precomputed_capabilities,0.7460532914153184,0.0,-5.551115123125783e-17,0.004774381037439715,0.3012116020866319,0.04546129937380046,0.5930897208134907,0.49999999999999994,0.7999999999999999,0.02034345916818037,0.233502494981487,0.9748821597943799,0.4652859029318811,31.772318087838975,-3.7723180878389755,28.0,0.0,1600.6667341403988,revised_v3_parallel,prior_similar_races_current_season_only,field_centered_bounded_no_teammate_term,ronniepeterson,ronnie-peterson,march,march-engineering,march-761,march-761,exact_chassis,march-761,,finished,8.0,8,True,,1:42.640,True,True,6.0,1.0,5.0,True,0.5918367346938775,0.40816326530612246,-0.12362638999702927,-0.4866548858136355,0.026634555257912553,-0.3959868953640729,0.009793702245572484,full_same_season_static_retrospective_baseline_plus_shape_distributions_v9,constructor_lineage_regulation_and_stability_shrunk,51.263889716266554,1623.9306238566653,1506.7408158597677,1.2231965333620065,1625.1538203900272,1653.1538203900272,2b77b0258ff3d11e,0.5107366771159875,0.0728,0.3017241379310345,0.1267241379310345,0.0,0.0,0.1415929203539823,0.0,0.5699115044247788,0.22300884955752212,0.15948275862068967,1.3793103448275863,0.0,0.6896551724137931,0.0,0.8620689655172414,0.9431504668442263,0.45580912940762586,-0.1284924593601543,-0.4866548858136355,0.026634555257912553,-0.3959868953640729,0.009793702245572484,full_same_season_static_retrospective_baseline_plus_shape_distributions_v9,constructor_lineage_regulation_and_stability_shrunk,high,baseline_plus_shape_distributions_v9,-0.6730497398423697,0.0007927932045900142,full_same_season_static_retrospective,1539.8647720765236,0.04277824571746662,1,1,,5435.6,52.0,0.0,1.0,winner_origin,,1.0,scheduled_distance_unavailable_assume_full,1527.2759378868116,0.03260683949390895,17.0,16.9,3.4864090430780688,1.0,18.0,1.0,0.20629639308154255,1.0,0.9459053029269173,0.07805474087621078,0.012839175691910806,8.514197444413073,4,0.06521556518429998,0.07230677145245569,1.0,1.0723067714524557,all_field_expected_seconds_gap_residual_same_car_crossfit_v7_4,265,16,16.0,1.0,24.0,6.0,28.0,9.0,384.0,96.0,1538.4197674888935,1484.1853249422263,0,1.0,58,1.4450045876300692,0.536869898721125,0.5533300404968952,0.5189767309555605,12.022714693760516,1551.887486770284,1551.887486770284,1443.704434895771,retrospective_first_five_backcast_previous_season_anchor_frozen_v7_5
regazzoni,1976,Italian Grand Prix,Clay Regazzoni,Ferrari,Ferrari,9,0.06403057772370029,0.8010091135597769,1966-1982_3l_and_ground_effect,52,0.0,15.88,15.88,1.816,monza,0.7493252896481257,open_meteo_era5_air_temperature_track_proxy,13,1976-09-12,jolpica_cross_fitted_xw_xp,0.0,2,Finished,7.0,5.978467381861467,8,prior_same_circuit_grid_movement,finished,0.9806424347784474,True,1471.9805899157395,0.0,0.4641264059794169,-0.5489215456636864,1.204588999569402,0.7269990031434578,-0.2470146955486589,1.5057362494617523,0.10904985047151866,6.006727546952759,0.05525957566528628,0.6169250050961543,11.726099857307679,0.06,0.0,0.12582799404508693,-0.2470146955486589,1.5057362494617523,0.10904985047151866,-0.018459043275459334,0.040473651482790474,0.0029887365558134895,-0.03580393171654096,0.21607273011966327,0.012392138233001485,0.5783928177689296,0.04275790328371397,0.09577041097164736,0.035978439725529006,0.06556239082715676,-0.028009162924788764,0.03178280832132959,0.0021988572197018386,-0.028009162924788764,cross_fitted,season_grid_average,example_precomputed_capabilities,0.7433325534309605,0.0,2.7755575615628914e-17,0.0677612480468586,0.7710537544050534,0.04275790328371397,0.5783928177689296,0.49999999999999994,0.7999999999999999,-0.012501672381572314,-0.15412874930889908,-0.05525957566528628,0.34736070918955997,4.926262949445209,-1.4258876657858597,3.5003752836593494,0.0,1475.480965199399,revised_v3_parallel,prior_similar_races_current_season_only,field_centered_bounded_no_teammate_term,clayregazzoni,clay-regazzoni,ferrari,scuderia-ferrari-spa-sefac,,ferrari-312t|ferrari-312t2,ambiguous_chassis_constructor_fallback,constructor:ferrari,,finished,9.0,9,True,,1:42.960,True,True,7.0,2.0,5.0,True,0.5918367346938775,0.37244897959183676,0.21557759941048274,1.8035267467693432,0.026634555257912553,0.723679525498991,0.24003541329472436,full_same_season_static_retrospective_baseline_plus_shape_distributions_v9,constructor_lineage_regulation_and_stability_shrunk,115.03575600588027,1587.0163459216199,1727.8620281617868,0.3030849893922798,1587.3194309110122,1590.8198061946716,2b77b0258ff3d11e,0.5107366771159875,0.0728,0.3017241379310345,0.1267241379310345,0.0,0.0,0.1415929203539823,0.0,0.5699115044247788,0.22300884955752212,0.15948275862068967,1.3793103448275863,0.0,0.6896551724137931,0.0,0.8620689655172414,0.9431504668442263,0.45580912940762586,0.22687528489332448,1.8035267467693432,0.026634555257912553,0.723679525498991,0.24003541329472436,full_same_season_static_retrospective_baseline_plus_shape_distributions_v9,constructor_lineage_regulation_and_stability_shrunk,high,baseline_plus_shape_distributions_v9,1.4291090649800848,0.321814452945633,full_same_season_static_retrospective,1669.9999824010445,0.026627241948449277,2,2,,5435.6,52.0,0.0004231363602914121,1.0,exact_seconds,,1.0,scheduled_distance_unavailable_assume_full,1752.9438847412416,0.07767051465171047,17.0,18.9,0.47951654633237983,2.0,18.0,1.0,0.025371245837692055,1.0,0.9459053029269173,0.009599518391894157,0.00033400416731678277,9.34571932491832,2,0.009265514224577375,0.01635672049273308,0.9642857142857143,0.9806424347784474,all_field_expected_seconds_gap_residual_same_car_crossfit_v7_4,265,16,16.0,1.0,24.0,6.0,28.0,9.0,384.0,96.0,1669.9676661218675,1484.1853249422263,0,1.0,63,0.03231627917689704,0.6588790326318124,0.7355289201078102,0.24511351467063713,5.449997502922354,1675.4499799039668,1675.4499799039668,1616.3583490030023,retrospective_first_five_backcast_previous_season_anchor_frozen_v7_5
laffite,1976,Italian Grand Prix,Jacques Laffite,Ligier,Ligier,1,0.026778393527224654,0.6961906780511503,1966-1982_3l_and_ground_effect,52,0.0,15.88,15.88,1.816,monza,0.7493252896481257,open_meteo_era5_air_temperature_track_proxy,13,1976-09-12,jolpica_cross_fitted_xw_xp,0.0,3,Finished,-2.0,5.978467381861467,8,prior_same_circuit_grid_movement,finished,1.0040117969585387,True,1496.531217016514,0.0,0.4881420501458366,-0.18839488318970657,0.2861257679504297,-1.2484075557857075,-0.08477769743536796,0.3576572099380371,-0.18726113336785613,6.731301556768272,0.05382880087395291,0.6886740299606422,9.717127161102018,0.04,0.0,0.09431711332536,-0.08477769743536796,0.3576572099380371,-0.18726113336785613,-0.008233394834048752,-0.01716277301974902,-0.006599126998043481,-0.010841111931667403,0.022609900042060833,-0.022039604662198932,0.6907281932710033,0.06982644829987354,0.045877885747317555,0.055442918036679945,0.0443078689410577,-0.008046732299285271,-0.01761176458864766,-0.006476715493025413,-0.008046732299285271,cross_fitted,season_grid_average,example_precomputed_capabilities,0.7460532914153184,-6.938893903907228e-18,-3.469446951953614e-18,0.037831153448032284,0.6804573767191978,0.06982644829987354,0.6907281932710033,0.49999999999999994,0.7999999999999999,0.01599764742592063,0.008216653241444383,-0.05382880087395291,0.2398973986107864,3.0262619540192848,-1.4258876657858597,1.600374288233425,0.0,1498.1315913047474,revised_v3_parallel,prior_similar_races_current_season_only,field_centered_bounded_no_teammate_term,jacqueslaffite,jacques-laffite,ligier,ligier-gitanes,ligier-js5,ligier-js5,exact_chassis,ligier-js5,,finished,1.0,1,True,,1:41.350,True,True,1.0,3.0,-2.0,True,0.5918367346938775,0.33673469387755106,0.11748292317474815,0.0,0.0,0.3435776838869323,0.08102690063180147,full_same_season_static_retrospective_baseline_plus_shape_distributions_v9,constructor_lineage_regulation_and_stability_shrunk,-0.3628905375278164,1496.168326478986,1537.3237567923998,2.7730700473996897,1498.9413965263857,1500.5417708146192,2b77b0258ff3d11e,0.5107366771159875,0.0728,0.3017241379310345,0.1267241379310345,0.0,0.0,0.1415929203539823,0.0,0.5699115044247788,0.22300884955752212,0.15948275862068967,1.3793103448275863,0.0,0.6896551724137931,0.0,0.8620689655172414,0.9431504668442263,0.45580912940762586,0.11217043459285939,0.0,0.0,0.3435776838869323,0.08102690063180147,full_same_season_static_retrospective_baseline_plus_shape_distributions_v9,constructor_lineage_regulation_and_stability_shrunk,high,baseline_plus_shape_distributions_v9,0.8126598502953095,0.05529550801491476,full_same_season_static_retrospective,1512.6069327413038,0.1112046452050748,3,3,,5435.6,52.0,0.0005519169916844507,1.0,exact_seconds,,1.0,scheduled_distance_unavailable_assume_full,1578.692896655954,0.039736875104307096,17.0,14.9,2.6916080088069436,0.0,18.0,1.0,0.18064483280583513,1.0,0.9459053029269173,0.06834916211895432,0.0,0.0,0,0.06834916211895432,0.07544036838711003,0.9285714285714286,1.0040117969585387,all_field_expected_seconds_gap_residual_same_car_crossfit_v7_4,265,16,16.0,1.0,24.0,6.0,28.0,9.0,384.0,96.0,1509.8375420814452,1482.5360659531234,0,1.0,10,2.7693906598585305,0.5102902924909428,0.6522760961525366,0.35173570080600214,8.008929970171113,1520.6158627114748,1520.6158627114748,1496.7088743477286,retrospective_first_five_backcast_previous_season_anchor_frozen_v7_5
lauda,1976,Italian Grand Prix,Niki Lauda,Ferrari,Ferrari,5,0.1323974934201702,0.872439651237096,1966-1982_3l_and_ground_effect,52,0.0,15.88,15.88,1.816,monza,0.7493252896481257,open_meteo_era5_air_temperature_track_proxy,13,1976-09-12,jolpica_cross_fitted_xw_xp,0.0,4,Finished,1.0,5.978467381861467,8,prior_same_circuit_grid_movement,finished,0.9195314846508439,True,1655.7002232234338,0.0,0.6404344005434247,2.1490065339525475,1.204588999569402,0.7269990031434578,0.9670529402786464,1.5057362494617523,0.10904985047151866,6.006727546952759,0.1527353967725956,0.6919884041867014,9.624324682772361,0.38,0.2454577419544328,0.5145422580455672,0.9670529402786464,1.5057362494617523,0.10904985047151866,0.0881421245225424,0.10106305137032232,0.006983734010960707,0.11080049649426782,0.15796087776223894,0.010122673288409488,0.6362115946777182,0.05464094182068284,0.12238639063571335,0.11092980973358928,0.24108917484521278,0.12844346108879492,0.139900041990919,0.009740676879295501,0.12844346108879492,cross_fitted,season_grid_average,example_precomputed_capabilities,0.7433325534309605,0.0,0.0,0.2508298517245083,0.9150956422226344,0.05464094182068284,0.6362115946777182,0.49999999999999994,0.7999999999999999,-0.09809445495191269,-0.22310723803593302,-0.1527353967725956,0.20086873867044153,-0.050012226474346555,-1.4258876657858597,-1.4758998922602062,0.0,1654.2243233311735,revised_v3_parallel,prior_similar_races_current_season_only,field_centered_bounded_no_teammate_term,nikilauda,niki-lauda,ferrari,scuderia-ferrari-spa-sefac,,ferrari-312t|ferrari-312t2,ambiguous_chassis_constructor_fallback,constructor:ferrari,,finished,5.0,5,True,,1:42.090,True,True,4.0,4.0,0.0,True,0.5918367346938775,0.30102040816326536,0.21557759941048274,1.8035267467693432,0.026634555257912553,0.723679525498991,0.24003541329472436,full_same_season_static_retrospective_baseline_plus_shape_distributions_v9,constructor_lineage_regulation_and_stability_shrunk,52.089800128294655,1707.7900233517285,1703.475093769826,0.593588182588316,1708.3836115343167,1706.9077116420565,2b77b0258ff3d11e,0.5107366771159875,0.0728,0.3017241379310345,0.1267241379310345,0.0,0.0,0.1415929203539823,0.0,0.5699115044247788,0.22300884955752212,0.15948275862068967,1.3793103448275863,0.0,0.6896551724137931,0.0,0.8620689655172414,0.9431504668442263,0.45580912940762586,0.22687528489332448,1.8035267467693432,0.026634555257912553,0.723679525498991,0.24003541329472436,full_same_season_static_retrospective_baseline_plus_shape_distributions_v9,constructor_lineage_regulation_and_stability_shrunk,high,baseline_plus_shape_distributions_v9,1.4291090649800848,0.321814452945633,full_same_season_static_retrospective,1646.590194117218,0.09327702894622862,4,4,,5435.6,52.0,0.0035690632128927806,1.0,exact_seconds,,1.0,scheduled_distance_unavailable_assume_full,1725.92974783474,0.07000559601871834,17.0,18.9,0.25401939655320227,2.0,18.0,1.0,0.013440179711809644,1.0,0.9459053029269173,0.0050852549046766045,-0.014497880620868708,9.828305395620053,2,0.019583135525545314,0.026674341793701022,0.8928571428571429,0.9195314846508439,all_field_expected_seconds_gap_residual_same_car_crossfit_v7_4,265,16,16.0,1.0,24.0,6.0,28.0,9.0,384.0,96.0,1645.5807317299066,1487.1091117041938,0,1.0,46,1.0094623873114523,0.6378630973828405,0.7829950252465804,0.1365364594042635,2.844148176529387,1649.4343422937475,1649.4343422937475,1492.3709337177127,retrospective_first_five_backcast_previous_season_anchor_frozen_v7_5
scheckter,1976,Italian Grand Prix,Jody Scheckter,Tyrrell,Tyrrell,2,0.2207025111053723,0.9131827506281744,1966-1982_3l_and_ground_effect,52,0.0,15.88,15.88,1.816,monza,0.7493252896481257,open_meteo_era5_air_temperature_track_proxy,13,1976-09-12,jolpica_cross_fitted_xw_xp,0.0,5,Finished,-3.0,5.978467381861467,8,prior_same_circuit_grid_movement,finished,0.8733836373335054,True,1551.9227612618104,0.0,0.54232312004636,0.6250315312991779,1.1381488645776563,0.30728941799988485,0.2812641890846301,1.4226860807220705,0.046093412699982725,6.731301556768272,0.10597223012195035,0.7151913243498829,8.97464291820328,0.12,0.0299252577022837,0.21007474229771628,0.2812641890846301,1.4226860807220705,0.046093412699982725,0.012910459838395151,0.0668074687001592,0.0008782172411152464,0.032559854621192985,0.15198316652773647,0.004063379577792736,0.6774700442045385,0.06567415723211555,0.13056285777850657,0.07800910519954403,0.14766973818610232,0.015707445233278577,0.06826119781224112,-0.0013994351743171762,0.015707445233278577,cross_fitted,season_grid_average,example_precomputed_capabilities,0.7460532914153184,0.0,0.0,0.14627030301178515,0.8660764449312607,0.06567415723211555,0.6774700442045385,0.49999999999999994,0.7999999999999999,-0.04029807288983479,-0.15088512058137782,-0.10597223012195035,0.14195153279297434,0.011794067346729609,-1.4258876657858597,-1.41409359843913,0.0,1550.5086676633712,revised_v3_parallel,prior_similar_races_current_season_only,field_centered_bounded_no_teammate_term,jodyscheckter,jody-scheckter,tyrrell,elf-team-tyrrell,,tyrrell-007|tyrrell-p34,ambiguous_chassis_constructor_fallback,constructor:tyrrell,,finished,2.0,2,True,,1:41.380,True,True,2.0,5.0,-3.0,True,0.5918367346938775,0.26530612244897966,0.2287332158469299,0.6456111724296371,0.026634555257912553,0.7280772253928076,0.24307045137891875,full_same_season_static_retrospective_baseline_plus_shape_distributions_v9,constructor_lineage_regulation_and_stability_shrunk,48.433412864502046,1600.3561741263125,1635.5671543891592,1.716203234712061,1602.0723773610246,1600.6582837625854,2b77b0258ff3d11e,0.5107366771159875,0.0728,0.3017241379310345,0.1267241379310345,0.0,0.0,0.1415929203539823,0.0,0.5699115044247788,0.22300884955752212,0.15948275862068967,1.3793103448275863,0.0,0.6896551724137931,0.0,0.8620689655172414,0.9431504668442263,0.45580912940762586,0.23841803180415813,0.6456111724296371,0.026634555257912553,0.7280772253928076,0.24307045137891875,full_same_season_static_retrospective_baseline_plus_shape_distributions_v9,constructor_lineage_regulation_and_stability_shrunk,high,baseline_plus_shape_distributions_v9,1.4782939423096417,0.37037031901480266,full_same_season_static_retrospective,1579.3271033532235,0.11613016405012919,5,5,,5435.6,52.0,0.003587460445948929,1.0,exact_seconds,,1.0,scheduled_distance_unavailable_assume_full,1673.1541406074168,0.057145010280877304,17.0,16.9,0.8468461269926983,1.0,18.0,1.0,0.05010923828359162,1.0,0.9459053029269173,0.01895943768723113,0.009809863764738582,7.233738176606439,1,0.009149573922492547,0.016240780190648257,0.8571428571428572,0.8733836373335054,all_field_expected_seconds_gap_residual_same_car_crossfit_v7_4,265,16,16.0,1.0,24.0,6.0,28.0,9.0,384.0,96.0,1577.3209763577347,1485.2152772242866,0,1.0,35,2.0061269954887533,0.5749716255539042,0.7478483495303205,0.1255352878031849,2.5801200581035,1581.907223411327,1581.907223411327,1425.3139198405268,retrospective_first_five_backcast_previous_season_anchor_frozen_v7_5
depailler,1976,Italian Grand Prix,Patrick Depailler,Tyrrell,Tyrrell,4,0.04686463911706098,0.7657975255440892,1966-1982_3l_and_ground_effect,52,0.0,15.88,15.88,1.816,monza,0.7493252896481257,open_meteo_era5_air_temperature_track_proxy,13,1976-09-12,jolpica_cross_fitted_xw_xp,0.0,6,Finished,-2.0,5.978467381861467,8,prior_same_circuit_grid_movement,finished,0.8484589387824022,True,1430.075295310414,0.0,0.4235209677841251,-1.1643019977406253,1.1381488645776563,0.30728941799988485,-0.5239358989832814,1.4226860807220705,0.046093412699982725,6.731301556768272,0.0612985315003467,0.6729507247429427,10.157379707197604,0.06,0.0,0.12582799404508693,-0.5239358989832814,1.4226860807220705,0.046093412699982725,-0.035949207012040685,0.041598668098793236,0.0007563004979697121,-0.07499196574859113,0.18411668218430666,0.004650463491813417,0.6501956887574369,0.058095650707985565,0.11549648294881022,0.038575257287932686,0.0652394809426748,-0.0509950706561024,0.025926155004775138,-0.0007380686499669775,-0.0509950706561024,cross_fitted,season_grid_average,example_precomputed_capabilities,0.7460532914153184,-3.469446951953614e-18,0.0,0.06450141229270782,0.7639708686849659,0.058095650707985565,0.6501956887574369,0.49999999999999994,0.7999999999999999,-0.0032028807923611263,-0.09102014394202318,-0.0612985315003467,0.1484778466856287,1.2014364843329957,-1.4258876657858597,-0.22445118145286402,0.0,1429.8508441289612,revised_v3_parallel,prior_similar_races_current_season_only,field_centered_bounded_no_teammate_term,patrickdepailler,patrick-depailler,tyrrell,elf-team-tyrrell,,tyrrell-007|tyrrell-p34,ambiguous_chassis_constructor_fallback,constructor:tyrrell,,finished,4.0,4,True,,1:42.060,True,True,3.0,6.0,-3.0,True,0.5918367346938775,0.22959183673469385,0.2287332158469299,0.6456111724296371,0.026634555257912553,0.7280772253928076,0.24307045137891875,full_same_season_static_retrospective_baseline_plus_shape_distributions_v9,constructor_lineage_regulation_and_stability_shrunk,37.70925840422813,1467.7845537146422,1601.271938023257,1.9913421085157141,1469.775895823158,1469.551444641705,2b77b0258ff3d11e,0.5107366771159875,0.0728,0.3017241379310345,0.1267241379310345,0.0,0.0,0.1415929203539823,0.0,0.5699115044247788,0.22300884955752212,0.15948275862068967,1.3793103448275863,0.0,0.6896551724137931,0.0,0.8620689655172414,0.9431504668442263,0.45580912940762586,0.23841803180415813,0.6456111724296371,0.026634555257912553,0.7280772253928076,0.24307045137891875,full_same_season_static_retrospective_baseline_plus_shape_distributions_v9,constructor_lineage_regulation_and_stability_shrunk,high,baseline_plus_shape_distributions_v9,1.4782939423096417,0.37037031901480266,full_same_season_static_retrospective,1544.7911158392374,0.02997698050661242,6,6,,5435.6,52.0,0.006567812201044963,1.0,exact_seconds,,1.0,scheduled_distance_unavailable_assume_full,1622.442094631424,0.047018716534645164,17.0,16.9,1.1387646188502951,1.0,18.0,1.0,0.06738252182546126,1.0,0.9459053029269173,0.02549499388771702,0.005555832802041933,8.874273995332214,1,0.019939161085675085,0.027030367353830794,0.8214285714285714,0.8484589387824022,all_field_expected_seconds_gap_residual_same_car_crossfit_v7_4,265,16,16.0,1.0,24.0,6.0,28.0,9.0,384.0,96.0,1543.0257599918325,1485.2152772242866,0,1.0,36,1.7653558474048747,0.541656931098648,0.630227362018571,0.2182315767638312,4.804830993159012,1549.5959468323963,1549.5959468323963,1511.5439142753735,retrospective_first_five_backcast_previous_season_anchor_frozen_v7_5
brambilla,1976,Italian Grand Prix,Vittorio Brambilla,March,March,16,0.0014700115014775429,0.24940443752035632,1966-1982_3l_and_ground_effect,52,0.0,15.88,15.88,1.816,monza,0.7493252896481257,open_meteo_era5_air_temperature_track_proxy,13,1976-09-12,jolpica_cross_fitted_xw_xp,0.0,7,Finished,9.0,5.978467381861467,8,prior_same_circuit_grid_movement,finished,0.840910995363898,True,1484.8568247586607,0.0,0.47671054427733905,-0.35983366802641426,-1.4277090697890913,-1.6085376746292248,-0.16192515061188642,-1.784636337236364,-0.24128065119438372,6.731301556768272,0.014994116204558306,0.4140772564787326,17.405836818595485,0.0,0.0,0.0,-0.16192515061188642,-1.784636337236364,-0.24128065119438372,-0.002503115082283639,-0.0213615589325965,-0.0018231272023747796,-0.0181270866722471,-0.25318628200642473,-0.024802771893452456,0.4733004845931575,0.027838016813185765,0.002666788615878082,0.020269014361772034,0.0025089681212468813,-0.0005165730199472363,-0.018118798765841188,-0.00035875252531603584,-0.0005165730199472363,cross_fitted,season_grid_average,example_precomputed_capabilities,0.7460532914153184,0.0,-5.551115123125783e-17,0.0021502155959308455,0.1771843440210332,0.027838016813185765,0.4733004845931575,0.49999999999999994,0.7999999999999999,0.012843900608627461,0.23689291245769942,-0.014994116204558306,0.3716370292355531,6.329607737330557,-1.4258876657858597,4.903720071544697,0.0,1489.7605448302054,revised_v3_parallel,prior_similar_races_current_season_only,field_centered_bounded_no_teammate_term,vittoriobrambilla,vittorio-brambilla,march,beta-team-march,march-761,march-761,exact_chassis,march-761,,finished,16.0,16,True,,1:43.940,True,True,11.0,7.0,4.0,True,0.5918367346938775,0.19387755102040816,-0.12362638999702927,-0.4866548858136355,0.026634555257912553,-0.3959868953640729,0.009793702245572484,full_same_season_static_retrospective_baseline_plus_shape_distributions_v9,constructor_lineage_regulation_and_stability_shrunk,30.971666979608337,1515.828491738269,1480.557819075762,0.11720967114971312,1515.9457014094187,1520.8494214809634,2b77b0258ff3d11e,0.5107366771159875,0.0728,0.3017241379310345,0.1267241379310345,0.0,0.0,0.1415929203539823,0.0,0.5699115044247788,0.22300884955752212,0.15948275862068967,1.3793103448275863,0.0,0.6896551724137931,0.0,0.8620689655172414,0.9431504668442263,0.45580912940762586,-0.1284924593601543,-0.4866548858136355,0.026634555257912553,-0.3959868953640729,0.009793702245572484,full_same_season_static_retrospective_baseline_plus_shape_distributions_v9,constructor_lineage_regulation_and_stability_shrunk,high,baseline_plus_shape_distributions_v9,-0.6730497398423697,0.0007927932045900142,full_same_season_static_retrospective,1512.1182066822275,-0.012461543526357283,7,7,,5435.6,52.0,0.008076385311649127,1.0,exact_seconds,,1.0,scheduled_distance_unavailable_assume_full,1478.3545879621415,0.027014210128781444,17.0,16.9,2.644312164033656,1.0,18.0,1.0,0.1564681753866069,1.0,0.9459053029269173,0.059201630734996166,0.011096127353539539,8.62298009477482,4,0.048105503381456624,0.05519670964961233,0.7857142857142857,0.840910995363898,all_field_expected_seconds_gap_residual_same_car_crossfit_v7_4,265,16,16.0,1.0,24.0,6.0,28.0,9.0,384.0,96.0,1512.2367707048877,1482.5360659531234,0,1.0,21,-0.11856402266020885,0.5098127955278102,0.471474866297518,0.36943612906638,8.433740248420182,1520.5519469306478,1520.5519469306478,1484.7869041611723,retrospective_first_five_backcast_previous_season_anchor_frozen_v7_5
pryce,1976,Italian Grand Prix,Tom Pryce,Shadow,Shadow,15,0.006312289143361883,0.48189577348115764,1966-1982_3l_and_ground_effect,52,0.0,15.88,15.88,1.816,monza,0.7493252896481257,open_meteo_era5_air_temperature_track_proxy,13,1976-09-12,jolpica_cross_fitted_xw_xp,0.0,8,Finished,7.0,5.978467381861467,8,prior_same_circuit_grid_movement,finished,0.7881982830966259,True,1456.741857165745,0.0,0.4492856810804696,-0.7727027727637958,0.9382351667003261,0.3721262672203871,-0.34771624774370813,1.1727939583754077,0.055818940083058065,6.731301556768272,0.03030047071581546,0.5199991473403272,14.440023874470839,0.0,0.0,0.0,-0.34771624774370813,1.1727939583754077,0.055818940083058065,-0.012152425620358134,0.012959605276053119,0.0005975749133699214,-0.05155660597433527,0.2029491173188785,0.006681765351420333,0.4883842920011345,0.029598093431283005,0.04726439009967243,0.022446935781689856,0.031168840249203578,-0.016261542099324525,0.008555912218658052,-0.00016599224885566893,-0.016261542099324525,cross_fitted,season_grid_average,example_precomputed_capabilities,0.7460532914153184,-1.734723475976807e-18,2.7755575615628914e-17,0.03100284800034791,0.6464585686970981,0.029598093431283005,0.4883842920011345,0.49999999999999994,0.7999999999999999,-0.0007023772845324502,-0.1264594213567709,-0.03030047071581546,0.23000085265967285,3.4128040506945405,-1.4258876657858597,1.9869163849086808,0.0,1458.7287735506536,revised_v3_parallel,prior_similar_races_current_season_only,field_centered_bounded_no_teammate_term,tompryce,tom-pryce,shadow,lucky-strike-shadow-racing,,shadow-dn5b|shadow-dn8,ambiguous_chassis_constructor_fallback,constructor:shadow,,finished,15.0,15,True,,1:43.630,True,True,10.0,8.0,2.0,True,0.5918367346938775,0.15816326530612246,0.16080383462214384,-0.5403585447507899,0.026634555257912553,0.4721587192130421,0.11699785399994603,full_same_season_static_retrospective_baseline_plus_shape_distributions_v9,constructor_lineage_regulation_and_stability_shrunk,27.099763522735877,1483.8416206884808,1544.863183825225,-0.25906909608528816,1483.5825515923955,1485.5694679773042,2b77b0258ff3d11e,0.5107366771159875,0.0728,0.3017241379310345,0.1267241379310345,0.0,0.0,0.1415929203539823,0.0,0.5699115044247788,0.22300884955752212,0.15948275862068967,1.3793103448275863,0.0,0.6896551724137931,0.0,0.8620689655172414,0.9431504668442263,0.45580912940762586,0.16295370070162288,-0.5403585447507899,0.026634555257912553,0.4721587192130421,0.11699785399994603,full_same_season_static_retrospective_baseline_plus_shape_distributions_v9,constructor_lineage_regulation_and_stability_shrunk,high,baseline_plus_shape_distributions_v9,1.0384435339380587,0.10540266441016474,full_same_season_static_retrospective,1506.8167715776337,0.09818170765204634,8,8,,5435.6,52.0,0.009732136286702478,1.0,exact_seconds,,1.0,scheduled_distance_unavailable_assume_full,1568.951416661224,0.038275590520022086,17.0,14.9,1.2250048797432724,0.0,18.0,1.0,0.08221509260021963,1.0,0.9459053029269173,0.03110707682847012,0.0,0.0,0,0.03110707682847012,0.03819828309662583,0.75,0.7881982830966259,all_field_expected_seconds_gap_residual_same_car_crossfit_v7_4,265,16,16.0,1.0,24.0,6.0,28.0,9.0,384.0,96.0,1507.0904862881816,1482.5360659531234,0,1.0,28,-0.27371471054794416,0.5046322100856051,0.6435354558110534,0.14466282728557245,3.0391810056808013,1509.8559525833145,1509.8559525833145,1426.6853440744037,retrospective_first_five_backcast_previous_season_anchor_frozen_v7_5
reutemann,1976,Italian Grand Prix,Carlos Reutemann,Ferrari,Ferrari,7,0.20192184553490788,0.906685972158777,1966-1982_3l_and_ground_effect,52,0.0,15.88,15.88,1.816,monza,0.7493252896481257,open_meteo_era5_air_temperature_track_proxy,13,1976-09-12,jolpica_cross_fitted_xw_xp,0.0,9,Finished,-2.0,5.978467381861467,8,prior_same_circuit_grid_movement,finished,0.7225841795619483,True,1551.6226569515482,0.0,0.5420311000063264,0.6206244909034774,1.204588999569402,0.7269990031434578,0.2792810209065648,1.5057362494617523,0.10904985047151866,6.006727546952759,0.08490199854301662,0.655282850920752,10.652080174218945,0.14,0.043820101892339286,0.23617989810766074,0.2792810209065648,1.5057362494617523,0.10904985047151866,0.01023853152535133,0.058675947175907,0.004218279524402402,0.03697274347021828,0.18977600231855038,0.011470335110559504,0.6076390347408863,0.04833561943018625,0.10826354385719525,0.05958102212240411,0.11718994634345098,0.013204833798651741,0.06188735553344288,0.004278431312396011,0.013204833798651741,cross_fitted,season_grid_average,example_precomputed_capabilities,0.7433325534309605,0.0,2.7755575615628914e-17,0.12146837765584699,0.8458581156402145,0.04833561943018625,0.6076390347408863,0.49999999999999994,0.7999999999999999,-0.036566379112830366,-0.1905752647194625,-0.08490199854301662,0.0590028633649623,-0.9755964244630777,-1.4258876657858595,-2.401484090248937,0.0,1549.2211728612992,revised_v3_parallel,prior_similar_races_current_season_only,field_centered_bounded_no_teammate_term,carlosreutemann,carlos-reutemann,ferrari,scuderia-ferrari-spa-sefac,,ferrari-312t|ferrari-312t2,ambiguous_chassis_constructor_fallback,constructor:ferrari,,finished,7.0,7,True,,1:42.380,True,True,5.0,9.0,-4.0,True,0.5918367346938775,0.12244897959183676,0.21557759941048274,1.8035267467693432,0.026634555257912553,0.723679525498991,0.24003541329472436,full_same_season_static_retrospective_baseline_plus_shape_distributions_v9,constructor_lineage_regulation_and_stability_shrunk,51.31425670757624,1602.9369136591245,1636.4953914413986,0.6515211341330758,1603.5884347932574,1601.1869507030085,2b77b0258ff3d11e,0.5107366771159875,0.0728,0.3017241379310345,0.1267241379310345,0.0,0.0,0.1415929203539823,0.0,0.5699115044247788,0.22300884955752212,0.15948275862068967,1.3793103448275863,0.0,0.6896551724137931,0.0,0.8620689655172414,0.9431504668442263,0.45580912940762586,0.22687528489332448,1.8035267467693432,0.026634555257912553,0.723679525498991,0.24003541329472436,full_same_season_static_retrospective_baseline_plus_shape_distributions_v9,constructor_lineage_regulation_and_stability_shrunk,high,baseline_plus_shape_distributions_v9,1.4291090649800848,0.321814452945633,full_same_season_static_retrospective,1579.5307196102056,0.06771800156336366,9,9,,5435.6,52.0,0.010578409007285303,1.0,exact_seconds,,1.0,scheduled_distance_unavailable_assume_full,1665.8194096993134,0.05555544737118719,17.0,18.9,-0.41083514961014145,2.0,18.0,1.0,-0.02173730950318209,1.0,0.9459053029269173,-0.008224574532169446,-0.009431833540247696,16.174024720538373,2,0.0012072590080782503,0.008298465276233959,0.7142857142857143,0.7225841795619483,all_field_expected_seconds_gap_residual_same_car_crossfit_v7_4,265,16,16.0,1.0,24.0,6.0,28.0,9.0,384.0,96.0,1578.6010294014793,1485.2152772242866,0,1.0,39,0.9296902087262731,0.5751664676663438,0.6993031159125991,0.023281063649349232,0.1260186784114441,1579.656738288617,1579.656738288617,1495.0517339591952,retrospective_first_five_backcast_previous_season_anchor_frozen_v7_5
ickx,1976,Italian Grand Prix,Jacky Ickx,Ensign,Ensign,10,0.0014377720850981043,0.24616033199626958,1966-1982_3l_and_ground_effect,52,0.0,15.88,15.88,1.816,monza,0.7493252896481257,open_meteo_era5_air_temperature_track_proxy,13,1976-09-12,jolpica_cross_fitted_xw_xp,0.0,10,Finished,0.0,5.978467381861467,8,prior_same_circuit_grid_movement,finished,0.7129095079875776,True,1603.3434616699906,0.0,0.5917959085923756,1.3801459902553361,-0.8361895999141553,0.9007691909236629,0.6210656956149013,-1.045236999892694,0.13511537863854944,6.233644960775265,0.02593570633403643,0.5440182814703347,13.767488118830627,0.0,0.0,0.0,0.6210656956149013,-1.045236999892694,0.13511537863854944,0.010946908966067133,-0.041941813381569486,0.002435783051234742,0.08939001455568815,-0.2044139031178958,0.017264063992151663,0.5635702463843459,0.04021526701617024,0.009015619320675742,0.0645694263574459,0.01128094073971791,0.002640526331226878,-0.052913280705543284,0.0003752049121847102,0.002640526331226878,cross_fitted,season_grid_average,example_precomputed_capabilities,0.7442284564238593,-3.469446951953614e-18,0.0,0.01165614565190262,0.46581042181428994,0.04021526701617024,0.5635702463843459,0.49999999999999994,0.7999999999999999,0.01427956068213381,0.07820785965604476,-0.02593570633403643,0.1345531471010939,1.7994996958028158,-1.4258876657858597,0.3736120300169561,0.0,1603.7170737000076,revised_v3_parallel,prior_similar_races_current_season_only,field_centered_bounded_no_teammate_term,jackyickx,jacky-ickx,ensign,team-ensign,,ensign-n174|ensign-n176,ambiguous_chassis_constructor_fallback,constructor:ensign,,finished,10.0,10,True,,1:43.290,True,True,8.0,10.0,-2.0,True,0.5918367346938775,0.08673469387755106,-0.2143007555067251,0.09124705323267361,0.026634555257912553,-0.6034298962808929,0.005414308994318716,full_same_season_static_retrospective_baseline_plus_shape_distributions_v9,constructor_lineage_regulation_and_stability_shrunk,24.237194053576243,1627.580655723567,1516.8469864465453,1.0128959681022174,1628.593551691669,1628.9671637216861,2b77b0258ff3d11e,0.5107366771159875,0.0728,0.3017241379310345,0.1267241379310345,0.0,0.0,0.1415929203539823,0.0,0.5699115044247788,0.22300884955752212,0.15948275862068967,1.3793103448275863,0.0,0.6896551724137931,0.0,0.8620689655172414,0.9431504668442263,0.45580912940762586,-0.20304699791007924,0.09124705323267361,0.026634555257912553,-0.6034298962808929,0.005414308994318716,full_same_season_static_retrospective_baseline_plus_shape_distributions_v9,constructor_lineage_regulation_and_stability_shrunk,high,baseline_plus_shape_distributions_v9,-1.2041131497374802,0.00017385791467503284,full_same_season_static_retrospective,1566.0796806467588,0.05185448624252352,10,10,,5435.6,52.0,0.01331959673265141,1.0,exact_seconds,,1.0,scheduled_distance_unavailable_assume_full,1550.9920592454346,0.035720970245721656,17.0,14.9,0.8789048225696292,0.0,18.0,1.0,0.058986900843599276,1.0,0.9459053029269173,0.022318408924473922,-0.004928464223519371,2.810693512911726,2,0.027246873147993293,0.034338079416149,0.6785714285714286,0.7129095079875776,all_field_expected_seconds_gap_residual_same_car_crossfit_v7_4,265,16,16.0,1.0,24.0,6.0,28.0,9.0,384.0,96.0,1565.1213781490167,1488.8902888648772,0,1.0,64,0.9583024977420309,0.5622513493738657,0.5716256112700201,0.14128389671755748,2.958086672048442,1569.0377673188073,1569.0377673188073,1517.1760279169691,retrospective_first_five_backcast_previous_season_anchor_frozen_v7_5
watson,1976,Italian Grand Prix,John Watson,Penske,Penske,26,0.007070758596358787,0.5001407897231097,1966-1982_3l_and_ground_effect,52,0.0,15.88,15.88,1.816,monza,0.7493252896481257,open_meteo_era5_air_temperature_track_proxy,13,1976-09-12,jolpica_cross_fitted_xw_xp,0.0,11,Finished,15.0,5.978467381861467,8,prior_same_circuit_grid_movement,finished,0.6392198560739076,True,1518.0292495439658,0.0,0.5092095396287103,0.12730434050282452,0.7097658259794739,0.29528419631405717,0.05728695322627104,0.8872072824743424,0.04429262944710857,6.731301556768272,0.016033774110555496,0.37023247771207757,18.633490624061828,0.02,0.0,0.05880602015151773,0.05728695322627104,0.8872072824743424,0.04429262944710857,-0.0009051748087036164,0.0026133244376347333,0.0002006130689620091,0.014486307868479171,0.1887325407679602,0.005351487182922128,0.32851841054820524,0.01507939276160893,0.018460481806713724,0.015219669526405034,0.01720972824701226,-0.0014723263472116686,0.0017684859330970217,-0.00022157278751020262,-0.0014723263472116686,cross_fitted,season_grid_average,example_precomputed_capabilities,0.7460532914153184,4.336808689942018e-19,2.7755575615628914e-17,0.016988155459502056,0.5370887463675668,0.01507939276160893,0.32851841054820524,0.49999999999999994,0.7999999999999999,-0.0009543813489465598,-0.1668562686554892,-0.016033774110555496,0.2726246651450652,4.522433393957842,-1.4258876657858597,3.096545728171982,0.0,1521.1257952721378,revised_v3_parallel,prior_similar_races_current_season_only,field_centered_bounded_no_teammate_term,johnwatson,john-watson,penske,first-national-city-bank-team-penske,,penske-pc3|penske-pc4,ambiguous_chassis_constructor_fallback,constructor:penske,,finished,29.0,29,True,,2:13.950,True,True,18.0,11.0,7.0,True,0.5918367346938775,0.05102040816326525,0.13556385629589568,0.2025325657713454,0.025767307848587672,0.42042030547093867,0.10092034612720216,full_same_season_static_retrospective_baseline_plus_shape_distributions_v9,constructor_lineage_regulation_and_stability_shrunk,1.2359144299264788,1519.2651639738922,1541.7080708508324,-3.3975621566075995,1515.8676018172846,1518.9641475454566,2b77b0258ff3d11e,0.5107366771159875,0.0728,0.3017241379310345,0.1267241379310345,0.0,0.0,0.1415929203539823,0.0,0.5699115044247788,0.22300884955752212,0.15948275862068967,1.3793103448275863,0.0,0.6896551724137931,0.0,0.8620689655172414,0.9431504668442263,0.45580912940762586,0.1390908027915568,0.2025325657713454,0.025767307848587672,0.42042030547093867,0.10092034612720216,full_same_season_static_retrospective_baseline_plus_shape_distributions_v9,constructor_lineage_regulation_and_stability_shrunk,high,baseline_plus_shape_distributions_v9,0.9063119056715612,0.0722598736316636,full_same_season_static_retrospective,1504.8187584729294,0.0771507560008431,11,11,,5435.6,52.0,0.018801972183383617,1.0,exact_seconds,,1.0,scheduled_distance_unavailable_assume_full,1570.8918106201716,0.038562311884695784,17.0,14.9,-0.42249088246752875,0.0,18.0,1.0,-0.02835509278305562,1.0,0.9459053029269173,-0.01072849305139083,0.0,0.0,0,-0.01072849305139083,-0.003637286783235121,0.6428571428571428,0.6392198560739076,all_field_expected_seconds_gap_residual_same_car_crossfit_v7_4,265,16,16.0,1.0,24.0,6.0,28.0,9.0,384.0,96.0,1508.0744464131574,1486.490873775413,0,1.0,29,-3.2556879402280776,0.5026794174065311,0.6166580900471389,0.022561766026768737,0.10875553546951222,1504.927514008399,1504.927514008399,1463.0957077089734,retrospective_first_five_backcast_previous_season_anchor_frozen_v7_5
jones,1976,Italian Grand Prix,Alan Jones,Surtees,Surtees,18,0.0018572696873539285,0.28454452561968285,1966-1982_3l_and_ground_effect,52,0.0,15.88,15.88,1.816,monza,0.7493252896481257,open_meteo_era5_air_temperature_track_proxy,13,1976-09-12,jolpica_cross_fitted_xw_xp,0.0,12,+1 Lap,6.0,5.978467381861467,8,prior_same_circuit_grid_movement,finished,0.6834892069106635,True,1489.571945440973,0.0,0.48132571834472915,-0.290591985694704,-0.3835530938873323,0.6793365255047602,-0.13076639356261682,-0.4794413673591653,0.10190047882571403,6.233644960775265,0.015956795016946204,0.43009459281384316,16.957351401212392,0.0,0.0,0.0,-0.13076639356261682,-0.4794413673591653,0.10190047882571403,-0.0027546036712506623,-0.015523307956006985,0.0009402354297197036,-0.015771141916350345,-0.0632384877648928,0.013080400674317148,0.44328043861522837,0.024625633115715174,0.009064301705195843,0.02244938031090171,0.007183152616951207,-0.0017763447870186144,-0.01516142339272448,0.00010480430122602157,-0.0017763447870186144,cross_fitted,season_grid_average,example_precomputed_capabilities,0.7442284564238593,-3.469446951953614e-18,0.0,0.007287956918177229,0.3773512096083024,0.024625633115715174,0.44328043861522837,0.49999999999999994,0.7999999999999999,0.008668838098768976,0.052743383205540784,-0.015956795016946204,0.17704826432901405,2.803905677515544,-1.4258876657858597,1.3780180117296843,0.0,1490.9499634527026,revised_v3_parallel,prior_similar_races_current_season_only,field_centered_bounded_no_teammate_term,alanjones,alan-jones,surtees,durex-team-surtees,surtees-ts19,surtees-ts19,exact_chassis,surtees-ts19,,finished,18.0,18,True,,1:44.410,True,True,13.0,12.0,1.0,True,0.5918367346938775,0.015306122448979664,-0.08087460762044246,-0.7809998738378241,0.026634555257912553,-0.2675156834829585,0.014137066197923535,full_same_season_static_retrospective_baseline_plus_shape_distributions_v9,constructor_lineage_regulation_and_stability_shrunk,-12.299455552966315,1477.2724898880067,1411.8325375832505,-0.2078517774012893,1477.0646381106053,1478.442656122335,2b77b0258ff3d11e,0.5107366771159875,0.0728,0.3017241379310345,0.1267241379310345,0.0,0.0,0.1415929203539823,0.0,0.5699115044247788,0.22300884955752212,0.15948275862068967,1.3793103448275863,0.0,0.6896551724137931,0.0,0.8620689655172414,0.9431504668442263,0.45580912940762586,-0.08287284505286611,-0.7809998738378241,0.026634555257912553,-0.2675156834829585,0.014137066197923535,full_same_season_static_retrospective_baseline_plus_shape_distributions_v9,constructor_lineage_regulation_and_stability_shrunk,high,baseline_plus_shape_distributions_v9,-0.4232276898262162,0.0016186369696876745,full_same_season_static_retrospective,1433.0787048106786,0.08007093776642053,12,12,1.0,5435.6,52.0,0.019230769230769232,0.7,lap_equivalent,,1.0,scheduled_distance_unavailable_assume_full,1433.1217438497438,0.02270058173535416,16.0,13.999999999999998,2.106877009170311,2.0,18.0,1.0,0.15049121494073653,0.9411764705882353,0.9459053029269173,0.05524008402672244,-0.014015059472928195,9.245763480486898,3,0.06925514349965063,0.07634634976780634,0.6071428571428572,0.6834892069106635,all_field_expected_seconds_gap_residual_same_car_crossfit_v7_4,265,16,16.0,1.0,24.0,6.0,28.0,9.0,384.0,96.0,1433.2337922618872,1480.5884309204696,0,1.0,15,-0.15508745120869372,0.4329193785916587,0.498643048630228,0.1848461582804355,4.003580949557515,1437.0822857602361,1437.0822857602361,1419.1470258209056,retrospective_first_five_backcast_previous_season_anchor_frozen_v7_5
nilsson,1976,Italian Grand Prix,Gunnar Nilsson,Team Lotus,Team Lotus,12,0.003464799191470447,0.38401430555062566,1966-1982_3l_and_ground_effect,52,0.0,15.88,15.88,1.816,monza,0.7493252896481257,open_meteo_era5_air_temperature_track_proxy,13,1976-09-12,jolpica_cross_fitted_xw_xp,0.0,13,+1 Lap,-1.0,5.978467381861467,8,prior_same_circuit_grid_movement,finished,0.6085337183614059,True,1480.9490641374143,0.0,0.47288811959307725,-0.4172192447264386,-0.4598219897621872,-1.153949977070604,-0.1877486601268974,-0.574777487202734,-0.17309249656059061,6.731301556768272,0.02179030209221566,0.5058803761470851,14.835349467881617,0.0,0.0,0.0,-0.1877486601268974,-0.574777487202734,-0.17309249656059061,-0.0043470202844985584,-0.021124724536446,-0.0020968580546364786,-0.024750982606129842,-0.09313103222288918,-0.020912898004723093,0.5336393587138335,0.03557460353000618,0.010303937403040553,0.02647305903256878,0.009182271561252679,-0.0022979367486154114,-0.01846705837814364,-0.0011762709068275368,-0.0022979367486154114,cross_fitted,season_grid_average,example_precomputed_capabilities,0.7460532914153184,-3.469446951953614e-18,0.0,0.008006000654425142,0.3948444458800914,0.03557460353000618,0.5336393587138335,0.49999999999999994,0.7999999999999999,0.013784301437790518,0.11103593026699377,-0.02179030209221566,0.06554819528148625,0.6569002648535768,-1.4258876657858597,-0.7689874009322829,0.0,1480.180076736482,revised_v3_parallel,prior_similar_races_current_season_only,field_centered_bounded_no_teammate_term,gunnarnilsson,gunnar-nilsson,lotus,john-player-team-lotus,lotus-77,lotus-77,exact_chassis,lotus-77,,finished,12.0,12,True,,1:43.300,True,True,9.0,13.0,-4.0,True,0.5918367346938775,-0.020408163265306145,-0.05401973662986098,0.4273745206946689,0.026634555257912553,-0.1357615457889401,0.020598959192556263,full_same_season_static_retrospective_baseline_plus_shape_distributions_v9,constructor_lineage_regulation_and_stability_shrunk,-0.7740547284755329,1480.1750094089389,1436.73703603405,0.9755930686727883,1481.1506024776118,1480.3816150766795,2b77b0258ff3d11e,0.5107366771159875,0.0728,0.3017241379310345,0.1267241379310345,0.0,0.0,0.1415929203539823,0.0,0.5699115044247788,0.22300884955752212,0.15948275862068967,1.3793103448275863,0.0,0.6896551724137931,0.0,0.8620689655172414,0.9431504668442263,0.45580912940762586,-0.04921990899066694,0.4273745206946689,0.026634555257912553,-0.1357615457889401,0.020598959192556263,full_same_season_static_retrospective_baseline_plus_shape_distributions_v9,constructor_lineage_regulation_and_stability_shrunk,high,baseline_plus_shape_distributions_v9,-0.23015361698221,0.0028101128044658937,full_same_season_static_retrospective,1448.5875895047757,0.012688232028384188,13,13,1.0,5435.6,52.0,0.019230769230769232,0.7,lap_equivalent,,1.0,scheduled_distance_unavailable_assume_full,1439.4986459562497,0.02326423255926093,16.0,11.2,1.2938456153763376,0.0,18.0,1.0,0.11552192994431586,0.9411764705882353,0.9459053029269173,0.042404077338110156,0.012390136673431296,4.621042138091011,2,0.03001394066467886,0.037105146932834565,0.5714285714285714,0.6085337183614059,all_field_expected_seconds_gap_residual_same_car_crossfit_v7_4,265,16,16.0,1.0,24.0,6.0,28.0,9.0,384.0,96.0,1447.5979596971654,1478.537393572039,0,1.0,6,0.9896298076103359,0.4478843323488754,0.4558411872314563,0.15269253112994963,3.2318938979458536,1451.8194834027215,1451.8194834027215,1449.381950535064,retrospective_first_five_backcast_previous_season_anchor_frozen_v7_5
lunger,1976,Italian Grand Prix,Brett Lunger,Surtees,Surtees,24,0.000521560422186551,0.11982455845664165,1966-1982_3l_and_ground_effect,52,0.0,15.88,15.88,1.816,monza,0.7493252896481257,open_meteo_era5_air_temperature_track_proxy,13,1976-09-12,jolpica_cross_fitted_xw_xp,0.0,14,+2 Laps,10.0,5.978467381861467,8,prior_same_circuit_grid_movement,finished,0.5271858277208072,True,1476.7952335052296,0.0,0.4688279776234536,-0.4782183665882386,-0.3835530938873323,0.6793365255047602,-0.21519826496470737,-0.4794413673591653,0.10190047882571403,6.233644960775265,0.010905522538446873,0.3450283892534952,19.339205100902134,0.0,0.0,0.0,-0.21519826496470737,-0.4794413673591653,0.10190047882571403,-0.002485417211309595,-0.010434351254915642,0.0006378513636075344,-0.02613998440378843,-0.04107804088856235,0.012000685607354473,0.35607185719049445,0.017046481089755726,0.006274537059957093,0.01461718335280896,0.0046980678729372565,-0.0015099730728190723,-0.009852619365670938,6.649611420076439e-05,-0.0015099730728190723,cross_fitted,season_grid_average,example_precomputed_capabilities,0.7442284564238593,-3.469446951953614e-18,0.0,0.004764563987138021,0.30085451750549813,0.017046481089755726,0.35607185719049445,0.49999999999999994,0.7999999999999999,0.006140958551308852,0.044173871747997084,-0.010905522538446873,0.19068589646079048,3.1706135953715036,-1.4258876657858597,1.7447259295856439,0.0,1478.5399594348153,revised_v3_parallel,prior_similar_races_current_season_only,field_centered_bounded_no_teammate_term,brettlunger,brett-lunger,surtees,team-surtees,surtees-ts19,surtees-ts19,exact_chassis,surtees-ts19,,finished,24.0,24,True,,1:46.480,True,True,17.0,14.0,3.0,True,0.5918367346938775,-0.056122448979591844,-0.08087460762044246,-0.7809998738378241,0.026634555257912553,-0.2675156834829585,0.014137066197923535,full_same_season_static_retrospective_baseline_plus_shape_distributions_v9,constructor_lineage_regulation_and_stability_shrunk,-14.537795407924873,1462.2574380973047,1363.1032217180918,-1.4104976641769515,1460.8469404331277,1462.5916663627133,2b77b0258ff3d11e,0.5107366771159875,0.0728,0.3017241379310345,0.1267241379310345,0.0,0.0,0.1415929203539823,0.0,0.5699115044247788,0.22300884955752212,0.15948275862068967,1.3793103448275863,0.0,0.6896551724137931,0.0,0.8620689655172414,0.9431504668442263,0.45580912940762586,-0.08287284505286611,-0.7809998738378241,0.026634555257912553,-0.2675156834829585,0.014137066197923535,full_same_season_static_retrospective_baseline_plus_shape_distributions_v9,constructor_lineage_regulation_and_stability_shrunk,high,baseline_plus_shape_distributions_v9,-0.4232276898262162,0.0016186369696876745,full_same_season_static_retrospective,1383.3335187958398,-0.07587717230021454,14,14,2.0,5435.6,52.0,0.038461538461538464,0.7,lap_equivalent,,1.0,scheduled_distance_unavailable_assume_full,1355.1876297361666,0.016821266660597814,16.0,13.999999999999998,-0.47332464281838155,2.0,18.0,1.0,-0.03380890305845583,0.9411764705882353,0.9459053029269173,-0.01241007089042292,0.003209593371211238,12.185144131174727,3,-0.015619664261634157,-0.008528457993478449,0.5357142857142857,0.5271858277208072,all_field_expected_seconds_gap_residual_same_car_crossfit_v7_4,265,16,16.0,1.0,24.0,6.0,28.0,9.0,384.0,96.0,1384.5044763967285,1480.5884309204696,0,1.0,8,-1.170957600888546,0.38577742297521783,0.29681162665987226,0.23037420106093498,5.096253976289502,1388.4297727721294,1388.4297727721294,1416.0448051956703,retrospective_first_five_backcast_previous_season_anchor_frozen_v7_5
emerson_fittipaldi,1976,Italian Grand Prix,Emerson Fittipaldi,Fittipaldi,Fittipaldi,20,0.011715983572182115,0.5789474708238387,1966-1982_3l_and_ground_effect,52,0.0,15.88,15.88,1.816,monza,0.7493252896481257,open_meteo_era5_air_temperature_track_proxy,13,1976-09-12,jolpica_cross_fitted_xw_xp,0.0,15,+2 Laps,5.0,5.978467381861467,8,prior_same_circuit_grid_movement,finished,0.4107880830109301,True,1759.2023601900335,0.0,0.7285394680531575,3.668938381164546,-1.3273579156059245,-0.9258818786172621,1.6510222715240457,-1.6591973945074057,-0.13888228179258932,6.124942755242476,0.013546595406703435,0.39485936060756277,17.943937902988242,0.0,0.0,0.0,1.6510222715240457,-1.6591973945074057,-0.13888228179258932,0.023408721014703624,-0.03818606023677856,-0.001697358468886776,0.2121548418690258,-0.2904840843160077,-0.01545266504977063,0.41361574210691326,0.02178394425218429,0.0024490200195866592,0.061370336432817356,0.005989598709809934,0.0028602265416359206,-0.05606108987159478,-0.0006803521485873546,0.0028602265416359206,cross_fitted,season_grid_average,example_precomputed_capabilities,0.7438046255579374,3.469446951953614e-18,0.0,0.00530924656122258,0.31983383461016074,0.02178394425218429,0.41361574210691326,0.49999999999999994,0.7999999999999999,0.008237348845480854,0.07502552599740203,-0.013546595406703435,0.10514063939243723,1.5674132193029877,-1.4258876657858597,0.14152555351712803,0.0,1759.3438857435506,revised_v3_parallel,prior_similar_races_current_season_only,field_centered_bounded_no_teammate_term,emersonfittipaldi,emerson-fittipaldi,fittipaldi,copersucar-fittipaldi,,fittipaldi-fd03|fittipaldi-fd04,ambiguous_chassis_constructor_fallback,constructor:fittipaldi,,finished,20.0,20,True,,1:44.570,True,True,14.0,15.0,-1.0,True,0.5918367346938775,-0.09183673469387754,-0.007505165812532727,-0.6363953761279009,0.02098729863321719,-0.027759218081151425,0.028045231823473005,full_same_season_static_retrospective_baseline_plus_shape_distributions_v9,constructor_lineage_regulation_and_stability_shrunk,-3.35265691031064,1755.849703279723,1610.7930212426536,-2.331786775164348,1753.5179165045586,1753.6594420580757,2b77b0258ff3d11e,0.5107366771159875,0.0728,0.3017241379310345,0.1267241379310345,0.0,0.0,0.1415929203539823,0.0,0.5699115044247788,0.22300884955752212,0.15948275862068967,1.3793103448275863,0.0,0.6896551724137931,0.0,0.8620689655172414,0.9431504668442263,0.45580912940762586,-0.004892459959546613,-0.6363953761279009,0.02098729863321719,-0.027759218081151425,0.028045231823473005,full_same_season_static_retrospective_baseline_plus_shape_distributions_v9,constructor_lineage_regulation_and_stability_shrunk,high,baseline_plus_shape_distributions_v9,0.02601068298041163,0.005842288732828415,full_same_season_static_retrospective,1611.297897178765,0.08686560374736976,15,15,2.0,5435.6,52.0,0.038461538461538464,0.7,lap_equivalent,,1.0,scheduled_distance_unavailable_assume_full,1650.2220040801603,0.05232067205494519,16.0,11.2,-2.8628217877480733,0.0,18.0,1.0,-0.2556090881917923,0.9411764705882353,0.9459053029269173,-0.09382519448240828,0.0024779287748173066,0.605255037126934,1,-0.09630312325722559,-0.08921191698906988,0.5,0.4107880830109301,all_field_expected_seconds_gap_residual_same_car_crossfit_v7_4,265,16,16.0,1.0,24.0,6.0,28.0,9.0,384.0,96.0,1613.0137586891458,1484.1853249422263,0,1.0,58,-1.7158615103808577,0.6052681534028921,0.6926813914326065,-0.2818933084216764,-7.198166251293172,1604.099730927472,1604.099730927472,1473.8522371912575,retrospective_first_five_backcast_previous_season_anchor_frozen_v7_5
ertl,1976,Italian Grand Prix,Harald Ertl,Hesketh,Hesketh,19,0.0008524967644845184,0.1751765652721616,1966-1982_3l_and_ground_effect,52,0.0,15.88,15.88,1.816,monza,0.7493252896481257,open_meteo_era5_air_temperature_track_proxy,13,1976-09-12,jolpica_cross_fitted_xw_xp,0.0,16,Halfshaft,3.0,5.978467381861467,8,prior_same_circuit_grid_movement,mechanical,,False,1495.561133145033,0.0,0.4871916357992055,-0.2026405926401926,-1.311471073215385,1.3110527571730344,-0.09118826668808667,-1.6393388415192311,0.19665791357595516,4.7192487436296915,0.012880480886432228,0.38346244929672313,18.263051419691752,0.0,0.0,0.0,-0.09118826668808667,-1.6393388415192311,0.19665791357595516,-0.0017630418282808442,-0.020389862554762984,0.0015913697219947644,-0.0094526133306758,-0.2364923111017806,0.021297162264958747,0.4283920017302227,0.02316124821695676,0.003116082485898703,0.02298442350811457,0.002468717805943289,-0.0005163689299910079,-0.020384709952206877,0.00013099574996440575,-0.0005163689299910079,cross_fitted,season_grid_average,example_precomputed_capabilities,0.737277730188975,-3.469446951953614e-18,-2.7755575615628914e-17,0.002599713555907695,0.203744239562725,0.02316124821695676,0.4283920017302227,0.49999999999999994,0.7999999999999999,0.010280767330524533,0.17971820973399813,-0.012880480886432228,,0.0,0.0,0.0,0.0,1495.561133145033,revised_v3_parallel,prior_similar_races_current_season_only,field_centered_bounded_no_teammate_term,haraldertl,harald-ertl,hesketh,hesketh-racing,hesketh-308d,hesketh-308d,exact_chassis,hesketh-308d,Halfshaft,mechanical,19.0,19,True,,1:44.560,True,False,,,,False,0.5918367346938775,,-0.23849677478860898,0.19167169381510216,0.025767307848587672,-0.6780450430199503,0.00437479267110918,full_same_season_static_retrospective_baseline_plus_shape_distributions_v9,constructor_lineage_regulation_and_stability_shrunk,-20.804495743648964,1474.756637401384,1390.4811837291631,-0.006963364297427308,1474.7496740370866,1474.7496740370866,2b77b0258ff3d11e,0.5107366771159875,0.0728,0.3017241379310345,0.1267241379310345,0.0,0.0,0.1415929203539823,0.0,0.5699115044247788,0.22300884955752212,0.15948275862068967,1.3793103448275863,0.0,0.6896551724137931,0.0,0.8620689655172414,0.9431504668442263,0.45580912940762586,-0.22868300042149659,0.19167169381510216,0.025767307848587672,-0.6780450430199503,0.00437479267110918,full_same_season_static_retrospective_baseline_plus_shape_distributions_v9,constructor_lineage_regulation_and_stability_shrunk,high,baseline_plus_shape_distributions_v9,-1.348521339932852,0.00011508184307725481,full_same_season_static_retrospective,1444.4747872482296,-0.034940626957033837,16,16,,5435.6,52.0,,0.0,unavailable,,1.0,scheduled_distance_unavailable_assume_full,1390.544384943841,0.019271580130125848,0.0,0.0,0.0,0.0,,0.0,,0.0,0.0,0.0,-0.02131756126207195,3.7458892506155137,3,0.02131756126207195,0.0,,,all_field_expected_seconds_gap_residual_same_car_crossfit_v7_4,265,16,16.0,1.0,24.0,6.0,28.0,9.0,384.0,96.0,1444.724787170759,1480.5884309204696,0,1.0,8,-0.24999992252953862,0.44390640843863005,0.36365253111419293,,0.0,1444.4747872482296,1444.4747872482296,1475.4801817531052,retrospective_first_five_backcast_previous_season_anchor_frozen_v7_5
pescarolo,1976,Italian Grand Prix,Henri Pescarolo,Surtees,Surtees,22,0.0009259360537428265,0.18562997058600453,1966-1982_3l_and_ground_effect,52,0.0,15.88,15.88,1.816,monza,0.7493252896481257,open_meteo_era5_air_temperature_track_proxy,13,1976-09-12,jolpica_cross_fitted_xw_xp,0.0,17,+3 Laps,5.0,5.978467381861467,8,prior_same_circuit_grid_movement,finished,0.31792565705414866,True,1442.1558756829068,0.0,0.4351547738403195,-0.986898328801102,-0.3835530938873323,0.6793365255047602,-0.4441042479604959,-0.4794413673591653,0.10190047882571403,6.233644960775265,0.011941444849213332,0.36664263540376185,18.73400620869467,0.0,0.0,0.0,-0.4441042479604959,-0.4794413673591653,0.10190047882571403,-0.004397642040922028,-0.010945730100296237,0.0006859144745703677,-0.05860088065959486,-0.04267215873432061,0.01203972763082257,0.3844892977563804,0.01927017368253728,0.007093042739216899,0.013996872197264771,0.00455364688942771,-0.0024803267233275174,-0.009384156181375388,5.9069126461672e-05,-0.0024803267233275174,cross_fitted,season_grid_average,example_precomputed_capabilities,0.7442284564238593,-1.734723475976807e-18,0.0,0.004612716015889382,0.2952559859932875,0.01927017368253728,0.3844892977563804,0.49999999999999994,0.7999999999999999,0.00732872883332395,0.07138664941047435,-0.011941444849213332,0.06192879316766675,0.8281236006368815,-1.4258876657858597,-0.5977640651489782,0.0,1441.5581116177577,revised_v3_parallel,prior_similar_races_current_season_only,field_centered_bounded_no_teammate_term,henripescarolo,henri-pescarolo,surtees,team-norev,surtees-ts19,surtees-ts19,exact_chassis,surtees-ts19,,finished,22.0,22,True,,1:45.120,True,True,16.0,16.0,0.0,True,0.5918367346938775,-0.16326530612244894,-0.08087460762044246,-0.7809998738378241,0.026634555257912553,-0.2675156834829585,0.014137066197923535,full_same_season_static_retrospective_baseline_plus_shape_distributions_v9,constructor_lineage_regulation_and_stability_shrunk,-37.668678377606625,1404.4871973053,1376.6385238594078,-0.6696226949550494,1403.817574610345,1403.219810545196,2b77b0258ff3d11e,0.5107366771159875,0.0728,0.3017241379310345,0.1267241379310345,0.0,0.0,0.1415929203539823,0.0,0.5699115044247788,0.22300884955752212,0.15948275862068967,1.3793103448275863,0.0,0.6896551724137931,0.0,0.8620689655172414,0.9431504668442263,0.45580912940762586,-0.08287284505286611,-0.7809998738378241,0.026634555257912553,-0.2675156834829585,0.014137066197923535,full_same_season_static_retrospective_baseline_plus_shape_distributions_v9,constructor_lineage_regulation_and_stability_shrunk,high,baseline_plus_shape_distributions_v9,-0.4232276898262162,0.0016186369696876745,full_same_season_static_retrospective,1397.2234023722635,0.024967323912331932,17,17,3.0,5435.6,52.0,0.057692307692307696,0.7,lap_equivalent,,1.0,scheduled_distance_unavailable_assume_full,1403.0124846653491,0.020218250937634904,16.0,13.999999999999998,-3.992816313525306,2.0,18.0,1.0,-0.2852011652518076,0.9411764705882353,0.9459053029269173,-0.10468741540317249,0.01304956238226319,13.462080542211396,3,-0.11773697778543568,-0.11064577151727997,0.4285714285714286,0.31792565705414866,all_field_expected_seconds_gap_residual_same_car_crossfit_v7_4,265,16,16.0,1.0,24.0,6.0,28.0,9.0,384.0,96.0,1398.0397785380444,1488.5025109801286,0,1.0,33,-0.8163761657809133,0.39878236029784236,0.4102989732217868,-0.09237331616763816,-2.6496864371962534,1394.5737159350672,1394.5737159350672,1510.2253954810587,retrospective_first_five_backcast_previous_season_anchor_frozen_v7_5
pesenti_rossi,1976,Italian Grand Prix,Alessandro Pesenti-Rossi,Tyrrell,Tyrrell,21,0.023480897861637845,0.6786705482412873,1966-1982_3l_and_ground_effect,52,0.0,15.88,15.88,1.816,monza,0.7493252896481257,open_meteo_era5_air_temperature_track_proxy,13,1976-09-12,jolpica_cross_fitted_xw_xp,0.0,18,+3 Laps,3.0,5.978467381861467,8,prior_same_circuit_grid_movement,finished,0.29179752510043516,True,1502.075153501389,0.0,0.4935746435358716,-0.1069820170476154,1.1381488645776563,0.30728941799988485,-0.04814190767142693,1.4226860807220705,0.046093412699982725,6.731301556768272,0.02740586155018148,0.45198043407562516,16.344547845882495,0.02,0.0,0.05880602015151773,-0.04814190767142693,1.4226860807220705,0.046093412699982725,-0.004152901616805586,0.017718355903194274,0.00026918305960168854,-0.0030333346481668426,0.26287970699356444,0.005184616016421737,0.39897423640326124,0.02048854287718629,0.04073204472663984,0.019183572882170413,0.034677882359833746,-0.006408864503463174,0.015139607341006254,-0.0003547021366570799,-0.006408864503463174,cross_fitted,season_grid_average,example_precomputed_capabilities,0.7460532914153184,-1.734723475976807e-18,5.551115123125783e-17,0.034323180223176666,0.6640052247650806,0.02048854287718629,0.39897423640326124,0.49999999999999994,0.7999999999999999,-0.006917318672995186,-0.21202479068945546,-0.02740586155018148,-0.059123291218482255,-1.721959919137036,-1.4258876657858595,-3.1478475849228955,0.0,1498.9273059164661,revised_v3_parallel,prior_similar_races_current_season_only,field_centered_bounded_no_teammate_term,alessandropesentirossi,alessandro-pesenti-rossi,tyrrell,scuderia-gulf-rondini,tyrrell-007,tyrrell-007,exact_chassis,tyrrell-007,,finished,21.0,21,True,,1:44.620,True,True,15.0,17.0,-2.0,True,0.5918367346938775,-0.19897959183673464,-0.17884991400831596,0.6456111724296371,0.026634555257912553,-0.5552864476290671,0.006212714843005087,full_same_season_static_retrospective_baseline_plus_shape_distributions_v9,constructor_lineage_regulation_and_stability_shrunk,-4.343012638441145,1497.7321408629477,1397.2352121501667,-0.7194500413302526,1497.0126908216175,1493.8648432366947,2b77b0258ff3d11e,0.5107366771159875,0.0728,0.3017241379310345,0.1267241379310345,0.0,0.0,0.1415929203539823,0.0,0.5699115044247788,0.22300884955752212,0.15948275862068967,1.3793103448275863,0.0,0.6896551724137931,0.0,0.8620689655172414,0.9431504668442263,0.45580912940762586,-0.1917311238417227,0.6456111724296371,0.026634555257912553,-0.5552864476290671,0.006212714843005087,full_same_season_static_retrospective_baseline_plus_shape_distributions_v9,constructor_lineage_regulation_and_stability_shrunk,high,baseline_plus_shape_distributions_v9,-0.9762400550238327,0.0003333871303021303,full_same_season_static_retrospective,1440.9419686836657,0.0,18,18,3.0,5435.6,52.0,0.057692307692307696,0.7,lap_equivalent,,1.0,scheduled_distance_unavailable_assume_full,1436.714540646662,0.0230164459217532,16.0,11.2,-3.299929588095214,0.0,18.0,1.0,-0.2946365703656441,0.9411764705882353,0.9459053029269173,-0.10815082402486345,0.0,0.0,0,-0.10815082402486345,-0.10105961775670774,0.3928571428571429,0.29179752510043516,all_field_expected_seconds_gap_residual_same_car_crossfit_v7_4,265,16,16.0,1.0,24.0,6.0,28.0,9.0,384.0,96.0,1441.658127960492,1478.537393572039,0,1.0,2,-0.7161592768263502,0.4404946148149455,0.404422836568516,-0.11262531146808086,-3.135734324406878,1437.8062343592587,1437.8062343592587,1443.1519632446884,retrospective_first_five_backcast_previous_season_anchor_frozen_v7_5
jarier,1976,Italian Grand Prix,Jean-Pierre Jarier,Shadow,Shadow,17,0.002451988135827339,0.32809432315954307,1966-1982_3l_and_ground_effect,52,0.0,15.88,15.88,1.816,monza,0.7493252896481257,open_meteo_era5_air_temperature_track_proxy,13,1976-09-12,jolpica_cross_fitted_xw_xp,0.0,19,+5 Laps,-2.0,5.978467381861467,8,prior_same_circuit_grid_movement,finished,0.1866935243728874,True,1457.1053508193122,0.0,0.4496388503535809,-0.7673648580452366,0.9382351667003261,0.3721262672203871,-0.34531418612035647,1.1727939583754077,0.055818940083058065,6.731301556768272,0.026831629417369284,0.49165442085566413,15.233676216041404,0.06,0.0,0.12582799404508693,-0.34531418612035647,1.1727939583754077,0.055818940083058065,-0.010705607467925144,0.011474832857621953,0.0005288240513756959,-0.05090052777633444,0.21115105954897995,0.0067323780270680525,0.4582578388957214,0.02618260469683303,0.04181028906776409,0.0198911637750524,0.02762760300311154,-0.014329634929858556,0.007589490362853137,-0.0001469488652060015,-0.014329634929858556,cross_fitted,season_grid_average,example_precomputed_capabilities,0.7460532914153184,1.734723475976807e-18,2.7755575615628914e-17,0.027480654137905538,0.625240748695435,0.02618260469683303,0.4582578388957214,0.49999999999999994,0.7999999999999999,-0.0006490247205362537,-0.13358632783977087,-0.026831629417369284,-0.13451156371280704,-3.065167252847389,-1.4258876657858597,-4.491054918633249,0.0,1452.614295900679,revised_v3_parallel,prior_similar_races_current_season_only,field_centered_bounded_no_teammate_term,jeanpierrejarier,jean-pierre-jarier,shadow,tabatip-shadow-racing,shadow-dn5b,shadow-dn5b,exact_chassis,shadow-dn5b,,finished,17.0,17,True,,1:44.050,True,True,12.0,18.0,-6.0,True,0.5918367346938775,-0.23469387755102045,-0.05558088454171099,-0.5403585447507899,0.026634555257912553,-0.16354046508520662,0.019027250891318275,full_same_season_static_retrospective_baseline_plus_shape_distributions_v9,constructor_lineage_regulation_and_stability_shrunk,29.705048512176642,1486.810399331489,1476.664366547572,-0.11752103371032688,1486.6928782977786,1482.2018233791455,2b77b0258ff3d11e,0.5107366771159875,0.0728,0.3017241379310345,0.1267241379310345,0.0,0.0,0.1415929203539823,0.0,0.5699115044247788,0.22300884955752212,0.15948275862068967,1.3793103448275863,0.0,0.6896551724137931,0.0,0.8620689655172414,0.9431504668442263,0.45580912940762586,-0.05011565221749004,-0.5403585447507899,0.026634555257912553,-0.16354046508520662,0.019027250891318275,full_same_season_static_retrospective_baseline_plus_shape_distributions_v9,constructor_lineage_regulation_and_stability_shrunk,high,baseline_plus_shape_distributions_v9,-0.264661552574643,0.0025462724993408877,full_same_season_static_retrospective,1489.4371498680441,0.02954431706946991,19,19,5.0,5435.6,52.0,0.09615384615384616,0.7,lap_equivalent,,1.0,scheduled_distance_unavailable_assume_full,1497.8717161924535,0.0291201072521535,17.0,11.899999999999999,-5.583889867242149,0.0,18.0,1.0,-0.46923444262539077,1.0,0.9459053029269173,-0.17754053903812542,0.0,0.0,0,-0.17754053903812542,-0.1704493327699697,0.3571428571428571,0.1866935243728874,all_field_expected_seconds_gap_residual_same_car_crossfit_v7_4,265,16,16.0,1.0,24.0,6.0,28.0,9.0,384.0,96.0,1489.7476037543884,1487.1091117041938,0,1.0,24,-0.31045388634422777,0.48764687747097846,0.509564758062304,-0.32287123368941656,-8.181636457718934,1481.2555134103252,1481.2555134103252,1439.2478297882296,retrospective_first_five_backcast_previous_season_anchor_frozen_v7_5
stommelen,1976,Italian Grand Prix,Rolf Stommelen,Brabham-Alfa Romeo,Brabham-Alfa Romeo,11,0.003667304425925741,0.39329800238508994,1966-1982_3l_and_ground_effect,52,0.0,15.88,15.88,1.816,monza,0.7493252896481257,open_meteo_era5_air_temperature_track_proxy,13,1976-09-12,jolpica_cross_fitted_xw_xp,0.0,20,Fuel system,-9.0,5.978467381861467,8,prior_same_circuit_grid_movement,mechanical,,False,1451.1725211454172,0.0,0.4438803807142455,-0.8544886318118331,-0.10913214320219501,-1.720871995967992,-0.3845198843153249,-0.13641517900274377,-0.2581307993951988,6.731301556768272,0.02408621817781847,0.5275605489912908,14.228304628243858,0.0,0.0,0.0,-0.3845198843153249,-0.13641517900274377,-0.2581307993951988,-0.00791803682560896,-0.016062890763881274,-0.0034942977491668826,-0.055169111328098354,-0.01795671540320191,-0.03229476606994506,0.5486446675515398,0.03782383084714703,0.015380028528273443,0.02329659559843116,0.01250197749882338,-0.005031423019783531,-0.012947990089941247,-0.0021533719903334674,-0.005031423019783531,cross_fitted,season_grid_average,example_precomputed_capabilities,0.7460532914153184,0.0,0.0,0.010348605508489912,0.4432240747502945,0.03782383084714703,0.5486446675515398,0.49999999999999994,0.7999999999999999,0.01373761266932856,0.08433647424099627,-0.02408621817781847,,0.0,0.0,0.0,0.0,1451.1725211454172,revised_v3_parallel,prior_similar_races_current_season_only,field_centered_bounded_no_teammate_term,rolfstommelen,rolf-stommelen,brabham,martini-racing,brabham-bt45,brabham-bt45,exact_chassis,brabham-bt45,Fuel system,mechanical,11.0,11,True,,1:43.290,True,False,,,,False,0.5918367346938775,,-0.02592296641744245,0.9730028873416379,0.026634555257912553,-0.13112733496763931,0.020873515454010345,full_same_season_static_retrospective_baseline_plus_shape_distributions_v9,constructor_lineage_regulation_and_stability_shrunk,-28.81086749002751,1422.3616536553898,1433.9751373766214,1.4289700034322066,1423.790623658822,1423.790623658822,2b77b0258ff3d11e,0.5107366771159875,0.0728,0.3017241379310345,0.1267241379310345,0.0,0.0,0.1415929203539823,0.0,0.5699115044247788,0.22300884955752212,0.15948275862068967,1.3793103448275863,0.0,0.6896551724137931,0.0,0.8620689655172414,0.9431504668442263,0.45580912940762586,-0.05241120447899669,0.9730028873416379,0.026634555257912553,-0.13112733496763931,0.020873515454010345,full_same_season_static_retrospective_baseline_plus_shape_distributions_v9,constructor_lineage_regulation_and_stability_shrunk,high,baseline_plus_shape_distributions_v9,-0.046794610031022046,0.0047450762594980975,full_same_season_static_retrospective,1445.684953797043,0.004267684508152156,20,DNF,,5435.6,52.0,,0.0,unavailable,,1.0,scheduled_distance_unavailable_assume_full,1458.4660126450428,0.02502482940442608,0.0,0.0,0.0,0.0,,0.0,,0.0,0.0,0.0,0.002905460844738846,8.305867705066213,3,-0.002905460844738846,0.0,,,all_field_expected_seconds_gap_residual_same_car_crossfit_v7_4,265,16,16.0,1.0,24.0,6.0,28.0,9.0,384.0,96.0,1444.4653241740325,1484.1853249422263,0,1.0,34,1.2196296230103298,0.4450762341171855,0.4450190021174624,,0.0,1445.684953797043,1445.684953797043,1564.1076131100444,retrospective_first_five_backcast_previous_season_anchor_frozen_v7_5
stuck,1976,Italian Grand Prix,Hans-Joachim Stuck,March,March,6,0.001402003739672254,0.24249516946041796,1966-1982_3l_and_ground_effect,52,0.0,15.88,15.88,1.816,monza,0.7493252896481257,open_meteo_era5_air_temperature_track_proxy,13,1976-09-12,jolpica_cross_fitted_xw_xp,0.0,21,Accident,-15.0,5.978467381861467,8,prior_same_circuit_grid_movement,driver_fault,0.0,True,1456.0603567959827,0.0,0.44862365966283607,-0.7827106252221724,-1.4277090697890913,-1.6085376746292248,-0.35221978134997756,-1.784636337236364,-0.24128065119438372,6.731301556768272,0.027490357122926176,0.5482780771773486,13.648213839034241,0.0,0.0,0.0,-0.35221978134997756,-1.784636337236364,-0.24128065119438372,-0.007437429639814178,-0.03715187695261811,-0.003213319624097184,-0.04452295994162493,-0.29897656575682907,-0.025208559014617507,0.6220196941199628,0.051391670231190914,0.004923149592272141,0.03270246391355196,0.004178254612387108,-0.0013341055776107031,-0.02911341989889052,-0.0005892105977256703,-0.0013341055776107031,cross_fitted,season_grid_average,example_precomputed_capabilities,0.7460532914153184,-6.938893903907228e-18,-5.551115123125783e-17,0.003589044014661438,0.2533116094068913,0.051391670231190914,0.6220196941199628,0.49999999999999994,0.7999999999999999,0.023901313108264738,0.29496646777045726,-0.027490357122926176,-0.5482780771773486,-10.528773960142503,-1.4258876657858597,-11.954661625928363,0.0,1444.1056951700543,revised_v3_parallel,prior_similar_races_current_season_only,field_centered_bounded_no_teammate_term,hansjoachimstuck,hans-joachim-stuck,march,march-engineering,march-761,march-761,exact_chassis,march-761,Accident,driver_fault,6.0,6,True,,1:42.180,True,False,,,,True,0.5918367346938775,-0.5918367346938775,-0.12362638999702927,-0.4866548858136355,0.026634555257912553,-0.3959868953640729,0.009793702245572484,full_same_season_static_retrospective_baseline_plus_shape_distributions_v9,constructor_lineage_regulation_and_stability_shrunk,9.01027955131496,1465.0706363472975,1416.375390361761,2.540808790198996,1467.6114451374965,1455.6567835115682,2b77b0258ff3d11e,0.5107366771159875,0.0728,0.3017241379310345,0.1267241379310345,0.0,0.0,0.1415929203539823,0.0,0.5699115044247788,0.22300884955752212,0.15948275862068967,1.3793103448275863,0.0,0.6896551724137931,0.0,0.8620689655172414,0.9431504668442263,0.45580912940762586,-0.1284924593601543,-0.4866548858136355,0.026634555257912553,-0.3959868953640729,0.009793702245572484,full_same_season_static_retrospective_baseline_plus_shape_distributions_v9,constructor_lineage_regulation_and_stability_shrunk,high,baseline_plus_shape_distributions_v9,-0.6730497398423697,0.0007927932045900142,full_same_season_static_retrospective,1450.4450908372046,0.010304848469148413,21,DNF,,5435.6,52.0,,0.0,unavailable,,1.0,scheduled_distance_unavailable_assume_full,1420.8212856024188,0.02165163771169808,0.0,0.0,0.0,0.0,,0.0,,0.0,0.0,0.0,0.00990499977248154,9.80148048730289,4,-0.00990499977248154,0.0,0.0,0.0,all_field_expected_seconds_gap_residual_same_car_crossfit_v7_4,265,16,16.0,1.0,24.0,6.0,28.0,9.0,384.0,96.0,1448.0543419908868,1482.5360659531234,0,1.0,16,2.3907488463178046,0.44968292344765326,0.4355357288664962,-0.4355357288664962,-10.885584341968846,1439.5595064952358,1439.5595064952358,1432.1561418121696,retrospective_first_five_backcast_previous_season_anchor_frozen_v7_5
mario_andretti,1976,Italian Grand Prix,Mario Andretti,Team Lotus,Team Lotus,14,0.011944794010422087,0.5818711825733516,1966-1982_3l_and_ground_effect,52,0.0,15.88,15.88,1.816,monza,0.7493252896481257,open_meteo_era5_air_temperature_track_proxy,13,1976-09-12,jolpica_cross_fitted_xw_xp,0.0,22,Accident,-8.0,5.978467381861467,8,prior_same_circuit_grid_movement,driver_fault,0.0,True,1500.6085954141984,0.0,0.49213739777072757,-0.12851846458228453,-0.4598219897621872,-1.153949977070604,-0.057833309062028035,-0.574777487202734,-0.17309249656059061,6.731301556768272,0.019589748745957043,0.48035074967770697,15.550179009024205,0.0,0.0,0.0,-0.057833309062028035,-0.574777487202734,-0.17309249656059061,-0.0022950922540322877,-0.019532533401471205,-0.0019317809164674177,-0.005309434400519601,-0.08932131677489372,-0.02104026937506679,0.503484953787803,0.0314694520319425,0.009114908717721035,0.025685523852131673,0.00885278174310023,-0.001404863257749447,-0.017975478392160085,-0.0011427362831286413,-0.001404863257749447,cross_fitted,season_grid_average,example_precomputed_capabilities,0.7460532914153184,0.0,-1.3877787807814457e-17,0.007710045459971588,0.3878139332373229,0.0314694520319425,0.503484953787803,0.49999999999999994,0.7999999999999999,0.011879703285985456,0.09253681644038408,-0.019589748745957043,-0.48035074967770697,-9.116467464101694,-1.4258876657858597,-10.542355129887554,0.0,1490.0662402843109,revised_v3_parallel,prior_similar_races_current_season_only,field_centered_bounded_no_teammate_term,marioandretti,mario-andretti,lotus,john-player-team-lotus,lotus-77,lotus-77,exact_chassis,lotus-77,Accident,driver_fault,14.0,14,True,,1:43.340,True,False,,,,True,0.5918367346938775,-0.5918367346938775,-0.05401973662986098,0.4273745206946689,0.026634555257912553,-0.1357615457889401,0.020598959192556263,full_same_season_static_retrospective_baseline_plus_shape_distributions_v9,constructor_lineage_regulation_and_stability_shrunk,25.556000704025376,1526.1645961182237,1500.8374693106005,0.2883633125913375,1526.452959430815,1515.9106043009276,2b77b0258ff3d11e,0.5107366771159875,0.0728,0.3017241379310345,0.1267241379310345,0.0,0.0,0.1415929203539823,0.0,0.5699115044247788,0.22300884955752212,0.15948275862068967,1.3793103448275863,0.0,0.6896551724137931,0.0,0.8620689655172414,0.9431504668442263,0.45580912940762586,-0.04921990899066694,0.4273745206946689,0.026634555257912553,-0.1357615457889401,0.020598959192556263,full_same_season_static_retrospective_baseline_plus_shape_distributions_v9,constructor_lineage_regulation_and_stability_shrunk,high,baseline_plus_shape_distributions_v9,-0.23015361698221,0.0028101128044658937,full_same_season_static_retrospective,1511.8916626736877,0.05748521542228356,22,DNF,,5435.6,52.0,,0.0,unavailable,,1.0,scheduled_distance_unavailable_assume_full,1522.4313036296003,0.03200489494435958,0.0,0.0,0.0,0.0,,0.0,,0.0,0.0,0.0,0.018999837179507033,5.23677331242008,2,-0.018999837179507033,0.0,0.0,0.0,all_field_expected_seconds_gap_residual_same_car_crossfit_v7_4,265,16,16.0,1.0,24.0,6.0,28.0,9.0,384.0,96.0,1511.6983929737157,1488.5025109801286,0,1.0,23,0.19326969997204146,0.5095914506625167,0.5611742823985744,-0.5611742823985744,-13.900909626738722,1497.990753046949,1497.990753046949,1444.463023276646,retrospective_first_five_backcast_previous_season_anchor_frozen_v7_5
hunt,1976,Italian Grand Prix,James Hunt,McLaren,McLaren,24,0.14150535414010743,0.8782057564147653,1966-1982_3l_and_ground_effect,52,0.0,15.88,15.88,1.816,monza,0.7493252896481257,open_meteo_era5_air_temperature_track_proxy,13,1976-09-12,jolpica_cross_fitted_xw_xp,0.0,23,Spun off,1.0,5.978467381861467,8,prior_same_circuit_grid_movement,driver_fault,0.0,True,1555.1445809897193,0.0,0.5454563475955542,0.6723440463248818,1.09755305352804,0.9508653061845125,0.3025548208461968,1.37194131691005,0.14262979592767686,6.731301556768272,0.02826970495983448,0.42238073381617847,17.173339453147,0.02,0.0,0.05880602015151773,0.3025548208461968,1.37194131691005,0.14262979592767686,0.003875795325247967,0.016536265931279756,0.0020343864836297816,0.05292384769489457,0.2608703518531449,0.01775018358038032,0.35607185719049445,0.017046481089755726,0.03461156021788368,0.021814181156555715,0.03723947005779023,0.004881368612029549,0.017678747673357517,0.0022534587721230043,0.004881368612029549,cross_fitted,season_grid_average,example_precomputed_capabilities,0.7460532914153184,0.0,0.0,0.03949292882991323,0.6876162403189142,0.017046481089755726,0.35607185719049445,0.49999999999999994,0.7999999999999999,-0.011223223870078753,-0.26523550650273575,-0.02826970495983448,-0.42238073381617847,-8.28132612772724,-1.4258876657858597,-9.7072137935131,0.0,1545.4373671962062,revised_v3_parallel,prior_similar_races_current_season_only,field_centered_bounded_no_teammate_term,jameshunt,james-hunt,mclaren,marlboro-team-mclaren,,mclaren-m23d|mclaren-m26,ambiguous_chassis_constructor_fallback,constructor:mclaren,Spun off,driver_fault,27.0,27,True,,2:08.760,True,False,,,,True,0.5918367346938775,-0.5918367346938775,0.11698001292867351,1.0075393038586364,0.026634555257912553,0.34347204148827126,0.08100244753342475,full_same_season_static_retrospective_baseline_plus_shape_distributions_v9,constructor_lineage_regulation_and_stability_shrunk,59.951419894437834,1615.096000884157,1607.8992024663419,-3.4457898410881285,1611.650211043069,1601.942997249556,2b77b0258ff3d11e,0.5107366771159875,0.0728,0.3017241379310345,0.1267241379310345,0.0,0.0,0.1415929203539823,0.0,0.5699115044247788,0.22300884955752212,0.15948275862068967,1.3793103448275863,0.0,0.6896551724137931,0.0,0.8620689655172414,0.9431504668442263,0.45580912940762586,0.10636149006293896,1.0075393038586364,0.026634555257912553,0.34347204148827126,0.08100244753342475,full_same_season_static_retrospective_baseline_plus_shape_distributions_v9,constructor_lineage_regulation_and_stability_shrunk,high,baseline_plus_shape_distributions_v9,0.8146871072195587,0.055616717942683545,full_same_season_static_retrospective,1577.2215401706546,0.07837442022209191,23,DNF,,5435.6,52.0,,0.0,unavailable,,1.0,scheduled_distance_unavailable_assume_full,1621.5847778905772,0.046863933660104246,0.0,0.0,0.0,0.0,,0.0,,0.0,0.0,0.0,0.009486036596475598,7.834996744017303,1,-0.009486036596475598,0.0,0.0,0.0,all_field_expected_seconds_gap_residual_same_car_crossfit_v7_4,265,16,16.0,1.0,24.0,6.0,28.0,9.0,384.0,96.0,1580.4214391472801,1486.490873775413,0,1.0,35,-3.199898976625567,0.5729555447254622,0.6801586695822245,-0.6801586695822245,-16.756534919146326,1560.4650052515083,1560.4650052515083,1477.4485085282818,retrospective_first_five_backcast_previous_season_anchor_frozen_v7_5
perkins,1976,Italian Grand Prix,Larry Perkins,Boro,Boro,13,0.002655785430428154,0.3408803749826203,1966-1982_3l_and_ground_effect,52,0.0,15.88,15.88,1.816,monza,0.7493252896481257,open_meteo_era5_air_temperature_track_proxy,13,1976-09-12,jolpica_cross_fitted_xw_xp,0.0,24,Engine,-11.0,5.978467381861467,8,prior_same_circuit_grid_movement,mechanical,,False,1492.4083206117161,0.0,0.4841032790599539,-0.24893973503590738,-0.7848626977496398,0.1775523720985354,-0.11202288076615832,-0.9810783721870497,0.026632855814780306,2.2993240567091076,0.01980519178939264,0.4841102627117566,15.444912644070815,0.0,0.0,0.0,-0.11202288076615832,-0.9810783721870497,0.026632855814780306,-0.002997522848178763,-0.02466019846108047,0.0003498479070710235,-0.01351934699278016,-0.16275752675130198,0.003937771314879175,0.5185780831975972,0.033459128490486746,0.0075085580827401275,0.029572873908356882,0.006328213616840104,-0.001357302994441592,-0.023421618820058346,-0.00017695852854156865,-0.001357302994441592,cross_fitted,season_grid_average,example_precomputed_capabilities,0.7174192596221709,0.0,0.0,0.006151255088298536,0.34623898076839427,0.033459128490486746,0.5185780831975972,0.49999999999999994,0.7999999999999999,0.013653936701094105,0.13787128194336234,-0.01980519178939264,,0.0,0.0,0.0,0.0,1492.4083206117161,revised_v3_parallel,prior_similar_races_current_season_only,field_centered_bounded_no_teammate_term,larryperkins,larry-perkins,boro,boro-racing,boro-001,boro-001,exact_chassis,boro-001,Engine,mechanical,13.0,13,True,,1:43.320,True,False,,,,False,0.5918367346938775,,-0.23235817805383022,0.0,0.0,-0.7117123593011778,0.003973577398953931,full_same_season_static_retrospective_baseline_plus_shape_distributions_v9,constructor_lineage_regulation_and_stability_shrunk,-4.94101237595425,1487.467308235762,1360.7761656553928,1.2121725937166201,1488.6794808294785,1488.6794808294785,2b77b0258ff3d11e,0.5107366771159875,0.0728,0.3017241379310345,0.1267241379310345,0.0,0.0,0.1415929203539823,0.0,0.5699115044247788,0.22300884955752212,0.15948275862068967,1.3793103448275863,0.0,0.6896551724137931,0.0,0.8620689655172414,0.9431504668442263,0.45580912940762586,-0.23235817805383022,0.0,0.0,-0.7117123593011778,0.003973577398953931,full_same_season_static_retrospective_baseline_plus_shape_distributions_v9,constructor_lineage_regulation_and_stability_shrunk,high,baseline_plus_shape_distributions_v9,-1.3502556912621149,0.00011451298980754291,full_same_season_static_retrospective,1418.911975627582,0.0,24,DNF,,5435.6,52.0,,0.0,unavailable,,1.0,scheduled_distance_unavailable_assume_full,1374.7478286543096,0.018135575252924047,0.0,0.0,0.0,0.0,,0.0,,0.0,0.0,0.0,0.0,0.0,0,0.0,0.0,,,all_field_expected_seconds_gap_residual_same_car_crossfit_v7_4,265,16,16.0,1.0,24.0,6.0,28.0,9.0,384.0,96.0,1417.713154399487,1478.537393572039,0,1.0,3,1.1988212280949933,0.4193450974267872,0.372727459403431,,0.0,1418.911975627582,1418.911975627582,1426.1153390022455,retrospective_first_five_backcast_previous_season_anchor_frozen_v7_5
pace,1976,Italian Grand Prix,Carlos Pace,Brabham-Alfa Romeo,Brabham-Alfa Romeo,3,0.008164879643802435,0.5230300780258085,1966-1982_3l_and_ground_effect,52,0.0,15.88,15.88,1.816,monza,0.7493252896481257,open_meteo_era5_air_temperature_track_proxy,13,1976-09-12,jolpica_cross_fitted_xw_xp,0.0,25,Engine,-22.0,5.978467381861467,8,prior_same_circuit_grid_movement,mechanical,,False,1459.150014318652,0.0,0.4516262664628509,-0.7373389159675253,-0.10913214320219501,-1.720871995967992,-0.3318025121853864,-0.13641517900274377,-0.2581307993951988,6.731301556768272,0.03964898836337739,0.639756244932837,11.086825141880563,0.04,0.0,0.09431711332536,-0.3318025121853864,-0.13641517900274377,-0.2581307993951988,-0.011785469766286721,-0.026657313405905894,-0.005796811699304592,-0.04626378318636124,-0.04370498946784327,-0.031020350936773168,0.6639540696510325,0.06176878579912599,0.025116590955223835,0.039489789718077775,0.021191136353094855,-0.007587400027595059,-0.021960598790449,-0.003661945425466079,-0.007587400027595059,cross_fitted,season_grid_average,example_precomputed_capabilities,0.7460532914153184,-6.938893903907228e-18,0.0,0.017529190927628776,0.5429649460600549,0.06176878579912599,0.6639540696510325,0.49999999999999994,0.7999999999999999,0.02211979743574861,0.09679129887278215,-0.03964898836337739,,0.0,0.0,0.0,0.0,1459.150014318652,revised_v3_parallel,prior_similar_races_current_season_only,field_centered_bounded_no_teammate_term,carlospace,carlos-pace,brabham,martini-racing,brabham-bt45,brabham-bt45,exact_chassis,brabham-bt45,Engine,mechanical,3.0,3,True,,1:41.530,True,False,,,,False,0.5918367346938775,,-0.02592296641744245,0.9730028873416379,0.026634555257912553,-0.13112733496763931,0.020873515454010345,full_same_season_static_retrospective_baseline_plus_shape_distributions_v9,constructor_lineage_regulation_and_stability_shrunk,43.41890451786944,1502.5689188365213,1517.4914873643743,2.6958668945145323,1505.2647857310358,1505.2647857310358,2b77b0258ff3d11e,0.5107366771159875,0.0728,0.3017241379310345,0.1267241379310345,0.0,0.0,0.1415929203539823,0.0,0.5699115044247788,0.22300884955752212,0.15948275862068967,1.3793103448275863,0.0,0.6896551724137931,0.0,0.8620689655172414,0.9431504668442263,0.45580912940762586,-0.05241120447899669,0.9730028873416379,0.026634555257912553,-0.13112733496763931,0.020873515454010345,full_same_season_static_retrospective_baseline_plus_shape_distributions_v9,constructor_lineage_regulation_and_stability_shrunk,high,baseline_plus_shape_distributions_v9,-0.046794610031022046,0.0047450762594980975,full_same_season_static_retrospective,1530.4362719359012,0.056068090857453866,25,DNF,,5435.6,52.0,,0.0,unavailable,,1.0,scheduled_distance_unavailable_assume_full,1536.5096100312787,0.03378565115886137,0.0,0.0,0.0,0.0,,0.0,,0.0,0.0,0.0,-0.0038339806589190416,2.2468850792360535,2,0.0038339806589190416,0.0,,,all_field_expected_seconds_gap_residual_same_car_crossfit_v7_4,265,16,16.0,1.0,24.0,6.0,28.0,9.0,384.0,96.0,1527.9816741617853,1485.2152772242866,0,1.0,41,2.4545977741158924,0.5276910291514108,0.5778893538066825,,0.0,1530.4362719359012,1530.4362719359012,1449.7326398707169,retrospective_first_five_backcast_previous_season_anchor_frozen_v7_5
mass,1976,Italian Grand Prix,Jochen Mass,McLaren,McLaren,25,0.013941120335613772,0.604944317146496,1966-1982_3l_and_ground_effect,52,0.0,15.88,15.88,1.816,monza,0.7493252896481257,open_meteo_era5_air_temperature_track_proxy,13,1976-09-12,jolpica_cross_fitted_xw_xp,0.0,26,Ignition,-1.0,5.978467381861467,8,prior_same_circuit_grid_movement,other,0.1071428571428571,False,1480.1379090347957,0.0,0.47209500399031695,-0.4291310806520718,1.09755305352804,0.9508653061845125,-0.19310898629343232,1.37194131691005,0.14262979592767686,6.731301556768272,0.020116963973581706,0.39423076575850147,17.96153855876196,0.04,0.0,0.09431711332536,-0.19310898629343232,1.37194131691005,0.14262979592767686,-0.005592292405509362,0.012221247119062756,0.0015393789895754282,-0.02501278411673723,0.267536456675904,0.017739411193698797,0.3421781490079283,0.016032797122017294,0.03255335339463693,0.014308305275486995,0.022901027182820465,-0.008352222569490812,0.009892825549659121,0.0013001036423256514,-0.008352222569490812,cross_fitted,season_grid_average,example_precomputed_capabilities,0.7460532914153184,0.0,0.0,0.024201130825146116,0.6024412327607939,0.016032797122017294,0.3421781490079283,0.49999999999999994,0.7999999999999999,-0.0040841668515644095,-0.2082104670022924,-0.020116963973581706,-0.28708790861564437,0.0,0.0,0.0,0.0,1480.1379090347957,revised_v3_parallel,prior_similar_races_current_season_only,field_centered_bounded_no_teammate_term,jochenmass,jochen-mass,mclaren,marlboro-team-mclaren,,mclaren-m23d|mclaren-m26,ambiguous_chassis_constructor_fallback,constructor:mclaren,Ignition,other,28.0,28,True,,2:11.060,True,False,,,,False,0.5918367346938775,,0.11698001292867351,1.0075393038586364,0.026634555257912553,0.34347204148827126,0.08100244753342475,full_same_season_static_retrospective_baseline_plus_shape_distributions_v9,constructor_lineage_regulation_and_stability_shrunk,3.416885716698595,1483.5547947514942,1515.9010423466939,-2.942707116089205,1480.612087635405,1480.612087635405,2b77b0258ff3d11e,0.5107366771159875,0.0728,0.3017241379310345,0.1267241379310345,0.0,0.0,0.1415929203539823,0.0,0.5699115044247788,0.22300884955752212,0.15948275862068967,1.3793103448275863,0.0,0.6896551724137931,0.0,0.8620689655172414,0.9431504668442263,0.45580912940762586,0.10636149006293896,1.0075393038586364,0.026634555257912553,0.34347204148827126,0.08100244753342475,full_same_season_static_retrospective_baseline_plus_shape_distributions_v9,constructor_lineage_regulation_and_stability_shrunk,high,baseline_plus_shape_distributions_v9,0.8146871072195587,0.055616717942683545,full_same_season_static_retrospective,1485.529876766839,0.07659922865724687,26,DNF,,5435.6,52.0,,0.0,unavailable,,1.0,scheduled_distance_unavailable_assume_full,1540.848283616883,0.03435416958242931,0.0,0.0,0.0,0.0,,0.0,,0.0,0.0,0.0,0.017492262440448405,6.726893207566084,1,-0.017492262440448405,0.0,0.1071428571428571,0.1071428571428571,all_field_expected_seconds_gap_residual_same_car_crossfit_v7_4,265,16,16.0,1.0,24.0,6.0,28.0,9.0,384.0,96.0,1488.4232790276321,1486.490873775413,0,1.0,29,-2.893402260793259,0.4838303690030523,0.5917735800364806,-0.4846307228936235,0.0,1485.529876766839,1485.529876766839,1424.947396560006,retrospective_first_five_backcast_previous_season_anchor_frozen_v7_5
edwards,1976,Italian Grand Prix,Guy Edwards,Hesketh,Hesketh,20,0.001009096939760342,0.19683567074095815,1966-1982_3l_and_ground_effect,52,0.0,15.88,15.88,1.816,monza,0.7493252896481257,open_meteo_era5_air_temperature_track_proxy,13,1976-09-12,jolpica_cross_fitted_xw_xp,0.0,27,Withdrew,,5.978467381861467,8,prior_same_circuit_grid_movement,dns,,False,1501.2670667613388,0.0,0.49278269845594647,-0.11884879398100674,-1.311471073215385,1.3110527571730344,-0.05348195729145303,-1.6393388415192311,0.19665791357595516,4.7192487436296915,0.012140899023369808,0.3704891614874779,18.626303478350618,0.0,0.0,0.0,-0.05348195729145303,-1.6393388415192311,0.19665791357595516,-0.0013566493736000059,-0.019440261425404358,0.0015108203413754,-0.0045302980747510685,-0.23217276058728392,0.021070155564858205,0.41361574210691326,0.02178394425218429,0.002930781904419496,0.022220798114574457,0.0023711113269855007,-0.00043292810986416937,-0.019722944320019132,0.00012674246756982574,-0.00043292810986416937,cross_fitted,season_grid_average,example_precomputed_capabilities,0.737277730188975,0.0,-2.7755575615628914e-17,0.0024978537945553264,0.19798283900973646,0.02178394425218429,0.41361574210691326,0.49999999999999994,0.7999999999999999,0.00964304522881448,0.17250632247774145,-0.012140899023369808,,0.0,0.0,0.0,0.0,1501.2670667613388,revised_v3_parallel,prior_similar_races_current_season_only,field_centered_bounded_no_teammate_term,guyedwards,guy-edwards,hesketh,penthouse-rizla-racing-with-hesketh,hesketh-308d,hesketh-308d,exact_chassis,hesketh-308d,,dns,23.0,23,True,,1:45.790,True,False,,,,False,0.5918367346938775,,-0.23849677478860898,0.19167169381510216,0.025767307848587672,-0.6780450430199503,0.00437479267110918,full_same_season_static_retrospective_baseline_plus_shape_distributions_v9,constructor_lineage_regulation_and_stability_shrunk,-18.474926994980827,1482.7921397663579,1386.568992837733,-0.9065748861844909,1481.8855648801734,1481.8855648801734,2b77b0258ff3d11e,0.5107366771159875,0.0728,0.3017241379310345,0.1267241379310345,0.0,0.0,0.1415929203539823,0.0,0.5699115044247788,0.22300884955752212,0.15948275862068967,1.3793103448275863,0.0,0.6896551724137931,0.0,0.8620689655172414,0.9431504668442263,0.45580912940762586,-0.22868300042149659,0.19167169381510216,0.025767307848587672,-0.6780450430199503,0.00437479267110918,full_same_season_static_retrospective_baseline_plus_shape_distributions_v9,constructor_lineage_regulation_and_stability_shrunk,high,baseline_plus_shape_distributions_v9,-1.348521339932852,0.00011508184307725481,full_same_season_static_retrospective,1439.7271466122295,-0.003870780161949353,27,DNS,,5435.6,52.0,,0.0,unavailable,,1.0,scheduled_distance_unavailable_assume_full,1401.5611849272789,0.020105708629929567,0.0,0.0,0.0,0.0,,0.0,,0.0,0.0,0.0,-0.011824886241325726,4.454663296967334,3,0.011824886241325726,0.0,,,all_field_expected_seconds_gap_residual_same_car_crossfit_v7_4,265,16,16.0,1.0,24.0,6.0,28.0,9.0,384.0,96.0,1440.812596279329,1482.5360659531234,0,1.0,8,-1.0854496670994482,0.4393225683298848,0.39033736708636596,,0.0,1439.7271466122295,1439.7271466122295,1468.105661531037,retrospective_first_five_backcast_previous_season_anchor_frozen_v7_5
merzario,1976,Italian Grand Prix,Arturo Merzario,Wolf,Wolf,20,0.002825696410442905,0.35087396269830545,1966-1982_3l_and_ground_effect,52,0.0,15.88,15.88,1.816,monza,0.7493252896481257,open_meteo_era5_air_temperature_track_proxy,13,1976-09-12,jolpica_cross_fitted_xw_xp,0.0,28,Withdrew,,5.978467381861467,8,prior_same_circuit_grid_movement,dns,,False,1478.6112257808365,0.0,0.47060260249381336,-0.451550467983626,-1.0907833747469444,0.6596877259314968,-0.20319771059263173,-1.3634792184336806,0.09895315888972452,5.71172811618846,0.01229129556834212,0.373813068499312,18.533234082019266,0.0,0.0,0.0,-0.20319771059263173,-1.3634792184336806,0.09895315888972452,-0.0025400040416716074,-0.017197674093261017,0.0007523807672482868,-0.023682895997741996,-0.18631816652419347,0.01098769448392919,0.41361574210691326,0.02178394425218429,0.0035905670580679548,0.018810182361383668,0.002780901507904391,-0.0007919201735680031,-0.016011535476883717,1.7745376595560726e-05,-0.0007919201735680031,cross_fitted,season_grid_average,example_precomputed_capabilities,0.7421005975882171,-3.469446951953614e-18,-2.7755575615628914e-17,0.0027986468844999517,0.21460237406890695,0.02178394425218429,0.41361574210691326,0.49999999999999994,0.7999999999999999,0.00949264868384217,0.15921069443040506,-0.01229129556834212,,0.0,0.0,0.0,0.0,1478.6112257808365,revised_v3_parallel,prior_similar_races_current_season_only,field_centered_bounded_no_teammate_term,arturomerzario,arturo-merzario,wolf-williams,wolf-williams-racing,,wolf-williams-fw04|wolf-williams-fw05,ambiguous_chassis_constructor_fallback,constructor:wolf-williams,,dns,25.0,25,True,,1:47.310,True,False,,,,False,0.5918367346938775,,-0.2176666872757937,0.0,0.0,-0.6685213686898018,0.004495467321741938,full_same_season_static_retrospective_baseline_plus_shape_distributions_v9,constructor_lineage_regulation_and_stability_shrunk,-8.61293993547107,1469.9982858453654,1403.486625818166,-1.305167962931571,1468.6931178824339,1468.6931178824339,2b77b0258ff3d11e,0.5107366771159875,0.0728,0.3017241379310345,0.1267241379310345,0.0,0.0,0.1415929203539823,0.0,0.5699115044247788,0.22300884955752212,0.15948275862068967,1.3793103448275863,0.0,0.6896551724137931,0.0,0.8620689655172414,0.9431504668442263,0.45580912940762586,-0.2182572849673965,0.0,0.0,-0.6685213686898018,0.004495467321741938,full_same_season_static_retrospective_baseline_plus_shape_distributions_v9,constructor_lineage_regulation_and_stability_shrunk,high,baseline_plus_shape_distributions_v9,-1.2594245864523324,0.00014844369186473407,full_same_season_static_retrospective,1455.3600957652022,-0.011526410178495088,28,DNS,,5435.6,52.0,,0.0,unavailable,,1.0,scheduled_distance_unavailable_assume_full,1418.5575171417124,0.021463939505398752,0.0,0.0,0.0,0.0,,0.0,,0.0,0.0,0.0,-0.014787026852522221,6.6614628228462776,4,0.014787026852522221,0.0,,,all_field_expected_seconds_gap_residual_same_car_crossfit_v7_4,265,16,16.0,1.0,24.0,6.0,28.0,9.0,384.0,96.0,1456.96833531335,1485.2152772242866,0,1.0,18,-1.6082395481477438,0.4544476727110865,0.39788414000382044,,0.0,1455.3600957652022,1455.3600957652022,1491.5493614672746,retrospective_first_five_backcast_previous_season_anchor_frozen_v7_5
stuppacher,1976,Italian Grand Prix,Otto Stuppacher,Tyrrell,Tyrrell,20,0.05380635007799109,0.7817051770755808,1966-1982_3l_and_ground_effect,52,0.0,15.88,15.88,1.816,monza,0.7493252896481257,open_meteo_era5_air_temperature_track_proxy,13,1976-09-12,jolpica_cross_fitted_xw_xp,0.0,29,Withdrew,,5.978467381861467,8,prior_same_circuit_grid_movement,dns,,False,1500.0,0.0,0.49154099130499423,-0.13745570567911108,1.1381488645776563,0.30728941799988485,-0.06185506755559999,1.4226860807220705,0.046093412699982725,6.731301556768272,0.028923559470157494,0.46537412916716336,15.969524383319426,0.0,0.0,0.0,-0.06185506755559999,1.4226860807220705,0.046093412699982725,-0.004729114103003727,0.01872228312630603,0.00028606141264409836,-0.005439787992836638,0.25905229424546594,0.0051794290486211845,0.41361574210691326,0.02178394425218429,0.04330735459916971,0.020195435321941912,0.036437009800246674,-0.007244179911039018,0.015867739366188783,-0.00037383511211597914,-0.007244179911039018,cross_fitted,season_grid_average,example_precomputed_capabilities,0.7460532914153184,1.734723475976807e-18,0.0,0.036063174688130695,0.6724076774081638,0.02178394425218429,0.41361574210691326,0.49999999999999994,0.7999999999999999,-0.0071396152179732005,-0.2070335482410004,-0.028923559470157494,,0.0,0.0,0.0,0.0,1500.0,revised_v3_parallel,prior_similar_races_current_season_only,field_centered_bounded_no_teammate_term,ottostuppacher,otto-stuppacher,tyrrell,oasc-racing-team,tyrrell-007,tyrrell-007,exact_chassis,tyrrell-007,Withdrew,dns,26.0,26,True,,1:55.220,True,False,,,,False,0.5918367346938775,,-0.17884991400831596,0.6456111724296371,0.026634555257912553,-0.5552864476290671,0.006212714843005087,full_same_season_static_retrospective_baseline_plus_shape_distributions_v9,constructor_lineage_regulation_and_stability_shrunk,0.0,1500.0,1398.1144777617137,-1.8033221224596256,1498.1966778775404,1498.1966778775404,2b77b0258ff3d11e,0.5107366771159875,0.0728,0.3017241379310345,0.1267241379310345,0.0,0.0,0.1415929203539823,0.0,0.5699115044247788,0.22300884955752212,0.15948275862068967,1.3793103448275863,0.0,0.6896551724137931,0.0,0.8620689655172414,0.9431504668442263,0.45580912940762586,-0.1917311238417227,0.6456111724296371,0.026634555257912553,-0.5552864476290671,0.006212714843005087,full_same_season_static_retrospective_baseline_plus_shape_distributions_v9,constructor_lineage_regulation_and_stability_shrunk,high,baseline_plus_shape_distributions_v9,-0.9762400550238327,0.0003333871303021303,full_same_season_static_retrospective,1440.7449000696402,0.0,29,DNS,,5435.6,52.0,,0.0,unavailable,,1.0,scheduled_distance_unavailable_assume_full,1407.426685259391,0.02056444066346784,0.0,0.0,0.0,0.0,,0.0,,0.0,0.0,0.0,-0.02726382386731624,2.8085768218277147,1,0.02726382386731624,0.0,,,all_field_expected_seconds_gap_residual_same_car_crossfit_v7_4,265,16,16.0,1.0,24.0,6.0,28.0,9.0,384.0,96.0,1442.537393572039,1478.537393572039,0,1.0,0,-1.7924935023989024,0.440304444144492,0.4042397582554969,,0.0,1440.7449000696402,1440.7449000696402,1442.537393572039,retrospective_first_five_backcast_previous_season_anchor_frozen_v7_5
